parcel_id,apn,county_fips,lot_sqft,zoning_code,zoning_allows_surface_parking,is_corner_lot,distance_to_nearest_demand_m,score_identification,score_entitlement,score_strategic,centroid_lon,centroid_lat
4dd468db-0c6d-4bb0-bc37-1f4f5ee01819,033-9567800190,53033,7194.461229679846,,false,false,20092.35466537871,25.0,,,-122.20268648879272,47.764505184229236
492167d2-017b-4321-9bed-0df096fc185f,033-9567800210,53033,10791.65525837193,,false,false,20122.443061763566,25.0,,,-122.20185549754152,47.76450541771771
ab0b2e22-867c-4ab5-af58-6c70c264c982,033-9567800220,53033,21584.64661406206,,false,false,20013.36083628721,,,,-122.2037795420478,47.76409843928721
b1c019eb-cc1e-4d97-9ba0-83523938b3c5,033-9567800235,53033,7194.851992793895,,false,false,19997.351570750794,25.0,,,-122.20422275736239,47.76409734866629
5dfdd6e0-3866-4775-b30c-0f1f15b89b40,033-9567800240,53033,7194.919520936914,,false,false,19989.362660403232,,,,-122.20444436579231,47.764096802413306
9ccae65b-9905-4f81-806f-fa1655c54b94,033-9567800245,53033,8514.98625607295,,false,false,19980.65280412284,,,,-122.20468630503545,47.76409620496246
557405ea-acea-4ce3-9d96-628addaa5296,033-9567800250,53033,13069.57796684522,,false,false,19968.706504950485,25.0,,,-122.20501871651092,47.76409538390911
27a91c90-7d44-4dcf-81ac-3c3dc2ab03fe,033-9567800260,53033,14389.712481578154,,false,false,20009.21577505373,25.0,,,-122.20499506424308,47.76450118304188
9ad6397f-8c20-42d0-b426-53dcac475611,033-9567800270,53033,7194.822488425131,,false,false,20021.140343158448,,,,-122.20466264985146,47.7645020043224
9bac48e3-f585-4504-a862-611bac03f79e,033-9567800275,53033,7194.917392992108,,false,false,20029.103238997723,,,,-122.20444103988007,47.76450255122761
c838e367-a6f1-4e03-93db-ad3c4ce85e1f,033-9567800280,53033,28779.431265808416,,false,false,20049.056391351438,,,,-122.20388701545303,47.76450391558003
654a9655-c0fd-41b0-bcba-42d509338676,033-9567800300,53033,11287.202614290927,,false,false,19989.924252197026,,,,-122.20574022906501,47.76457443845454
ffe8e059-98d0-48b6-a877-2813d6288a5e,033-9567800301,53033,10582.746843896011,,false,false,19969.471799843363,,,,-122.20572543759765,47.76436017150797
6365912c-fbc9-40bd-8ded-c9f49a303835,033-9567800330,53033,12474.899956576295,,false,false,20162.16434215803,,,,-122.2020989089205,47.76500429675871
f0d423cc-43f0-49f6-8dc3-d19236f58fd2,033-9567800331,53033,7194.432288040763,,false,false,20173.126859397726,,,,-122.20179598586537,47.76500438126807
fbae32b9-78ac-4221-93bc-b0f01871b08a,033-9567800340,53033,9108.300237538282,,false,false,20150.15753808393,,,,-122.20243130753978,47.76500420307836
e6d7c825-cdec-40ea-8ecc-723186b5e990,033-9567800360,53033,6717.656524331515,,false,false,20163.677457851434,,,,-122.2031224181676,47.76539774985368
50a64bdd-22a9-4e64-a407-ce05e8ed660a,033-9567800365,53033,6690.421051804485,,false,false,20171.564859108887,25.0,,,-122.20290081783841,47.765397129378805
8e1df028-a524-400d-887d-2ade6a8275b2,033-9567800370,53033,6663.164640653469,,false,false,20179.462605728346,,,,-122.20267921745767,47.76539650675134
e3fabf6c-72f6-4a5d-8d36-523021866263,033-9567800375,53033,6635.937975885299,,false,false,20187.370958782587,,,,-122.20245761735123,47.765395884894836
4386b431-b7d4-48c9-8f7e-a42d97f460f6,033-9567800380,53033,6608.663834684753,,false,false,20195.289762012722,25.0,,,-122.20223601703576,47.765395262155
472cff17-4bc1-4b8a-a52d-fd5c85065b31,033-9567800390,53033,6581.429529474791,,false,false,20203.21907248815,25.0,,,-122.20201441691663,47.76539463939383
f23b9700-6bfa-467a-bb89-3fd86d974eb0,033-9567800395,53033,6554.147697717389,,false,false,20211.158729134466,,,,-122.20179281676012,47.765394014997284
523468c1-6ca9-4e5e-bcee-807a90df2092,033-9567800400,53033,7194.850016775511,,false,false,20109.885123300297,25.0,,,-122.20355050418549,47.765003695380386
afc19ece-2ba3-48ba-8660-8f9f66484d0d,033-9567800420,53033,9406.247566364778,,false,false,20080.758168651057,25.0,,,-122.20436020046313,47.7650017017831
c54b02cc-9ae9-4703-90da-51a0853ee041,033-9567800425,53033,8581.036526703561,,false,false,20070.82538204341,,,,-122.204637215817,47.765001018538406
636bebd7-7b7d-4fd9-8b91-eb0e2fff9477,033-9567800430,53033,7194.86398184389,,false,false,20062.127225349843,,,,-122.2048801744888,47.765000418104016
481be266-0257-405c-aac2-c48b8c45d910,033-9567800435,53033,7194.941025466443,,false,false,20054.20434313523,25.0,,,-122.20510178651571,47.76499986991729
213e659b-6486-4aec-aad0-b894951fc774,033-9567800445,53033,10535.061181454223,,false,false,20105.579644695365,25.0,,,-122.20475610601058,47.76539949368876
65481c67-4993-4591-bb3a-ddd03b59b1a7,033-9567800446,53033,8934.255769253261,,false,false,20094.571007001403,,,,-122.20506712114528,47.76539968780858
2a150468-4f3d-40a6-84a6-37182d1f6550,033-9567800455,53033,8206.164166149174,,false,false,20116.252353471853,25.0,,,-122.20445514273854,47.765399305315235
f0e54e31-e4e8-4827-a9e7-63813ced28ed,033-9567800465,53033,6850.61877829962,,false,false,20124.883259196245,,,,-122.20421215714791,47.76539915241972
f4977bde-5afb-4dda-9215-18f6c2de0f6a,033-9567800470,53033,6823.383811408155,,false,false,20132.76583186606,,,,-122.20399054984044,47.76539901222947
31d443ae-ce54-4d12-9174-c780e7af723b,033-9567800475,53033,6781.965735930365,,false,false,20136.246549607724,25.0,,,-122.20365906083794,47.76531350811359
c85dc474-c367-4012-abd9-1fc114babc78,033-9567800476,53033,6782.981192993349,,false,false,20152.956025643165,,,,-122.20365766176944,47.765484079675275
1eaefc9c-af2a-4dab-9308-0276231284b8,033-9567800485,53033,11562.794756254361,,false,false,20022.903300221104,25.0,,,-122.20575712806234,47.76491726764426
c3d53da6-28dd-45f1-ac41-aaa9ac450992,033-9567800486,53033,10087.529298325762,,false,false,20040.259020476456,,,,-122.20576768907098,47.76509821268605
8efc5fe8-223a-4fce-8c40-53a073d53db0,033-9567800495,53033,10835.140584712879,,false,false,20060.236136659503,,,,-122.205914674364,47.76535492192333
bf9c1986-5972-4860-8c53-2d6d046fa89a,033-9567800500,53033,8299.731045013361,,false,false,20077.605767350076,,,,-122.20554778943936,47.76540006111684
80150747-6aa8-4fd7-a11e-a0b6d0d512fb,033-9568800005,53033,4117.282300295089,,false,false,19829.711677258034,,,,-122.20354078810716,47.762123192168296
e3586d21-8724-442a-951d-c89e269909da,033-9568800010,53033,6068.250191725947,,false,false,19819.516393655565,,,,-122.20378696813451,47.762110251301095
a82f876f-e903-4eb3-a2ba-9e37c62c862f,033-9568800015,53033,6549.985696672847,,false,false,19808.06773220972,,,,-122.20407097679467,47.76209838920598
9e2c2d22-22a5-4ca5-9ff5-01ad7ec3efc3,033-9568800030,53033,9482.70807558083,,false,false,19794.68043349021,,,,-122.2044035890718,47.7620844961033
080d1a97-6158-4efe-a208-3484bdf52b51,033-9568800041,53033,5062.480579634942,,false,false,19783.3493628251,25.0,,,-122.2046855471413,47.762072717909824
e586ddca-d2d8-4da2-b9b8-af4a7fea3552,033-9568800045,53033,5019.726504359436,,false,false,19775.932469764684,,,,-122.20487529218647,47.76206683811372
83e6fc43-c323-4a39-b13f-cfd9eaeaebbc,033-9568800050,53033,5479.964619725428,,false,false,19768.149245829638,,,,-122.20506414919713,47.76205679417083
cc3028b1-d2df-46b3-9831-aa5009583f15,033-9568800055,53033,6762.764162511749,,false,false,19803.395783243384,,,,-122.2050970174783,47.76243054239611
e9a563ab-944e-43b8-89ea-3d6823e205fd,033-9568800060,53033,5234.753240107739,,false,false,19809.58536272312,,,,-122.2048828207926,47.762415016540956
22e7c03b-9fb0-4180-8e9b-2c9ee83d8536,033-9568800065,53033,9853.825502218604,,false,false,19819.214144249483,25.0,,,-122.20459823857611,47.7624086381772
44236f8b-476c-41c7-b20c-cb3e4ec8f63b,033-9568800070,53033,4619.068678736137,,false,false,19828.996024789063,0.0,,,-122.20430968321743,47.76240217123022
5f645e51-ba42-4864-a841-fe7829364ef9,033-9568800075,53033,4413.9077074067445,,false,false,19835.48231354406,,,,-122.204118642375,47.76239788764158
17288c78-1757-4025-9b42-420255b1d078,033-9568800085,53033,4208.691502434227,,false,false,19841.976857843558,0.0,,,-122.20392760385774,47.762393605494324
d2b594b5-4c7d-4d08-81b7-8238f354bffc,033-9568800090,53033,4003.497790198417,,false,false,19848.47936604234,,,,-122.20373656891306,47.76238932234169
7bf59b9c-95e7-42ab-bcd2-8885cef177d5,033-9568800095,53033,4041.9862744775432,,false,false,19854.96268406392,,,,-122.20353949724695,47.76238250457766
cafd2675-f67e-4f05-a073-5ae898f9b97f,033-9568800100,53033,9000.71742354621,,false,false,19975.352091493525,,,,-122.20364232269297,47.763657795057405
823c50de-f7d1-4709-b0c5-51b0d0f79382,033-9568800105,53033,7133.764093578515,,false,false,19866.37834118253,,,,-122.20447204881714,47.76284607191641
9835dd7e-e3b0-4e49-9b63-38158ef5261f,033-9568800110,53033,7220.730740554057,,false,false,19898.999998689942,,,,-122.2036814503054,47.76288812910929
ea82283d-4452-48c0-a02e-62c459c528f8,033-9568800115,53033,12530.963205415394,,false,false,19876.81056573763,,,,-122.20413781257989,47.76282951639865
71424e66-b89d-46dd-bf30-d4deb0d93490,033-9568800120,53033,18180.675231352132,,false,false,19908.180166469927,,,,-122.20456409337969,47.76330879467003
a269a67d-9225-4c34-863e-a2059a596a61,033-9568800121,53033,12336.537482234957,,false,false,19955.050046256656,,,,-122.20420559618343,47.76365740141296
279083e9-47a2-48d7-9756-f07e35966b84,033-9568800122,53033,10509.002242402843,,false,false,19942.474573053587,25.0,,,-122.20405199022966,47.763471772365726
ceed70db-1a10-447e-835b-1a9c649f9d25,033-9568800125,53033,7082.9524454959865,,false,false,19845.429235225503,,,,-122.2051633700292,47.76288590252175
a064a5f1-c0a4-4c70-abc3-e05014f0877b,033-9568800130,53033,6549.551660891415,,false,false,19852.2091653035,,,,-122.2049295535385,47.76286943038072
c52b89b5-748a-4f39-b5df-5c2f5718a62b,033-9568800135,53033,4053.203017394098,,false,false,19912.479938901004,,,,-122.20379727999693,47.763069615233505
774c0ba9-31ac-4c4b-b327-3822d82234e1,033-9568800136,53033,4053.860287567258,,false,false,19919.959222964655,,,,-122.20355502931459,47.76305652617246
ed7b9611-1040-4c9e-a69c-0fe25b24a28f,033-9568800140,53033,12207.31951795242,,false,false,19947.05663570139,,,,-122.20364186798939,47.76336711160177
9b764154-cb2f-40a3-ab0f-4183040f993f,033-9568800145,53033,11286.318945601686,,false,false,19898.801419779007,,,,-122.20527851571205,47.76347478569722
cdeedc6a-a08d-41c2-b00e-e06ed3206921,033-9568800150,53033,18191.081091766475,,false,false,19912.50554164013,,,,-122.20475808765035,47.763424453929574
faaa25f8-53e1-4641-889b-122a9ceef850,033-9568800151,53033,17833.7107549324,,false,false,19903.003771678697,,,,-122.2050423110668,47.76343136500906
4bbb0a74-dd0b-4db1-83d9-a2b321e32c5f,033-9568800155,53033,6563.732730722605,,false,false,19859.141083866776,25.0,,,-122.20470553222721,47.762857992846826
29f26b2f-16c2-4434-bb2b-983207e06546,033-9568800160,53033,16219.139143399698,,false,false,19911.86202155751,25.0,,,-122.20407334791568,47.76316550830806
754a6ad3-8244-47cc-991e-0a76813f0c4e,033-9568800165,53033,7217.422822065892,,false,false,19882.97755857927,,,,-122.20368074321122,47.762723199147665
aacfea7a-7d78-4fa7-ab3a-c0ddf6b7ede3,033-9571800005,53033,5530.787164303484,,false,false,5643.445833669214,,,,-122.3939421772082,47.57727988234167
c7ca51b8-af41-4564-8527-d6fa27de548d,033-9571800010,53033,5094.111597580006,,false,false,5632.418964089209,,,,-122.39375036440138,47.57726748656982
f615ae0d-7a76-425a-bcec-0c06901b19cb,033-9571800015,53033,5093.264698458711,,false,false,5621.261633553027,,,,-122.39356755383632,47.57726607381645
fc8ffc2c-3261-4c14-b893-89ab60d4d2e5,033-9571800020,53033,6224.592795183264,,false,false,5645.603778028496,,,,-122.3937340474439,47.57704482266054
caa095ef-0379-4872-b926-fe46512e7441,033-9571800025,53033,5765.052963324635,,false,false,5653.4783089090215,,,,-122.39371914998317,47.57690749094858
38421574-00e3-4b2f-b983-ad9b5177b041,033-9571800030,53033,5330.197762072737,,false,false,5661.456161769653,25.0,,,-122.3937052925294,47.57677001575854
555f85da-09d1-4b97-bc72-49704eaecbbf,033-9571800035,53033,5082.5539040963695,,false,false,5669.938267521408,25.0,,,-122.39369891034815,47.57663227131119
da911c19-2ae8-4db9-8566-146a2e5924d6,033-9571800040,53033,6752.442871459214,,false,false,5680.596237781419,,,,-122.3937038517971,47.57647202506282
e7d0c545-b600-4a82-ac52-76de775d8565,033-9571800045,53033,7691.035649210813,,false,false,5692.804964768256,,,,-122.39470643037998,47.57724540878681
30888438-2de9-4a42-a17e-4ee8e5a88b45,033-9571800046,53033,5589.413416703762,,false,false,5673.325218935828,25.0,,,-122.39445474069262,47.57730764280987
ba4dfc17-9500-4568-8cf1-549f2006d7d9,033-9571800047,53033,3940.3528704585974,,false,false,5683.5699487580605,0.0,,,-122.39443472698987,47.577125832801336
30c60652-a53e-4b85-b1ce-f92e905e5a9c,033-9571800060,53033,7235.322973082451,,false,false,5698.383059016732,25.0,,,-122.39453516880153,47.57698974806451
31b2a74d-7b01-45f8-8a90-57df900dce9c,033-9571800065,53033,7688.254888672137,,false,false,5706.177692693549,25.0,,,-122.39452002553409,47.57685236441107
5623ef66-bf8b-4048-97e0-cd0fee3e2b5c,033-9571800070,53033,12189.373939026398,,false,false,5716.273022090928,25.0,,,-122.39450617939382,47.57668067874074
9b8a5720-21df-4d55-8427-f1bb56697fcb,033-9571800075,53033,8530.048358958342,,false,false,5727.257865155167,,,,-122.39450435079307,47.576507323113596
4df8836a-caf5-402c-9e4f-0270f5e0f717,033-9572000010,53033,5030.6404074937855,,false,false,11991.056361418241,25.0,,,-122.32102199225288,47.498621342106084
84157efc-fcc5-4476-9b80-353048aef463,033-9572000020,53033,5031.209664114687,,false,false,11989.845221930333,,,,-122.32122413861605,47.49862286438813
7f01a832-1049-414a-ba2e-2ec5b2f5b554,033-9572000030,53033,4880.04962343101,,false,false,11988.24963382295,,,,-122.32142371826187,47.49862813979685
2fd39f20-3b01-4647-b038-cb2bb6da46cb,033-9572000040,53033,4341.505102214541,,false,false,11985.377151086077,0.0,,,-122.32162877277268,47.4986448474953
b08ced1c-0fad-4be2-a206-e42b39cb1135,033-9572000050,53033,4658.904667234066,,false,false,11988.399043258407,0.0,,,-122.32179210809304,47.498610427643165
0236eba6-c5eb-435c-b00b-24dd40bea1bd,033-9572000060,53033,4667.045407376289,,false,false,12011.556975734178,0.0,,,-122.32173676587944,47.49840414717633
df9faa39-9735-450a-8aa0-b9097ff1eae0,033-9572000070,53033,4762.5655906861875,,false,false,12030.134810777447,,,,-122.3217388806558,47.49823663017621
75e2b63b-7f14-4c22-86d2-98e713170762,033-9572000080,53033,6353.322933208918,,false,false,12047.347552031943,,,,-122.32169115742585,47.49808359708581
3510cf3f-3ef1-4c9f-83dd-30b4a4192182,033-9572000090,53033,4710.93446944465,,false,false,12065.512643360476,0.0,,,-122.3217112128937,47.49791901388507
2d4aa59a-a852-470b-857b-1fefaa712035,033-9572000100,53033,5707.3633170884905,,false,false,12080.937831662148,25.0,,,-122.32167312019044,47.49778166798702
b203be31-e058-43b8-95ba-f43a905d58b7,033-9572000110,53033,3498.1739856956733,,false,false,12027.81981821002,0.0,,,-122.32109523382168,47.49828651335881
8dcd4018-76b8-4910-9dc5-396f9e6ab9d1,033-9572000120,53033,3335.7351880497367,,false,false,12029.157096342387,,,,-122.32086124200013,47.49828544280397
64d27ca4-b723-4bb1-8e09-618fa1918147,033-957200TR-A,53033,4696.918071238726,,false,false,11991.849058645294,,,,-122.32082589297377,47.49862347554588
51001a23-a6ce-4b0b-a457-e0192489e9ff,033-957200TR-B,53033,2720.9876254804835,,false,false,12053.790616073939,0.0,,,-122.32147632332929,47.49803504527607
be3b8c75-7f76-4b33-ae07-a1f82d4fec1f,033-957200TR-C,53033,583.4734566297357,,false,false,12002.550059542,,,,-122.32152873265889,47.498494527297545
061d9bf2-8822-48ad-bc18-844891909f56,033-9572500010,53033,10307.503155625378,,false,false,15656.717729483464,25.0,,,-122.28520435237279,47.469001198860624
972b919a-dcaf-45ec-9195-62383107b596,033-9572500020,53033,8350.80340209358,,false,false,15625.07330976346,,,,-122.28524774758787,47.46928648703164
54855ed0-0b6e-4770-9096-411c663e8452,033-9572500030,53033,7189.099190731809,,false,false,15594.419767892527,25.0,,,-122.28523052764675,47.469572108591535
6f1cd74b-7fc2-4667-b5b1-5bccaa69c663,033-9572500040,53033,7530.498860315029,,false,false,15600.75940045702,,,,-122.28482580623113,47.46957712391141
8942ae3a-e6eb-4d02-9030-ac7f7cb3fcfd,033-9572500050,53033,8016.637074368916,,false,false,15632.005606058567,,,,-122.28477454222603,47.46929666261427
ebc4190d-0980-44e8-b3bc-fd0c9b592f2a,033-957250TRCT,53033,9453.173798595217,,false,false,15635.378286612458,,,,-122.28498805400086,47.469231969684344
35b54a97-4502-4a3c-a0f7-74390a280ea1,033-9573000010,53033,16965.581162200077,,false,false,14086.507556901212,25.0,,,-122.25116988027776,47.7205580719089
85920fa5-ba1c-484d-a3a3-8b559481ca40,033-9573000020,53033,15937.374458142593,,false,false,14073.942594153466,,,,-122.25170314920702,47.720603564779516
fead326f-ce9f-47c7-8c3b-46bc531ec322,033-9573000030,53033,15094.48597700869,,false,false,14043.003512035602,,,,-122.25171784813897,47.720300279557875
31a17e2f-d65d-438a-a097-1e0d71b17cd1,033-9573000040,53033,13872.63402521962,,false,false,14010.560238593005,25.0,,,-122.25178179691964,47.71999765856866
066de1cb-476c-4d6b-a82a-366285f6446e,033-9573000050,53033,13488.887731821138,,false,false,13981.901023931297,25.0,,,-122.25180244357118,47.719718773555975
29da8e9f-6177-4d6f-81f9-a04e1b65db27,033-9573000060,53033,20501.12913639524,,false,false,13901.72962622184,25.0,,,-122.2527442968727,47.719221637998054
dc2ff71c-1289-47c3-9779-0f6c994b7082,033-9573000070,53033,14354.39462140858,,false,false,13909.419163304445,,,,-122.25233504225244,47.7191674529374
210014d4-7997-4e99-a7c9-a3f963434853,033-9573000080,53033,14577.650794397623,,false,false,13922.46187268282,25.0,,,-122.25192522169367,47.719165803521165
ff18c7ac-8b8a-4176-92f5-844365492709,033-9573000090,53033,17099.56995913351,,false,false,13942.586533608674,,,,-122.25143146066632,47.719207105238766
30de7bed-9d21-40c6-9b4b-ee9b885dbc78,033-9573000100,53033,19009.796607393328,,false,false,13971.308394093348,25.0,,,-122.25108432433751,47.7193812713915
3b03689c-bda5-4f9d-a062-2dbab9a2d4fc,033-9573000110,53033,11298.820723747473,,false,false,14008.23331955675,25.0,,,-122.25106889480136,47.71974490425278
dd0fa505-f73e-4191-b770-7f8c1e50b79d,033-9573000120,53033,13195.963357867742,,false,false,14041.513964220003,,,,-122.25103100510565,47.72006473696329
2ff0bf9f-a9f8-453b-bf31-2d95fe3ad926,033-9573000130,53033,90583.51835807154,,false,false,13917.22224502422,25.0,,,-122.25308502382262,47.71948388571194
03945b81-9293-4478-9fbf-7003989adbd2,033-9573120010,53033,10996.49390840771,,false,false,14621.609315693822,25.0,,,-122.2456286319033,47.72409689763013
1f9e805e-33fd-4729-b8f4-7f6521e77a56,033-9573120020,53033,9937.681460963631,,false,false,14606.418756618981,25.0,,,-122.24603244699287,47.72407861933131
f656b1f8-4614-4ccb-92a2-1507f4ff7d6b,033-9573120030,53033,9643.573862924675,,false,false,14595.04351946007,,,,-122.24640361426192,47.72408731582125
efd2ac21-e6ad-4e0b-94ad-8f7f8f8fa546,033-9573120040,53033,9683.65221576709,,false,false,14584.594806179513,,,,-122.24675905379186,47.72409967799037
4754f0d4-0b70-45d4-aa6d-a28d7a514906,033-9573120050,53033,10527.36585996413,,false,false,14578.424567852515,25.0,,,-122.24711406597032,47.724154268473875
2e5382ac-c5e3-413e-89cd-a921018a3504,033-9573120060,53033,9911.80284914837,,false,false,14615.09684700528,25.0,,,-122.2467531597815,47.7244029227663
b71bdd74-eb8a-404d-b6c8-446acc208279,033-9573120070,53033,9603.863100141296,,false,false,14625.937588468518,25.0,,,-122.24640436396875,47.724396913049674
10fc4fac-1117-493d-a738-03d22cbb1838,033-9573120080,53033,9511.31672124314,,false,false,14633.944935321259,25.0,,,-122.24605999144896,47.7243635901012
1e629c14-5f8e-411c-a2e1-f423f5fbd619,033-9573120090,53033,9529.587103511853,,false,false,14646.01587462406,25.0,,,-122.24566508145558,47.724353825587684
7ee4982c-9b00-4e14-86f8-ef950a4e475a,033-9573120100,53033,9489.655020464912,,false,false,14672.06103696739,,,,-122.24551822962108,47.72456627305052
dcad7b37-76d3-4126-a4f2-42ba1af18c27,033-9573120110,53033,10243.780555046535,,false,false,14700.400976496841,,,,-122.24553489754378,47.724855915679505
bfe11adf-b1a5-40a8-b88e-af03174f76f6,033-9573120120,53033,9897.727037675226,,false,false,14696.694964219556,,,,-122.2458522894257,47.72492361176287
205b4f0c-11c9-4d3c-b6b6-aae21c9f60cf,033-9573120130,53033,9631.471031585768,,false,false,14677.073188834267,25.0,,,-122.24622026750824,47.72484823195884
5901f029-d892-4a26-b857-c4063341bdbc,033-9573120140,53033,9708.843095361195,,false,false,14662.123481536773,,,,-122.24660410334387,47.724824455944145
84b6ea3c-386b-4941-a0b3-6b0ec2aba054,033-9573120150,53033,9917.635085141983,,false,false,14685.042659088387,,,,-122.24663075117324,47.72506228370942
064ace73-cdcb-486e-b17f-6bbd8031b068,033-9573120160,53033,9449.64051559283,,false,false,14708.252310669319,25.0,,,-122.24669181563053,47.72531409052027
bb2e75d7-4d29-4b35-ae47-782de0a5e04f,033-9573120170,53033,9746.988368655502,,false,false,14735.141518324113,25.0,,,-122.2465412224921,47.7255337141623
1d496d9a-3947-454e-a74b-989ea81337bb,033-9573120180,53033,9715.380471334836,,false,false,14754.2096802663,25.0,,,-122.2462367852942,47.72562508357275
10daabc4-5120-4ee1-8ade-79e00157eb6d,033-9573120190,53033,10218.871368896846,,false,false,14718.685792831431,25.0,,,-122.24626993322693,47.72528077588532
854812d9-b844-4e2b-a19f-d11918e5cc3f,033-9573120200,53033,9883.439125675095,,false,false,14713.510644651386,,,,-122.2460352523894,47.72515212434038
794ca592-eacc-41e7-b716-944de27940be,033-9573120210,53033,9606.620318446398,,false,false,14728.796410183742,,,,-122.2456411960134,47.72517552190521
1a2dd6e5-fbf1-48da-aeb8-2a09ff3baf1f,033-9573120220,53033,9465.446823329337,,false,false,14752.223029886074,25.0,,,-122.24550768924979,47.7253661296252
8743cffa-6bd5-4d74-a387-5bc97bf92985,033-9573120230,53033,9486.198482532638,,false,false,14778.494169114067,,,,-122.24552871992928,47.72563609708171
a7778326-46f4-4db9-9e61-456356f108d6,033-9573120240,53033,9779.837954312741,,false,false,14822.833968512625,,,,-122.2454803032861,47.726063922100614
1bca98b5-9a52-4777-8d7c-bc54cef8c410,033-9573120250,53033,9695.071594454766,,false,false,14812.460439236344,25.0,,,-122.24580640960924,47.72606688537169
16ada3ed-07c2-43d1-8e6a-ac6682ec3206,033-9573120260,53033,9731.3021103715,,false,false,14802.168991601739,25.0,,,-122.2461313553546,47.72606996110308
de45844a-ab29-49ce-8017-9b629ac28bc3,033-9573120270,53033,9916.353656187983,,false,false,14790.605236536525,,,,-122.24645076210088,47.72605821187382
dd2bd0ee-3e88-4a28-8efd-e7f86b7ef449,033-9573120280,53033,11073.893051045987,,false,false,14779.155344022609,,,,-122.24674652058317,47.72603966195074
41c2860d-c63a-4baa-8a89-a989e8619d33,033-9573120290,53033,10061.320049769864,,false,false,14774.971841678844,25.0,,,-122.24709343398642,47.72610977100359
95ba2fe6-6ea0-4f35-84f0-b7d8c65646a0,033-9573120300,53033,10339.304738070368,,false,false,14761.823265710138,,,,-122.24747384631189,47.72610082978535
cc36422f-7820-4dab-94d0-b2aee87ffcca,033-9573120310,53033,13411.304428626678,,false,false,14746.168778596197,,,,-122.24778501638856,47.72604442969406
e0348f5d-863a-4661-bf13-4e75dd7c5555,033-9573120320,53033,15523.097340982858,,false,false,14730.998874610837,,,,-122.24807548421417,47.72598603601964
480dc4d3-ee4f-4e23-9930-41181c34dc81,033-9573120330,53033,41925.52544306764,,false,false,14710.938130084034,25.0,,,-122.24864028749036,47.725965716481745
ee2146f8-d890-4c0e-8fed-42b89a58c560,033-9573120340,53033,14020.82301631536,,false,false,14672.256567342078,,,,-122.24848210732104,47.72553100746847
e54b0536-7cb1-4fa6-94c7-dc159cf5bbe6,033-9573120350,53033,14230.573199726728,,false,false,14656.564334192513,,,,-122.24825601226603,47.72530281505576
d22f88a5-60e1-4c5c-8fc2-41c628be01ee,033-9573120360,53033,11461.253765343366,,false,false,14667.179722619752,,,,-122.24785588009946,47.72528043977322
da6727bc-c2cb-43d2-9229-40c61683d382,033-9573120370,53033,10079.927424614563,,false,false,14701.39643502717,,,,-122.24757946357514,47.72553265848725
99ca57b7-8d22-4ae5-a169-b668598ad0b4,033-9573120380,53033,10039.828460940944,,false,false,14730.909632042436,,,,-122.24715941525324,47.725691688433905
80d836ad-e24c-4d92-95e0-01bf319e52fa,033-9573120390,53033,9920.577731890922,,false,false,14700.59072764464,,,,-122.24727814012243,47.72542759008949
f497ad9c-d399-4919-9579-2cf229e32877,033-9573120400,53033,11187.453457266147,,false,false,14673.637561365307,,,,-122.24739724827533,47.72519717746256
98086d34-8bd6-4861-824e-4bc4349cbff6,033-9573120410,53033,13980.74558096769,,false,false,14652.946479112074,,,,-122.24745672223223,47.72500996532937
3099f2d7-3671-4495-b2ee-c09fe5550cc6,033-9573120420,53033,18286.613921926557,,false,false,14629.43847499429,25.0,,,-122.24757896394016,47.72481492544487
f1b425e4-15e7-4125-915c-0e13171717eb,033-9573120430,53033,10875.435386297542,,false,false,14619.244092810944,,,,-122.24728240004316,47.72461704151439
aaa34831-e999-41a5-bbd2-eccdf898be78,033-9573120440,53033,11644.06541337063,,false,false,14598.438164130494,,,,-122.24757988691732,47.72450583566839
ba406895-277f-44bb-97ef-58368c4e542b,033-9573120450,53033,9881.196529495133,,false,false,14574.313721573715,25.0,,,-122.24776343886006,47.724324496927316
a85482b8-c923-414f-a4f7-e52561234320,033-9573120460,53033,61788.46816294796,,false,false,14623.423879600186,,,,-122.24850283318683,47.72505171057306
c40f0485-f9b4-40ac-aaaa-5e754f5bcc75,033-9574800005,53033,124813.15123563654,,false,false,35114.49177627949,,,,-122.3650697052853,47.291195832912145
5f88b1c5-9c35-4240-b224-bdd9c7698cb3,033-9574800007,53033,43618.2881227543,,false,false,35099.46156891507,,,,-122.36161560921012,47.29117464657548
08ea017a-3f1d-4bd4-85ca-98abf416539d,033-9574800008,53033,43580.60375819107,,false,false,35106.55312074141,25.0,,,-122.36337069777919,47.29118817181454
7ac6e3cf-4e22-495c-9d6b-721ee8c2433b,033-9574800009,53033,43599.51900392219,,false,false,35102.9451042423,,,,-122.36249315309381,47.29118141269601
021314e4-a195-4a90-8fed-6b06f71bf029,033-9574800010,53033,20736.745603647163,,false,false,35019.9535135345,25.0,,,-122.36388356104766,47.291992258997155
a3cee154-bd80-4193-87d5-9214c840188d,033-9574800014,53033,129682.65812546745,,false,false,34971.36263300321,,,,-122.36376107906094,47.292424601194746
3aec49ec-aa24-4396-abcc-50467d410e59,033-9574800015,53033,129637.81096402918,,false,false,35001.790167791805,25.0,,,-122.36376667614445,47.29215058591071
23695716-e4cf-4ab0-9cdb-fd55851a30b8,033-9574800049,53033,9975.996605017457,,false,false,35158.816073249116,25.0,,,-122.37091310688167,47.29110045546571
a859e111-369f-435b-bbb2-212e2a6a4a34,033-9574800050,53033,9990.567390122183,,false,false,35161.072299781525,,,,-122.37131629909479,47.29110292361714
c9a1dad8-9e90-4011-8919-a00f527bce1f,033-9577100010,53033,7344.703997646237,,false,false,33886.02481409462,,,,-122.03134633958267,47.37910263667
6ebefed9-ddbc-4bad-8f13-6eeafc23a4a8,033-9577100020,53033,6749.471547557767,,false,false,33870.027472288726,,,,-122.03163701372307,47.37911995646503
e24a2374-b250-45c2-9afc-d2d07928cc0c,033-9577100030,53033,8918.165515247863,,false,false,33854.453915850856,,,,-122.03188407252725,47.37915853627115
c52dc254-80e5-4123-8ec8-b204aecd2742,033-9577100040,53033,9624.933934739694,,false,false,33835.03200424361,,,,-122.03180837512657,47.37943808796239
4f6ac78f-0b57-4ee9-a2df-672f92867079,033-9577100050,53033,9925.161992113075,,false,false,33858.0589113183,25.0,,,-122.03137405547353,47.379422908601356
86dc76be-cac2-453f-9f90-a02e4d98fb84,033-957710TR-A,53033,2273.62802991826,,false,false,33869.85782649957,,,,-122.03140182854683,47.37926392700226
0d818ed0-977b-46aa-8744-2d9de41d0097,033-9577800005,53033,5432.158102751141,,false,false,4597.920884648115,25.0,,,-122.3784353052746,47.57911921995281
245e5635-7df8-4939-aa5b-78184ff1b452,033-9577800010,53033,4504.380362482422,,false,false,4607.965368188382,0.0,,,-122.37843746348057,47.578983207456254
c93ff40b-dee8-49cb-9fbe-f679e00c6cbe,033-9577800030,53033,11018.66957859085,,false,false,4629.492079679541,,,,-122.37864265579272,47.57884737598558
99a9f6e3-7d7a-45a0-ad6c-f447a6e19a35,033-9577800045,53033,4996.907325666205,,false,false,4628.782123138749,,,,-122.37844153890408,47.57870221998821
ff35c5d7-57a7-4fb8-9b9a-7b3099637544,033-9577800055,53033,4993.135273627573,,false,false,4638.979025104157,,,,-122.37844352554508,47.57856515306345
65198d03-cc8d-44c8-a3b4-cbbcf4b6cd81,033-9577800065,53033,4989.227160342615,,false,false,4649.203628236805,,,,-122.37844551341173,47.57842808576628
ab0904b8-a876-416d-b124-583c049d1f1a,033-9577800075,53033,4985.485015221626,,false,false,4659.455698737256,,,,-122.37844750198938,47.57829101840804
cc5771ed-5009-4c5b-8bf7-0fe451679b1d,033-9577800085,53033,4981.712380864789,,false,false,4669.735000692748,,,,-122.37844948980776,47.57815395062542
37010dcb-2aad-43af-bde4-26f7f97e42d6,033-9577800095,53033,4977.810636644147,,false,false,4680.041377385426,0.0,,,-122.37845147765152,47.57801688270629
05161481-82e7-401c-a3a7-0ceb5357b79c,033-9577800105,53033,4973.991048572151,,false,false,4690.374656023988,0.0,,,-122.37845346486928,47.57787981409172
59252926-05d1-487c-9f81-9523bcfc975e,033-9577800115,53033,4970.033967937476,,false,false,4700.734621517714,,,,-122.37845545314883,47.57774274654501
297f1b2b-5700-45d5-988c-e8ee84aa33d3,033-9577800125,53033,5269.869866948372,,false,false,4711.441582123762,25.0,,,-122.37845754971242,47.57760149011714
1bfce1b2-69a0-46f4-8d82-30d944fd3863,033-9577800135,53033,3691.7146347192866,,false,false,4726.054713285979,0.0,,,-122.37876061635153,47.577630654784485
e19d61d4-199f-4708-823a-befa8d34b6f3,033-9577800140,53033,3693.650790783232,,false,false,4737.3340320853595,,,,-122.37896517512128,47.57763185360362
d2d9c905-d4fd-47c0-8d17-9b67c25cdfae,033-9577800150,53033,3027.286477735532,,false,false,4721.033726345064,,,,-122.37886084042168,47.57777263134938
4df28821-14a3-483d-99be-123ab004dc09,033-9577800170,53033,5042.428487226734,,false,false,4712.78751874326,25.0,,,-122.37885925103951,47.57788228083952
b57da932-b014-4280-a1f8-f4803b7abc20,033-9577800180,53033,5038.559625968387,,false,false,4702.503590568937,25.0,,,-122.3788572666005,47.57801934838435
7d72294a-e7c6-4993-8939-c44e70481cb9,033-9577800190,53033,5034.854005411793,,false,false,4692.246836039175,,,,-122.37885528591048,47.5781564160473
d423ef58-f812-4815-8428-90b595fd0111,033-9577800200,53033,5031.129834350501,,false,false,4682.016839621703,,,,-122.37885330003391,47.57829348508235
6492b8c8-ddfd-4284-bef3-88a8156e08b5,033-9577800210,53033,5027.292590676346,,false,false,4671.814383621378,,,,-122.37885131595667,47.578430552607735
229d7ca9-628d-4dd4-a0ba-8f49f3b18743,033-9577800220,53033,5023.62120688215,,false,false,4661.639513212209,25.0,,,-122.37884933250545,47.57856761954853
0a0d3f15-cfff-41ad-87fc-dcb381c986b0,033-9577800230,53033,5019.641688610596,,false,false,4651.492220848412,25.0,,,-122.3788473470519,47.57870468644341
afa8ad8a-2209-4c22-ab15-ea29c59139f9,033-9577800250,53033,4962.565606329579,,false,false,4631.071440965435,0.0,,,-122.37894347397763,47.57906006149025
6b6b566e-4277-4827-be8e-b1bfc986dce7,033-9577800260,53033,4950.48577090831,,false,false,4619.607212533364,,,,-122.37874049747029,47.579059088788064
691f1b83-2b6b-488d-a43d-e0dcda81c632,033-9577800295,53033,3084.3574247480765,,false,false,4565.478338123699,,,,-122.37637390727988,47.57801744226831
d37969cd-227e-4ed8-8a7a-c48c54ddd95f,033-9577800305,53033,3791.7191463655,,false,false,4574.4902668730365,,,,-122.37634749000009,47.577880754859244
d97309cc-0aad-4581-b990-5faa41927d8e,033-9577800315,53033,5000.208195841517,,false,false,4593.657634453821,,,,-122.37670409766666,47.57788425845568
97b9cb31-6a52-4e73-a232-fca4126de36c,033-9577800325,53033,5000.167870308414,,false,false,4583.10387271118,,,,-122.37670195056786,47.57802132497241
ef39151c-83e3-4a2e-b40a-2a4d0041b54e,033-9577800335,53033,10444.491700076338,,false,false,4512.244444586078,,,,-122.37415125391657,47.577175409586864
2239e2d5-d2a1-42b4-aea5-25fdd9a19bcc,033-9577800355,53033,9978.62051370564,,false,false,4534.7813175415395,25.0,,,-122.37415538251697,47.57689547903807
b5b24fc4-93b4-4791-a290-a03cd004dd60,033-9577800375,53033,4989.944336361008,,false,false,4551.363900561841,0.0,,,-122.374158419465,47.57669031294127
640670d0-b878-475a-86e6-d997309f519e,033-9577800385,53033,4988.838159302499,,false,false,4562.447289012155,,,,-122.3741604229991,47.576553541396656
14d79f25-c605-4467-a962-8cc19e11a10e,033-9577800395,53033,4989.33532334192,,false,false,4573.554845050567,0.0,,,-122.37416245053716,47.576416779686745
178cbeeb-851c-47bc-ac9c-137eeb698999,033-9577800405,53033,8369.48933601824,,false,false,4588.461650820869,25.0,,,-122.37416515284106,47.57623368535484
2b1ccb3d-8b54-4374-82a4-2b990c5d33ef,033-9577800425,53033,7199.141770850378,,false,false,4605.886651236464,25.0,,,-122.37416829333361,47.576020302640295
08135bab-c135-48d7-9d4e-6fdaf82c662a,033-9577800435,53033,4506.650478853737,,false,false,4619.16399449518,0.0,,,-122.37417711830652,47.575862231238276
9fbff28f-ea63-477c-98f6-c5f1f4d1994a,033-9577800445,53033,5486.815300620333,,false,false,4629.949074246542,,,,-122.37417294104928,47.575726966236296
cea4024f-841e-4776-aafb-cbcfd949d8fc,033-9577800455,53033,4239.75780155689,,false,false,4647.712341113771,,,,-122.37453208150357,47.57573476274704
525ffe8e-0127-4072-99a1-47feda8acfdb,033-9577800465,53033,4640.11517328363,,false,false,4638.642250740487,0.0,,,-122.37457679159787,47.57587519191833
b7e2587e-14e4-4aba-9a8f-618b63e9fee6,033-9577800475,53033,4887.3263018041425,,false,false,4627.837155902448,0.0,,,-122.37457570105957,47.57600827446518
c3c6fb83-7e36-4574-9957-db39e8cffa5f,033-9577800485,53033,5087.128254872056,,false,false,4616.511180466127,,,,-122.37456963364419,47.57614490337961
5f61fdd7-0ac1-4b47-9aaa-4ff2fc772fba,033-9577800495,53033,4987.176234127772,,false,false,4605.399429690995,,,,-122.37456958873612,47.576283030850725
6ee4e3b5-8e8e-454b-aea5-9a18b09a3d47,033-9577800505,53033,4987.349950122095,,false,false,4594.322702080277,,,,-122.37456757095067,47.57641974735014
efd042e6-203a-43e0-9545-6aaec034614a,033-9577800515,53033,4986.553120107283,,false,false,4583.27078723907,,,,-122.3745655603491,47.57655645411214
b2c7d4c2-5e82-458c-a6f5-32abd4fe902d,033-9577800525,53033,4987.972513951578,,false,false,4572.241043222171,0.0,,,-122.37456352806758,47.576693167468534
d70cd931-1a72-49dd-9d08-d9c711db0d38,033-9577800535,53033,4987.392788668556,,false,false,4561.235674849613,,,,-122.37456151697681,47.57682989002975
ff4e97e1-92ac-4338-b663-1ab8b9292b37,033-9577800545,53033,4987.365794540399,,false,false,4550.255056137973,,,,-122.3745595039058,47.576966604138704
3e1ee507-0464-4795-9a07-29a1282ce5cd,033-9577800555,53033,4987.510911208063,,false,false,4539.298534666855,0.0,,,-122.3745574858478,47.57710331817686
16c56cbd-2561-4bab-95d8-f49a20340532,033-9577800560,53033,5453.175152080568,,false,false,4527.856922531613,25.0,,,-122.3745553810509,47.57724641795253
44954f95-5f58-411b-ae62-f7ecf49a0664,033-9577800575,53033,4424.270274455652,,false,false,4582.872268612662,0.0,,,-122.37520965444575,47.57698730420071
57b3c39c-f34d-4909-9b44-5ae9a42fe5de,033-9577800585,53033,3653.2914284517096,,false,false,4592.060457758182,0.0,,,-122.37517882146425,47.576850278278805
d59c24ce-5473-4fe0-8a51-81d984c3cd95,033-9577800595,53033,1103.5306289419095,,false,false,4624.474770469222,,,,-122.37580203205964,47.576857711837036
5723e8b7-c1d7-4523-a333-a8990269d465,033-9577900010,53033,8105.969046518997,,false,false,30832.660543676113,25.0,,,-122.25485317956223,47.33387618591283
20ca30c7-f8f1-407f-b897-96b456df6357,033-9577900020,53033,6685.5964343012965,,false,false,30835.15986262163,25.0,,,-122.25463007596495,47.33388225729458
b3b00603-7f24-4556-840f-6cf3693e6c00,033-9577900030,53033,7278.455418396489,,false,false,30837.66435559612,25.0,,,-122.25441951342628,47.33388672841019
870c6f77-7a5a-4eb8-afe2-b63ac43b7dab,033-9577900040,53033,6002.080591421277,,false,false,30835.324589965367,,,,-122.25418091183283,47.33393930603339
b29cfad9-721d-4c03-a45e-ef9625a3429d,033-9577900050,53033,6773.996796426162,,false,false,30839.525424458672,25.0,,,-122.25393503122694,47.33393302978968
e79e8a03-14dc-4f7b-be1e-6a2975931c0f,033-9577900060,53033,8576.000645006148,,false,false,30842.67947466949,,,,-122.25355274975495,47.33395440397629
e6869dce-2aa9-4033-880f-76341397f859,033-9577900070,53033,6268.93369028067,,false,false,30859.792158015123,,,,-122.25367141632049,47.333782001860136
f2744bad-0fd7-47fc-a230-9a605068134c,033-9577900080,53033,7843.855432999176,,false,false,30907.55628671133,,,,-122.25331706760421,47.33339109097875
b4677741-94fc-46ec-880a-9264275ae7b0,033-9577900090,53033,6002.084710748374,,false,false,30896.00492494428,25.0,,,-122.25314837848615,47.33351921708146
0610479c-b63b-4095-b0f6-e5bf7e668530,033-9577900100,53033,6695.124595674464,,false,false,30883.744526010345,25.0,,,-122.25304321547632,47.33364548649651
fc504329-4985-42f8-b5ab-daab1281a18e,033-9577900110,53033,6759.917173992923,,false,false,30872.122634393516,,,,-122.25292277076518,47.333767965935415
31f714c2-eefb-4d96-9804-fc4337b5caa7,033-9577900120,53033,9236.800850217167,,false,false,30859.611932702748,25.0,,,-122.25280639127755,47.33389808957657
a7d5b6fb-36b5-449e-90b1-5e910ae17d0e,033-9577900130,53033,7706.9997865589075,,false,false,30842.98384588991,,,,-122.25277263348343,47.33405498027725
d53fc1d4-4ca1-4ec1-8d12-489f51c0b38c,033-9577900140,53033,6322.103463417244,,false,false,30807.755568337594,,,,-122.25290525605408,47.33436019398788
ba687aa4-7574-4fba-b14c-8934cda379b0,033-9577900150,53033,6097.878579345213,,false,false,30811.116916597093,25.0,,,-122.25266292277352,47.334361690580906
47116b77-0274-416c-8425-7e00535c79c6,033-9577900160,53033,6623.534468963745,,false,false,30770.629046518978,25.0,,,-122.25278642797217,47.3347163160691
aca673e9-6f10-4502-9328-6a0201142201,033-9577900170,53033,6715.540414238688,,false,false,30753.976418221508,,,,-122.25278760730178,47.334868797895155
fea00154-a395-4246-a80f-96aea7c9fdf0,033-9577900180,53033,7495.582906368384,,false,false,30736.264662036974,,,,-122.25278690871825,47.335031242056004
8cfaafd9-8038-4936-aa1b-a47940307b58,033-9577900190,53033,10961.713568847295,,false,false,30723.032821674533,,,,-122.25365511934325,47.33503711841764
b45957e7-a977-43ed-9e04-9d23518dafc4,033-9577900200,53033,9856.837771954119,,false,false,30740.00265686013,25.0,,,-122.2535930087523,47.334889839343404
45e790c1-9eb2-469c-bda1-f53ebf5e6afb,033-9577900210,53033,7930.5458838442955,,false,false,30757.133632777168,25.0,,,-122.25352430284362,47.3347419566014
a802c4cd-8a31-41fc-a3d5-6a25d5c8a6a3,033-9577900220,53033,6135.741076910829,,false,false,30774.895375674903,,,,-122.25345527665901,47.334588337662595
d10fccd9-e40e-4039-9741-f134aaf68cea,033-9577900230,53033,6161.49850929997,,false,false,30791.505116249544,,,,-122.25345463005557,47.334436230474836
524c7a77-e622-48e8-8d97-a005d99d64f6,033-9577900240,53033,8531.063468321465,,false,false,30808.1836895524,25.0,,,-122.25350618249753,47.33427660012356
ca72addb-bfbf-4c0b-941a-ea09948e5481,033-9577900250,53033,7600.395979307564,,false,false,30871.02000712418,,,,-122.25402622374895,47.33363259969371
46da0878-6062-441a-a541-35b8a4b10982,033-9577900260,53033,43842.41104622521,,false,false,30899.709277184123,25.0,,,-122.25237097568927,47.33358862939069
aae6e898-63c2-4ff3-8ebe-eab015cb0d49,033-9577900270,53033,3594.862302868996,,false,false,30833.513768145167,,,,-122.25273162336612,47.33414724095665
7ebb2e84-1acf-4153-a56a-a6ebe783e958,033-9577900280,53033,34325.395512557196,,false,false,30776.141828198542,,,,-122.25414144506031,47.33448655713486
f7629642-5814-4809-89fd-7c26cb30ed75,033-9577900290,53033,38275.52509578137,,false,false,30760.34128489795,,,,-122.2545328895466,47.3345800827036
8bc82ffb-4e56-4524-858f-2b0a1c5f1091,033-9577900300,53033,7551.489143795436,,false,false,30884.397297352927,,,,-122.25379538611706,47.333540316463676
9058f560-8dda-48e9-a8a1-897c6f39c03c,033-9577910010,53033,6704.995283498377,,false,false,30916.48763729518,,,,-122.25534273609733,47.3330456257159
8677bf99-0182-4c9e-95f1-52078f9fe601,033-9577910020,53033,6671.064872447748,,false,false,30913.422255536203,,,,-122.25558552239403,47.33304255992481
ae9d8e2a-2803-4836-b430-c8dd1eade1b2,033-9577910030,53033,6674.47449857236,,false,false,30910.43199657816,25.0,,,-122.25582741946609,47.33303901596145
f7389cd7-a5f0-4227-9633-dc26a5f676c8,033-9577910040,53033,6735.448498569965,,false,false,30907.589832732876,,,,-122.2560700362148,47.333034120648755
da540f54-2212-4601-9b60-4f9f21861e6d,033-9577910050,53033,7427.151365857522,,false,false,30906.40875890184,,,,-122.25630969502087,47.33301449884377
e12ac035-2a32-4683-a1cc-18cb43d9637e,033-9577910060,53033,6685.216545187801,,false,false,30901.523992635655,,,,-122.25655310961228,47.33302838153938
53be2c9d-d18e-4399-bcd6-2557d719f051,033-9577910070,53033,8526.563009860196,,false,false,30904.966688217908,25.0,,,-122.25682224622065,47.33296294583335
e81dce8e-4405-4a2b-8578-89800687c138,033-9577910080,53033,6505.803903560969,,false,false,30930.585158200654,,,,-122.2566389087901,47.33275170421253
54b28faa-0662-4cea-8470-2f3c1ad020e7,033-9577910090,53033,6000.3935517013815,,false,false,30946.361185081823,25.0,,,-122.25660765058255,47.33261133390834
1a41f19e-1f06-4fa9-8ce0-9a9200cd6c4c,033-9577910100,53033,6000.415847722683,,false,false,30963.162720609464,25.0,,,-122.2565937827976,47.332459390922175
1b145c2f-2ca3-490b-9013-c7fb38986542,033-9577910110,53033,6000.249803631843,,false,false,30979.200677166722,25.0,,,-122.25660049923901,47.332311840889844
775391e9-4054-42e4-9ed9-1ab41282b873,033-9577910120,53033,6004.691400968708,,false,false,30994.94611381456,,,,-122.25659375366345,47.332168664813494
7f43aa9c-25b6-44e9-b0ce-ec1c35abf1f2,033-9577910130,53033,6686.980194126719,,false,false,31010.236983580708,,,,-122.25659374226593,47.3320288009214
0c11e7fe-278e-4393-8837-618e75aabb44,033-9577910140,53033,14478.005485606776,,false,false,31044.832293365962,25.0,,,-122.25629279223544,47.33175027105313
10abddc9-9ce9-4b2c-9669-4187b82f9037,033-9577910150,53033,8297.750768048263,,false,false,31047.076781006483,25.0,,,-122.25665193702724,47.33168452669249
f2a3aade-4535-4623-9879-982096ce9d07,033-9577910160,53033,11054.386011347304,,false,false,31041.34740600593,,,,-122.25687446406603,47.33170902186775
97c6cba1-3a60-493e-a5cb-3247210130e8,033-9577910170,53033,6808.486433502626,,false,false,30993.964722351324,,,,-122.25604606950716,47.33224685451417
3bdddc90-88fb-49c9-8001-1c2743ed7cfa,033-9577910180,53033,7138.426323387109,,false,false,30999.85684920585,25.0,,,-122.25583434439973,47.33221983539291
6158a78d-c559-4f64-97ec-0f1552169fbc,033-9577910190,53033,7446.504255838044,,false,false,31003.237480512453,,,,-122.25563353792664,47.33221447384994
0bcc3858-9aa1-4622-8086-113226c00677,033-9577910200,53033,6771.750488748793,,false,false,31003.10289725584,25.0,,,-122.25543327121801,47.33224127799042
21557f65-42f1-4950-8bd1-949f041f4d3f,033-9577910210,53033,8022.68370207954,,false,false,31006.99634735594,25.0,,,-122.25521624293519,47.332233433227884
68c96877-8436-4059-9739-1ee1bd3a2f04,033-9577910220,53033,7762.376210853749,,false,false,30958.076142186215,,,,-122.25604319771152,47.332575583783196
ec6717fb-075c-4cd3-93bd-cb4b971263a0,033-9577910230,53033,6081.882435694082,,false,false,30960.4846754923,,,,-122.25581329040207,47.33258278847868
5d58c7db-d8af-46ab-8d7f-0bab6d99ab67,033-9577910240,53033,6081.694402097276,,false,false,30962.964033803215,,,,-122.25561171351012,47.33258581247089
63f4d50c-b7b1-4bd5-b1b5-cd477e6578c4,033-9577910250,53033,6081.523605540588,,false,false,30965.450450412252,,,,-122.25541013761625,47.332588837802824
088d5f6d-1d31-4a4d-b722-670dc846d7d1,033-9577910260,53033,6230.444860552887,,false,false,30968.075722152495,25.0,,,-122.25520571681763,47.332591023525374
b36823fa-00cb-4687-8570-ee7c8dd1db50,033-9577910270,53033,9058.216860145652,,false,false,30974.02091611552,25.0,,,-122.25496779879104,47.33256719959519
6ba4f04d-daef-43e7-9b26-cecfb059367c,033-9577910280,53033,8201.733989713113,,false,false,30975.875599501993,,,,-122.25471953281308,47.332582248057
6c6e3ae0-2f13-4c5e-8738-bbad2ef52d3b,033-9577910290,53033,7513.347495610606,,false,false,30970.462020810228,,,,-122.25449463852584,47.33266091950297
bd36b30d-3cb3-4475-b72b-796f5c700f9c,033-9577910300,53033,6132.165394079326,,false,false,30963.151597163916,25.0,,,-122.25427183014912,47.33275678799852
24e436ca-ed35-4368-8966-bc60caff21ea,033-9577910310,53033,6776.077926179662,,false,false,30954.21662644979,25.0,,,-122.25404636125076,47.33286798244688
1ccb4244-4047-453c-b778-6bb5735e98fe,033-9577910320,53033,6046.613408250764,,false,false,30943.785933698997,25.0,,,-122.25383786400253,47.33299076185141
79f080ab-14b2-4d01-aad9-c643712d21a8,033-9577910330,53033,6063.230786709986,,false,false,30934.617713478303,,,,-122.25365151215048,47.33309916518208
57d3c02d-81e3-452b-8202-c54aaff049ea,033-9577910340,53033,8358.313804757729,,false,false,30925.434836035398,25.0,,,-122.25340631055955,47.33321552712181
181f9805-c197-429f-a8ff-df2b410ac2cc,033-9577910350,53033,6096.54134084378,,false,false,30904.510419209637,25.0,,,-122.25418510297784,47.333305107399696
566e01a5-b9e5-4ebe-b088-c51141c39279,033-9577910360,53033,6040.788465920844,,false,false,30915.04475011344,25.0,,,-122.25438086901065,47.333183135912414
8d96b95b-1724-432e-81d6-99b449b49237,033-9577910370,53033,7853.872006364787,,false,false,30887.169957278682,,,,-122.25740549057382,47.33305256697325
a7d0ca69-1b32-44c7-8f90-ea4d9975a523,033-9577910380,53033,7023.157751668027,,false,false,30914.548119074196,,,,-122.2574137765698,47.33280116955701
0495669f-ac6f-4663-b625-efe7d328da8b,033-9577910390,53033,6868.489177075585,,false,false,30937.30636650268,25.0,,,-122.25736258025879,47.33259944792209
6430c601-14e6-40de-a33d-2259d0b70585,033-9577910400,53033,7395.506581617755,,false,false,30956.049965481212,,,,-122.25734151378617,47.3324306780086
7c1af4ba-41e9-456a-95ce-290b57f6b449,033-9577910410,53033,17827.74623143231,,false,false,30992.588660441284,,,,-122.25739228051862,47.33209023817878
16e20a70-ff1b-45ca-9d3d-302d2fd76afe,033-9577910420,53033,46391.67833051843,,false,false,31060.939945044647,25.0,,,-122.25563243391484,47.33168659553557
709d58a5-5e1b-4fa7-bca5-1f3f2740ad35,033-9577910430,53033,23157.505824971726,,false,false,30979.43495873996,,,,-122.25394712057803,47.332649973597476
b2fa0c42-d033-4638-ac65-d0cd30defe24,033-9577910440,53033,84818.77178474051,,false,false,30976.301727226364,25.0,,,-122.25303176218543,47.33279889623014
894130d2-2a4b-4076-b133-9d57b0851dc0,033-9577910450,53033,8202.850953829242,,false,false,30877.686536273875,,,,-122.25417483036232,47.33355211376498
eeb2fe1b-b494-4e59-99eb-5e2d65f4a0ba,033-9577910460,53033,38671.71939183354,,false,false,30893.3338413301,,,,-122.25469339891742,47.333341358497464
f4fc4e72-e812-4596-9bc4-ac4286217caf,033-9577910470,53033,61967.40132132789,,false,false,30987.518007550756,,,,-122.25716063628346,47.332165501031
d9c4a9ce-21a1-41ae-9213-4201e729ad32,033-957791TR-G,53033,1864.1606062758208,,false,false,30923.217816854372,,,,-122.25648493309204,47.33283853731452
3e701233-d868-474c-9f52-c0b0b4341cdb,033-957791TR-H,53033,4353.886692876878,,false,false,31028.753369752063,0.0,,,-122.25559113408045,47.33198638520243
d43d3684-5b8e-4e8a-abd3-ba43a7fd057e,033-957791TR-I,53033,16659.555109363162,,false,false,30944.89568105475,,,,-122.25762173597766,47.33249776889168
79013271-3396-448b-9843-8273e8bf70a5,033-957791TR-K,53033,2576.15650663808,,false,false,31020.72828044151,,,,-122.2564874614294,47.331946217325644
9e37767d-4975-455d-98f6-61b0938965cd,033-9577920010,53033,7161.067246885882,,false,false,30773.468391950315,,,,-122.25233917078788,47.334750159121974
ad3fb885-522d-4b88-9e5d-4c890d339922,033-9577920020,53033,5849.888348628688,,false,false,30756.461986319733,,,,-122.25230967548428,47.33491003760063
a10df1f3-5aa1-45c4-bfd1-9a06d1a11523,033-9577920030,53033,8167.050923555673,,false,false,30742.645986308915,,,,-122.25223952834364,47.335046142664325
b1a8f817-d2e4-44a3-857c-e37891a29fb8,033-9577920040,53033,10079.27356258626,,false,false,30759.186147119915,25.0,,,-122.25102695891425,47.335058852892544
d43ccbe5-c3b9-4756-9e63-597268e358d1,033-9577920050,53033,5433.0922762007785,,false,false,30766.187633547008,,,,-122.25128946314906,47.33495882879747
95990cbc-1b78-4b9f-b53e-3ccee0f9c65c,033-9577920060,53033,5549.896186886261,,false,false,30773.92686537391,,,,-122.25143358189489,47.33486824468201
d8a6f7ee-7c24-4bb5-99af-51827849c1d6,033-9577920070,53033,5330.045566267694,,false,false,30782.144469561918,,,,-122.25158239819488,47.33477268385056
c95c49ea-6e0f-41b6-a763-949a2e01281d,033-9577920080,53033,4589.49661163424,,false,false,30794.431696651587,,,,-122.25169264546888,47.33464506974262
6a49b3d4-265c-4f89-aec9-cb5f49e3501e,033-9577920090,53033,4798.502341462052,,false,false,30803.213156528047,,,,-122.25184035221845,47.334544581232635
c334d6e4-58cf-4db8-bb6a-a4102dc90c73,033-9577920100,53033,5132.0989082397555,,false,false,30811.109116087086,,,,-122.25198720884349,47.33445237728057
8402131e-9ecc-4b01-bfda-b52e46452f2e,033-9577920110,53033,7129.891395033735,,false,false,30818.34073478807,,,,-122.2521704694396,47.33436142146893
f5398a9c-eba5-4e13-b19f-a32da9cd036d,033-9577920120,53033,5899.146519975999,,false,false,30815.558858848333,,,,-122.25242628778055,47.33435261353216
02ea90f2-6d97-4b06-bf24-a3419b8b0250,033-9577920130,53033,4717.3406839236095,,false,false,30748.335871675794,0.0,,,-122.25179960554556,47.33505332832706
4dd29431-4ac8-43de-b9aa-b2577c60bca5,033-9577920140,53033,120675.91230645898,,false,false,30812.065040493257,25.0,,,-122.25066970353062,47.33462258292789
88d21f38-77aa-44e2-a247-1dfc830ce6f4,033-957792TR_B,53033,2705.5456701705652,,false,false,30755.38495183738,,,,-122.25163054574396,47.335011578022375
a4059c62-046b-49eb-a42e-ea0bcc4aed43,033-9578000050,53033,28081.073406945543,,false,false,36306.018452086704,,,,-122.1131134685847,47.31518956372485
e75566a5-8771-4272-8e6f-d7e5f6e155bc,033-9578000055,53033,11755.083348877211,,false,false,36266.865882354505,,,,-122.11324375872287,47.31553956664455
ad306c42-041a-4aec-90b1-22e8f74b487d,033-9578000060,53033,19568.28888972689,,false,false,36186.561596039865,,,,-122.11419895028985,47.316021077813
c690487c-1458-4c4a-813b-bf96dc6af0c3,033-9578000070,53033,17849.38320043408,,false,false,36164.34133753634,,,,-122.11442528549614,47.316167405057186
cc405b8a-05d5-4870-8e5f-0e7e6307d931,033-9578000080,53033,15782.215041353744,,false,false,36143.67945213657,,,,-122.1146639968492,47.31629380671046
7a5046d6-7b3f-4b5c-9351-c866b2500d25,033-9578000090,53033,14663.404071446184,,false,false,36055.979011994605,,,,-122.11553609664756,47.31687884772445
1e4363ca-4681-4343-a1c8-f3525a7a0f82,033-9578000110,53033,29711.409926938933,,false,false,36019.72681503607,25.0,,,-122.11587480189993,47.31712819705533
2008ac9d-297f-446b-b60e-63dcc2868e08,033-9578000120,53033,15539.00689666538,,false,false,35982.78539982761,25.0,,,-122.11620433153065,47.317387649091714
e843de2e-6c19-4bd9-9156-66e25d54c42d,033-9578000130,53033,18289.727856259673,,false,false,35956.295087215236,,,,-122.11640577248508,47.31758561319706
c5855b29-0952-4762-bc2c-ca4e8ba6bd9b,033-9578000140,53033,29530.82270379399,,false,false,35924.58413387777,,,,-122.11671780695181,47.31779840874314
512bc604-e13e-43b2-bef8-933adb8bdf07,033-9578010010,53033,5096.086691574146,,false,false,19743.386773165697,25.0,,,-122.23722852457097,47.77187390287644
9ecee30b-4556-4420-9d9f-333102f297cc,033-9578010020,53033,4643.907484185365,,false,false,19757.07813436803,,,,-122.23721923486616,47.772003478555064
df21ee48-a2dd-4c5c-b9dc-74c297329a36,033-9578010030,53033,5183.405426653297,,false,false,19770.683816820743,,,,-122.23721465617515,47.772133439360665
872897ac-433d-4070-931e-bb2dd5a9c97f,033-9578010040,53033,5209.454394018276,,false,false,19785.01924300814,,,,-122.23720982177491,47.77227035546455
a9477c4d-662f-46bc-8d09-c97289f21c9b,033-9578010050,53033,5201.086686655671,,false,false,19799.28323113695,,,,-122.23665202339343,47.772262998276176
2e63123b-36c1-4a77-9495-18f51994c6e2,033-9578010060,53033,5203.306760645105,,false,false,19784.970950206087,25.0,,,-122.23665752810457,47.772126381409585
87e19802-1c5e-4600-8161-ce08ba287db5,033-9578010070,53033,4688.963276186041,,false,false,19771.38735093691,,,,-122.23666252746234,47.77199664962504
933177c5-58ad-455c-bf2b-093d19cada5f,033-9578010080,53033,5093.097054589866,,false,false,19757.924398940213,,,,-122.2366670274347,47.77186793988239
b54d32f6-01c3-41f2-9a91-49125e41acf0,033-9578010090,53033,7098.570061657113,,false,false,19812.16655995397,25.0,,,-122.23615033057006,47.772256261918315
5c74791f-b642-443f-bfbd-6f1a335973c6,033-9578010100,53033,5666.15970073596,,false,false,19799.398206722268,,,,-122.23609633015731,47.77211886011883
980ab7d7-ea9d-43f7-a509-a84af6fd735c,033-9578010110,53033,5669.759057225972,,false,false,19785.120511969762,,,,-122.23610093254611,47.77198222872089
30c58045-6d4d-446e-b34d-0c1ba240d96e,033-9578010120,53033,5669.598718376113,,false,false,19770.84875571868,25.0,,,-122.23610538383886,47.77184560175432
8f0c4ef1-9243-44cf-ab8d-8f1dffe46854,033-9578010130,53033,4977.575935117167,,false,false,19757.555291030894,,,,-122.2360825748008,47.77171124178856
ffbc3ebd-d973-49b4-aae5-1575d499259b,033-9578010140,53033,4980.135279587207,,false,false,19742.832788880452,,,,-122.23608676064714,47.7715701603961
fb7ccea8-cacb-4b48-a534-8475c3c58ec2,033-9578010150,53033,4555.983157537756,,false,false,19729.48175129504,,,,-122.23606788263761,47.77143623694696
828d547f-194a-434d-9bc2-4dddbe2aa102,033-9578010160,53033,4569.4659164796585,,false,false,19713.565974953384,,,,-122.23604537837967,47.7712765576458
16f0d4cd-2009-4fc8-8b15-7370199b20db,033-9578010170,53033,5708.287957848894,,false,false,19695.665114882282,25.0,,,-122.23612114240541,47.77112360163735
74105eb9-04ac-4b35-950e-a71e6cfc9a5e,033-9578010180,53033,5141.025299672142,,false,false,19724.719670601597,,,,-122.23680090709894,47.77158253469639
fcb042f4-7a6e-4659-9e2c-1cf301e62c8b,033-9578010190,53033,4545.642895824324,,false,false,19718.11137443975,,,,-122.23700416216718,47.77157181426231
c00cdbe4-85b1-4ddf-a95d-cce6fe24fed4,033-9578010200,53033,4538.429680753574,,false,false,19713.42199307229,,,,-122.23718766128968,47.771574367100555
44c333a4-e424-4065-9bfc-31938baa92d7,033-9578010210,53033,4539.860509713931,,false,false,19708.742152323783,0.0,,,-122.23737105572944,47.77157690316996
18635029-fc07-4641-a86e-d885581ecf3b,033-9578010220,53033,4508.24681376558,,false,false,19704.98898148177,0.0,,,-122.23755078369611,47.77158733934601
2e993c0b-998a-4d57-8ff0-e87b0152dd81,033-9578010230,53033,4592.866142575186,,false,false,19710.197076917942,0.0,,,-122.23777525254737,47.77169560181365
e0e4c0ba-5deb-48bb-af70-32f3cba37495,033-9578010240,53033,5124.90134119002,,false,false,19691.6252028552,,,,-122.23781229632516,47.77152623336934
8326c2dd-7793-45b2-86cf-1359b41f04c3,033-9578010250,53033,5206.327542963382,,false,false,19682.70551179461,,,,-122.2381657833266,47.77153150949046
95ec0c26-a77a-4d46-8225-40bc0fe6f8d8,033-9578010260,53033,4812.211543545414,,false,false,19699.685304762468,,,,-122.23819456858887,47.77170243122341
f4fff9ad-a22f-408a-aabb-74d48db097f6,033-9578010270,53033,4594.390953819155,,false,false,19534.41961940434,,,,-122.23719784668374,47.76984967977975
9aace9b8-5788-439f-9638-1c1fd742ee74,033-9578010280,53033,4617.101071869108,,false,false,19539.208889809328,,,,-122.23701441996285,47.769847672547805
bf5d2916-d47d-47ee-940d-6ce22600fd09,033-9578010290,53033,4617.368051510403,,false,false,19543.999245930816,,,,-122.2368305411687,47.76984547463523
21bde8f7-a60b-40a3-8bb7-9512162720c6,033-9578010300,53033,4707.083455481821,,false,false,19549.796840594914,0.0,,,-122.23664269393194,47.76985187912983
a8680359-7765-431a-b5a6-328caab8b1d1,033-9578010310,53033,5848.687387523944,,false,false,19581.750903341464,,,,-122.23658476085731,47.77014535088755
efab3852-7a42-45f8-81bb-27aa0e11dac1,033-9578010320,53033,6021.535747097027,,false,false,19576.642776384597,,,,-122.23678637268611,47.77014918383953
395bad61-3170-40a7-99c6-c24de0a4b659,033-9578010330,53033,4647.4304357683495,,false,false,19569.275905818802,0.0,,,-122.23697835802248,47.77012857271519
ce166fc6-0524-4aea-9e4a-9d7512a75527,033-9578010340,53033,5637.289811512517,,false,false,19565.32408815154,,,,-122.23718333043738,47.77014426357185
865fa43a-0366-4a99-8cbe-96e23f190568,033-9578010350,53033,5836.340001384593,,false,false,19643.50091772103,,,,-122.23702881590698,47.770858385551925
a5fdb2e0-df04-41c5-a636-b934e9b810e9,033-9578010360,53033,4580.990315024009,,false,false,19632.475131270367,,,,-122.23692363767913,47.77072441137578
a310ba02-2b18-41aa-8005-d0865d215458,033-9578010370,53033,5126.56325945257,,false,false,19619.378257529752,,,,-122.23691216228396,47.77059496458131
ac208732-4e9d-43f1-a3a9-7ee8f6abc28e,033-9578010380,53033,4606.508086790419,,false,false,19600.309336701295,,,,-122.23603009864406,47.77017785739818
e58ff7bf-9b57-4a18-8bcc-6c7eafeafa7d,033-9578010390,53033,4545.992522300068,,false,false,19594.859884602083,,,,-122.23623595696134,47.77017977758194
23db3262-c2b7-4543-a4d6-07312e746510,033-9578010400,53033,4625.5468394615,,false,false,19557.52027346318,0.0,,,-122.23630022059419,47.76983582483026
e4653b7f-4cd1-4f88-855d-87db123e0ccf,033-9578010410,53033,13930.291847595958,,false,false,19570.45244736666,,,,-122.2360324384304,47.7698897374857
f3f71538-dad1-4457-9d35-73d3a2a21d12,033-9578010420,53033,817.8873760672865,,false,false,19606.467307553303,,,,-122.237251118645,47.77055915102774
97630656-28a5-48a8-9837-e869b3745f67,033-9578010430,53033,90297.49529921914,,false,false,19665.718752948265,,,,-122.2365439787472,47.77094570080069
e13cd7b8-daeb-42b4-805d-0300d5d93488,033-9578010440,53033,1140.463948061146,,false,false,19734.103248593972,,,,-122.23752230272157,47.77186055584085
f7f95047-b3d2-4ce0-a0a8-e03d2a098cb3,033-9578010450,53033,3297.1040564613972,,false,false,19685.83917683652,,,,-122.23839841666613,47.77162149879189
a76cb40b-6b19-4e33-a2f9-123a66e752b1,033-957801TR-C,53033,3189.132934894992,,false,false,19617.085329467023,,,,-122.23718318314528,47.77064384770895
51ece68e-6ec3-40fb-8b45-07d7d39eb147,033-957801TR-E,53033,3865.1875246638633,,false,false,19716.709196297248,0.0,,,-122.23629238542179,47.771371959686654
faed8efb-c9e0-4c9c-bf05-540ae3cae5cb,033-957801TR-F,53033,4485.741050689229,,false,false,19776.982999065804,,,,-122.23639295389319,47.771980207056416
6fabf1ea-729e-44ae-a9e3-d5108416c408,033-957801TR-H,53033,2223.552227775801,,false,false,19706.30727428141,,,,-122.23798118897189,47.771711268698134
6a068204-ec80-4fa7-be23-e5fb0fd81d69,033-9578020010,53033,1263.0852335142663,,false,false,1943.7131062559151,,,,-122.31055581869431,47.59647749654506
4cd80079-e228-49ef-8547-b111a510ea39,033-9578020020,53033,1005.1636647037027,,false,false,1948.041905977066,0.0,,,-122.31048033093032,47.59648361284549
9459649a-4ce1-412c-abb1-f6b49ad70fd7,033-9578020030,53033,1339.4831928857823,,false,false,1953.1289336707746,,,,-122.31040087714534,47.59648154571045
31e1d17b-9cfd-4c12-9c35-cce7a70ab5f3,033-9578020040,53033,1501.6699439877482,,false,false,1959.1827521076182,0.0,,,-122.31030503301878,47.59648050539379
e1e81590-45e0-4c87-a3bb-0b0c3f4cd2ad,033-9578020050,53033,1313.5214604494079,,false,false,1964.918706221899,,,,-122.31020962548463,47.59648434018465
ede439e7-0378-4b81-af3a-4b327bcd67f4,033-9578020060,53033,1357.2589674385674,,false,false,1970.9946195148618,,,,-122.31012032260578,47.59647647613495
cebc33c7-18b1-4959-a326-344759081fd7,033-9578020070,53033,1221.5849957116473,,false,false,1976.2580706156505,,,,-122.310032808434,47.59648019162468
411f3cd8-0e39-4b12-ad41-ef9304bb94c9,033-9578020080,53033,1446.3059211056327,,false,false,1981.9267110928245,0.0,,,-122.30994265641192,47.59648008871267
6011b6f7-6714-450e-a51c-77cf434a77a5,033-9578020090,53033,1311.5623491815884,,false,false,1987.5865148030073,,,,-122.30984899095334,47.596483901176526
3bac3322-7bcb-4bd3-bff0-820e94a9c33a,033-9578020100,53033,1353.4984932181808,,false,false,1993.6825981004338,0.0,,,-122.30975967342108,47.59647607867261
19cdc5c3-532c-4e71-94e6-304a694caf93,033-9578020110,53033,1286.6158689724,,false,false,1999.1183093771483,0.0,,,-122.30966990659914,47.596479774717615
13de0af7-97b3-4741-b0a1-595c6c4d92bd,033-9578020120,53033,2973.5857580024526,,false,false,2005.4617303995446,0.0,,,-122.30972685512722,47.59631583874824
98cdc9a5-8638-4ffb-a505-73a7bcf27df9,033-9578020130,53033,2165.1559535766837,,false,false,1994.533503242374,,,,-122.3099011425227,47.5963160126611
a0f5dcb3-0693-4775-81cf-7d50dd868dcf,033-9578020140,53033,2671.091047536486,,false,false,1984.2649717019106,,,,-122.3100652867595,47.59631617582209
db6ea954-0ec8-4493-b43a-c639d7d9fc89,033-9578020150,53033,2698.961833302183,,false,false,1972.8825339696355,,,,-122.31024767439348,47.59631635706196
42aa10d7-7b63-434e-90fe-7278ac313790,033-9578020160,53033,1728.6563814719548,,false,false,1963.5136603387396,0.0,,,-122.31039815091435,47.596316506086225
b6864281-0d9a-494c-badd-a1d3e42d97c7,033-9578020170,53033,2085.214711434662,,false,false,1955.4548891372885,0.0,,,-122.31052784558399,47.596316634819964
47434abd-d815-4953-ae95-94afc2f5f831,033-9578030010,53033,6019.545005060774,,false,false,23908.920638144096,25.0,,,-122.01335145380678,47.59972529841763
ff4b9f04-9437-4285-a689-11d233166f7c,033-9578030020,53033,5414.4477434781265,,false,false,23909.244935742634,,,,-122.01335585266467,47.59954481346265
c05fb6ec-a15e-419c-9658-5fe66747c184,033-9578030030,53033,5929.402201564336,,false,false,23917.65399518667,,,,-122.01325042028846,47.599407652342286
4d502980-bb0e-4426-84f1-a54a0099dce7,033-9578030040,53033,6310.620059456142,,false,false,23930.677349620568,25.0,,,-122.01308519584796,47.5992379292539
0a707e59-6d8b-481a-b317-91a0bb45ad79,033-9578030050,53033,7792.712066718855,,false,false,23948.363769936128,25.0,,,-122.01286329978713,47.598966060475135
03f0ac94-5b21-4525-a3c4-f22ce38672cc,033-9578030060,53033,5556.906957155668,,false,false,23929.19126099637,25.0,,,-122.01311914331049,47.598966422479485
f9094edf-c904-4dd3-97de-6b023e64e477,033-9578030070,53033,5773.449524347211,,false,false,23912.729973986687,,,,-122.01333837597934,47.5989748890629
0673dbd6-2240-4f7d-a286-bcfcc77d54d1,033-9578030080,53033,5500.86511841561,,false,false,23895.6317022519,25.0,,,-122.01356674677422,47.59897131325598
aa4b6f76-8ad2-4d80-be29-8153d1fdcac7,033-9578030090,53033,5857.336493925201,,false,false,23879.150166383617,,,,-122.01378609828295,47.598982638757
c4f2cc05-4485-4633-ad3c-c926f26fe4bf,033-9578030100,53033,6884.361266413299,,false,false,23862.31992054381,,,,-122.01400919198075,47.5990112296296
8efef42b-3c60-4f5b-aab4-8dcc6f9cebfc,033-9578030110,53033,5781.574315529852,,false,false,23868.84954540087,,,,-122.01390922675756,47.59925844321102
370d5704-6c11-46a1-a71f-ddc0036352aa,033-9578030120,53033,5646.6780211465075,,false,false,23867.874791991802,25.0,,,-122.01391468418691,47.59940792484336
57cf36c2-f2d6-4a12-a2dd-6656500543c3,033-9578030130,53033,5748.445567304308,,false,false,23866.56599995581,25.0,,,-122.01391810625252,47.599694491318594
b75e44d1-e062-40c9-a95c-881181fe976e,033-9578030140,53033,5774.707422661183,,false,false,23866.418751696947,25.0,,,-122.01391291061844,47.59984526407105
72f756ae-538e-4c9b-be16-7e735b0e6047,033-9578030150,53033,5940.534426172551,,false,false,23866.29344128017,,,,-122.01390756315745,47.599996391451626
51d253a5-e473-4fff-a171-9871237296f0,033-9578030160,53033,5285.702313781242,,false,false,23863.89325909302,25.0,,,-122.01393284650122,47.60014487300003
550cb023-dcac-45ac-81d5-386403f2bd84,033-9578030170,53033,6546.847825331188,,false,false,23863.166975355678,25.0,,,-122.01393501777167,47.600314555138766
1b9bb74c-f476-4ef8-995d-4d81c09e2243,033-9578030180,53033,7766.393582254527,,false,false,23907.455263153923,25.0,,,-122.01334935215748,47.60019497672488
ea13e56d-d3a9-4a0a-8586-19504fab310a,033-9578030190,53033,15931.82824496235,,false,false,23889.549438470607,,,,-122.0135819048034,47.60033963217301
d56f68e9-1a8d-4918-9458-57a4b193ec93,033-9578030200,53033,4962.99336049244,,false,false,23851.111720436802,,,,-122.01405800419955,47.60124919100656
06ee70a4-4ea9-4170-a867-59fb4cb548cc,033-957803TR-A,53033,1561.9003919182394,,false,false,23882.213140290834,0.0,,,-122.01368913866428,47.60012844232892
fa40de30-440d-430d-90ca-51f21d9ae447,033-957803TR-C,53033,1582.7345069315418,,false,false,23925.09873181144,,,,-122.01316478503863,47.5991378695351
10d25011-d419-4fb6-a9da-94a5a6ddaa4b,033-957803TR-D,53033,1143.4939720412863,,false,false,23878.711187202363,0.0,,,-122.01378289967639,47.59915575690429
af37fa73-8b8a-48ec-a325-1b09868a97ad,033-957803TR-E,53033,9427.983261579842,,false,false,23937.85024530561,25.0,,,-122.01297898593974,47.5994463850117
c5920529-f8c0-47d9-84c3-85ea85f08c02,033-957803TR-F,53033,755.878238456981,,false,false,23912.71484514424,,,,-122.01327817111189,47.600217541236105
088540f0-2eb1-4132-a562-e34f5b062da6,033-957803TR-G,53033,23700.7237967422,,false,false,23861.467678157547,25.0,,,-122.01393856018628,47.60076830343565
1ab14f12-7bcf-4e12-86a2-175de485efb9,033-957803TR-H,53033,1298.711094636952,,false,false,23849.583418441063,0.0,,,-122.01406857370242,47.601519371479625
26a94687-6d62-4127-86d3-81618f88bcc3,033-9578050010,53033,34804.28578477923,,false,false,20436.512999102506,25.0,,,-122.11003305208419,47.713007000382355
3f3ea524-fd65-46d9-a4f9-0b5409b06c32,033-9578050020,53033,34849.20968260514,,false,false,20484.81786858295,25.0,,,-122.10931618784025,47.71307829848899
8f9b024c-2c67-484f-826d-d81cabeed3f1,033-9578050030,53033,37474.887042649236,,false,false,20526.287750400024,,,,-122.10877055182927,47.71320538575009
3ae8f481-5864-4b1d-8d19-5669bbae31c5,033-9578050040,53033,38546.66390219037,,false,false,20559.200361959414,25.0,,,-122.1082173472254,47.713191965643695
283d3ab1-7a50-4a64-96f8-43590d893f70,033-9578050050,53033,35486.420024610066,,false,false,20587.649181936824,25.0,,,-122.10767285004918,47.71311672221322
e5b6b1d8-d23d-4f08-b030-b036520e4b32,033-9578050060,53033,35576.46118964835,,false,false,20622.594046211863,,,,-122.10710138262272,47.71311653671092
0fb28e3d-f064-43d3-ab98-f5fd30541bd4,033-9578050070,53033,35531.529225444436,,false,false,20657.9602027757,25.0,,,-122.10653064885706,47.71312318884893
d8bf1231-a38f-4cc3-b9a4-ac57a5d59db3,033-9578050080,53033,35230.06595943286,,false,false,20691.908625724736,,,,-122.10596737184206,47.71311433608199
9c75ea54-7dc8-4f5f-9b90-1a954467b394,033-9578050090,53033,28605.547132888467,,false,false,20746.14971461077,,,,-122.10544307242593,47.71346099420636
b212267a-2b0f-4ea9-b018-6e63068200b3,033-9578050100,53033,35065.62641731285,,false,false,20781.120767483244,25.0,,,-122.10539341798673,47.713960787686325
737e94b8-8e22-4bd4-b51c-1a7481e40e90,033-9578050110,53033,35651.08147424782,,false,false,20765.466369896865,,,,-122.10584991957363,47.71415217417567
90646f40-04b6-413d-9ee9-966dc746c32e,033-9578050120,53033,36362.94157997259,,false,false,20720.66668633996,,,,-122.1064626119988,47.7140373849033
62ca0c31-c9bd-4091-97db-539c8e527de3,033-9578050130,53033,38511.76547286014,,false,false,20685.72604423498,,,,-122.10699895565226,47.71400325738002
95bf1d38-ab03-455e-a982-1979a45a5054,033-9578050140,53033,37754.09834086166,,false,false,20654.12332798272,,,,-122.10754350275502,47.71402841872507
e7984a6e-1a2e-48dd-bb82-f54ca197eb14,033-9578050150,53033,35234.92784283729,,false,false,20623.61170157921,,,,-122.10809713144474,47.71407855327132
6afe29c8-a597-469e-a206-946aaae4cc05,033-9578050160,53033,35456.49137380239,,false,false,20588.52367511133,,,,-122.10867284439229,47.7140780853726
2c4a260f-eeae-4e15-a5d7-930fa69af24d,033-9578050170,53033,35667.69374162011,,false,false,20554.82638629412,25.0,,,-122.10923306866609,47.7140840753533
cb99e5b9-dba0-4315-82e2-e234246a9607,033-9578050180,53033,35351.10127351943,,false,false,20517.084652559297,,,,-122.10990781369208,47.7141344817399
db11b371-c8c1-44e5-bcc0-05c36623c100,033-9578050190,53033,35607.529444724365,,false,false,20479.639415904665,,,,-122.11007455561246,47.71371332078558
177a216d-43d3-4b23-bf82-26300b0a6e6b,033-9578050200,53033,35668.54362718954,,false,false,20600.613397069017,25.0,,,-122.10997372883797,47.71547712745721
f9e85511-46da-4b18-a5f3-0663348021b9,033-9578050210,53033,35306.15574340533,,false,false,20563.69992591563,,,,-122.1100343369899,47.714968512194616
7416d849-4395-44a4-b163-0744b6d8fe9b,033-9578050220,53033,34745.32142023896,,false,false,20601.254536659857,,,,-122.10940917736666,47.71496345952609
7b72b4b7-075d-42f8-bb99-214c0473bd9c,033-9578050230,53033,39221.3702078732,,false,false,20646.710537217183,,,,-122.1088624453954,47.71515237104806
377c8501-aea3-4401-adcb-674070c225c8,033-9578050240,53033,37778.87830590461,,false,false,20674.59446675328,25.0,,,-122.10831803925132,47.71507321657747
96b0cbfb-c896-4cb1-8bce-02de25ae1a1a,033-9578050250,53033,38114.70131293973,,false,false,20708.008101041498,,,,-122.10776701599896,47.715072400414165
4af1c648-1263-4a15-b586-ba6c4a8526e3,033-9578050260,53033,38283.5679620903,,false,false,20740.41087156023,25.0,,,-122.10721265319947,47.71505240357465
6a0d40c8-ed68-43b5-959c-8924523fbe6b,033-9578050270,53033,35509.66293829645,,false,false,20789.555939700203,,,,-122.10652181965288,47.71516236954627
d57e5a6c-3817-4c99-8600-5fa646239b59,033-9578050280,53033,32830.223375697686,,false,false,20826.679988704258,,,,-122.10584176793675,47.71509598089981
a4fbbe2d-3d2e-4039-bdeb-a262a571bf51,033-9578050290,53033,28356.338974396025,,false,false,20872.146834694347,,,,-122.10538975488257,47.71537379337108
efb6c6c8-5dab-4a14-9519-e9bc88c439cc,033-9578050300,53033,28288.814548103168,,false,false,20896.38405117973,,,,-122.10540518472163,47.71576341514242
25379a17-1473-498f-b7ee-fa8e938acdbe,033-9578050310,53033,35081.01286041686,,false,false,20912.53371625666,25.0,,,-122.10551162904183,47.716112664246566
dfd1a42e-85b7-4c9b-849b-f9a915d256ff,033-9578050320,53033,31590.160823004564,,false,false,20860.313975008496,,,,-122.10625638255611,47.71600514017368
60723909-8475-4ebe-8428-60e8f198bf41,033-9578050330,53033,35505.67413852248,,false,false,20826.64875083443,,,,-122.10680012028062,47.715994967759315
20f0b78b-f6ff-4c26-8c45-d24f7e2cd4f8,033-9578050340,53033,35312.571470746916,,false,false,20782.839203301937,25.0,,,-122.10748725563387,47.71596213335337
780274de-4839-4578-a242-42ba86f9b36d,033-9578050350,53033,35185.472249406404,,false,false,20749.064867935045,,,,-122.1080486938706,47.71596586383999
9a112b12-9622-405d-89a0-533772c3a46d,033-9578050360,53033,33226.05712185161,,false,false,20717.031309558606,,,,-122.10859802979606,47.71598455351732
8609b21d-e353-46a2-b13e-924225fa2ec7,033-9578050370,53033,28403.840994693717,,false,false,20690.635068791275,,,,-122.10914101319636,47.71608292742139
aff8d9a6-68f8-439d-8ef9-e52ae852e930,033-9578050380,53033,35263.52169936234,,false,false,20648.868375734935,25.0,,,-122.10988979575471,47.71613562983189
9c167dce-80cf-42ac-99e9-38a817fb9318,033-9578050390,53033,21670.582805932474,,false,false,20718.958501926376,,,,-122.10540190822009,47.712994464336525
08413d36-c895-4866-bada-457df64545e7,033-9578050400,53033,26227.838626068442,,false,false,20779.699604519912,25.0,,,-122.10637288345177,47.71486940619181
29e80e8c-47bc-4374-8eee-303b73301008,033-9578050410,53033,16581.202343329627,,false,false,20849.039731154502,25.0,,,-122.10525223841445,47.71488502223857
398af275-f436-41ca-bb40-21525e28b3ef,033-9578050420,53033,7795.677515314566,,false,false,20804.88690279556,25.0,,,-122.10714630768369,47.71598325401724
224e0602-ff7d-412c-a196-e4ebacb5a5cf,033-9578060010,53033,4563.493694826565,,false,false,19942.436223439745,0.0,,,-122.23438088384076,47.77304818864021
9eef3127-cbf9-4372-b1a5-5d72057c50f5,033-9578060020,53033,4563.320943360007,,false,false,19937.08857637524,,,,-122.23458420101511,47.7730504020923
7e63801b-f04e-4e48-929b-0ff2ea9a61b1,033-9578060030,53033,4563.142252886343,,false,false,19931.751521816605,,,,-122.23478751598914,47.773052618868746
3afeb823-3c71-41ac-85ca-df6d3c447e64,033-9578060040,53033,4542.215173830841,,false,false,19926.373317447487,0.0,,,-122.23499056556744,47.77305426957535
89c4a75b-015e-4475-8937-2f8436ce577d,033-9578060050,53033,4562.803912632039,,false,false,19921.107678557964,,,,-122.23519414196069,47.77305704817063
2dfcd0fc-fba5-48c5-bb50-9ea5208e114b,033-9578060060,53033,4562.851099177743,,false,false,19915.800936354568,0.0,,,-122.23539745604212,47.77305926180343
48852ce3-6379-4401-94f7-4c914d6fac7c,033-9578060070,53033,4562.621160311342,,false,false,19910.50450863626,0.0,,,-122.23560077138326,47.773061476671515
b1e5a6a3-57bd-4798-9c95-12a1a2dc452a,033-9578060080,53033,4562.559411545047,,false,false,19905.218182120323,0.0,,,-122.23580408519473,47.77306368990547
71a649f9-f463-491e-87ce-d973953999f0,033-9578060090,53033,4562.423918980237,,false,false,19899.94199884708,,,,-122.23600740199282,47.773065903014604
c24e8b00-adf1-4ba7-9af6-50024d3a7bab,033-9578060100,53033,4562.336863679405,,false,false,19894.67628193314,,,,-122.23621071786471,47.7730681180135
0dccb78f-66ca-40cd-915f-519c217e4e02,033-9578060110,53033,4562.154248977415,,false,false,19889.420589481408,0.0,,,-122.23641403238074,47.773070330450935
f4db2961-c98c-4e26-afdf-29144cc43049,033-9578060120,53033,4921.144067534793,,false,false,19883.21710217684,,,,-122.23662681345542,47.773065762640705
fb1359f7-c8f7-40a6-bce0-1ea63297c6aa,033-9578060130,53033,6743.464409159235,,false,false,19856.868965957452,,,,-122.23667431849651,47.77282409000824
0960e961-5ead-4f47-88b5-a10ce4ec42b2,033-9578060140,53033,4588.8003792231675,,false,false,19863.194804628183,0.0,,,-122.2364221291518,47.77281953820901
9620cd5d-36cb-4b17-92cb-790a0f866fb8,033-9578060150,53033,4588.99151748337,,false,false,19868.456522990455,,,,-122.23621881529995,47.772817318044176
073a9cf1-c331-4a98-b6d1-a0c8674c2da6,033-9578060160,53033,4588.9612321048835,,false,false,19873.72901095216,0.0,,,-122.23601550020166,47.77281510243593
1c0f81c0-1a28-402a-bb7d-b895d0ddc2b1,033-9578060170,53033,4588.984019539403,,false,false,19879.01152815234,0.0,,,-122.23581218689,47.77281288511352
1fdba10b-2ffd-49d9-8336-cf1e345de1e1,033-9578060180,53033,4588.973932202411,,false,false,19884.30396411814,0.0,,,-122.23560887425049,47.77281066479786
bebeb157-ffa1-4ea4-b48b-c004b3acf994,033-9578060190,53033,4589.127031190214,,false,false,19889.60698547045,,,,-122.23540556014058,47.77280844744071
19572d3d-7ab3-4377-b22d-022f9d9a94a2,033-9578060200,53033,4588.99470146981,,false,false,19894.920190025674,0.0,,,-122.23520224568769,47.772806229533515
c08274bb-8e84-4796-8967-27c89f34df33,033-9578060210,53033,4589.061496215288,,false,false,19900.24353871719,,,,-122.23499893325011,47.77280401139995
b7ec458d-e52f-4285-9689-09972b2a5363,033-9578060220,53033,4589.061030078029,,false,false,19905.57688605824,0.0,,,-122.23479562084083,47.77280179118977
2de67a4e-c2c4-49d8-9b09-5b5aa500d60e,033-9578060230,53033,4596.721370606885,,false,false,19910.903113526194,0.0,,,-122.23459216871865,47.772799366401976
d39a6849-f1f6-47a3-b2b3-9264d4fdbc04,033-9578060240,53033,4762.801703580629,,false,false,19915.377824388357,,,,-122.23439391155873,47.77278998856193
af6f7a23-ce40-4217-9cb2-71a62ba8fae1,033-9578060250,53033,4656.230640304779,,false,false,19868.503479347968,0.0,,,-122.23485897997806,47.77246020157981
89f228ee-1af1-47bb-954e-0bb1344c827b,033-9578060260,53033,4719.550669227577,,false,false,19863.145058347716,,,,-122.2350692037654,47.772464073662704
38067774-fa5f-48ac-afd8-05c890c2c4d7,033-9578060270,53033,4965.571846105071,,false,false,19857.078670995274,0.0,,,-122.23528810787636,47.77246328985089
c88307e9-7656-4beb-8ac7-69518fdc2d94,033-9578060280,53033,4700.256356203497,,false,false,19845.899349559088,,,,-122.23565374543004,47.77245162251529
71e0f91e-7560-41f5-95aa-ae490c77ae83,033-9578060290,53033,4536.230026282307,,false,false,19841.5454926692,,,,-122.23584084785264,47.77245872990863
7a4f3ce6-e919-49ed-8603-406ead6315cd,033-9578060300,53033,4530.1183731295605,,false,false,19836.803459971572,,,,-122.23602380689282,47.772460918973344
755be16e-fbab-4b88-be84-8ac3779f3567,033-9578060310,53033,4522.4785052380375,,false,false,19832.073028004204,,,,-122.2362067828369,47.772463144055806
7712ec08-675a-4730-97a6-5c822a0046c3,033-9578060320,53033,4495.43648194884,,false,false,19827.299019269696,,,,-122.23638945143259,47.77246478814614
b0926c4e-d163-481f-b9ce-982f6b752b5c,033-9578060330,53033,4501.898943533543,,false,false,19822.617210559714,0.0,,,-122.23657284779154,47.7724674310997
0a8a0fcb-24c3-44ed-8fd2-10aa6f3b27a5,033-9578060340,53033,4532.242113908335,,false,false,19817.35846475444,0.0,,,-122.23675754535931,47.772464768200116
fe0e2f7a-f258-4d2c-9ac0-6760cbf49d96,033-9578060350,53033,5984.03331341151,,false,false,19800.409149572344,,,,-122.23720464719594,47.77241733249041
69f8f102-c728-4aca-9a66-7dabaf9f83a1,033-9578060360,53033,5220.668873532496,,false,false,19815.793771417488,,,,-122.23720002069439,47.77256438552159
a9b524a3-cc53-4728-b379-e2271f9c4fb4,033-9578060370,53033,5107.208981056241,,false,false,19830.07420777486,,,,-122.23719229125386,47.77269998345471
8c830691-1235-4a7b-85af-03515a53a831,033-9578060380,53033,4545.665861088746,,false,false,19847.651865918244,,,,-122.23712679276237,47.77285241846706
5e695f11-fe32-43a8-b9c6-dc8c626ac349,033-9578060390,53033,4584.997821921743,,false,false,19864.436151233294,,,,-122.23708873242073,47.7730042934615
af353063-3929-4d93-8ac4-a941a21a268f,033-9578060400,53033,4622.266591188558,,false,false,19878.25302086631,0.0,,,-122.23707606044026,47.77313412772414
ec25f461-03b8-4d86-babe-8b50b04d779e,033-9578060410,53033,5338.387976976643,,false,false,19889.596293583545,,,,-122.23788723195021,47.77345150946648
a689d265-8e90-427d-8522-db8bc892d2ee,033-9578060420,53033,4925.197779588553,,false,false,19897.704238821996,,,,-122.23764060265015,47.77346647778848
d74a5a55-a805-4b9c-a7cf-dc67570a8fc6,033-9578060430,53033,4737.143655742005,,false,false,19903.142806068703,,,,-122.23742708079185,47.77346410980621
b2b4a6db-e644-4602-ae50-f7162302089f,033-9578060440,53033,4735.304939506706,,false,false,19908.487200718093,0.0,,,-122.23721767141171,47.77346178312534
200c9cf3-d34a-4d4a-80d5-7bdd86459637,033-9578060450,53033,4733.264923110697,,false,false,19913.842601737622,0.0,,,-122.23700826025424,47.77345945694471
5dd82eed-b537-4108-b4e5-3d0f60141193,033-9578060460,53033,4711.212392274048,,false,false,19919.272383862346,,,,-122.2367985098188,47.77345765476049
f616fd2a-ec35-4a37-b2d0-f01f1aec513b,033-9578060470,53033,4729.417778654325,,false,false,19924.586085769955,,,,-122.2365894416131,47.77345480549639
840aab7f-3d4d-44b5-9ef2-357652a79654,033-9578060480,53033,4727.603866907928,,false,false,19929.974001306415,,,,-122.23638003071828,47.77345247790346
609286ba-c56b-4ac6-b788-2042f961a2ab,033-9578060490,53033,4725.599923715422,,false,false,19935.37289095805,,,,-122.23617061966279,47.77345015125474
030e4611-0302-4adb-808a-5419e58c2227,033-9578060500,53033,4723.8226074279055,,false,false,19940.78249198083,0.0,,,-122.23596120896123,47.773447823235784
c888d01f-26e6-458f-a33a-16ecd37adb9e,033-9578060510,53033,4721.675756971506,,false,false,19946.203020235374,,,,-122.23575179919945,47.7734454961668
57cc617e-efe2-473c-9428-16f91420531d,033-9578060520,53033,4719.962289218242,,false,false,19951.6343670394,0.0,,,-122.23554238858772,47.77344316861817
8957ba41-d9fe-43c8-bf41-59d6fcdf5437,033-9578060530,53033,5281.762837951682,,false,false,19957.703702180497,,,,-122.2353198780063,47.77344345981618
656c8333-2d8d-4714-ba6e-68836205d678,033-9578060540,53033,4924.08538663749,,false,false,19982.481601078936,,,,-122.23531476380089,47.77368129815668
b2bdec90-37aa-4880-8472-08d02c213deb,033-9578060550,53033,4534.535732606281,,false,false,19977.365492822315,0.0,,,-122.23553449741937,47.77368940967767
32558c57-01e4-4e4c-9dfb-66e264bff436,033-9578060560,53033,4534.466331029861,,false,false,19971.94652545237,0.0,,,-122.23574390877053,47.773691790124865
e13db3f8-f970-432c-97af-f495d179e2a3,033-9578060570,53033,4534.491439802667,,false,false,19966.538116307034,,,,-122.23595331850058,47.77369416744984
7a2ec118-2bd4-4b9e-af70-6cf084df2f5c,033-9578060580,53033,4522.0041272521585,,false,false,19961.113348929448,,,,-122.23616248078248,47.7736962182605
864905c0-8d3e-4cc8-912c-ecbe75178e9c,033-9578060590,53033,4521.9699546915235,,false,false,19955.713528930744,,,,-122.23637240795172,47.77369860344689
93b53290-e327-44b2-b376-93f730f20e3a,033-9578060600,53033,4534.601099998753,,false,false,19950.37851761674,,,,-122.23658154884552,47.773701304669146
54ab66be-ab3a-4ea5-853f-51ae44384776,033-9578060610,53033,4534.478712528252,,false,false,19945.013554318033,0.0,,,-122.23679095844193,47.77370368201782
7f313db0-e777-4708-9633-d07df8f61306,033-9578060620,53033,4534.514830978116,,false,false,19939.659176929996,,,,-122.23700036778055,47.773706056450365
fe8907b3-288a-4d1f-9bfe-d2d0b920b5e6,033-9578060630,53033,4534.369275506443,,false,false,19934.31598971756,,,,-122.23720977633383,47.77370843356714
9f052aef-77ca-442e-b5d4-0b2e1e17c3a7,033-9578060640,53033,4534.362170464487,,false,false,19928.98375958633,,,,-122.23741918558868,47.77371081142025
8ec29e1b-2893-402b-96e1-182cb6cfb162,033-9578060650,53033,4639.250719144099,,false,false,19923.397868099444,,,,-122.2376315758489,47.77371140561648
43224d84-6351-4427-b9e9-1565d657d505,033-9578060660,53033,5616.1902510542795,,false,false,19913.0643259926,25.0,,,-122.23787565193322,47.77367430597799
4dcb2a92-508d-419d-b0fe-d8f5c6b14b90,033-9578060670,53033,6732.150695033838,,false,false,19903.939001323357,25.0,,,-122.23819525140995,47.77366790872991
23efa93b-1192-4629-a19e-7af970235977,033-9578060680,53033,5174.717161789617,,false,false,19938.508451220947,25.0,,,-122.23826420065983,47.77401772382548
3e303513-23fc-4b9c-ad4d-2542972d7c58,033-9578060690,53033,4776.94723918093,,false,false,19942.89697891649,0.0,,,-122.23807373893469,47.77401159236368
903363ee-02a5-4e45-a1a7-6763f92c58c1,033-9578060700,53033,4579.625550833841,,false,false,19948.10672176938,,,,-122.23789208431515,47.77401550989697
2190e4d6-4f8a-48ef-8ec9-9cbe2a837fde,033-9578060710,53033,4665.124957902627,,false,false,19955.405369333123,0.0,,,-122.23769060580885,47.774034389747186
4ab0cb2b-045d-4fe0-8de3-ada2fc00fd88,033-9578060720,53033,4490.352722866911,,false,false,19961.5190117825,0.0,,,-122.23746861599764,47.774036541773874
d4d080a4-3e7c-4f83-93f7-be5362b8c62d,033-9578060730,53033,4492.027465534849,,false,false,19967.102216651932,,,,-122.23724903980268,47.77403409188138
6297745c-5e02-4790-b745-f2061b518cb0,033-9578060740,53033,4493.865785234192,,false,false,19972.698049241433,,,,-122.23702946205937,47.774031647944774
90adfe5d-1f61-458b-a879-458d86bebb9e,033-9578060750,53033,4495.866968659348,,false,false,19978.306161117118,,,,-122.23680988129207,47.77402920632861
58f72509-5731-4bbe-879e-ba8c40705f71,033-9578060760,53033,4497.827685437841,,false,false,19983.926384742826,0.0,,,-122.2365903036037,47.77402676708746
d4a26a4b-133f-4e04-ba92-b4ff519f1dcb,033-9578060770,53033,4500.002891573344,,false,false,19989.558380698858,,,,-122.23637072528929,47.77402432609697
fa8aebc6-d837-4ed2-9d89-2ccc5f3c2410,033-9578060780,53033,4501.926344959035,,false,false,19995.202102841326,,,,-122.23615114627921,47.774021882989004
582c4bcf-3712-4ba9-8dc7-934c0fe992f6,033-9578060790,53033,4503.969065355139,,false,false,20000.85760006851,0.0,,,-122.23593156864418,47.774019438867164
f6fd3574-cebf-459c-b9e8-73c881a60860,033-9578060800,53033,4505.821022982702,,false,false,20006.524512502536,,,,-122.23571199326078,47.77401699058756
d05e90ad-13a7-4fa5-8f79-5bd480046081,033-9578060810,53033,4507.760335187678,,false,false,20012.2034400658,,,,-122.23549241440251,47.77401454254098
818dd5d4-3168-473e-a24a-f2002127d526,033-9578060820,53033,4679.855323348339,,false,false,20017.48481266265,,,,-122.23527048065206,47.774007527486965
7be39d80-1632-403e-b397-dc773fd107f1,033-9578060830,53033,4863.362589663318,,false,false,19980.167743706577,,,,-122.23488836852117,47.773546986411034
97e39915-dfbb-4e1d-bf02-1e18b72d0fc4,033-9578060840,53033,4948.224104592311,,false,false,19964.54278490688,,,,-122.23487677398754,47.773393005169396
e3c0bd34-bf30-40f4-8b05-ee07ef7de3c9,033-9578060850,53033,16869.99330187551,,false,false,19940.56847647641,,,,-122.23405107511083,47.77294240027112
49d1ae93-9cd1-4ec2-b7b1-b2ba21a43843,033-9578060860,53033,6888.777636455005,,false,false,19881.99665545437,25.0,,,-122.23820119847989,47.773458435601306
61c7e68d-1615-44ec-874c-350986cf4b51,033-957806TR-A,53033,35749.48594581765,,false,false,20010.746257676536,,,,-122.23475902259594,47.77380827976162
3536798d-7929-4d8f-ad7e-42975d6b795a,033-957806TR-B,53033,19108.577525668046,,false,false,19956.64226155296,25.0,,,-122.23357895793994,47.77297183697931
a0417760-69d7-497b-ba41-1af20310abd7,033-957806TR-D,53033,8972.531792862452,,false,false,19881.188260257397,,,,-122.23443029649656,47.772468981070254
e4a1a1d8-acb0-49f0-abab-3f7b9b9dbdb1,033-9578070010,53033,6991.798039766243,,false,false,14112.602205993153,,,,-122.18600288200984,47.52625850930224
cb52e177-fe35-484a-bdeb-2b407d2f3e4a,033-9578070020,53033,6024.622436267998,,false,false,14099.952544566315,,,,-122.1862219342122,47.526256919864075
18bc3d87-49f7-41ea-ae2e-cf14dda7652e,033-9578070030,53033,6023.918942035352,,false,false,14088.139588148988,25.0,,,-122.1864243511653,47.526257314438816
dcf06ee0-3fa3-4f86-8741-807b04b355d9,033-9578070040,53033,6023.206408963782,,false,false,14076.333166720065,,,,-122.18662676770218,47.526257708457216
ed7e7074-5f63-4b9c-8182-f6908e61e03f,033-9578070050,53033,6022.736359969936,,false,false,14064.532973420322,,,,-122.18682918567157,47.52625810498535
ba6a9f84-a2c8-475a-bd15-c1f0af69f568,033-9578070060,53033,6022.060628066038,,false,false,14052.739232135586,25.0,,,-122.18703160364453,47.52625850225081
2afb8f6e-4174-4f92-82fc-ce1f1e17d574,033-9578070070,53033,6021.5152500395925,,false,false,14040.952144255503,25.0,,,-122.18723402079766,47.52625889830527
f80420b9-fe24-4c6f-819a-0c2dca6f0d02,033-9578070080,53033,6020.980744903546,,false,false,14029.171459477962,,,,-122.18743643920558,47.52625929522502
78188727-a0db-4e8f-acd7-85dc7de51418,033-9578070090,53033,6020.373129478181,,false,false,14017.397298828973,,,,-122.18763885779035,47.52625969241452
81bd2ca4-df82-466c-8032-99d38e76bf2f,033-9578070100,53033,6677.813945676088,,false,false,14004.665242271112,,,,-122.18785270981863,47.52626435781283
646a65ec-6d80-4079-8928-472e6253ca6c,033-9578070110,53033,12830.226352477453,,false,false,13973.150112663368,,,,-122.1884601978513,47.526212458500495
2e626d06-ffd4-432a-be44-22676893eb51,033-9578070120,53033,14199.944643624513,,false,false,13944.953530005481,25.0,,,-122.18899147897457,47.526176931563455
a20ceb7e-895b-474e-af3c-e38b9f9fc68b,033-9578070130,53033,11236.378392595221,,false,false,13919.76558826582,,,,-122.18942659329062,47.526177884279306
9c43a279-a016-470e-b0a1-a960fae8084a,033-9578070140,53033,4278.605924057501,,false,false,13984.530884093756,,,,-122.18844416466627,47.52606500754368
4a1b9a64-5e7f-4b53-a99f-a9e20f6ebad6,033-9578070150,53033,32607.178999171185,,false,false,13880.178168684404,25.0,,,-122.1900572585823,47.52622320830347
fca69f49-e566-4e53-bf7f-4a3301aaa532,033-9578070160,53033,19069.8994086639,,false,false,13840.005088963184,,,,-122.19075354844394,47.52622465501074
0c6e382f-c245-442e-8b4c-b99bf5b4cd2a,033-957807TR-B,53033,11533.789305137352,,false,false,13936.263041718465,25.0,,,-122.18888889201666,47.52638296658609
8a549c05-0bb7-45f0-a2b4-b66ea0e8cef0,033-9578080010,53033,3759.4265200993364,,false,false,5039.750248576602,,,,-122.35819551498123,47.64797220792138
bf2832cf-f746-44c8-a3b6-cedbaa2386f0,033-9578080020,53033,999.9710513832164,,false,false,5040.828541418084,,,,-122.35833479803742,47.647943091354236
7605f7e2-496d-4740-8814-5d4418d927c3,033-9578080030,53033,955.620469709371,,false,false,5043.239949433402,,,,-122.35841030007224,47.647945064358645
c4495cd7-865f-4cd6-bcd0-172b97190732,033-9578080040,53033,956.7010155288536,,false,false,5045.413191823241,,,,-122.3584839962733,47.64794517670014
b561dcd9-11d1-45bf-a067-9c32cadf3ccb,033-9578080050,53033,957.1792448579877,,false,false,5047.592095798845,0.0,,,-122.35855771171805,47.647945288924355
d9093ae1-d19a-40eb-a5cb-ee437f61ceee,033-9578080060,53033,957.7278376912902,,false,false,5049.776094386861,,,,-122.35863142521075,47.64794540162846
d1449d60-768d-4370-bedb-6cd022f40fbd,033-9578080070,53033,1299.1182848128337,,false,false,5052.355046940311,,,,-122.35871824859693,47.64794553433252
e30c9965-2084-4e72-96e9-9cea51f9fd88,033-9578080080,53033,1500.2900115099258,,false,false,5069.307257900388,,,,-122.35872231738962,47.648110257245726
b03e8be5-ff67-4d35-a3cf-d8b7c85ad9c8,033-9578080090,53033,1205.0770208714616,,false,false,5066.35051704971,0.0,,,-122.3586404793594,47.648104916111095
e2bebc40-fffc-4fd9-8c41-91e8704d7536,033-9578080100,53033,1848.6103156294892,,false,false,5064.5451774381345,,,,-122.35854946117358,47.64811340474113
b76eacc1-d87c-411f-bef0-9010351dcdc2,033-9578080110,53033,1283.2507239336244,,false,false,5061.417899389116,0.0,,,-122.35845506480608,47.64810986018877
e81ed44a-45ac-43d4-beb4-60aaf2de6e44,033-9578080120,53033,1638.7139893968545,,false,false,5058.8427512355065,,,,-122.35836733270074,47.64810973101241
35b80e24-8e69-4e79-b8c8-30303e2bf81a,033-9578080130,53033,1425.15991235992,,false,false,5058.3189447405375,0.0,,,-122.35825869151401,47.64813547565861
2034d004-fc8a-47ca-8a7a-8d1c4ca53677,033-9578080140,53033,1504.119168294472,,false,false,5054.588585159313,0.0,,,-122.35813756122701,47.64813333729533
ee62d9c3-de12-4f29-abdb-4ac7639373db,033-9578090010,53033,7700.695426157806,,false,false,20100.171060630637,,,,-122.11031881950704,47.70798615414638
08f179eb-7cd6-475e-8ac7-5dcd11891af7,033-9578090020,53033,9604.79786906558,,false,false,20114.56945542888,25.0,,,-122.11029360943981,47.70819150000617
b9cc91a2-4cba-45f4-ab74-94c25307b59f,033-9578090030,53033,10170.425124338819,,false,false,20146.405277554586,25.0,,,-122.1097761164003,47.70818851006621
84c3ebbc-473d-40f1-a0b7-34b0a75841c3,033-9578090040,53033,9988.416149386663,,false,false,20133.590424349397,,,,-122.10975550208249,47.70796272682671
e061b34a-f18b-47f5-b96e-bbd322396a94,033-9578090050,53033,9692.649613192545,,false,false,20162.682616565657,,,,-122.10928504246667,47.70796173010778
8a8f68ef-8479-44f1-a78a-531624d87736,033-9578090060,53033,9108.67098271865,,false,false,20176.92009496435,,,,-122.109279636328,47.70818482253756
2890ecb0-9be5-4a67-9dfe-4c9275cb3acc,033-9578090070,53033,7325.487257678046,,false,false,20226.87727664445,25.0,,,-122.10862457114888,47.708335111802654
298dda8d-6812-48a3-9162-d9d5bbd8dd84,033-9578090080,53033,7395.970313285877,,false,false,20214.797373236914,25.0,,,-122.10862763211472,47.70814413840222
b4e002cd-7b7c-4227-8e0d-7b1b35e1ae30,033-9578090090,53033,7871.496902313825,,false,false,20202.531317617304,25.0,,,-122.10862658755568,47.7079458266475
2349b475-63e9-42f1-87aa-228896eab5d6,033-9578090100,53033,7117.977264224712,,false,false,20228.2898749258,25.0,,,-122.10819311650756,47.70792734182467
76b662c9-8408-4fa3-8196-57904aa4629d,033-9578090110,53033,6983.795557063383,,false,false,20239.150930623524,,,,-122.10819496861367,47.70810413570332
b86edc54-5883-4478-b1d1-4e1ac8f6d8db,033-9578090120,53033,8721.032194317368,,false,false,20250.58750286208,25.0,,,-122.10827189092984,47.70836478594514
14156d97-9677-4549-a35b-3fca6071bf39,033-9578090130,53033,6472.279738971279,,false,false,20269.309875765648,25.0,,,-122.10802888977017,47.70842351076467
82a351b4-bb04-4112-943a-3942af1a910a,033-9578090140,53033,6510.113655674043,,false,false,20285.98173456643,,,,-122.10775813429555,47.70842155972572
bff128e4-553f-4480-aaf0-c4d5fff1cf9f,033-9578090150,53033,8676.60754925611,,false,false,20297.20637184427,,,,-122.10751563408395,47.70836003270609
4714d243-b143-4846-9169-b1906875296d,033-9578090160,53033,6983.770429726352,,false,false,20275.87564425685,25.0,,,-122.10760040274546,47.708101097799855
b465c697-39cd-46ed-a57c-ef0c1c8e8023,033-9578090170,53033,7118.048372728478,,false,false,20264.560896748062,25.0,,,-122.10760622103318,47.70792434488646
bce972ee-42f9-410e-9af7-714d597e201c,033-9578090180,53033,7150.491389183572,,false,false,20292.1294994403,25.0,,,-122.10716046398014,47.70792206602399
a0b06c92-d655-40db-aee3-ed4d9376266a,033-9578090190,53033,7016.203674669039,,false,false,20302.95527713404,,,,-122.10716231760479,47.70809886443837
e29f5d1b-782c-4fd7-9a1e-2aaf61f7b90a,033-9578090200,53033,9152.920054551856,,false,false,20314.64016929353,,,,-122.10723577484298,47.70836100031745
0140bed2-2f5d-49aa-bab9-1e890a0957c2,033-9578090210,53033,6238.878510574593,,false,false,20333.78531586435,25.0,,,-122.1069823825129,47.70841597125654
879e0e6c-b4c5-438d-bf2c-d012a541fa3f,033-9578090220,53033,6212.719648813363,,false,false,20350.065451579347,,,,-122.10671838788991,47.7084140688239
ba550b84-7fa2-4afb-b049-5576e2e6ea78,033-9578090230,53033,8703.350557878272,,false,false,20328.56716645333,25.0,,,-122.10665338378557,47.708001317860685
f8333c00-b69b-450c-9a6b-4f33cd2258db,033-9578090240,53033,6500.166701954221,,false,false,20357.159100254692,,,,-122.10611010155378,47.70791668404676
c15e4c3b-f12b-4866-ac2a-3699740b465e,033-9578090250,53033,6802.866752441886,,false,false,20367.12095188404,,,,-122.10612701888155,47.70809525688048
dce222a7-3439-4772-bf8a-20dcba93d7fb,033-9578090260,53033,7557.0725962671895,,false,false,20375.80072147277,,,,-122.10615968748492,47.70826870234316
6e39962e-7277-4f61-9ab9-21aa19e70acc,033-9578090270,53033,9678.121425948933,,false,false,20386.889377509146,,,,-122.10615528928355,47.70844359679636
29e4ad4a-3384-436a-9ed9-50771a25c264,033-9578090280,53033,6994.971568306204,,false,false,20371.782718229173,25.0,,,-122.10550359918619,47.70753977991273
a7222ab4-d3ae-4f19-8b3f-47d6d686ab95,033-9578090290,53033,6529.648075571599,,false,false,20355.90098446152,,,,-122.1057603567459,47.70754199651429
2f93e6e6-2e61-4ca6-97e2-83bf3cdb4366,033-9578090300,53033,6959.139284809975,,false,false,20340.022300840734,25.0,,,-122.10601623473215,47.7075432764266
5e729cbe-d64a-401f-a9ce-5d2fb6d1b5e7,033-9578090310,53033,6532.529594371482,,false,false,20324.149286540018,,,,-122.1062721106747,47.707544554300355
d5b7f2e8-d0d6-4000-87bd-449db32d4658,033-9578090320,53033,6962.250840916039,,false,false,20308.281837527622,,,,-122.10652798875996,47.707545832473876
422bbd7e-8c6f-4f6c-885b-1a8e6746bc27,033-9578090330,53033,7061.825921024365,,false,false,20288.026612371243,25.0,,,-122.10685475674994,47.70754746396426
600e995f-afd1-4c6a-be91-aecadeaaa876,033-9578090340,53033,6965.95206124841,,false,false,20271.55428767013,,,,-122.10712060658012,47.70754879006016
e226edce-a710-41d2-8894-b7e8e96afc4a,033-9578090350,53033,6860.232029579745,,false,false,20255.328501344688,,,,-122.1073825755045,47.70755009726342
d8a3d1da-c388-4cf6-971c-10be7cc62bed,033-9578090360,53033,6969.07604927697,,false,false,20239.108603739536,,,,-122.10764454430804,47.70755140230325
cf5eb819-1097-482a-8f03-04c719090910,033-9578090370,53033,6863.4456367580415,,false,false,20222.894682010254,,,,-122.10790651297198,47.7075527063417
3ccf0190-aacc-41bb-92b9-b461c6a2665d,033-9578090380,53033,6970.560794858366,,false,false,20206.689777046762,25.0,,,-122.1081684703828,47.707554047121114
3a37938f-aca9-4924-b7e5-dc1ce5aaaaf1,033-9578090390,53033,6969.038773283153,,false,false,20190.36642135921,25.0,,,-122.1084324698929,47.707555426492654
c8d558da-65af-4e24-b2c6-13d7610d3e8b,033-9578090400,53033,7355.334282946766,,false,false,20173.430776890087,,,,-122.10870420581549,47.70755458153501
8362826a-eb64-48f8-84d2-b38462e0a542,033-9578090410,53033,7379.605939567795,,false,false,20143.03872506927,,,,-122.10919593986613,47.707556896727986
3fc3d50e-02d1-4f5d-9b7c-f510e2999693,033-9578090420,53033,6427.18740345339,,false,false,20127.015593820004,25.0,,,-122.10945800479332,47.70756078990694
a585b4d6-3414-4711-9175-daaa93394f50,033-9578090430,53033,5890.312821292112,,false,false,20112.602107743143,,,,-122.10969154340876,47.7075620094174
f7d29881-15a0-44e9-a529-bf67867bb5f1,033-9578090440,53033,6959.77883952945,,false,false,20097.567384666378,,,,-122.10993523231198,47.707563282015414
7846a505-133b-4ced-af80-d96cfeba1daf,033-9578090450,53033,6958.212263456541,,false,false,20081.28560703573,,,,-122.11019923064707,47.70756465978275
7ac0b426-40d3-47e5-a08f-8e1ce4808632,033-9578090460,53033,6932.241292351248,,false,false,20065.003682270864,,,,-122.11046282450336,47.707565532426536
949ca4dc-e13d-4d4b-8b0b-7a15ed47a308,033-9578090470,53033,12084.079580593938,,false,false,20350.024596750325,,,,-122.10647058241476,47.708164530559195
f9d27a4a-dcf2-4444-a27f-3bdf7ccd3735,033-9578090480,53033,28589.049868558148,,false,false,20409.503741786786,,,,-122.1055727555738,47.708222980854494
a0ca04de-c5f9-4733-8446-34f66b3b3ca8,033-9578090490,53033,1606.824705717945,,false,false,20298.2104025241,,,,-122.10669044351266,47.70754663934949
d9d95c8e-bd60-441f-b067-2e2d44e01edb,033-9578090500,53033,6575.611835781491,,false,false,20099.346868141325,,,,-122.11032868325276,47.70798273423711
c78cf1a0-83d6-4541-a49d-f9bcade603b2,033-9578090510,53033,1904.1586317549757,,false,false,20384.757702354487,,,,-122.10551945642716,47.707767132226245
1887d2a6-8785-4cfe-95c3-52984eeadaf5,033-957809TR-A,53033,2320.249676929272,,false,false,20116.45283521293,0.0,,,-122.11004476899383,47.707975199375596
ae005be2-dbe1-414e-bcfc-cbfe942378f8,033-957809TR-B,53033,7968.8472577623825,,false,false,20257.9621184302,,,,-122.1078976063659,47.708109832123945
2bd42604-3aa6-4767-9026-919a895971ba,033-957809TR-C,53033,7969.0528635299215,,false,false,20321.855320361134,25.0,,,-122.10686392632593,47.70810454792099
fa09d0e4-adc5-4a73-860d-b428cdf2e5d7,033-957809TR-F,53033,5968.220478380326,,false,false,20383.086263672292,,,,-122.10583585316562,47.70806022855867
fae923c0-9f35-49e9-9096-18c6230eb20b,033-9578100010,53033,9568.046765403837,,false,false,13001.176462934076,,,,-122.26958895288504,47.49715492170586
d8f4e8d4-7ccc-421c-927e-c5b5fe39f82a,033-9578100020,53033,9487.377958794294,,false,false,13017.564348517326,,,,-122.26940134161013,47.49704593219148
35ddd505-10a5-4cc1-9e4e-0bf76dba1e8b,033-9578100030,53033,9572.396786091076,,false,false,13032.893091956435,25.0,,,-122.2692483772407,47.496938136328765
927ca7ae-57c2-435e-8d78-9bc5468d7d88,033-9578100040,53033,9608.7581597203,,false,false,13047.697487066529,,,,-122.26911223384609,47.49683101634326
4fa63b9d-b77b-4517-922c-df9cbb7e1f9d,033-9578100050,53033,10449.24074589537,,false,false,13063.348470528055,25.0,,,-122.26898586796811,47.49671318078394
a56660c9-196e-469e-a746-c2636e3438dc,033-9578100060,53033,10116.873828866946,,false,false,13078.928081598653,,,,-122.26884355344095,47.49660023819634
340d8da1-4a49-4011-ab37-8911e6eed09b,033-9578100070,53033,10869.420679123788,,false,false,13094.929487085263,25.0,,,-122.26870141990435,47.49648319863646
3b7d1621-7f99-41ab-bc81-c59abc64c598,033-9578100080,53033,10709.155616871167,,false,false,13111.238369775576,25.0,,,-122.26857055726744,47.49636024177529
1e379a48-a9c3-4456-9058-0888d888352d,033-9578100090,53033,10832.460010306999,,false,false,13126.796991243971,25.0,,,-122.26842947279533,47.49624723647051
18a59e4c-1af3-42d2-9d57-4e01193034f2,033-9578100100,53033,10851.841852289217,,false,false,13142.404674475658,25.0,,,-122.26828534585037,47.496134581529056
ee51ba79-8cb9-48c5-9302-70519bd9dee0,033-9578100110,53033,12127.545067429495,,false,false,13159.042161924091,,,,-122.26813519873203,47.49601359559479
05030700-f4d2-4883-98bd-eb9319336b8a,033-9578100120,53033,11346.799370630726,,false,false,13175.632132754985,25.0,,,-122.26796671178577,47.495897947588865
b61ccac9-ae98-4abe-9dfb-9970a2932020,033-9578100130,53033,9883.995456467905,,false,false,13190.898763939038,25.0,,,-122.26781093769233,47.49579174986152
e641f9ad-00d5-4701-b434-f2f44dcd7e2e,033-9578100140,53033,9576.299372912405,,false,false,13207.500205403958,,,,-122.26752694362538,47.49570677527902
97c8275c-6683-48a5-aa1f-d6a30024d9ae,033-9578100150,53033,9670.188395406894,,false,false,13225.537018329853,,,,-122.26664800704474,47.49576787311642
71aea060-0de8-4a02-a7a8-f2c204f297f7,033-9578100160,53033,9667.777223140665,,false,false,13203.195257633908,,,,-122.26678278359155,47.49594785986486
625ab807-df62-4105-9108-6b3f4a65fc51,033-9578100170,53033,10964.821959518096,,false,false,13184.62932730255,,,,-122.2668775016309,47.4961020924194
07baf648-2e98-413d-82b2-d8022a4be409,033-9578100180,53033,10254.381822352774,,false,false,13169.398624993555,25.0,,,-122.26699270777416,47.49621850321673
006760a7-fe4d-4754-be28-3de183f86207,033-9578100190,53033,12329.232996597613,,false,false,13154.274543096719,25.0,,,-122.26709053123257,47.496338573562994
1e9a50bb-8687-4987-840d-c404f043333a,033-9578100200,53033,12123.626624623355,,false,false,13138.818874970673,25.0,,,-122.26725181837344,47.496444769023334
32f936c1-2532-40fb-a5b8-eab043fb5bf4,033-9578100210,53033,11402.222538199663,,false,false,13123.175397112793,25.0,,,-122.26741371575639,47.496552653087754
ec0a219c-88cb-4e03-b5da-e14877daf5f2,033-9578100220,53033,10443.464650868615,,false,false,13107.899580452051,,,,-122.26757349274904,47.49665758316452
72dd7a36-d66a-4b90-924d-2b967c717e03,033-9578100230,53033,9886.583169916548,,false,false,13093.296855530842,,,,-122.26777369449104,47.49674521181951
e144a05c-60c5-4397-be80-47d6bcd85251,033-9578100240,53033,9543.684070247094,,false,false,13075.949059816414,,,,-122.26796527287244,47.49686176960394
b1f94754-2c74-4dea-973e-8e77b86363ae,033-9578100250,53033,9467.854843168854,,false,false,13051.634238564846,25.0,,,-122.26831860806736,47.497002649444404
94686a40-7da3-4111-a1a8-af6a5f81e984,033-9578100260,53033,14323.02833170622,,false,false,13088.160035578358,,,,-122.267268183751,47.49693088953905
f0a5c7b3-ef7a-46c1-8544-8f0b0b32d2c5,033-9578100270,53033,11958.630146209021,,false,false,13056.723985481778,,,,-122.26742051132823,47.497194212051006
279acddc-f5e5-43cd-b7d1-248750035696,033-9578100280,53033,11796.178337057976,,false,false,13132.501299784599,25.0,,,-122.26665820885749,47.496666606327366
aa290d75-3b39-4ee9-a2e7-67ab5311206e,033-9578100290,53033,14269.837163766113,,false,false,13099.281983983987,,,,-122.2667703105515,47.496958177236856
2dafe409-68a0-4cc0-ae15-ec09c5bf658c,033-9578100300,53033,11739.959538631572,,false,false,13069.102674453805,25.0,,,-122.26692654422196,47.49720825764369
43f262d5-4a21-4731-b84f-2a799a4fdb41,033-957810TR-A,53033,1904.0093166419342,,false,false,13207.391257665655,0.0,,,-122.26799323031359,47.49558423038199
e957725a-30a9-4883-87f3-018915512f97,033-9578130010,53033,6177.7222421546085,,false,false,21882.84533704215,,,,-122.0426469484768,47.581196129630506
5df4fcc2-52b2-4229-aebf-abd824c4f385,033-9578130020,53033,6332.647164902249,,false,false,21880.234208706894,,,,-122.04264835416959,47.58137160189827
5afb4417-b2db-4460-963a-ef3c997141ec,033-9578130030,53033,6361.85886290518,,false,false,21877.893574961297,,,,-122.04264607885142,47.5815485207281
0b035877-2891-459e-91bf-709f70321c1d,033-9578130040,53033,6383.744134708581,,false,false,21875.558512445663,25.0,,,-122.04264398397302,47.58172532873079
0eb790ba-8128-4391-a397-0e3d5c1c7fc9,033-9578130050,53033,10071.729992825778,,false,false,21874.59682022488,25.0,,,-122.04261351284823,47.581956403204835
fb5d0fc5-cdc8-4cbb-965e-b64d8d02b1f3,033-9578130060,53033,9738.887156034349,,false,false,21864.135973324483,,,,-122.0426884879942,47.58230977285398
8acb4293-507d-4e91-842f-9bb9f7b0389f,033-9578130070,53033,6414.669555822326,,false,false,21848.809399312468,,,,-122.04291723525047,47.58218627964699
7708fb20-c367-4654-a1a8-d8621d9f0866,033-9578130080,53033,5912.290563561358,,false,false,21837.28579842965,,,,-122.04309442873385,47.58206602068308
512fbc49-c545-4495-925a-ec58a423738a,033-9578130090,53033,6134.615052572063,,false,false,21825.20841778981,25.0,,,-122.04327834582696,47.5819503223447
002ed94c-869b-49ea-913c-7763b7e3229e,033-9578130100,53033,5901.034637844119,,false,false,21814.094563386174,25.0,,,-122.04345149232881,47.58182374129784
14d5802a-40e5-421d-9d7f-63a2c79fb2a6,033-9578130110,53033,6404.722292059425,,false,false,21802.589924761673,25.0,,,-122.04362894120939,47.581702960616425
6f9e8a49-63a1-432b-8680-5547eaf6a4ea,033-9578130120,53033,5720.655836857872,,false,false,21790.855797513195,,,,-122.04380884456575,47.5815862131587
ebd25ce7-89a0-4f09-85b8-abd78e52614b,033-9578130130,53033,9822.306289959803,,false,false,21814.046102063505,,,,-122.04355392454423,47.581289499555076
3ef9b5c6-7053-424a-8536-168e0d4cdd4c,033-9578130140,53033,5846.217222958772,,false,false,21838.490856504042,25.0,,,-122.0432100751275,47.581368688586856
e1cf3ccf-4a93-4c11-b93f-4f28032fc271,033-9578130150,53033,6189.313286288583,,false,false,21840.496750667455,,,,-122.04321537636118,47.581200968844456
c56169e5-ebb4-45ec-9b85-58ce3875b8ce,033-9578130160,53033,28189.00811280614,,false,false,21772.50907957166,,,,-122.04410910351713,47.58130643693373
be1a0c4c-27e9-47fe-b73f-4554350a207f,033-9578130170,53033,6207.255911476903,,false,false,21836.520010081313,,,,-122.04320407212867,47.58153873071619
18ccc14e-c281-45b4-babe-8c3c59ddf450,033-957813TR-C,53033,3445.9113462865253,,false,false,21858.123048095607,0.0,,,-122.04282656576898,47.582000941209934
1a0ef4c1-6eb3-4ffe-b0a4-dfdac2c80779,033-957813TR-D,53033,3835.2839019941266,,false,false,21819.07887178115,0.0,,,-122.04342761664218,47.58159598066436
8a96d27e-96aa-4822-8d51-5584fd56e680,033-9578140010,53033,15466.357556837202,,false,false,34466.458376263385,,,,-122.35062821992018,47.29648901295054
bc971ad8-ba5f-4d4a-9b70-cc1b2781d803,033-9578140020,53033,8316.64062178717,,false,false,34446.543759668515,25.0,,,-122.35080300079164,47.296673061643915
a57e81d4-12ba-4529-9a16-5ada60a451ad,033-9578140030,53033,7297.230869731247,,false,false,34437.99543103114,,,,-122.35098756384461,47.29675512827777
9e3de319-fdd5-4df3-8512-8c39c343fa81,033-9578140040,53033,7149.7617624821905,,false,false,34411.47393231221,,,,-122.35068442592231,47.29698544497164
c1ba2e8d-e988-4b2e-b1e4-7e529eccc7bd,033-9578140050,53033,5067.971180743345,,false,false,34393.13982600162,,,,-122.3506998886858,47.29715088829112
0b37bf16-f244-49ad-822d-287fad4bda86,033-9578140060,53033,5061.521846832859,,false,false,34377.90594336499,25.0,,,-122.35069915966137,47.2972879826111
ce7b8cd2-3031-4b60-828f-55e6d58f32f4,033-9578140070,53033,5056.756340286514,,false,false,34362.67454275707,,,,-122.35069849731796,47.297425056510974
f00647d9-8b86-42e7-825c-425e6b6849e4,033-9578140080,53033,5052.03170190599,,false,false,34347.4432338923,,,,-122.35069783684139,47.2975621297213
0cff426b-d299-4cb6-968c-be425d2c7589,033-9578140090,53033,5047.354991526668,,false,false,34332.21186196696,25.0,,,-122.35069717533536,47.29769920355575
edfbac5e-c266-4b72-988d-9f984897ef55,033-9578140100,53033,5176.941979486782,,false,false,34278.50802114155,,,,-122.3511950147876,47.29819650137972
dda991e6-0ca2-4be6-b98f-87543e2d8ce6,033-9578140110,53033,5397.482017656318,,false,false,34290.75802563931,,,,-122.35136874459529,47.29809118376074
a6d9b773-04cc-489d-a5c7-23944b23c48e,033-9578140120,53033,5189.505054832467,,false,false,34310.15609972873,,,,-122.35144620895636,47.29791879612316
460475c4-33b2-409d-a243-894ce9b7b296,033-9578140130,53033,6291.03747001591,,false,false,34326.97695091395,25.0,,,-122.35141779372435,47.29776657292786
fa479c0f-f1c9-432c-9006-0a1e3266527b,033-9578140140,53033,7270.4123814879695,,false,false,34341.660258188705,,,,-122.3514036766196,47.297634001168625
9eba11f3-8238-42e9-a3bc-96553a54d482,033-9578140150,53033,7248.468090237872,,false,false,34356.83769760117,,,,-122.35140366755188,47.29749738560979
08a9c191-5acf-4ced-aeb0-87bd973b823a,033-9578140160,53033,6932.860152763443,,false,false,34371.97439291045,25.0,,,-122.35139189347251,47.29736080076115
c950b07a-8296-4bc4-8f17-923c76ab48d8,033-9578140170,53033,6309.0718910873675,,false,false,34387.05739703659,,,,-122.35136784237535,47.297224349617615
c69f2ad8-470a-40fe-8159-a1803c805426,033-9578140180,53033,7548.767416073641,,false,false,34405.86674225502,,,,-122.35133278704377,47.297054045613066
e28e8387-bb8d-4ab9-b50c-0c672b395ff3,033-9578140190,53033,7557.392761865195,,false,false,34415.38635681598,,,,-122.35202034747395,47.2969882622608
8ba031ee-3d7b-462f-87be-a86b583f26b5,033-9578140200,53033,7429.194640274235,,false,false,34436.44952433515,,,,-122.35184667973186,47.29679356772197
a3bd8c24-f8e7-4746-8892-ab4a77a8a28e,033-9578140210,53033,7209.029569839722,,false,false,34474.08153322282,,,,-122.35135564654273,47.296440686288136
90e4d44a-26f4-4d20-bd4f-474fb75b106d,033-9578140220,53033,7202.265488607612,,false,false,34483.63343158592,,,,-122.35151853235045,47.29635935694584
5267b91e-cac6-4b9e-a143-e47f07d0323e,033-9578140230,53033,9279.099578623436,,false,false,34499.81108598501,25.0,,,-122.35126619115309,47.296206556916225
cabae203-8158-4e62-a923-bc1dfea81fdd,033-9578140240,53033,12297.248537456751,,false,false,34515.26908368247,,,,-122.351315230008,47.296068806686925
20585b55-6731-4898-aa93-66d401798bdf,033-9578140250,53033,7503.66506878537,,false,false,34500.05354126211,25.0,,,-122.35176616138973,47.29621869408958
0cb165d5-e8d7-41d3-92b3-97cd9cabe7ea,033-9578140260,53033,7459.835125331703,,false,false,34509.40036571688,25.0,,,-122.35192964190304,47.296139320293534
e99a3a0a-8e1d-44f4-b180-5b7b4438ddcf,033-9578140270,53033,7150.061129302452,,false,false,34516.78247794331,,,,-122.35213731599252,47.29607897344215
2f72c9c7-694f-4824-8727-f7fdbb27e95b,033-9578140280,53033,7164.378247524244,,false,false,34514.647305554565,25.0,,,-122.35242135586749,47.296106645626736
479508a9-143c-4563-8779-c5dcbe9dbf95,033-9578140290,53033,7142.721397119321,,false,false,34515.56493909361,25.0,,,-122.35269280775823,47.29610657361174
e7507b1e-70ed-4c32-b169-8a877f97b92e,033-9578140300,53033,7433.172416725904,,false,false,34516.96219559372,,,,-122.35305039607292,47.29610494780099
14acb776-0fbd-47e2-91d3-d32af5d410d6,033-9578140310,53033,7137.442387628227,,false,false,34517.649877414246,25.0,,,-122.35332744012362,47.296107372254006
d577d030-799e-4b0e-8c7e-8fc313229ac1,033-9578140320,53033,7184.702081593853,,false,false,34515.90292080531,,,,-122.35360601951633,47.29613187762723
2f24aa88-e67c-4bf6-a1be-1ef74ddbae84,033-9578140330,53033,7231.050288208821,,false,false,34499.99915161689,25.0,,,-122.35412172367953,47.29629161989779
68312ad0-f129-4cec-b4ec-31a381339f2d,033-9578140340,53033,7783.838095622506,,false,false,34492.13565835111,,,,-122.35441577841276,47.296372039813114
cd98f74a-07ce-4fac-9598-dd91f886dbe3,033-9578140350,53033,7151.315278209209,,false,false,34464.32099078866,,,,-122.3537538222399,47.296600983537274
a17235ae-3cde-4b26-af07-237285cd1730,033-9578140360,53033,7198.375250951656,,false,false,34465.28269471275,,,,-122.35347871315331,47.296583583000256
3940ee68-f304-4f8f-84fb-64074da0044d,033-9578140370,53033,7199.442181177457,,false,false,34467.62952020468,25.0,,,-122.35320393728732,47.29655383550594
d7c73d0c-fa6d-4203-b92f-304474ae6990,033-9578140380,53033,7199.425128200982,,false,false,34466.646162771394,,,,-122.3529137950167,47.29655370826479
d5ba7dae-dd83-41f4-abce-fb6bccdf1fdd,033-9578140390,53033,7199.431730811978,,false,false,34465.676637096694,,,,-122.35262365231861,47.2965535805557
598d3e05-8431-4a1b-9df9-abcd741c5bc5,033-9578140400,53033,7863.060167974495,,false,false,34464.25672794823,,,,-122.35231542329775,47.296557091071
9616a484-e834-44ae-92ae-81d38ad84744,033-9578140410,53033,7234.557722541824,,false,false,34437.375767984275,,,,-122.35246467311707,47.296803547095756
b866e141-1eda-4a79-8c39-62667692efac,033-9578140420,53033,7480.475084406607,,false,false,34433.87818944481,25.0,,,-122.35276485627848,47.296844134787214
430e5bf7-68ff-494e-9f36-4fae783ae275,033-9578140430,53033,9978.595273121959,,false,false,34430.85107491601,25.0,,,-122.35302622640009,47.29687942062461
6ba99409-7689-4abc-8af0-93f298adc7b2,033-9578140440,53033,11034.955164974044,,false,false,34428.859013540896,,,,-122.35327005500193,47.29690494146598
9713b5a8-ddfe-4889-b519-e8ef9cc86f28,033-9578140450,53033,43371.06889065693,,false,false,34356.28610130259,,,,-122.3521928439639,47.29752537778546
1de2f87b-d034-4119-ade7-787d834c85c9,033-9578140460,53033,10047.90788172029,,false,false,34305.70932743013,25.0,,,-122.35073812055478,47.29793887424146
c6218bb4-89b4-495a-804b-968427543eb8,033-9578140470,53033,4273.865338996789,,false,false,34508.33714046292,,,,-122.35387864442647,47.29620869590925
b3644154-feb7-4467-91c5-f0a7fb91d876,033-9578140480,53033,14525.310490063604,,false,false,34272.20599279007,25.0,,,-122.35081173660909,47.29824246867402
797f73f6-4036-4e8e-b332-d204df70f063,033-9578140490,53033,589.1267656278104,,false,false,34308.19537981821,,,,-122.35087990394705,47.29792043248963
60829099-d0c9-4ac6-ac90-2b267775f646,033-9578140500,53033,16141.292467531468,,false,false,34525.39130752875,,,,-122.3541836252584,47.29606501371461
e91f43cb-7467-4cd1-97d6-7d74dd09f38c,033-9578140510,53033,281.0488034387038,,false,false,34497.53747974537,,,,-122.35378196509023,47.29630282861533
07476169-323f-47c4-9020-1e01ee690a18,033-957814TR-E,53033,2831.1405453969014,,false,false,34274.88515156274,0.0,,,-122.35107489917677,47.29822571647927
7ed11e60-a398-475c-a627-cc65684122db,033-957814TR-F,53033,2121.0687312818404,,false,false,34516.1428832642,,,,-122.35286874798695,47.29610673623441
99484ef8-88a3-4d11-9dba-29e48de074fe,033-9578150010,53033,8043.263748337986,,false,false,21445.279057163887,,,,-122.16616321957429,47.763415340515095
9786cb6c-d1ca-4e23-9ba5-9967593b200a,033-9578150020,53033,8065.000320169326,,false,false,21423.883185339808,,,,-122.16621187926486,47.76320237861729
049c336c-bf22-4576-9781-17b205c68cb5,033-9578150030,53033,5128.870199131829,,false,false,21430.659362262373,25.0,,,-122.16595970227783,47.76315628281229
683c9711-4f6c-4f15-88a2-2b7d5a2c63eb,033-9578150040,53033,5881.571676852114,,false,false,21443.819791741313,,,,-122.16568483697907,47.76316969773319
f5e41082-6eb9-480f-a8f6-79119127a126,033-9578150050,53033,6151.755516296641,,false,false,21456.415328047347,,,,-122.16542965887105,47.763186214012435
f8c98b09-1537-4665-8cb5-71089ed2fae4,033-9578150060,53033,6051.104696325829,,false,false,21466.944243601414,,,,-122.16518359992244,47.7631841462566
d8edece8-78c9-4ff2-b893-c6c7d8e5e968,033-9578150070,53033,6858.56990333339,,false,false,21478.094583385424,,,,-122.1649232900911,47.76318195925108
961fc571-8147-4f5d-96d4-8c8974292ef8,033-9578150080,53033,6111.875424290704,,false,false,21489.415637801223,,,,-122.16466223632739,47.76318117217319
c7032cdb-4941-4c7f-b494-9d3bc5bb6afa,033-9578150090,53033,6812.599772971262,,false,false,21501.43586014284,,,,-122.1644160764751,47.76319522096689
11ac7547-9a79-42bf-a84a-f66a70caf63b,033-9578150100,53033,6760.046268800669,,false,false,21512.644333202436,25.0,,,-122.16418737150052,47.763208632535246
70ce351b-15fd-450b-93fe-02cb46e725ab,033-9578150110,53033,7522.612384167992,,false,false,21522.3556091621,,,,-122.16395634102611,47.76320421528303
77fffaa6-b1b6-479b-a48d-dc3734fbf4d2,033-957815TR-B,53033,8653.208693876068,,false,false,21498.89957919387,,,,-122.16502354666484,47.76346063301847
27d9e9a3-c23a-4f5e-925b-ea4a6493f3f3,033-957815TR-C,53033,22539.444310790615,,false,false,21494.19227510999,25.0,,,-122.16499116452559,47.76339293110145
65fe9780-f756-4660-bd22-61370327ee0a,033-9578200010,53033,18322.91069158044,,false,false,26853.301887992664,,,,-122.22709180308438,47.37536133493132
6204541d-6233-4bdb-83e6-f5f2ff3f58ba,033-9578200020,53033,14846.224144448874,,false,false,26874.8810435018,,,,-122.22705151094355,47.37516671897322
fa519776-99c0-406e-bcac-d271763e05cc,033-9578200030,53033,13514.076143676166,,false,false,26892.58332255062,,,,-122.2270877010595,47.37499270891624
ea2b7cc7-9d5f-40d4-9b5c-0cc5c9d0daf7,033-9578200040,53033,11371.159291075837,,false,false,26906.759144437583,,,,-122.22721094817024,47.37483386263023
3672e554-e546-4482-aa87-3630c00d45ac,033-9578200050,53033,9691.311513835237,,false,false,26913.924972806213,25.0,,,-122.22746676312379,47.37471362307228
1c69a33f-28aa-464e-80c4-aa7d9398b488,033-9578200070,53033,24219.989151684982,,false,false,26921.58514097534,25.0,,,-122.227880891167,47.374556368851174
118e993e-b432-4394-ac7a-7e7ac4183848,033-9578200100,53033,8702.162249543713,,false,false,26966.522778614544,25.0,,,-122.22795655314097,47.37411858501106
80a149e5-4b8d-44d8-958f-a057c1254966,033-9578200110,53033,11219.8288410463,,false,false,26994.802685064897,,,,-122.22797295469127,47.373849534035415
b06ba35f-b682-4053-85ec-259f43870f52,033-9578200120,53033,9032.078773633379,,false,false,27017.683429787758,25.0,,,-122.22781303680937,47.37366729974991
f8ccfa3a-1a48-47c9-8f86-701b234686aa,033-9578200130,53033,9355.463560627506,,false,false,27026.485967611847,,,,-122.22737773041194,47.37367389242268
c7c975d1-7516-4919-a384-8cd952e5a3d8,033-9578200140,53033,9429.861491522755,,false,false,27015.153897226937,,,,-122.22718102998212,47.373820899310054
1903d2fa-22a6-4cb7-9726-661ca951ff60,033-9578200150,53033,9052.452218650089,,false,false,26983.457683231205,25.0,,,-122.22727811196266,47.374098851085044
825ad604-355f-45af-8830-a1a721f93a41,033-9578200160,53033,9794.930586430546,,false,false,26962.37420963138,,,,-122.2271678388363,47.37431982490482
7472cd3c-23d3-480a-b795-aef667d583af,033-9578200170,53033,12142.292713275792,,false,false,26980.99810295689,,,,-122.22679801723133,47.374221208687686
663c7271-7e53-4871-9287-acc6c23c820a,033-9578200180,53033,10604.324469461524,,false,false,26975.2802558296,,,,-122.22652507400615,47.37433163599286
f4b9c75b-7760-478f-8119-ec34ecdc0b0a,033-9578200190,53033,8873.620292066438,,false,false,26937.932105754593,,,,-122.22649633285208,47.374688987234634
c6cb24a1-1423-47de-bf86-9806a3c2e48f,033-9578500010,53033,6701.600705690465,,false,false,34567.922008521,,,,-122.3502370316847,47.29556523183199
df8b3337-4909-43f2-ac61-fd6b2099b429,033-9578500020,53033,5001.8905852393045,,false,false,34585.87375297907,,,,-122.35023736288417,47.29540367177457
d72f6c15-9984-4ee8-a0fd-b766d0e319ca,033-9578500030,53033,5003.34129898094,,false,false,34601.136410266095,,,,-122.35023757309753,47.29526631084768
02a0f97d-e807-4b65-8863-73183e91b6e9,033-9578500040,53033,5005.81683290299,,false,false,34616.39752578169,25.0,,,-122.35023778523686,47.295128963937195
11f36046-5a24-45af-bd33-b59d3b0e4a02,033-9578500050,53033,5008.348336864258,,false,false,34631.658728209266,25.0,,,-122.35023799877878,47.29499161637055
475a7af6-ec4c-4e9e-8dcf-b52c74d41804,033-9578500060,53033,5009.780549658011,,false,false,34646.918405513316,25.0,,,-122.35023820971028,47.294854282549245
8dc1f593-31a6-44de-a1cb-28160a8238d7,033-9578500070,53033,5012.246968780981,,false,false,34662.17648970507,,,,-122.35023842157344,47.29471696317945
7f8b5e47-7046-46de-bdbf-8b161114b578,033-9578500080,53033,5013.751236423037,,false,false,34677.433108488716,,,,-122.35023863226155,47.29457965705555
66e1f4a1-6b3f-4186-a837-31041b88cf46,033-9578500090,53033,5016.249827398506,,false,false,34692.688212734094,,,,-122.35023884195314,47.29444236462438
f5c6f933-06f1-4723-80c1-b861d56b56ee,033-9578500100,53033,7822.552536082155,,false,false,34713.58583567921,,,,-122.35028230065026,47.294255440266184
f4f83353-af8f-4224-a732-1d4b5906fad8,033-9578500110,53033,7842.288761376498,,false,false,34673.09662484837,,,,-122.34964446767704,47.29460312862357
3cff1023-8f3e-4065-8c5b-11978b6444f7,033-9578500120,53033,5000.487770682164,,false,false,34652.44214979619,25.0,,,-122.34961041639522,47.294788136269815
57dfba5a-2aea-4fa7-9ff7-c914d07a4c60,033-9578500130,53033,5001.076811595621,,false,false,34637.21037147654,25.0,,,-122.34961011776359,47.294925209707976
b28a68f0-7333-43a6-a92f-93e6876b5227,033-9578500140,53033,5001.569115647608,,false,false,34621.978689187425,25.0,,,-122.34960982172441,47.295062282428724
f55ba43a-6497-4c2f-8f84-013620898657,033-9578500150,53033,5002.158707447376,,false,false,34606.746992690234,,,,-122.34960952457214,47.29519935532896
a7c30396-cdaf-4c6f-900e-70c4113a16d1,033-9578500160,53033,5002.782873281826,,false,false,34591.51524879424,,,,-122.34960922830467,47.29533642875892
adb0c739-43ba-4c72-b5c2-af3e440ea1a5,033-9578500170,53033,5086.096187126564,,false,false,34576.159956943455,,,,-122.34961003689094,47.2954746426335
f2ab9fe8-1da1-4eb5-9359-944310844122,033-9578500180,53033,5571.57621298588,,false,false,34559.939685769976,,,,-122.34960208520464,47.29562041538499
f6500204-133b-47e9-9e6f-4bd5273fe691,033-9578500190,53033,5597.630374643921,,false,false,34558.11442185781,,,,-122.34921568790757,47.29562699490879
fef8d10b-2d36-4ffe-8e69-c787fb331135,033-9578500200,53033,5331.5981801819835,,false,false,34576.05377710375,,,,-122.34923248197614,47.29546597434063
fa3ac578-50b0-43ea-a434-026af1895c11,033-9578500210,53033,6339.059544231974,,false,false,34598.08378746112,,,,-122.34926304158722,47.29526848760556
11020492-6f07-4430-b68b-fc323f1a4792,033-9578500220,53033,11451.890958879163,,false,false,34641.27307567656,25.0,,,-122.34925663622248,47.29487964700337
513b2114-6555-46f7-8d11-b78e2522a0fb,033-9578500230,53033,5040.5296615793,,false,false,34627.920715064676,25.0,,,-122.34900885319152,47.294993609175414
b8a336ef-2a87-4876-b028-3ac7d7a91679,033-9578500240,53033,5084.704287325205,,false,false,34617.162095532905,25.0,,,-122.34885224101147,47.29508655446977
d30147ff-3598-4e9c-a27c-a17881af8f78,033-9578500250,53033,5056.554510706858,,false,false,34607.78553144782,,,,-122.34869150980059,47.29516699586627
87494c3a-0976-40ea-8c0b-d368b2d98a15,033-9578500260,53033,5056.074581370474,,false,false,34597.35821709248,,,,-122.3485291102504,47.29525688851689
d80e3820-82b5-4a7d-a484-9b2540809fc1,033-9578500270,53033,6569.289552890271,,false,false,34584.71838282447,,,,-122.34842148326939,47.2953680406609
784d97ac-c7aa-4ca2-8a1d-6958b882f128,033-9578500280,53033,5767.066991674706,,false,false,34561.35938781893,,,,-122.34859286883702,47.29558238437634
8ea590f0-461a-481f-b60c-2dd6545ab8eb,033-9578500290,53033,6512.376847876183,,false,false,34573.866779754215,,,,-122.348239259765,47.295461340382595
61f17454-0fa3-4072-8eb9-4122f4f26c5f,033-9578500300,53033,6366.019041884859,,false,false,34565.57579553362,,,,-122.3480637834485,47.295531802861944
410f5eef-9914-4949-91f1-444e2466554c,033-9578500310,53033,5477.969348717561,,false,false,34556.646186281934,25.0,,,-122.34786834097648,47.29560759162912
7984a531-4dd2-4fd8-a8a4-a46eba796432,033-9578500320,53033,5310.173842213538,,false,false,34546.14288372408,,,,-122.34768873965362,47.29569795852395
d9597c83-074b-4028-a822-f75f5011a15a,033-9578500330,53033,5313.742508652519,,false,false,34535.35605734277,,,,-122.3475143942107,47.29579104105848
c29ce229-47ad-4bb5-a7d5-2431ffa03876,033-9578500340,53033,5322.373401282849,,false,false,34524.55767580769,,,,-122.34734008460879,47.2958842707727
43d80fc6-eb45-41a6-b92d-684c05fc8048,033-9578500350,53033,5704.624793178009,,false,false,34512.86031168551,25.0,,,-122.34717322105531,47.29598579738037
efb742b5-2633-42ec-8a5e-d10ff334db81,033-9578500360,53033,6503.786449951575,,false,false,34500.76862221924,,,,-122.34702382744472,47.29609129493841
753f66a1-1ca7-41c6-a856-a5e0bfe00d00,033-9578500370,53033,6505.685370421762,,false,false,34485.61983851178,,,,-122.3467785236077,47.29622224694757
aeb0fda9-e9cf-4715-b72c-92a7a83bf5c7,033-9578500380,53033,5842.872932016104,,false,false,34476.618369510295,25.0,,,-122.34659366575548,47.29629926182374
7f8e9663-c6d4-4c3b-b56d-ad20081b0406,033-9578500390,53033,5486.870951976907,,false,false,34466.44065529102,,,,-122.34640749488331,47.29638688076489
d3d64c75-5d20-4efc-9343-d14900e2044b,033-9578500400,53033,6383.155174739345,,false,false,34453.65245945055,,,,-122.34625246842394,47.29649868640496
14908e92-b1b3-4a9a-8704-e39d1abb3b4d,033-9578500410,53033,7838.353376097958,,false,false,34441.47305231754,25.0,,,-122.34610140203941,47.296605129579795
97d10793-2e9c-43bd-a23a-a332adc5d6af,033-9578500420,53033,8184.162127159056,,false,false,34430.655913445604,,,,-122.34572497946978,47.2966947737442
b41679b9-6399-40bb-98c7-6775a7e90802,033-9578500430,53033,5406.191887641009,,false,false,34413.68390838149,25.0,,,-122.34580741976885,47.296849139217755
35adc3a2-c943-4f0b-ad39-9e041c766712,033-9578500440,53033,5620.234469165869,,false,false,34403.13946927547,25.0,,,-122.3459985265732,47.29694791022806
00cd1d04-d8ac-4c17-afc6-2bddc8d43cbb,033-9578500450,53033,6756.424368239107,,false,false,34396.38646564589,25.0,,,-122.3462122632004,47.297013096341075
a5f0fea2-fbeb-4816-b5bb-f1c0d206b826,033-9578500460,53033,6160.677718459084,,false,false,34387.454809435556,,,,-122.34639854672014,47.29709737324656
01bc6a13-12ae-44ca-a10a-681886141ed1,033-9578500470,53033,5374.949618330543,,false,false,34379.42098925024,25.0,,,-122.34660565339914,47.297174071746284
db15e5d9-422f-4a65-b732-5b62f4165418,033-9578500480,53033,5271.120806028079,,false,false,34375.14325766272,,,,-122.34683164749043,47.29721745063958
53048560-7beb-4823-9991-cc3609232642,033-9578500490,53033,5271.474282826502,,false,false,34373.18274200632,25.0,,,-122.34706312426779,47.297240177487794
cf6a7f77-3038-4218-a44a-e923407b1cd6,033-9578500500,53033,5271.7286946057275,,false,false,34373.26193350754,,,,-122.34729689728572,47.29724468233533
6b510117-2a08-49b0-8449-70c283f0067d,033-9578500510,53033,5078.279924226138,,false,false,34375.47764440036,,,,-122.34752476017472,47.29722990811829
86bf90dc-cea6-43d0-bfbc-d14f53002d23,033-9578500520,53033,5174.7345090422405,,false,false,34378.07549713198,,,,-122.3477489371304,47.297211686105165
fff0d65c-fa13-4778-8c1a-5828f2affe63,033-9578500530,53033,6427.940422740723,,false,false,34406.86541117075,,,,-122.34972270733279,47.29700117589899
9e5a7052-44de-44ed-9c2b-facb008ef0d3,033-9578500540,53033,5075.050859900904,,false,false,34409.13029185366,,,,-122.34947037028273,47.29697426367089
91e1d81e-b469-4a8b-8e7a-a55a575f9243,033-9578500550,53033,5145.566387381754,,false,false,34413.79148226983,,,,-122.34925548542367,47.29692682995874
639f4729-b63f-4aa6-8f98-16bf42ebf89a,033-9578500560,53033,5135.663119140797,,false,false,34417.505158028594,,,,-122.34903545003675,47.296887864133765
f52db440-0f53-450f-ae85-b7bff000ae86,033-9578500570,53033,5135.852454654072,,false,false,34420.35516289813,,,,-122.34881300508053,47.29685668396738
d1b46f9e-91b0-44d2-b5a9-3f4e0059c561,033-9578500580,53033,5112.762150951952,,false,false,34422.76610702164,,,,-122.34850842608833,47.296827532161565
d3a4f240-7f3d-4fba-b351-3f62c262c67c,033-9578500590,53033,5228.796890102379,,false,false,34423.741269421975,,,,-122.34828057915286,47.296813269541715
f9069400-de3d-4743-97f1-78f4d4639f4f,033-9578500600,53033,5211.212488211458,,false,false,34423.5445819996,,,,-122.34805035125824,47.296809572983875
8e1b8f3f-0e29-4155-9dce-8b4014dcc334,033-9578500610,53033,4946.242970961283,,false,false,34422.03752215328,,,,-122.34782368945507,47.29681782903512
e23051c9-94cb-4ef3-9782-809fe384f85d,033-9578500620,53033,5141.013786663783,,false,false,34420.46056928329,,,,-122.34759823788049,47.29682681729099
059270d2-cfaa-4dc0-8ce7-bc7e520409dc,033-9578500630,53033,5189.1692948662785,,false,false,34417.17707492965,25.0,,,-122.34736971738462,47.29685116680857
0d72aa9a-d0e2-4e14-9820-c66b9afc7858,033-9578500640,53033,6617.873978184183,,false,false,34415.29552277026,25.0,,,-122.34708701823504,47.29686177546116
24f17379-a846-4ed0-bf56-652027487b25,033-9578500650,53033,7798.619819121236,,false,false,34425.65475566448,25.0,,,-122.34674785261521,47.296761136576634
8c636194-1516-4dce-a47e-21ee701f66e3,033-9578500660,53033,5053.9113270934295,,false,false,34438.4394487658,,,,-122.34694422849539,47.296650380085815
8eb5c04a-9270-4578-89b9-cd7a7ee3cc73,033-9578500670,53033,5175.620941322695,,false,false,34442.69452631268,,,,-122.34716299514199,47.296616925076286
f710264f-d2b2-4f30-bd95-52bb9abd2858,033-9578500680,53033,5198.240882446673,,false,false,34446.0009907033,,,,-122.34738671246983,47.29659218719808
f9442ea7-d304-4e02-a739-d2a22578e02d,033-9578500690,53033,5224.361091483172,,false,false,34448.49451262306,,,,-122.3476119422118,47.29657487213875
ab8b4195-555f-4ac8-aff2-fcf2ef83466d,033-9578500700,53033,5233.8880129079325,,false,false,34450.22213516459,,,,-122.34783807444757,47.29656454425574
bf827d89-f87c-4490-8490-05a62a0a003d,033-9578500710,53033,5191.94301467087,,false,false,34451.35644813759,,,,-122.34806474465671,47.296559643119835
a59e6231-35d6-4be5-a0c6-5be621ad6949,033-9578500720,53033,5632.4629724741,,false,false,34451.465122495305,,,,-122.34830306328743,47.29656432574545
84b30616-00a3-4a61-bffd-56b2e23986b1,033-9578500730,53033,5921.602520690188,,false,false,34450.65664181295,,,,-122.34855593109397,47.2965776991985
6318a8a7-1e8d-4e51-adba-47df7b27b855,033-9578500740,53033,5179.891931018562,,false,false,34447.99107378718,,,,-122.34887651297136,47.29660955420414
ac9c7c1a-fead-4a63-bc07-8a9f13aae5e4,033-9578500750,53033,5179.8834027888515,,false,false,34445.17985713866,,,,-122.34909934370008,47.29664041156596
2259aa01-f261-4152-81dc-f74cd92f94ad,033-9578500760,53033,5201.694390032502,,false,false,34441.5692184845,25.0,,,-122.34932024974732,47.29667848875043
6d9d0ee9-90ab-4116-8034-7e4e6a894bc9,033-9578500770,53033,5063.157438006306,,false,false,34437.09038978588,,,,-122.34953513134482,47.29672429753839
5f90f378-bd83-4c97-bc7a-be1f00440076,033-9578500780,53033,5295.858834666448,,false,false,34431.14403995313,,,,-122.3497577031122,47.296783584209166
a7272e62-6c56-4dc4-aa41-051e28243b9e,033-9578500790,53033,5002.280486464726,,false,false,34364.80327637182,,,,-122.34938134527391,47.29737090853078
30ff1b13-6fdd-4462-b88a-110193839a43,033-9578500800,53033,5174.086245002352,,false,false,34361.496159845534,25.0,,,-122.3495873949533,47.297405975446736
af027aa6-18ab-4c48-bd27-bb3e5eb778c1,033-9578500810,53033,5969.393895395954,,false,false,34358.40293538667,25.0,,,-122.34977793962396,47.29743877524071
2b955787-0f43-4e0f-8f22-54db0bd9440a,033-9578500820,53033,5405.253610990997,,false,false,34349.9200345496,25.0,,,-122.34995439767611,47.29751976449152
e2a1aa2f-6b44-4394-a34f-508c547e8a5f,033-9578500830,53033,6013.624861726893,,false,false,34344.20555243466,,,,-122.35015229147604,47.29757645894239
150e3a26-b234-4cae-ac3e-23f5e2181d7a,033-9578500840,53033,7799.789125487139,,false,false,34351.448726699,25.0,,,-122.35038429689418,47.29751751272346
ddbc045b-48fe-4700-a0b4-ac9976442632,033-9578500850,53033,7123.662371212928,,false,false,34383.14003978311,,,,-122.35025179596065,47.29722870649112
92eb12f1-443f-480d-8186-dd73d7649516,033-9578500860,53033,5753.341280780617,,false,false,34399.73465157014,,,,-122.35028433678791,47.297080225108786
bfa7084f-09c8-4e48-bad7-64011e182f70,033-9578500870,53033,5111.171264225806,,false,false,34416.75444703123,,,,-122.35030865070347,47.296927696255004
a7b6ad0d-2525-47ae-9af0-5ccdcfb47ba5,033-9578500880,53033,5210.118328958497,,false,false,34433.65486010557,,,,-122.35030499340253,47.29677548914674
8a86888d-5da5-40b2-84cc-f740822687e7,033-9578500890,53033,6298.279286178368,,false,false,34450.47137806837,,,,-122.3502642467845,47.2966230412478
b5d95e3b-2ed3-4640-9413-31472331b307,033-9578500900,53033,5157.1322413691305,,false,false,34465.95956732079,25.0,,,-122.35028751034797,47.296484267985804
f264b230-3b6f-476b-94cd-35161ff8c1c1,033-9578500910,53033,5057.4866948522085,,false,false,34482.222727194974,,,,-122.35031085737339,47.29633852235857
f7fd4c1d-10bf-42b4-8fb9-e7375bc02594,033-9578500920,53033,6077.946300614749,,false,false,34500.49233397894,,,,-122.35030544609786,47.2961739456463
8327894a-8740-4009-941e-b44da04af366,033-9578500930,53033,7939.25298126013,,false,false,34499.99120236216,,,,-122.34988445345887,47.29616728238553
bfc3ef7e-efe9-4bf6-9e1c-d6ed114cfaa7,033-9578500940,53033,5196.9274581947875,,false,false,34476.04206007173,,,,-122.34983733307324,47.29638158814462
4b836257-dcc6-46c5-ad12-2f57f149e4ab,033-9578500950,53033,5133.915084250765,,false,false,34481.25376860428,25.0,,,-122.34962290378992,47.29632910458975
22e94dc5-dbc2-4302-9d07-41cbac26f3b1,033-9578500960,53033,5134.219150038623,,false,false,34485.37119240264,25.0,,,-122.34940562310707,47.296286465963014
19303226-5247-43cd-b03b-a16be2fa55bc,033-9578500970,53033,5129.551168785647,,false,false,34488.779954677,25.0,,,-122.34918593677101,47.29625021532211
3fd719a2-3af5-4188-8f91-1da0d7b391e9,033-9578500980,53033,5171.720090293504,,false,false,34491.542460795776,25.0,,,-122.34896342610621,47.29621978264015
229b4e85-a170-4a74-ac86-1aabdb7bb0af,033-9578500990,53033,5050.1966046045,,false,false,34494.01494058906,25.0,,,-122.3486599285606,47.2961900509366
24b5b0e6-6df0-4173-af13-9b9db6f431cf,033-9578501000,53033,5031.712002743034,,false,false,34494.995051320475,25.0,,,-122.3484384638832,47.296175857780426
d249f35d-3dfb-43bc-b6ba-2d771f92f8fd,033-9578501010,53033,6028.330330691668,,false,false,34490.909119032316,,,,-122.34815785939955,47.29620592195731
9e333988-7097-47a3-bc22-fca7b378ca31,033-9578501020,53033,6492.2346055017915,,false,false,34489.375682911676,,,,-122.3476557178785,47.29620801257315
82b7e360-1849-4631-a90d-d44419892945,033-9578501030,53033,5031.309698309853,,false,false,34501.171266064215,,,,-122.34787600437213,47.296106960457244
e574e833-8003-4a88-93a9-2ca277dd62bd,033-9578501040,53033,5031.250887324034,,false,false,34511.97547899127,,,,-122.34805029150434,47.29601381437009
ee199cf9-f814-4159-9165-74152c58b235,033-9578501050,53033,5733.341789507137,,false,false,34523.44898043182,,,,-122.34824187084425,47.2959150989795
7e70638b-1ee3-4611-b129-05e22e05ee2e,033-9578501060,53033,5127.558203401765,,false,false,34522.79263407807,,,,-122.34848546281532,47.29592684378794
52ec731d-2747-4da5-bdb5-1ce924dff642,033-9578501070,53033,5134.638942072353,,false,false,34521.72534774377,25.0,,,-122.34871009697409,47.295941910102314
1d19636b-0cbe-46ba-858b-c88b825ab927,033-9578501080,53033,5535.432013293248,,false,false,34518.90592632174,25.0,,,-122.34902020056538,47.29597494531448
3ab5a102-eef0-4ddf-ad73-e5ee395f7544,033-9578501090,53033,5770.125134032715,,false,false,34516.96760372164,25.0,,,-122.34925437696334,47.29599827002101
ebe3d3a2-5565-4c93-9e75-07e5dfce7c18,033-9578501100,53033,5922.574740736814,,false,false,34516.24847126302,,,,-122.34946970656974,47.296010221226865
97b9a41e-7670-47b1-a243-f336d884782c,033-9578501110,53033,5003.050392520399,,false,false,34521.772786429756,,,,-122.34967450855811,47.29596577865408
6605c15b-d46d-4fbf-b38e-b36f1ebf7687,033-9578501120,53033,5010.0930389482155,,false,false,34523.40131946758,,,,-122.34989838961353,47.295956958296514
d1539f80-59c9-4e56-b450-bd78e5ca85d3,033-9578501130,53033,5011.3255795217,,false,false,34524.61917551591,,,,-122.35012162490193,47.29595189035939
4a333219-ef68-4898-adad-138918db9972,033-9578501140,53033,6141.817400051668,,false,false,34524.919787735955,25.0,,,-122.35035554161064,47.29595543833715
c592fe1a-1dc3-4a17-8b86-b5ca12969a03,033-9578501150,53033,4946.187523446151,,false,false,34485.43757023156,,,,-122.34700264895757,47.29622877706977
d0205730-35b4-46cb-944e-b1e3ae92ea76,033-9578501160,53033,34326.52632509548,,false,false,34373.6116335481,,,,-122.34645189289772,47.29722305940924
10996d94-3121-49c6-b307-149d235b81b9,033-9578501170,53033,31768.596201248518,,false,false,34333.3784791892,25.0,,,-122.34957893243835,47.29765880897189
6492c652-64d7-4511-93d8-74ec7b1da9f7,033-9578501180,53033,20427.445179871618,,false,false,34373.758287256285,,,,-122.3487003794149,47.297273241333016
b9c1fab6-e77d-4d82-949d-4002db61f903,033-9578501190,53033,3661.671118497546,,false,false,34435.50636984251,0.0,,,-122.34869252365354,47.296717371173486
c5edd5ef-161f-4572-9c4b-4d46422b995b,033-9578501200,53033,3659.5940101506885,,false,false,34506.52273840113,,,,-122.34883572327833,47.29608180790601
0bf70123-1c13-42fe-861b-fc3023a7cbb6,033-9578501210,53033,6125.212118883572,,false,false,34383.15737611317,25.0,,,-122.34874361804683,47.297189721360446
d1aa6b36-4c2a-44bc-97ab-9b7b3115c933,033-957850TR-C,53033,3736.5298811350626,,false,false,34607.0999011882,,,,-122.34910548915164,47.295183390175744
73868595-4ab9-4c9d-b24a-27a79e337562,033-957850TR-E,53033,4245.24965729215,,false,false,34421.545047262465,,,,-122.34617008902055,47.296785854502446
82dec96f-a09c-4d25-92e1-0225f07eca2d,033-957850TR-I,53033,4599.912630375841,,false,false,34372.05835494604,,,,-122.35006406337139,47.29732342604261
dc1c6b74-37f9-49de-b01e-cd9032e43830,033-957850TR-J,53033,4103.535321372886,,false,false,34471.922606766435,,,,-122.35001860567706,47.296423433183655
41d61615-8c56-4d21-baec-02d4629a088e,033-9590000010,53033,5901.6943247242725,,false,false,19536.749997551873,25.0,,,-122.26777778761058,47.77647992282489
46847908-1405-4986-bb3b-dc047ab0c9df,033-9590000020,53033,5282.675868180409,,false,false,19523.783899100057,25.0,,,-122.2677707027505,47.776358376498436
4b4d0c58-fb4f-42ff-9a0c-fd7157dc8a14,033-9590000030,53033,6365.138128785107,,false,false,19506.099852700303,25.0,,,-122.26780500742709,47.77620012995701
9886f587-d3a0-4574-ac7f-dec5a77e3231,033-9590000040,53033,6352.812268322332,,false,false,19497.395320277963,,,,-122.26765345935691,47.77609332393218
d5026882-b3ee-4ca9-ba29-85043f5f3322,033-9590000050,53033,5093.43250514085,,false,false,19500.304151274107,,,,-122.26734965295498,47.776067980262525
a6e51c38-3eea-4956-bf66-8cb84f4f8ae2,033-9590000060,53033,5289.7474743650255,,false,false,19513.670486548028,,,,-122.2671983122343,47.77616593632748
3f034774-cf10-4dbc-a2d9-7a6a618e3feb,033-959000RD_A,53033,3352.2467845802234,,false,false,19530.724976297628,0.0,,,-122.26745809655858,47.77636912279205
422682e0-a4a9-4aa6-a1e6-5cab0f48535b,033-959000TR_A,53033,3964.4689858644347,,false,false,19537.025652468397,0.0,,,-122.26732544487625,47.77640476369751
1b8e3fb3-1cab-4b6e-977a-59aa5c6ed37b,033-9736100000,53033,7699.714340902093,,false,false,10422.926670921577,25.0,,,-122.35969299765964,47.69807423326928
358facc8-28f6-4d9c-af8c-35a6693eb71d,033-9737000000,53033,6046.468621184708,,false,false,7198.86229284899,25.0,,,-122.36648322596498,47.666653337636376
39dfb157-769b-4ba8-87f3-32fbb572145f,033-9804500010,53033,46278.01098101032,,false,false,47262.11922762025,25.0,,,-121.99696129954518,47.246685783861295
b62c7c5e-b5f5-468f-b035-e10e7f929e55,033-9804500020,53033,46781.33011690423,,false,false,47221.154109569536,25.0,,,-121.9969695313581,47.24711731176582
fc699fe0-309b-4759-8997-c8818c98e14d,033-9804500030,53033,46897.415953162366,,false,false,47180.033812090725,,,,-121.99697814251545,47.2475504671761
db1f6f59-7fe2-4167-85f2-835a304c7bef,033-9804500040,53033,46850.09298941166,,false,false,47139.0355081202,,,,-121.99698668228123,47.247982498460246
cb1aca53-ff1b-4cd7-812f-658c71643e82,033-9804500050,53033,47099.26684170439,,false,false,47098.02558089748,,,,-121.99699677479573,47.24841413030137
ccac287a-5693-4580-b550-6fde75dcdd44,033-9804500060,53033,47243.12415834732,,false,false,47057.05715741726,,,,-121.99700454438792,47.248846457006046
053d1ff5-ca45-4395-a9f9-6c0f5a2b0b5f,033-9804500070,53033,47551.6648765855,,false,false,47015.92120239436,25.0,,,-121.99701486332252,47.24927961550603
a3f6db02-48ad-491b-9274-81e675f059c6,033-9804500080,53033,46171.055200180475,,false,false,46975.46735389404,,,,-121.99702207823182,47.24970699031296
2137d3ef-a27c-4629-afc2-ed5c9c75f2de,033-9804500090,53033,45530.111885813734,,false,false,47024.4254929232,25.0,,,-121.99582240533854,47.249701952206095
8510db69-ff56-4bc4-bee8-e5b90c259211,033-9804500100,53033,46916.26170196006,,false,false,47064.90128191436,,,,-121.99580999434292,47.2492761543626
339ece62-a7d3-4bdd-9eb4-9e5527c0536e,033-9804500110,53033,47303.66742790946,,false,false,47105.96792402937,25.0,,,-121.99580005737651,47.24884313846524
d34eeb51-f112-494c-a2cf-4a9481761905,033-9804500120,53033,46958.604896983226,,false,false,47146.85931750887,,,,-121.9957924884536,47.24841111322324
7d73e40d-5ff0-4b0f-b4da-f7625a1dcb83,033-9804500130,53033,47564.72195367572,,false,false,47187.85822034934,,,,-121.99578217872534,47.24797926369455
4eb2f279-ac34-4e76-9f1f-985250df1e0d,033-9804500140,53033,47550.46038289233,,false,false,47228.940384871625,25.0,,,-121.99577332520258,47.24754604541064
6453a3ef-ebb6-41b8-be6e-de48757c7a8c,033-9804500150,53033,47989.29205013528,,false,false,47270.06553031983,,,,-121.99576407306819,47.24711268327624
89cf4dc0-4f6f-4acf-8193-5339381d4e00,033-9804500160,53033,47554.093231288665,,false,false,47310.94569882867,,,,-121.99575779130433,47.24668079664974
cc83675a-9d43-4835-93ec-bd227ced9368,033-9804500170,53033,44872.21063509399,,false,false,46919.934633646124,,,,-121.99703196189915,47.250293904746755
f47dabf7-c858-4f83-b6b8-8b896fe2034b,033-9804500180,53033,44371.17103727314,,false,false,46880.8650050442,,,,-121.99704947635294,47.25070243497129
3c7eb801-6e87-4953-a1de-964689091c70,033-9804500190,53033,45593.67912227168,,false,false,46841.63519759278,25.0,,,-121.99706465590991,47.25111380135732
4e7af722-e747-4d33-9263-f9209d71656d,033-9804500200,53033,44971.551013714125,,false,false,46802.16903380673,25.0,,,-121.99708054235901,47.25152750805679
9a586ad9-3fcd-43c2-8ad2-f73b2ed197ab,033-9804500210,53033,57216.923255315596,,false,false,46775.44271399876,,,,-121.99684149282561,47.25191572071698
5330d1ca-1d02-43f9-ae97-35ae9f6a8e4f,033-9804500220,53033,57237.39010187641,,false,false,46740.39068862178,25.0,,,-121.996855658018,47.25228342277351
4f77759d-552c-40fe-bb5b-d496eb1c67e7,033-9804500230,53033,177839.12389573705,,false,false,46666.52623689295,25.0,,,-121.99700391787188,47.253007252604526
04c8d015-27c9-4574-a660-eaca1a710f09,033-9804500240,53033,43066.79162780389,,false,false,46851.82248191828,25.0,,,-121.99588413860388,47.251515433484364
fac05aa4-1a7c-4832-988f-c63fd4072316,033-9804500250,53033,44043.62132724767,,false,false,46890.3129182489,,,,-121.99585973701362,47.25111541517865
4cdd275d-ffe7-443d-aa39-70d00fb3f19f,033-9804500260,53033,45913.507016961266,,false,false,46929.66282784014,25.0,,,-121.9958415404691,47.2507036643149
e7dacea5-0267-4f82-b661-78e11fc39b96,033-9804500270,53033,45055.46434612775,,false,false,46969.18002489095,,,,-121.99582780610184,47.2502883283892
d0272572-c4e9-4e11-b86c-ae6b523946b9,033-9804500280,53033,43979.168866719956,,false,false,46591.38637215937,,,,-121.99885655217771,47.25300739467098
d2da73ad-0566-409b-8f1a-8e1c80ebff1b,033-9804500290,53033,139859.37127828086,,false,false,46497.72036763032,,,,-121.99987614658416,47.253565822729236
fdd59e96-6775-44aa-971e-7b3dade43dd5,033-9804500300,53033,49369.00773920745,,false,false,46659.447054256736,,,,-121.9983559890763,47.2524980871244
9e298273-6e04-4308-aa38-b0e0dee52ffc,033-9804500310,53033,37683.5113250234,,false,false,46633.886654988855,,,,-121.99907514214613,47.252460564645276
50ecccac-089f-4a90-bd7c-814ebc4d96d4,033-9804500320,53033,66947.05015326363,,false,false,46586.56604336539,25.0,,,-121.99987438230276,47.25262073742868
b492cc92-6a13-433a-82fc-61d5fd9dfd3f,033-9804500330,53033,56029.63331369863,,false,false,46633.080145424545,25.0,,,-122.00019428010587,47.25198875086595
d332a559-8fa5-461b-9da4-959f27ec54e9,033-9804500340,53033,64548.1322360261,,false,false,46710.69936979261,,,,-121.99992479469148,47.25127886383318
7b6c4269-8aba-47d9-b243-2aa21bef5604,033-9804500350,53033,54732.00153647758,,false,false,46725.181506398265,,,,-121.99926380885361,47.251407935124206
28ac1b54-7740-4ba7-a71d-ec8278f63180,033-9804500360,53033,35815.718916658894,,false,false,46721.31409396518,25.0,,,-121.99847999946101,47.251785724687615
6070a606-7749-4f52-a83b-a9f818c847df,033-9804500370,53033,35756.897477752726,,false,false,46757.158529697306,,,,-121.9984612087167,47.251412208822
be3929e0-84d7-40e8-8c78-94cff6464f79,033-9804500380,53033,35255.1300526331,,false,false,46792.99317844359,,,,-121.99843747922672,47.25104101830971
87bffb0b-d386-4e9b-815a-bc9146ccf275,033-9804500390,53033,41063.133509195366,,false,false,46855.76329132181,,,,-121.99819557255302,47.2504769619352
5f60034e-2144-43f7-a12a-fe6ee0170211,033-9804500400,53033,41427.86630222426,,false,false,46831.452137592925,,,,-121.99879576140066,47.25047828227277
dcad1d48-ebf0-4cbe-9175-5a54e308557b,033-9804500410,53033,41732.46953620679,,false,false,46806.88508656059,,,,-121.99939970879949,47.250481044249085
c418eb20-d013-4719-a280-f95a4125e0e2,033-9804500420,53033,50114.510286141645,,false,false,46779.87299517251,,,,-122.00006477709728,47.2504840317961
6bf81bdc-9c2a-4f98-970e-316325ddf034,033-9804500430,53033,55333.717445671275,,false,false,46872.107438514686,,,,-122.00004302888806,47.24951395779595
df66d9f2-34a2-4d81-b10a-d4e6e23f9155,033-9804500440,53033,44721.76482304431,,false,false,46898.73166292669,,,,-121.9993822229986,47.249512739798114
dbba01ce-77a4-46cf-90d7-f088eb4e57c2,033-9804500450,53033,44803.97781539005,,false,false,46914.94461070145,,,,-121.99848847812036,47.24972214119746
c9a33d9b-d8f0-45be-9901-499a01267690,033-9804500460,53033,45618.19422404673,,false,false,46954.22191870481,,,,-121.99847551621069,47.249310241349015
b71133db-0526-4f00-801b-777488b97673,033-9804500470,53033,45097.26609678405,,false,false,46993.723123052805,25.0,,,-121.99846341671932,47.248895720751015
2a3c1e8b-da84-4771-9acb-fa97869468eb,033-9804500480,53033,44751.897222735046,,false,false,47032.65814431882,25.0,,,-121.99845912278953,47.24848401289412
bdd0b1bf-cd80-4004-8c24-300107d80de0,033-9804500490,53033,45409.17263470942,,false,false,46977.929992841775,25.0,,,-121.99936231027876,47.24868041098179
07d22fbe-5052-47e5-ba6c-ce627045603c,033-9804500500,53033,56982.98134531382,,false,false,46952.913639584636,25.0,,,-122.00003372669354,47.24866052210611
4e5e2a29-fafd-4b6d-8006-cb81af9db16d,033-9804500510,53033,57998.663668663845,,false,false,47042.67931587628,25.0,,,-122.00001238770896,47.24771777494724
55df1de1-a6b5-4c94-b515-76899ecd5fd4,033-9804500520,53033,42827.73281422671,,false,false,47071.6410267902,25.0,,,-121.99934052983289,47.247695474678096
18991cab-07aa-4d45-8410-7ea2d1321b47,033-9804500530,53033,44538.93822488798,,false,false,47087.14532953579,25.0,,,-121.99844971830733,47.247909517615334
e5f39906-d86f-4f3f-95c5-dfe18dc1f2cb,033-9804500540,53033,45586.1558360314,,false,false,47126.0845015101,,,,-121.9984344119707,47.247502759335035
a5a5a929-cde7-4958-a2b2-cdf077100cb3,033-9804500550,53033,44956.09343904759,,false,false,47165.23076927637,,,,-121.9984195374462,47.24709374019533
b1df04bf-e4c3-4e42-83e8-fc9291957993,033-9804500560,53033,45745.39991487155,,false,false,47204.28080782274,25.0,,,-121.99841117688999,47.24668309884286
25b98a54-8791-4d07-9d5a-7e7d16aba629,033-9804500570,53033,42644.782622975086,,false,false,47149.24137216868,25.0,,,-121.99931671955744,47.2468828591797
db2a75f7-fd88-46e6-b2ef-2f54438c7012,033-9804500580,53033,53730.87698559127,,false,false,47123.07241478843,,,,-121.9999776355682,47.24688062954274
604ba448-c440-4782-8fcb-43d7ca9a874a,033-9804510010,53033,45037.861077684276,,false,false,47334.33832248869,,,,-121.99812198064234,47.245426877464695
df364690-d95e-4cad-8598-36d3b8ced881,033-9804510020,53033,44566.236205387206,,false,false,47307.01805317742,,,,-121.99881120124739,47.24542497427267
c8239c8c-4f4c-46f8-8ddf-8c0069b4a5bf,033-9804510030,53033,45363.052595641704,,false,false,47268.40584986673,,,,-121.99956742325642,47.2455147967499
d848561e-388a-4413-b11f-63becae0a32d,033-9804510040,53033,71022.96035880201,,false,false,47302.60978916453,,,,-121.99999261185248,47.244973947438126
4437bc7e-35c3-48a6-b5fa-915f98ad6b2a,033-9804510050,53033,50285.43782530307,,false,false,47371.618952587065,25.0,,,-121.99953543677364,47.24443616979178
34f3cfe3-0ddd-4548-b45f-244c10478788,033-9804510060,53033,49264.073366777506,,false,false,47392.21509113936,25.0,,,-121.99878498267208,47.24453400274941
0c3799ba-fdd0-4f07-a656-5bad2da566e7,033-9804510070,53033,51022.956935439186,,false,false,47419.641271016575,25.0,,,-121.99809743900387,47.24453357966515
1714520b-ddcc-4b81-ac29-54e81c7da789,033-9804510080,53033,44008.711346198805,,false,false,47487.761336833864,25.0,,,-121.9981050391273,47.24380917839784
09db8ce4-7931-4bf7-819b-032a7d645a49,033-9804510090,53033,40371.53131833006,,false,false,47546.5961698835,25.0,,,-121.998088882761,47.24319340476241
6fb2d483-332f-4669-bf1a-59d1cf706480,033-9804510100,53033,39617.47512817243,,false,false,47582.135806878956,,,,-121.99713326159919,47.24321979166101
fd73e126-ba33-457e-bcc0-5191742f7193,033-9804510110,53033,38591.99595785588,,false,false,47608.95427336955,,,,-121.99646719962035,47.243217006469315
a52b3796-ac76-459c-8bdc-d32fd2b9a1b8,033-9804510120,53033,49600.23334702391,,false,false,47583.679518366145,,,,-121.99551595865957,47.24388793117807
38ddbf21-97c2-4954-964a-de497a98ea4e,033-9804510130,53033,47265.41244308636,,false,false,47530.42501179124,25.0,,,-121.99677829557402,47.24391748695495
51df4f2c-d1a9-4da3-9e8f-5e7d545830c8,033-9804510140,53033,45818.71849226139,,false,false,47478.87875091506,25.0,,,-121.99660918364327,47.24453550433841
4d334168-cc9f-48a2-922e-554bc036d818,033-9804510150,53033,57865.04699237062,,false,false,47520.31246645109,25.0,,,-121.99583375165315,47.244425172448665
88a73ee1-8cfe-4c06-8a94-ec944598e4ff,033-9804510160,53033,78369.33544866182,,false,false,47485.39119893833,,,,-121.99533653740319,47.245007394489825
31900fe5-e3f5-44ff-b5d9-2425ae0fa1fe,033-9804510170,53033,49488.82793126001,,false,false,47416.585049590925,25.0,,,-121.99585058052023,47.24551894083443
116df822-34b5-47a9-b09d-e202b62dd9be,033-9804510180,53033,39313.595970519906,,false,false,47394.1584938963,25.0,,,-121.99662376366201,47.24542793263005
b9f24fa1-d1f8-46ce-ad80-a3c7aa38e244,033-9804510190,53033,29004.799293664288,,false,false,47335.92454049301,25.0,,,-121.99663424905025,47.24604150898078
569d966f-fdcd-4c16-9726-a5f25bf1fc41,033-9804510200,53033,28409.609998222713,,false,false,47311.55487846055,25.0,,,-121.99724192382585,47.24604165974461
98d5392c-56e4-4ec3-bd75-034c7a54f13b,033-9804510210,53033,5588.050819159139,,false,false,47521.59340671168,,,,-121.99732397682205,47.2437804075781
2d14015d-efd9-4fbe-87d4-8905d7cfeecf,033-980451PUBL,53033,14306.789554595338,,false,false,47567.990695070825,25.0,,,-121.99543596458439,47.24408835270613
a37d9a9f-5e13-4533-98fc-fe929184d1ac,033-9806000010,53033,19960.931553138147,,false,false,9008.941548844325,,,,-122.21988746079799,47.635242260127306
3f527572-3f80-4519-a50d-f045a6e91b3d,033-9806000020,53033,22520.968115998825,,false,false,8976.451555890804,25.0,,,-122.22015920622269,47.634902425849276
090c9351-f2ff-4069-9a40-3a829f6a1a02,033-9806000030,53033,20401.12348270279,,false,false,8979.681021544257,25.0,,,-122.21992343886647,47.634563281844066
2129f99f-c2a2-4214-a87b-34dfecda6270,033-9806000040,53033,20212.138319229736,,false,false,9027.877639845841,25.0,,,-122.21930777653147,47.63469135610414
38608e04-dc3c-4e58-b595-fd6d15478f7a,033-9806000050,53033,19954.120919766152,,false,false,9050.891446243111,25.0,,,-122.21927896434961,47.63522608137643
c05a8b28-2374-489e-96df-6d6a640f25ec,033-9806300000,53033,8986.318955010167,,false,false,3043.6663765864405,,,,-122.29468330576272,47.59558369453188
14a5af88-04aa-4036-b98b-664ab23ca1dc,033-9806400000,53033,6604.719944136301,,false,false,3453.4501165168317,25.0,,,-122.32747561203787,47.63710081880611
a3908463-c8d7-4406-923e-93e10830a6ce,033-9806800000,53033,7260.550396317942,,false,false,3920.275417094537,,,,-122.32677640652416,47.64127282435776
1cab4a6b-7641-470d-9797-776a1183e0cb,033-9807000000,53033,7421.885052276383,,false,false,3834.6995923101254,25.0,,,-122.32746694509775,47.64054461367583
0cd4586d-f0d9-4029-82c7-c29f3bf685f4,033-9808100010,53033,41068.36768284562,,false,false,9880.526774327884,25.0,,,-122.21807063731063,47.65080967994228
d6d8dfe8-b4a9-4a69-bd51-6b73be597ab6,033-9808100026,53033,20522.663277505675,,false,false,9851.303145094564,,,,-122.21844119467822,47.65071624965644
a247ec7f-c231-4040-929f-d7bb7c0c860c,033-9808100027,53033,15001.858956313115,,false,false,9879.606516887632,,,,-122.21780026705413,47.65047726843426
11bf8821-fdef-436d-aaa7-0f9fe7a8ad7b,033-9808100030,53033,50246.048143319334,,false,false,9811.444740142111,25.0,,,-122.21859692677552,47.65018088172396
5d373432-ab36-4d04-a5ff-3813e2882563,033-9808100035,53033,25459.40201981201,,false,false,9734.001489067228,,,,-122.2192516120804,47.649548962214624
8a7b70b6-df12-43f5-8c71-6d5eeabc56ac,033-9808100040,53033,25108.677565547332,,false,false,9720.823233844094,,,,-122.21935407086313,47.64943057150024
8ca386aa-4b1d-43a8-80ec-d10adc3f88d0,033-9808100045,53033,49390.83594731892,,false,false,9700.964413803787,,,,-122.2195111752791,47.649255174333135
8519fa59-b425-4597-b239-df031574ea7e,033-9808100053,53033,23816.236308520867,,false,false,9631.394860515911,,,,-122.21959765710305,47.64807700737007
56d1fbd6-0056-4bd8-8a6a-0d191454efeb,033-9808100054,53033,23007.567662794125,,false,false,9574.219114215533,25.0,,,-122.22057155989317,47.648199847427314
b26416fe-645b-42f6-861c-d0ffb9958251,033-9808100055,53033,25625.989364965328,,false,false,9562.024049493068,25.0,,,-122.22058850083043,47.64799481972342
fd96b48a-f1bc-44b2-a68d-347c4aa9d58b,033-9808100065,53033,10989.471631892995,,false,false,9584.828540655606,,,,-122.21999667730053,47.6476967196943
a4f3651a-0728-46f1-95bb-a1644f883803,033-9808100066,53033,28770.83927330532,,false,false,9549.508561915161,,,,-122.22056713966045,47.647736366081
2b7e0296-759f-4ea5-891b-f7ae018eae22,033-9808100067,53033,15699.276215824962,,false,false,9607.501853096906,25.0,,,-122.21965183572391,47.6476969891049
d5a2aedb-8a26-4fc2-925d-d82064c38095,033-9808100068,53033,19999.77088359006,,false,false,9505.997508934552,,,,-122.22112531898891,47.64760786259821
ff6b508a-f780-4956-8e84-9216922e346e,033-9808100069,53033,4311.917958752131,,false,false,9513.860155775916,,,,-122.22115667289042,47.647791900863396
44b7abd9-700d-407e-9826-2fb09320acd1,033-9808100070,53033,15699.346817955096,,false,false,9634.196724834123,25.0,,,-122.21924613944135,47.6476973048097
6658bb4d-6ab1-42d9-a486-88734e50afab,033-9808100080,53033,146796.81548615432,,false,false,10098.033606442308,,,,-122.21598217612537,47.65227973264323
f0822b2c-5ee7-4fa0-89b6-5c485f7fce61,033-9808100090,53033,15618.193682800571,,false,false,10176.563187497157,,,,-122.2137291143469,47.65105548051108
16168ccd-1496-4cab-b4b3-86f2be043888,033-9808100091,53033,17282.177097625638,,false,false,10133.968697277056,25.0,,,-122.21430625449871,47.650965388195786
1e57467f-0361-46c5-8a29-184b1fd80f1b,033-9808100092,53033,15475.25191840485,,false,false,10100.571967628703,25.0,,,-122.21472717765907,47.65085681240811
6577a8db-2b1e-4316-b9f9-6d97e40735d7,033-9808100095,53033,12047.745239704276,,false,false,9995.853455913271,,,,-122.21573961795573,47.65014794425002
79937579-ba8d-479e-b7ab-3fe40d296c84,033-9808100100,53033,14091.87529614972,,false,false,9970.60130162448,,,,-122.21590198587651,47.649877936559555
6e441894-32bb-44b4-a17e-2bd64fd74d2f,033-9808100105,53033,26785.148864222174,,false,false,9954.642330316521,,,,-122.21653304061309,47.65034212321415
174c8c53-b268-45da-bb53-a9cfe81ead81,033-9808100110,53033,17923.032307036374,,false,false,9864.660385123754,25.0,,,-122.21702488856589,47.649277748026336
7b12fa22-2fcf-4838-b814-97ff55075763,033-9808100115,53033,12659.288440243412,,false,false,9882.146339429528,,,,-122.21652848842956,47.648997001967075
65958b4e-8e30-42c2-9b9c-187ead02c2f3,033-9808100116,53033,15000.628942186997,,false,false,9845.687130922894,,,,-122.21708972836396,47.64900410163999
246e1b5f-8b21-4690-8402-8d95ac96d425,033-9808100120,53033,17987.306024491216,,false,false,9789.910231242364,25.0,,,-122.21705140982404,47.647907101144895
50a17f01-34b9-4160-ab00-fdc5281b4b84,033-9808100122,53033,15304.990566239185,,false,false,9834.12232569351,25.0,,,-122.21637597997892,47.6478995701382
5656c46a-95f2-4205-a5e7-bab6426c5649,033-9808100125,53033,20899.81398374995,,false,false,9778.968671122091,25.0,,,-122.21699777269355,47.647630982160095
74f7f6fd-26bc-45c5-b00a-0a38d7c0b618,033-9808100126,53033,13800.487210558756,,false,false,9825.29877453797,,,,-122.2162940929283,47.64762681757708
9ec6942c-d5ad-472c-9024-ba63dbc90af2,033-9808100130,53033,21460.89768463915,,false,false,9765.080216363292,,,,-122.21699206430758,47.64735755886961
30a3ae0c-eacc-465f-841d-e5d15b23b47d,033-9808100133,53033,18756.75180151503,,false,false,9746.86505890276,25.0,,,-122.21705246963157,47.64708377284152
d526d664-d980-49d5-8d65-8f62d67ad9af,033-9808100134,53033,18759.794755334857,,false,false,9797.030825648326,,,,-122.21629146233509,47.64707760769865
35769412-591b-471c-82e5-eeff2f1c77c6,033-9808100140,53033,19460.77021685522,,false,false,9733.279800620594,25.0,,,-122.21704375614488,47.64680956591856
7db9fee6-fc36-4fe6-bf3e-2491e1082c91,033-9808100144,53033,20750.520757109058,,false,false,9701.89746120577,,,,-122.2184715292255,47.648012090173545
a57b2287-02af-4ce6-8e22-adf194477c03,033-9808100150,53033,15302.847362368362,,false,false,9739.50927530709,,,,-122.21790013214398,47.64801221627513
3649ca21-d3f7-4ef8-923d-2bfe7ca35f75,033-9808100155,53033,21900.33880763636,,false,false,9684.277412554291,25.0,,,-122.21845540840714,47.6476598656615
8b46751b-88b0-406a-9a7e-b17dfbce1c64,033-9808100156,53033,14189.165401893064,,false,false,9721.706338495293,,,,-122.21788788140942,47.64765996837852
5971aea2-df7c-482b-91b0-13d92765fb7a,033-9808100170,53033,37882.86141048243,,false,false,10244.479430066287,,,,-122.21048698635205,47.648276654990866
d16eeb46-a4c9-4074-ae6f-af6acdfc0f74,033-9808100171,53033,22030.825048282433,,false,false,9962.028854821092,,,,-122.21217976795357,47.644853961888735
47f57831-eb09-48c4-8418-0f66abfb8e63,033-9808100172,53033,29653.543874511288,,false,false,10008.863373281425,25.0,,,-122.2115202105535,47.64490050187497
62197fee-b988-4937-8c18-e39485df1fb2,033-9808100173,53033,12073.284432179149,,false,false,9895.657070396765,,,,-122.21331443227477,47.64506630650426
c0212090-bfe6-4128-84ca-bb328fd8dc4b,033-9808100174,53033,13130.571079954438,,false,false,9927.809154057059,,,,-122.21261989641054,47.6447607514126
ac80224d-a5dc-4494-bada-42395347dd0e,033-9808100175,53033,12725.490234591874,,false,false,9941.652838284288,,,,-122.21262406642767,47.64505443914155
2a025081-3237-474a-8dc1-686e138d3cef,033-9808100176,53033,74553.4894977853,,false,false,10095.060679775821,25.0,,,-122.21133335445091,47.64641927742307
92c042d0-0a03-4627-8db5-d80831a22e4e,033-9808100177,53033,85268.85067848212,,false,false,10217.160659985364,,,,-122.21049498821576,47.64774576897262
502d0cd7-6726-41b0-8db7-5ddb9490a895,033-9808100178,53033,29151.83383609472,,false,false,9928.92492065186,25.0,,,-122.21302155386503,47.6453448623061
5dc7f8c7-02d0-4f41-a50f-e0915cddd458,033-9808100179,53033,25750.777386916707,,false,false,9969.79225268588,,,,-122.21306431167542,47.64623529895439
cc0903ca-00de-40d8-8612-2066c3cc314b,033-9808100180,53033,14182.850474003626,,false,false,9997.17767981504,,,,-122.2121984592496,47.6456081021827
43c74d0d-7ada-4808-aea9-5141be8e02ef,033-9808100181,53033,53566.015838906205,,false,false,10055.443807190846,25.0,,,-122.21156415649068,47.645927327462736
c5b615a8-67f2-4bd2-8d96-14088a5c8f97,033-9808100182,53033,13485.778702811256,,false,false,9910.936097653814,,,,-122.21292620837698,47.64484032110559
7e7c50f1-31f0-4f7d-bdd1-0e5df002d25a,033-9808100183,53033,14465.759254397584,,false,false,9881.425396353448,,,,-122.21330027799621,47.64475203888873
cc21c998-3743-4c7c-88bd-3920fa00b7e5,033-9808100184,53033,5486.754356522264,,false,false,9934.909219798588,,,,-122.21328383151386,47.64582745637953
28e0edda-0d64-471a-9768-2f3535d4b092,033-9808100185,53033,13514.733594855288,,false,false,10027.81552058053,25.0,,,-122.21218050944174,47.646209233397975
2bf0d9e3-21d4-48e0-80f5-6ed34a9c63bd,033-9808100186,53033,12834.178306667376,,false,false,10011.470523203163,25.0,,,-122.21221203523598,47.64591958778001
69c717be-9ec3-4096-a573-ff5fd8a89abc,033-9808100187,53033,13008.026578500325,,false,false,9984.703419770412,,,,-122.21218171302289,47.64532773518886
8a387ecc-ec05-415e-91d2-c610618e62df,033-9808100188,53033,21707.59126839416,,false,false,10206.202005638594,,,,-122.21085315802016,47.648003000928654
20389980-7224-4893-be53-70e11d57775d,033-9808100190,53033,25125.573082889307,,false,false,9966.30615470018,25.0,,,-122.21292520815743,47.64597588371546
3ad1b137-f525-45ae-bebb-380b5a88345b,033-9808100191,53033,21145.072425990795,,false,false,9958.032185947355,25.0,,,-122.21281481545306,47.64565619237683
5e7277ed-12fa-48fa-9382-4ee26af516fc,033-9808100192,53033,20479.71426224643,,false,false,9921.380689613161,,,,-122.21343117720254,47.64575369714067
938eb1de-0b12-405b-8391-3f44d665b290,033-980810TR-A,53033,3290.0229549771093,,false,false,10023.210746490067,,,,-122.21198463014295,47.64584680278059
6fe3770e-8484-484d-8a55-bc21b5c2fc20,033-9808200010,53033,5310.328140181867,,false,false,18928.39702490488,,,,-122.14284393449663,47.49368175611135
375d89c9-3cd5-498f-9fef-6393fba11163,033-9808200020,53033,4522.128872440523,,false,false,18941.268644535823,0.0,,,-122.14262331287576,47.49367572558619
7d21c29f-b6b8-41d9-a759-c57fbfc37e14,033-9808200030,53033,5425.037627907086,,false,false,18954.536926444707,,,,-122.14241975272348,47.49365129505138
ab1c25d0-8a53-4a0f-a89d-83d4b3240668,033-9808200040,53033,5653.113693287534,,false,false,18978.705651845827,,,,-122.1422084147078,47.493484588395084
704f96d0-7d9b-4a5f-bf4f-56f5d25d854d,033-9808200050,53033,4874.301067727828,,false,false,18992.51066302584,,,,-122.14215926592932,47.49333455684964
9879694d-4b4f-4a4b-8712-3910ee6672ab,033-9808200060,53033,5642.555970253108,,false,false,19007.19320866774,,,,-122.14207341645319,47.49320074996073
5d87a60d-034a-4f5d-b163-3e822e496963,033-9808200070,53033,5910.9052716218885,,false,false,19030.543618093943,,,,-122.1419257090387,47.49299656128008
036dc347-45b0-48c0-88d8-a1c4e2242bb7,033-9808200080,53033,5977.613424410359,,false,false,19014.586825585764,25.0,,,-122.14219442374696,47.493007904634155
8a2fee63-d435-4f3b-beb9-10ffc52c7a42,033-9808200090,53033,5527.138591917107,,false,false,18999.727477109976,,,,-122.14245291113735,47.49301227483904
f18caf1c-76c9-4f81-8d6c-96f88cba4202,033-9808200100,53033,12186.683934455905,,false,false,19043.315311968436,,,,-122.14081862633957,47.49367365590804
bba355e5-17ad-4725-b9d4-bcd73c532346,033-9808200110,53033,11958.652721185854,,false,false,19057.459642705762,25.0,,,-122.14081040596706,47.493486770857224
b46460e9-5697-47f3-9138-62eba0064314,033-9808200120,53033,10298.964650474616,,false,false,19074.867213667494,25.0,,,-122.14075700744768,47.493290355729684
28b2f006-b73f-437b-9915-23346e250558,033-9808200130,53033,9025.537462332912,,false,false,18962.231834781804,25.0,,,-122.14277595914238,47.493274393832316
c1058824-225a-410e-afc3-31695a648db2,033-9808200140,53033,71613.88869505159,,false,false,19022.35171201877,,,,-122.14157469227929,47.493376910809864
2657dd26-4c85-4fca-b8b7-8ccdbdd74f34,033-9808200150,53033,19086.085093379224,,false,false,19092.95276820238,25.0,,,-122.14077700160593,47.493028365096535
f98eec05-ba07-4396-ba8c-ba72222f8967,033-9808200160,53033,2573.5862553762636,,false,false,18988.672975164165,,,,-122.14244302396732,47.49316974861622
91906f7e-e8ca-4807-b5d9-2b8e616abc66,033-9808500010,53033,13454.359648641997,,false,false,9794.586979748738,,,,-122.2133008188841,47.64291378150706
a4cf7e0c-1d52-456c-874e-f226d3f691ad,033-9808500015,53033,11848.272773500436,,false,false,9778.737771094191,,,,-122.21359217216175,47.64299985808361
8bba24ec-4e49-4cfc-b220-f5628b1e561c,033-9808500020,53033,14151.739061325714,,false,false,9803.00240511803,,,,-122.21345663583057,47.64332272547135
aa898fbd-347a-47ba-b3b6-9a5ebe9a3056,033-9808500030,53033,15143.763611809512,,false,false,9815.906671240082,,,,-122.21345283392768,47.64359245412273
50b95d29-4594-462b-8da3-075a9a85c78f,033-9808500040,53033,14533.80286330136,,false,false,9828.996766254451,25.0,,,-122.21344950427965,47.64386521145615
d28d76ff-825f-40d8-90d7-c9e744453f25,033-9808500050,53033,15533.084557151144,,false,false,9842.335769811949,,,,-122.21344579415494,47.64414105993678
5a6045fb-d856-47d1-8ed4-cfd60175398d,033-9808500060,53033,16289.423166808145,,false,false,9855.221446859805,,,,-122.21345895585581,47.64442965071501
ea7ac2ab-6bb4-41a3-a26f-24c42a06f8eb,033-9808500090,53033,7539.982267300012,,false,false,9830.653581844932,,,,-122.21267204524587,47.642766194721915
401e3d05-c6a9-4608-8cb7-75b63995c6fa,033-9808500100,53033,14224.342672185212,,false,false,9838.244504465292,25.0,,,-122.21272656189913,47.64301176895189
280c9f2f-d34d-46e9-a5da-e0b8fe4e59ff,033-9808500110,53033,22043.796929508935,,false,false,9859.535333672682,25.0,,,-122.21272193466976,47.643463644925816
6a58ed66-d637-4b76-96e8-2502a1df8d9a,033-9808500130,53033,10896.964129376911,,false,false,9879.03578400056,25.0,,,-122.21271759911342,47.64387347342941
46b47954-ae37-4cfa-b1f5-8311131b1193,033-9808500140,53033,11525.325628223347,,false,false,9892.345007457974,25.0,,,-122.21271529110038,47.644152037513834
736b55b1-e467-4fba-814f-cb56c4a7e56a,033-9808500150,53033,8147.498604283973,,false,false,9904.043577799634,25.0,,,-122.21271375210219,47.644396216627584
ef0a303e-223a-4b35-9c12-887943aa2ccc,033-9808500160,53033,6358.211088825238,,false,false,9931.5395328886,,,,-122.21230930256824,47.6443984379141
7e2046df-22e3-42f9-befc-2175304fa6a3,033-9808500170,53033,9321.728443567054,,false,false,9920.14151062827,,,,-122.21230925022734,47.64415766961424
175e0a57-6b6e-4389-a685-42bf1900827e,033-9808500180,53033,9041.289151185774,,false,false,9906.995104136438,25.0,,,-122.21230964921195,47.64387906659249
bc83d2d4-c373-4e72-9756-80e0c3bde4c2,033-9808500190,53033,9979.409489388778,,false,false,9947.275290792219,25.0,,,-122.21172156659173,47.64388602047185
6d230e85-526c-4637-8f11-00dbfc56f5af,033-9808500200,53033,10347.226725020628,,false,false,9960.110151201845,25.0,,,-122.21172539412557,47.644165180007924
12a30b49-0868-43c4-b0cc-32218a77920d,033-9808500210,53033,7003.229869311887,,false,false,9971.080148625062,25.0,,,-122.21172888533381,47.64440275088504
68d02c34-292d-437b-a699-07730a2d9893,033-9808590010,53033,13393.941639940149,,false,false,11421.436592960667,25.0,,,-122.18993811163868,47.64321333240829
b9bb3a50-66f1-4dd1-96d7-cf5e0879035a,033-9808590020,53033,10379.322029455592,,false,false,11444.627296880255,25.0,,,-122.18976489158473,47.64348991218769
06b4d690-48cb-410d-93e9-8a8651fa3da2,033-9808590030,53033,11587.454539314967,,false,false,11464.999227571958,25.0,,,-122.18964685191217,47.643790785849006
ffd4554a-be56-4923-ac3b-fc029178a8d6,033-9808590040,53033,11456.069909721582,,false,false,11486.628596607408,25.0,,,-122.1894924851453,47.64405863161431
e248edbb-765d-4c65-9b9f-23b198f1df3a,033-9808590050,53033,10716.831442722556,,false,false,11513.933744975797,25.0,,,-122.18921953606507,47.64426191764321
a2b0a123-df0a-4704-9a7d-23209d7acd20,033-9808590060,53033,10822.956291999839,,false,false,11541.321681655372,25.0,,,-122.18894300648854,47.6444607430003
e270a8bf-0fe7-444d-bd3f-541786263288,033-9808590070,53033,10669.109755093854,,false,false,11568.680290171405,25.0,,,-122.1886671964575,47.64465972411178
644ee565-44ba-4e7a-bf0a-09ccb3ee2c40,033-9808590080,53033,11094.666534047179,,false,false,11596.766624777107,25.0,,,-122.18838529094302,47.64486573470828
7816ba62-8fce-45e1-98a1-4c4fa0837328,033-9808590090,53033,10837.366720986736,,false,false,11622.548721522187,25.0,,,-122.1881723252888,47.64513171121145
8215de96-18e1-46ce-a480-b568063765cc,033-9808590100,53033,10880.394618811657,,false,false,11638.698449442245,25.0,,,-122.1881134651686,47.64542264146183
e1df5b6e-fd8a-43fb-bbdb-021a1ac8200a,033-9808590110,53033,9990.492447009336,,false,false,11651.919967767059,25.0,,,-122.18809034943561,47.64570123061115
0e5fd752-140c-419f-bda3-d127963b1df4,033-9808590120,53033,10578.87774677967,,false,false,11663.305789633985,25.0,,,-122.18809136865787,47.64597436245483
f8f943dc-1cd1-49af-a300-613d7a6972e2,033-9808590130,53033,12473.97630353664,,false,false,11686.890948709408,25.0,,,-122.18792305857885,47.64625695583656
d7e96bab-b9a3-4194-a92a-839a5e6544db,033-9808590140,53033,12790.456064765323,,false,false,11660.175325672051,25.0,,,-122.18830211544054,47.64624615591211
a289f787-279d-4373-9f0e-3e106d906250,033-9808590150,53033,10238.348827114847,,false,false,11638.225261865296,25.0,,,-122.18865328904282,47.64630190346052
87a3f7ae-f13a-40ab-8e2d-66e11cacb822,033-9808590160,53033,10544.964057903726,,false,false,11610.409460344534,25.0,,,-122.18905484653192,47.646301322801875
f45f3415-5863-45f2-b19f-a0ec3c2fe2c6,033-9808590170,53033,12191.4591261321,,false,false,11584.229484758724,25.0,,,-122.18939637579662,47.64624150743224
7bd7fb89-6c49-481f-82c3-7dc5c3f0bb8e,033-9808590180,53033,13002.164602020419,,false,false,11559.431524042842,25.0,,,-122.18976131885394,47.64625193774634
985d742f-c5e1-49be-bbdd-c4ad63722973,033-9808590190,53033,13471.54085069722,,false,false,11552.809324837535,25.0,,,-122.18969704994316,47.645992221190376
4aa6af50-fa25-4c69-aa4f-847713836b40,033-9808590200,53033,10923.256015297702,,false,false,11541.27548779602,25.0,,,-122.18973250125718,47.64577809852714
91c7cbeb-6c7f-45a4-993f-50403b31f836,033-9808590210,53033,10837.323445067132,,false,false,11529.392204617103,25.0,,,-122.18978052944739,47.64557547202682
537e9cd4-bb65-467e-82ba-5557643fcf52,033-9808590220,53033,10518.42562290178,,false,false,11513.780292083593,25.0,,,-122.1898914749765,47.645387215496086
01cc0ffa-47f2-456c-90c1-1f9e1b365928,033-9808590230,53033,11433.311175569683,,false,false,11490.476346703126,25.0,,,-122.1901567961565,47.645270513412605
e72c102d-e5d5-4c3e-bd4e-c85bb2e90f83,033-9808590240,53033,12101.88337693806,,false,false,11465.030572936512,25.0,,,-122.19044226166626,47.6451360149113
903722d4-71a2-4a3a-8ead-c02c3ca12c39,033-9808590250,53033,11480.560803453012,,false,false,11445.039033196725,25.0,,,-122.1906097483668,47.64493599446597
d1aa90ce-be08-4c20-8eeb-9a52be6de0e1,033-9808590260,53033,11228.937843386337,,false,false,11430.88422146423,25.0,,,-122.19067150045326,47.64469913474612
4ccb5d25-50ad-42d1-8802-bf4593591f56,033-9808590270,53033,9853.399210755644,,false,false,11433.519503183099,25.0,,,-122.19050674195283,47.64448626560131
f0d81479-04f1-4554-87e1-c6d058d6b31a,033-9808590280,53033,11000.23305676399,,false,false,11442.815953614214,25.0,,,-122.19023498428852,47.64425267728626
187fc134-faaa-45d0-bc24-ca183949bfc2,033-9808590290,53033,11431.305182113718,,false,false,11432.9932543198,25.0,,,-122.1901966197609,47.64394697443472
1afa6ff6-878c-4c17-9a04-230201e692a2,033-9808590300,53033,12687.620434992037,,false,false,11412.813798963569,25.0,,,-122.19057616997644,47.64410040102513
66a905ba-ea22-4922-936a-2cd24ad4a951,033-9808590310,53033,10733.726189659616,,false,false,11405.054144772312,25.0,,,-122.19085808237134,47.64438874937316
dd558e2e-046c-43b1-81b2-2a0e18199a69,033-9808590320,53033,15605.708309954382,,false,false,11369.022397509349,25.0,,,-122.1913373647095,47.64432344708747
0921273b-b857-4381-87dc-782c5424773b,033-9808590330,53033,12057.705395600851,,false,false,11349.613875578461,25.0,,,-122.19145247365495,47.64404708735846
534f1b08-328c-4d5b-a991-1b37b53001bf,033-9808590340,53033,10261.452291110763,,false,false,11369.449532775125,25.0,,,-122.19104182248142,47.64383328257135
f669fd77-b411-4ace-bd18-a8d31ad9c364,033-9808590350,53033,10455.389088571937,,false,false,11383.287033357581,25.0,,,-122.19073063605266,47.64364023610901
fc92330d-4ccc-4425-8840-aef08fb0bab9,033-9808590360,53033,9986.327832628465,,false,false,11401.747095302224,25.0,,,-122.1903926209856,47.643513575483446
91146771-d08d-40d7-838c-d3f365d95410,033-9808590370,53033,9851.03736247078,,false,false,11484.79462279783,25.0,,,-122.18977930821963,47.6445023453985
11c896f3-424f-4f99-96b1-7883168016dc,033-9808590380,53033,9847.554329188697,,false,false,11512.008868421573,25.0,,,-122.18949071458178,47.64467551252579
be9bfb70-65ed-4347-85b6-26fa5a8cb0ae,033-9808590390,53033,10032.77098447573,,false,false,11541.25708965908,25.0,,,-122.1891859932133,47.644870553925564
03fb9693-a73a-45f8-a3e1-2033b4aadfe8,033-9808590400,53033,10311.5840311318,,false,false,11572.932409317013,25.0,,,-122.18886654031506,47.64509916345372
e7359a1d-250a-4c51-8e11-815d1ada3ca6,033-9808590410,53033,10238.778065446864,,false,false,11593.313620230803,25.0,,,-122.1887304803364,47.64536204575892
b511685d-7819-4acd-8ddc-b225f9f14615,033-9808590420,53033,9946.661255329878,,false,false,11608.277535117582,25.0,,,-122.18868726643211,47.64564828794196
0d14cdb5-a1bf-4065-8301-ba3759b28b0d,033-9808590430,53033,12213.349209153843,,false,false,11606.085870231085,25.0,,,-122.1888623605104,47.64588492176219
5f760364-77f0-49ff-9200-e2f30442f3cc,033-9808590440,53033,10266.72240183706,,false,false,11579.841712193922,25.0,,,-122.18907994873463,47.64561984775235
9a503383-46d7-4ce2-8556-2ada5dc4be8c,033-9808590450,53033,10268.163550038531,,false,false,11563.365995354521,25.0,,,-122.18914967231949,47.64534196075695
1b023e1f-d64e-4abc-95fc-00e36339a6e8,033-9808590460,53033,10198.057503501606,,false,false,11539.145192834934,25.0,,,-122.18935825621854,47.645108402554875
dd2189fc-c9e5-4750-a7fb-5491d01b1f25,033-9808590470,53033,9670.753883428135,,false,false,11509.56857358607,25.0,,,-122.18967803186538,47.644931370101894
92978233-8bf4-4818-88e5-5e7b4f97fb94,033-9808590480,53033,10655.652933528885,,false,false,11481.032159023474,25.0,,,-122.18997933319096,47.64474826392321
70c34598-3332-4236-a8d6-46a29f78159b,033-9808590490,53033,12279.959127255326,,false,false,11294.015006734113,25.0,,,-122.19236459371591,47.64423659378916
6271cbf8-a40b-4ffc-a0b9-a7d611d3a130,033-9808590500,53033,11091.643125425346,,false,false,11270.419379700166,25.0,,,-122.1925961763113,47.644055849440576
30a2c8bc-3a0b-4b0a-a650-689c2bb47ed5,033-9808590510,53033,12119.204398777008,,false,false,11244.61960282737,25.0,,,-122.19286769703973,47.643888660449505
82d174f4-019a-4ab7-b9b6-8fb3720274f8,033-9808590520,53033,15062.103484173815,,false,false,11225.200680345884,25.0,,,-122.19302943072628,47.64369076867621
7d2c5bb1-6d44-4179-a6b2-af58ac82f25d,033-9808590530,53033,12019.919676212447,,false,false,11231.888307885409,25.0,,,-122.1927924908348,47.643451875766274
b4f601a0-1176-46e1-a908-ce3723efa260,033-9808590540,53033,10612.509989660806,,false,false,11245.616499922357,25.0,,,-122.19245794734502,47.643216593271625
a14d0a59-de9e-46d2-acac-c7a523af4b22,033-9808590550,53033,10211.885474993182,,false,false,11258.843954350306,25.0,,,-122.19214119510666,47.64299722355692
d69fba5c-0a97-475c-86f8-9ca647b6b3cf,033-9808590560,53033,11292.68558677322,,false,false,11277.231282298446,25.0,,,-122.19182701891206,47.64290886726745
402d5975-58d1-401d-8702-511ec56c989c,033-9808590570,53033,12683.850945144557,,false,false,11284.728217664104,25.0,,,-122.19162245786168,47.64273907097759
d410198d-335f-4472-827d-5324c7cc63d0,033-9808590580,53033,11546.094266168619,,false,false,11312.670320322293,25.0,,,-122.19134776612637,47.64295754441781
18f52b4e-1f09-4b55-bde0-6aa7cce0f26c,033-9808590590,53033,11985.926110102473,,false,false,11341.197048769842,25.0,,,-122.19106066446507,47.64316849413278
ce2c1a45-271a-41cf-a311-d7e59bfb666c,033-9808590600,53033,10283.11110235609,,false,false,11339.93447705783,25.0,,,-122.19121211604056,47.64339931753171
49d2c517-bdc3-4993-920f-e219384c2d98,033-9808590610,53033,11830.787498655121,,false,false,11319.015971098184,25.0,,,-122.19161050242002,47.6435684772872
819151b6-d6dc-42de-87a2-9ec8f56fa2a3,033-9808590620,53033,9707.646852247686,,false,false,11290.87536422384,25.0,,,-122.19191953448477,47.643406400541984
4e9bfa3b-fe8c-4726-a5e9-237aa23a2aed,033-9808590630,53033,11457.90525690392,,false,false,11281.233853296435,25.0,,,-122.19218947311208,47.6436312426629
353dac62-97ef-4999-9172-3eac9a519ef7,033-9808590640,53033,10940.94444900086,,false,false,11307.409627283265,25.0,,,-122.19192263649155,47.64381649992968
4591b4d5-ff5c-4000-8601-4af2aab1da63,033-9808600000,53033,53904.155188547,,false,false,10722.210705410815,25.0,,,-122.2058933999013,47.651630768477645
1756fb88-8f44-41a0-9dcb-07aa3e127762,033-9808610010,53033,10119.872470766248,,false,false,11310.691188497722,25.0,,,-122.19307244128152,47.645787412672526
3981bbb4-be92-46c7-98e3-73993788d23f,033-9808610020,53033,9986.107115045177,,false,false,11288.116193592097,25.0,,,-122.1934274929101,47.64583200258936
eea2a577-7ad6-4233-a7b8-1067f7fb74b9,033-9808610030,53033,9948.71325941237,,false,false,11260.51575333958,25.0,,,-122.19382255432983,47.64582395977837
5cd30ef2-2700-4834-aa32-8c5a501d28ea,033-9808610040,53033,10738.64452728877,,false,false,11231.764504049659,25.0,,,-122.19420725297411,47.64577279455307
fd9d3129-85e5-4a73-890f-4826bcbd2c7d,033-9808610050,53033,9860.994219582995,,false,false,11215.88629799989,25.0,,,-122.1945080636618,47.6458842390165
0b4c145e-4f6a-4f48-abd8-7331bfe6a370,033-9808610060,53033,10685.089648781366,,false,false,11217.713610685889,25.0,,,-122.19465636777757,47.646159066376214
19d7b8a9-93df-4ad3-aa32-a30c60ce04ed,033-9808610070,53033,10287.905414360097,,false,false,11234.681517884252,25.0,,,-122.1945231733763,47.64633638400577
86b3659c-f791-4741-8082-d5109b49b07f,033-9808610080,53033,10115.964299030105,,false,false,11266.700064819153,25.0,,,-122.19403417480929,47.64629947542426
9a6af0d8-557f-404b-8294-93d542ef7a5f,033-9808610090,53033,11305.675204944662,,false,false,11291.143739718449,25.0,,,-122.19366526076162,47.64627775836553
0814386c-fd16-4025-b6cd-77d5fe0551ae,033-9808610100,53033,10565.667194898555,,false,false,11325.560322567539,25.0,,,-122.19313549170998,47.64623025304987
ef1414e1-f588-4707-86bd-381c9cca2b54,033-9808610110,53033,14134.719472800569,,false,false,11353.187178718674,25.0,,,-122.1926962874908,47.64616936608784
4db302bd-e37e-4025-8fc1-98fcd474534f,033-9808610120,53033,14447.01131999428,,false,false,11382.419749334404,25.0,,,-122.19227410665964,47.646171951436514
b97f71d7-8bea-409a-a0c1-f7441fe7653e,033-9808610130,53033,17730.283153733457,,false,false,11415.45340148032,25.0,,,-122.19182237625574,47.64621498614563
b0fe8767-d149-4f6e-94c0-6216a3f267c1,033-9808610140,53033,13916.804363971389,,false,false,11346.126908422746,25.0,,,-122.19252921465227,47.64573915078923
c82fae17-16b8-4668-848a-b08a3bdd9eac,033-9808610150,53033,13737.618269487572,,false,false,11355.945262944531,25.0,,,-122.19227340002682,47.64555574885378
eca006e2-3b68-4c19-8df9-9f014044e5fc,033-9808610160,53033,16784.06974429817,,false,false,11387.348603494593,25.0,,,-122.19199612437832,47.64584128281842
73211250-8c81-4996-806d-e5412168542a,033-9808610170,53033,13187.720725119403,,false,false,11425.06892991905,25.0,,,-122.1914554759457,47.645849483085975
c159dc96-2a06-48f9-a6a6-3b7fb4d844a5,033-9808610180,53033,13461.10073819534,,false,false,11457.564161991217,25.0,,,-122.19102285058625,47.64590981270594
8037e84e-b83b-41bd-be75-e1ab431c43fe,033-9808610190,53033,20646.28709781801,,false,false,11450.35872181488,25.0,,,-122.19132652890015,47.646230652261856
3636c4ca-45bd-478e-a355-f038fd90b8d2,033-9808610200,53033,14823.713853115176,,false,false,11511.00090120797,25.0,,,-122.19051230717272,47.646333010476134
9596eade-7f9f-41bb-84cb-b9f64aedae8d,033-9808610210,53033,13581.813006570435,,false,false,11518.393786210809,25.0,,,-122.19028562730753,47.64614013441736
7de49c13-4cbb-4f9d-885c-82db952e5551,033-9808610220,53033,11746.135967285172,,false,false,11508.996499543107,25.0,,,-122.19026727995293,47.645890113949775
85b4ee10-ed43-4a5a-9885-600125f540b3,033-9808610230,53033,12105.933227559357,,false,false,11492.920703973972,25.0,,,-122.19035714318618,47.64565799286864
2afe5a24-f7c7-44b9-8d7c-0f2ab48f24ef,033-9808610240,53033,11686.49586332829,,false,false,11467.863901663035,25.0,,,-122.19060691155585,47.64547472794476
0149ae56-a19a-466a-8758-8ef3aaa8d02d,033-9808610250,53033,13789.197632538218,,false,false,11441.064221260598,25.0,,,-122.19091686189297,47.64534875816652
e1271208-9e62-4aa6-aba4-609c4231c9d6,033-9808610260,53033,11150.086694233398,,false,false,11418.27221181829,25.0,,,-122.19127557324363,47.64539752013937
45955bc2-5262-412c-be78-297df156a56f,033-9808610270,53033,10183.185284051788,,false,false,11394.170210458644,25.0,,,-122.19161709850275,47.64538692364631
479d8d3a-9855-4a1b-a374-dab78bc09069,033-9808610280,53033,11720.08881655176,,false,false,11364.428912583517,25.0,,,-122.19195503966415,47.64523746016164
dabed00a-1323-489a-a1f0-7fddbf07c481,033-9808610290,53033,12174.180724194177,,false,false,11362.781082626112,25.0,,,-122.19180902797886,47.64495883269117
2970c7a5-437f-4969-98de-65c582970b4e,033-9808610300,53033,16335.06499871341,,false,false,11400.045621610807,25.0,,,-122.1913401158025,47.6450716819426
be7b5ee0-89ae-4535-95d7-1b8a2d445b5b,033-9808610310,53033,21881.045600181456,,false,false,11401.101329470368,25.0,,,-122.19114810317228,47.64477892168075
6ea3b0ab-68b4-440b-ac8a-834995c5459e,033-9808610320,53033,18228.493492964008,,false,false,11348.803805545067,25.0,,,-122.19172637363386,47.644487785633196
f6c0f047-1b6a-44c9-8bb0-21b7e97da946,033-9808610330,53033,13320.670732709175,,false,false,11298.141930324842,25.0,,,-122.1925056972012,47.644570347269635
9241c2bc-f500-4d48-88b9-5af07ee076c7,033-9808610350,53033,10795.832488875054,,false,false,11305.013846711352,25.0,,,-122.19275762542688,47.64514693730333
7dce1864-c9b3-4b98-802a-1fae987c431a,033-9808610360,53033,23625.574577730174,,false,false,11299.503715078932,25.0,,,-122.19266277784081,47.644861755193375
249cb08e-706e-48cb-816a-45437d6e6c19,033-9808610370,53033,10059.078418211082,,false,false,11272.434598096075,25.0,,,-122.19284372245676,47.64451661448217
4de63a74-fb15-402c-a8c1-1498c7adab58,033-9808610380,53033,11583.384088279669,,false,false,11254.43282339305,25.0,,,-122.192935699259,47.64423880400516
ecaeda59-1f6e-4784-9acb-a759a3dac08d,033-9808610390,53033,12281.037677055674,,false,false,11225.295832633052,25.0,,,-122.19329449107671,47.64413761515795
e5b624b4-b26a-47fe-bc0d-06ba2d0f1095,033-9808610400,53033,17762.013358969278,,false,false,11200.734486239779,25.0,,,-122.19358226170476,47.644027860026355
0e68f492-78f4-474c-9f2f-787a006ef4d7,033-9808610410,53033,11477.077114262698,,false,false,11204.383846620045,25.0,,,-122.1937202581379,47.64434406553062
42652fdc-1d69-4917-8c7b-9b71ed4fa026,033-9808610420,53033,10582.403029224848,,false,false,11229.44748463465,25.0,,,-122.19354161327695,47.64464505699466
fe78c7cc-5a20-47ed-b18a-70799d575975,033-9808610430,53033,10467.503451809762,,false,false,11240.117695328368,25.0,,,-122.19353039159549,47.64487867211542
f991d626-13d5-40c0-984f-35ceba11ff41,033-9808610440,53033,11287.404702089003,,false,false,11247.208971616597,25.0,,,-122.19354820910564,47.64507431407055
935408b9-b93c-4faa-bad1-0fd7896173fc,033-9808610450,53033,13671.260782263995,,false,false,11238.58076302832,25.0,,,-122.19379338830593,47.64526900308522
f65a7389-699f-4602-a196-4fe30a00e2bd,033-9808610460,53033,11546.838759026296,,false,false,11269.435501916469,25.0,,,-122.1933907568156,47.64533953835689
44fabeaa-5b5c-4ad4-bb3c-a2bc91d46b14,033-9808610470,53033,19276.416843376766,,false,false,11228.037092688919,25.0,,,-122.19422900760797,47.64572153520812
9673a9b9-87c2-4169-806c-99054ac0f4fb,033-980861TR-B,53033,13962.753742489187,,false,false,11350.009094865205,25.0,,,-122.19286257386968,47.64635959470361
05ac4038-3177-41d7-b030-3a9583ad0d9a,033-9808620010,53033,8461.046056671963,,false,false,11486.491702525951,25.0,,,-122.19724401638743,47.65530986997778
cf0275bf-6fda-4817-b585-53c0fb4aa5fe,033-9808620020,53033,8500.658466104425,,false,false,11509.219089094517,25.0,,,-122.19689939971198,47.65530990684909
cf8658ec-8d48-4f22-80ee-4a5cdba06e8d,033-9808620030,53033,8765.564783028867,,false,false,11532.219533455142,25.0,,,-122.1965488438943,47.6553074331944
610ac792-5496-4f64-ae3c-22eddaaafb5f,033-9808620040,53033,12084.912257239886,,false,false,11500.301214638435,25.0,,,-122.19662355127475,47.654792129886225
6051ead6-16e4-49bb-984d-97f018d19fdc,033-9808620050,53033,13034.34153150658,,false,false,11510.39275487189,25.0,,,-122.19665865352874,47.65502963059345
30a323b2-2c69-4eba-a955-1484a01278c0,033-9808620060,53033,12224.859120720366,,false,false,11478.162888358811,25.0,,,-122.19714626755759,47.655029171175386
72734b75-1711-4626-83c3-876feae0c0dd,033-9808620070,53033,11344.75234810793,,false,false,11463.016621907185,25.0,,,-122.19718705622132,47.654791630120755
dd90e843-81d4-44c4-a60d-21843a9dca6f,033-9808620080,53033,9242.605832258248,,false,false,11420.972444710651,25.0,,,-122.19749687144134,47.65437870460108
71f6eee0-3784-491d-b108-243869a9f6fe,033-9808620090,53033,8769.800140652784,,false,false,11409.86859967995,25.0,,,-122.19749877800643,47.654167531039576
26339d30-472e-4537-b241-2d2d2cdac58a,033-9808620100,53033,11130.494366593537,,false,false,11393.441379564456,25.0,,,-122.19754754210601,47.65391276884591
a511b02e-18f5-4b8e-a2e6-cc2ab98b39e2,033-9808620110,53033,10431.139763927265,,false,false,11400.001067882557,25.0,,,-122.19733149107587,47.653762074317456
bfbba957-32c3-4b87-8910-1a74e560f422,033-9808620120,53033,9147.81384262288,,false,false,11427.804843901342,25.0,,,-122.1969126659299,47.653761901872414
b6197ab0-a516-4b02-9383-112829269758,033-9808620130,53033,12199.186797047647,,false,false,11453.796189178576,25.0,,,-122.1965832754932,47.65384190239878
844e1d5d-8670-4942-b4d9-3dba394d9068,033-9808620140,53033,10216.621520483943,,false,false,11462.436256467756,25.0,,,-122.19665451862508,47.65410170333585
11454557-a5bd-4e6e-95a8-d184ec025bed,033-9808620150,53033,8753.834341765754,,false,false,11459.961023859498,25.0,,,-122.19687936122762,47.65434209619345
9b6a7c65-45fe-4da9-bf67-85c6a9dd98fa,033-9808620160,53033,8755.146127175996,,false,false,11482.099596800315,25.0,,,-122.19654451425163,47.654341060868774
cfbc8684-efb9-4d8c-9396-5cc16bb93d0c,033-9808630010,53033,1956.9299179306647,,false,false,10965.522957173753,0.0,,,-122.20375431634137,47.653567825227455
225870af-c707-4e3f-a971-ccc391712a14,033-9808630020,53033,1920.0171996618185,,false,false,10961.415820127935,0.0,,,-122.2037440559479,47.65347809417627
88ed75e1-cd3d-4497-9644-8e90b6c1c0d2,033-9808630030,53033,1957.2276099833368,,false,false,10956.392003811585,0.0,,,-122.20375385115607,47.65339579241975
4d7f3d48-ac67-4e29-88ba-ede9577cfadc,033-9808630040,53033,2817.3296014548446,,false,false,11021.264111529294,0.0,,,-122.20308920511286,47.65379333381701
a26e608f-6549-4e2c-84eb-545779206ad6,033-9808630050,53033,2861.1675339975177,,false,false,11016.514495647289,0.0,,,-122.2030980537446,47.65371510718375
edcd769b-0676-4ac3-a093-9a46f755fbb8,033-9808630060,53033,2777.704442554516,,false,false,11011.444174700982,0.0,,,-122.20310260473356,47.6536254418246
818a115a-56a3-4747-8334-c3a145922ed6,033-9808630070,53033,2825.2367028585854,,false,false,11008.608626889907,0.0,,,-122.20308269124448,47.65354741629197
85718d28-065a-4eb0-9ec0-f97a5c7c4265,033-9808630080,53033,2906.35927534356,,false,false,10987.58716588513,0.0,,,-122.2031456446775,47.65322882262701
10fe53be-f7c9-49cc-849b-0eecd86a9eaa,033-9808630090,53033,2742.1443236206505,,false,false,10985.777005874052,0.0,,,-122.20311160698569,47.65315204598733
90c23879-3f92-4f66-b773-f590ada21b9f,033-9808630100,53033,2874.371032039101,,false,false,10981.8904426079,0.0,,,-122.20309762541574,47.6530608358232
e8c5b874-fb39-4a6b-b499-be07761f0498,033-9808630110,53033,2401.5971739391757,,false,false,10981.759523481314,0.0,,,-122.2030019954793,47.65293839738324
c3dba45b-9bab-48c8-9c3a-9de2a4417ef2,033-9808630120,53033,2659.808549953029,,false,false,10980.433904870682,0.0,,,-122.20295964861529,47.65285988810557
a08cfa9d-29e5-4201-8635-66fcdd4d71b5,033-9808630130,53033,2574.264434228146,,false,false,10980.11763898783,0.0,,,-122.20290263485873,47.6527820002106
317043b6-dd50-48f9-8d78-de47317736a8,033-9808630140,53033,1957.33858918326,,false,false,10972.150841184457,0.0,,,-122.20289486513846,47.65261985219474
d655af75-845f-4a42-87cb-d0c2f170414a,033-9808630150,53033,1957.0106109119079,,false,false,10968.609262334041,0.0,,,-122.20288173243146,47.65253534747595
39ad7fee-dc13-44ba-8560-737176a1b14b,033-9808630160,53033,2338.75824806651,,false,false,10959.938238993413,0.0,,,-122.2028944006971,47.652384966081144
bb810c67-942b-4ddd-b882-5b5c373e1523,033-9808630170,53033,2389.103411108212,,false,false,10958.990135348702,0.0,,,-122.20284360972903,47.65230201835079
8e226ce1-3a71-4d4e-bcca-5c7697285c25,033-9808630180,53033,2204.2333497895556,,false,false,10959.482971696578,0.0,,,-122.20277872027214,47.65222867047439
35a63839-9b48-41ad-96ac-37e61c179b46,033-9808630190,53033,1707.2830447715014,,false,false,11055.160613134027,0.0,,,-122.2025948489983,47.65381942734989
6533ec75-9080-4fbc-ba9d-db56383f3534,033-9808630200,53033,1848.8596404212415,,false,false,11050.6375919694,0.0,,,-122.2025664909997,47.653699153092056
629fc313-d3fa-47b7-aab6-9dfca8dc8d3d,033-9808630210,53033,2243.0127977899974,,false,false,11046.251761603606,0.0,,,-122.20250969054469,47.65354579689182
3fe99bc8-786b-4761-aa5d-8dc3c922a235,033-9808630220,53033,1821.0351211337074,,false,false,11042.485618241548,0.0,,,-122.20247652907561,47.65343320757123
e892fb53-f926-42c1-b5b9-bcd257fbd06d,033-9808630230,53033,2300.689112903815,,false,false,11038.188663522147,0.0,,,-122.20242198799431,47.65328351378645
4ebc5945-5a19-42e3-89de-15f738616269,033-9808630240,53033,2120.1209190970753,,false,false,11034.493338757255,0.0,,,-122.2023967167215,47.65318157594574
3c2d7150-7cf4-43b0-90a7-3ee4ebcc8277,033-9808630250,53033,1933.1846587383848,,false,false,11029.010286320869,0.0,,,-122.20239182541769,47.653071012293424
51d91354-54b2-4e56-bcd2-2760a9c864e5,033-9808630260,53033,2242.862351435866,,false,false,11027.68116929015,0.0,,,-122.20229159653026,47.65291921600743
4c79ef67-5159-4280-89d2-04e896f49d35,033-9808630270,53033,1820.8749339504107,,false,false,11023.892858559539,0.0,,,-122.2022597882323,47.652806450611855
78799576-96eb-46c5-9277-462a169590bb,033-9808630280,53033,1916.8887584154834,,false,false,10999.027616063508,0.0,,,-122.20238653300001,47.65249002751126
358f2bc5-ed22-484a-a491-8f6c4afba6e1,033-9808630290,53033,1739.468016599942,,false,false,11000.458832460443,0.0,,,-122.20231119239341,47.65242146210827
2f18bfa8-23f5-4372-917e-91f16776ac31,033-9808630300,53033,2402.9616436095484,,false,false,11010.836094544273,0.0,,,-122.2021699185205,47.65244106410772
b105000c-3761-4447-98b3-c9439c3c45ac,033-9808630310,53033,2055.43762386805,,false,false,11014.27574371417,0.0,,,-122.20207906318304,47.652391224706875
95b39fbc-5113-41ad-bddb-96818709ddcb,033-980863TA00,53033,42419.39588287829,,false,false,11000.069034596776,25.0,,,-122.20285524884004,47.653102399661364
04b7389c-6780-4018-8994-3908a6c11801,033-980863TB00,53033,72810.89383556115,,false,false,11020.480556773442,25.0,,,-122.20243498750324,47.65296269023332
e191dc7e-0761-43dd-b3a9-80bfffe4639a,033-980863TC00,53033,70843.20296565286,,false,false,10964.082621318305,25.0,,,-122.20318879383281,47.65283664609274
059af1cf-951a-4cf0-8d06-55544c04af98,033-9808640010,53033,1958.6500902019889,,false,false,10935.110265465883,0.0,,,-122.20262039291434,47.65155163634772
21e138a6-a919-4128-9bba-d0758071fca9,033-9808640020,53033,1958.851585222289,,false,false,10926.868886519878,0.0,,,-122.20269035532907,47.651481509141895
e334dd4f-5df2-489a-bf1e-efcf3b19c564,033-9808640030,53033,1957.7331010460873,,false,false,10921.304236266578,0.0,,,-122.20263985676979,47.6513067550699
e7cfe078-aa83-4fd5-8289-7263ca5d57bb,033-9808640040,53033,1895.3787495615993,,false,false,10918.64724738928,0.0,,,-122.20261717607961,47.651224957303285
b98c9479-04ab-4dcf-83c0-103f38856e7e,033-9808640050,53033,1958.6293842382056,,false,false,10915.92600438473,0.0,,,-122.20259080728293,47.651136918426126
ca0edd2c-2f13-4e64-828a-2b683bb103f3,033-9808640060,53033,2193.30289573314,,false,false,10912.609040216701,0.0,,,-122.2025323877651,47.65099481907583
48716bd7-d147-4250-9251-981faadc6a63,033-9808640070,53033,2195.1838404690384,,false,false,10911.483027960061,0.0,,,-122.20248822736974,47.650914406928806
3e88f3a5-3d5e-44a6-83d2-e1a8557cbcc9,033-9808640080,53033,2177.30729003274,,false,false,10911.46352108038,0.0,,,-122.20243132415797,47.650838903364075
bf1e8337-c3f9-4f5f-9dc7-a757190c6918,033-9808640090,53033,2186.3315484363875,,false,false,10904.73191595336,0.0,,,-122.20237087725671,47.650625232530345
a926c860-3f0c-4af1-845c-9ec93c9712d6,033-9808640100,53033,2255.330600220312,,false,false,10904.114110546501,0.0,,,-122.20231983005473,47.65054504564434
b7323e66-209a-4614-ae20-2a02097dc1ee,033-9808640110,53033,2165.8908853559587,,false,false,10903.641511555612,0.0,,,-122.20226987276266,47.65046903875375
a646d78b-54ec-4347-8b68-f6e1fd045673,033-9808640120,53033,1958.629905728888,,false,false,10906.470867704918,0.0,,,-122.20212263695252,47.65032871959555
473eccaf-39d5-4fd7-9873-933ad522337c,033-9808640130,53033,1958.430637957802,,false,false,10902.545943341129,0.0,,,-122.20211825717968,47.65024419713966
62b29b83-b1d0-44af-a9aa-326b342d13fd,033-9808640140,53033,2129.2404356942175,,false,false,10903.365950211912,0.0,,,-122.20200724999356,47.65011133473818
c31c479c-6e35-423c-83f0-ef0669c5b891,033-9808640150,53033,2170.7224495599085,,false,false,10901.825211164567,0.0,,,-122.2019621748574,47.650019481346966
2f93c24d-94b2-4fad-baee-78bafaeb99c8,033-9808640160,53033,3027.904586628553,,false,false,10908.07506755868,0.0,,,-122.20177493685894,47.649892128414905
28fc5404-1838-4edb-998e-b246f1a6307f,033-9808640170,53033,3457.986767078743,,false,false,10909.339501333132,0.0,,,-122.20170712982046,47.649825610572236
36f2edc7-fada-413f-b694-448266859f25,033-9808640180,53033,2301.5661270486944,,false,false,10932.557064364177,0.0,,,-122.20138071469202,47.64985204100805
0543e296-47b6-4bb7-9451-c3d4a6429e75,033-9808640190,53033,2312.088511811559,,false,false,10941.997146861013,0.0,,,-122.20123674013533,47.64984739970721
78419199-1b94-4992-abe9-86094757b766,033-9808640200,53033,2409.7154433367814,,false,false,10950.011953626883,0.0,,,-122.20111732997367,47.64984727892831
4c272499-c532-4448-96da-84b3ea282367,033-9808640210,53033,2109.68341677712,,false,false,10957.379739656122,0.0,,,-122.20101506541414,47.64985739718552
b304295c-7c29-4c5e-a89f-d6d7d3313970,033-9808640220,53033,1410.4465146346267,,false,false,10966.718286024052,0.0,,,-122.20107182225684,47.65012407047432
e053f297-6dda-4dcc-b0c5-7605920d0bce,033-9808640230,53033,2384.3314378597456,,false,false,10952.498777646599,0.0,,,-122.2014122108823,47.65029765977975
b23f1eb3-3e73-4b39-a051-50e7779e1a34,033-9808640240,53033,2352.011926203877,,false,false,10952.973797418164,0.0,,,-122.20145739326684,47.65036807122194
71d34a31-9cdf-4fb8-b631-60f672d40782,033-9808640250,53033,2187.268910248547,,false,false,10953.649238564754,0.0,,,-122.20150677042656,47.65044800274814
ddff0486-93ee-41d9-bec4-641e53f3ac95,033-9808640260,53033,2165.8831782446873,,false,false,10957.844498924967,0.0,,,-122.20154997602233,47.65058993136218
d6ebc666-522c-4354-8b04-f84d7b456aec,033-9808640270,53033,2255.54500788877,,false,false,10958.948950994198,0.0,,,-122.2015919505074,47.65066810351128
ec3b3d5f-74de-4c2a-9eff-5a442d515e0a,033-9808640280,53033,2186.382329945027,,false,false,10960.2277762261,0.0,,,-122.20163460516568,47.65075050404192
33795f11-54a3-4ee5-a19f-49f1f97489a5,033-9808640290,53033,2129.2983414834134,,false,false,10963.909488549376,0.0,,,-122.20168644555524,47.6508927203317
81c04bf6-c423-49e2-8504-4c5816d79b2f,033-9808640300,53033,2170.7634313243807,,false,false,10969.365913894448,0.0,,,-122.20167757559032,47.65098930649598
86cee23d-fe73-4842-92cc-62c58cf87d81,033-9808640310,53033,2166.047039096349,,false,false,10954.61807768869,0.0,,,-122.20199519748297,47.651116967104144
76105f41-b0f6-44ed-a7e7-50e83bb5d72d,033-9808640320,53033,2251.3487224338555,,false,false,10956.672168488327,0.0,,,-122.2020257956168,47.65119779690524
77c13006-beed-453a-a3ae-ac6858c9c180,033-9808640330,53033,2536.4987839238356,,false,false,10960.723412723995,0.0,,,-122.20202729155184,47.65127961719378
3597b866-cec1-4c7a-b60a-423ecb69d0a0,033-9808640340,53033,1958.659537634044,,false,false,10979.76437691937,0.0,,,-122.20183796768171,47.65140611841283
3277712d-1ab0-40b9-8b81-c704e97be82f,033-9808640350,53033,1958.492433717257,,false,false,10989.092385875172,0.0,,,-122.2017334376461,47.651452629161476
5b35589d-cca1-4a83-bcee-4b8beaa314ca,033-980864TA00,53033,35412.60245240612,,false,false,10957.74120733317,25.0,,,-122.20178770441507,47.65090453754268
7b187ea0-2fc8-4545-b399-28190df6d580,033-980864TB00,53033,77250.10441146513,,false,false,10966.824818568612,25.0,,,-122.20185365327339,47.65117162215846
15d698df-6e9f-46fc-8c45-19c292201aea,033-980864TC00,53033,201186.35024086133,,false,false,10910.32806834331,25.0,,,-122.201905625782,47.65011440038964
459a4e25-d1d0-4516-82bc-762a3eaf803b,033-9808650010,53033,15926.461974131777,,false,false,9398.115496998673,25.0,,,-122.21803060177433,47.64130864971185
9c6baeb5-7460-4c00-923e-800d8568d5d8,033-9808650020,53033,15246.89814225123,,false,false,9366.156226000661,25.0,,,-122.21851784765227,47.64133555389237
92b5b589-1d0d-488e-a251-6f149c8c92cb,033-9808650030,53033,15715.022813261152,,false,false,9330.079054701284,25.0,,,-122.21902091062135,47.64129626972013
4b453b72-20c3-42d5-93a5-ba777861971c,033-9808650040,53033,15716.505584944554,,false,false,9298.376966401942,25.0,,,-122.21944900105905,47.64124106449125
73014ffe-1697-4dbe-88a0-6b3141b4d7bf,033-9808650050,53033,14973.871007687329,,false,false,9259.195585208972,25.0,,,-122.2197316077411,47.640810832366476
f7f25767-0adc-4736-bc5e-00f79863290a,033-9808650060,53033,15021.988694460848,,false,false,9293.508314649229,25.0,,,-122.21925725040923,47.6408535770872
8b7102ab-bf7f-41f4-8fe6-60910c3dfb92,033-9808650070,53033,16047.993493023849,,false,false,9321.295806407974,25.0,,,-122.21886826175647,47.64088081841732
91735e3f-3b4b-491a-8d99-d7cfebb87d9c,033-9808650080,53033,18008.869316064727,,false,false,9352.694215828846,25.0,,,-122.21847548636472,47.64098094876838
1b2adc19-b2fa-491a-835a-a041a815e09f,033-9808660000,53033,80477.35561796435,,false,false,10775.558243063815,25.0,,,-122.20626989111973,47.65310426123838
b95fd327-1351-4c92-a8b0-7cdee342a249,033-9808670000,53033,76995.46951033466,,false,false,11029.225643894446,25.0,,,-122.20340000019723,47.654322514877755
35245352-9b37-4c3f-a6e9-96dc389a84f5,033-9808700005,53033,10899.175394999504,,false,false,9817.569999148895,25.0,,,-122.21423123740368,47.64473056019705
1c0301ee-b8fd-4b14-bb04-09b54802f14e,033-9808700010,53033,16249.574700901607,,false,false,9824.88460541112,25.0,,,-122.21424618124595,47.64490200467944
bd8c5880-c2f5-4c50-8e07-622322608700,033-9808700019,53033,16131.573702056163,,false,false,9833.706737318696,25.0,,,-122.21426413448971,47.64510782433546
9334a7b7-b328-4228-b862-36f570d4cfcb,033-9808700025,53033,21323.58929467921,,false,false,9844.053343994634,25.0,,,-122.2142850597614,47.64534785078698
31cbd3aa-81ac-499e-ac11-a39abe3c851b,033-9808700035,53033,21112.561462823014,,false,false,9855.958077119216,25.0,,,-122.21430898779485,47.64562227649117
c90e5e93-064b-4b75-980c-0d8c17be338f,033-9808700045,53033,20901.41354764323,,false,false,9867.943124807116,25.0,,,-122.2143329160512,47.64589670194108
03a40485-73c3-4c3f-bee2-4ec3d965151a,033-9808700055,53033,10861.941421359012,,false,false,9894.298015841796,25.0,,,-122.21414731732885,47.646176411826175
d9b78242-2c2c-4ab9-9c26-f4af3b5d5ca9,033-9808700060,53033,10883.65136672301,,false,false,9866.398388386207,25.0,,,-122.21456675095536,47.646179858238774
37330e23-cb8a-4c7f-9558-64a4de77fdf9,033-9808700065,53033,10275.823614685338,,false,false,9815.933908392972,25.0,,,-122.21535347626696,47.646222267903696
4cb92f23-bc57-47d2-a6f6-4c95a929082b,033-9808700066,53033,15957.825033687743,,false,false,9835.622799916267,25.0,,,-122.21492480364896,47.646043513735705
5207f448-981e-4380-994e-cc289dd4088b,033-9808700070,53033,8184.808348359537,,false,false,9806.678254946479,25.0,,,-122.21534558881879,47.646027543586065
365e2e3d-8d27-487f-95d1-df11d6fa45b9,033-9808700075,53033,8184.206947441841,,false,false,9798.504396003455,25.0,,,-122.21533858732354,47.645854878968905
4885dc0f-3dd4-4b14-8222-cb46686bafee,033-9808700083,53033,11530.842847563195,,false,false,9801.808087044563,25.0,,,-122.21516798649307,47.645691996213486
8853f288-5c42-4cba-b4c2-7c9ad98aece0,033-9808700087,53033,11696.761032279854,,false,false,9794.798920560062,25.0,,,-122.21516077734957,47.645541135313216
48d9c42c-6022-4c74-b6a6-d7958393cd62,033-9808700094,53033,12557.664607010618,,false,false,9770.05114391656,25.0,,,-122.21535871735648,47.64530943523295
9dbfa05e-8695-4195-8f2e-e34f39fe8e90,033-9808700095,53033,12011.990080193782,,false,false,9798.910043693317,25.0,,,-122.21492565044093,47.645305085425626
5354eee9-36fe-42c4-ab08-f99dfd3b7854,033-9808700110,53033,16157.827658780003,,false,false,9772.316911405098,25.0,,,-122.21513243570843,47.645046827676055
76ee9ec1-6cf5-47c9-bd97-969a69d87a0c,033-9808700124,53033,21739.219693066516,,false,false,9761.47153622176,25.0,,,-122.215118936664,47.64480672012968
49d87edc-7d87-4258-8137-f59bf8d1674b,033-9808700130,53033,16317.306231660079,,false,false,9690.092907662876,25.0,,,-122.216162095931,47.64478173595134
fe2bdfc6-f023-45f1-b22a-94310162f84c,033-9808700140,53033,16205.028658670168,,false,false,9699.879199990159,25.0,,,-122.21616723430003,47.644987403224015
e2d82dbd-d0b1-4f18-9ba8-6b2014e99c27,033-9808700145,53033,12002.236171570557,,false,false,9724.259711605211,25.0,,,-122.21597999245155,47.64522634233183
948e62a3-1bfd-487e-8078-90ac8e65de47,033-9808700146,53033,12822.046762111382,,false,false,9701.29176028843,25.0,,,-122.2163552523136,47.64527043035822
fed27c4c-7560-43da-84ea-d9f66a5fb293,033-9808700154,53033,13997.07429616531,,false,false,9724.39989397301,25.0,,,-122.21618008890843,47.64549883078488
8f2d004e-86be-4bc5-a52d-c90637ed0ba8,033-9808700161,53033,14333.439499974025,,false,false,9733.276274247803,25.0,,,-122.2161846984865,47.645682574876155
5a78aa01-b329-4eed-a59c-cdda4eb405de,033-9808700170,53033,10473.454374710567,,false,false,9741.124938705168,25.0,,,-122.21618876220457,47.6458444521223
e02b33f3-5e06-4395-bf5c-e5ecb2f1cbba,033-9808700175,53033,11498.2507019378,,false,false,9749.430186449228,25.0,,,-122.21617339761153,47.64598911280957
8bff0cce-f11e-4b9f-86bb-4cc6e96cb334,033-9808700178,53033,10115.898735801187,,false,false,9772.254954526681,25.0,,,-122.21599500331283,47.64620542817255
086a7623-50fc-4858-b69f-96418de59b17,033-9808700185,53033,10472.515604079454,,false,false,9743.805954602534,25.0,,,-122.21641409058292,47.646195658573546
ec865e36-2559-4612-bf85-307abedf8f32,033-9808700200,53033,16028.048582441936,,false,false,9712.98345484152,25.0,,,-122.21682650120874,47.64613003065789
a397b2c8-03c7-4e34-95f3-ff0c7650dee9,033-9808700205,53033,16018.09835080447,,false,false,9685.147950211995,25.0,,,-122.21724697945967,47.64613356714415
099f994e-a8f8-4391-9ca7-2aa65b2b76f1,033-9808700230,53033,20999.007164753173,,false,false,9681.262277888083,25.0,,,-122.21703883683848,47.64578315522566
a46ceb86-0992-41b4-b9be-8e41814ded26,033-9808700235,53033,21209.11134875412,,false,false,9667.352197790764,25.0,,,-122.2170404684106,47.64550900173552
02d0231c-68ba-4c32-9117-244d9bf9ad0a,033-9808700245,53033,21419.342762288008,,false,false,9653.518192609461,25.0,,,-122.21704210174887,47.645234847649114
5a1e526e-16ce-482e-b50b-1b7f45f145bc,033-9808700259,53033,18629.241779605145,,false,false,9636.900576128619,25.0,,,-122.21709488658763,47.644972142099164
7c7f2fdc-a2e0-4691-a9ac-54aaecd3f68c,033-9808700262,53033,5999.9636474884255,,false,false,9654.197242462147,25.0,,,-122.21672544065798,47.6448210648243
f53323a5-dffe-46f4-8f5d-592fc435ef9c,033-9808700266,53033,7892.1746727543195,,false,false,9621.388405645572,25.0,,,-122.21716664422145,47.64475629363854
61533c38-5869-4045-9323-e261fef458df,033-9808700275,53033,19463.78334658325,,false,false,9785.408024048442,25.0,,,-122.21625419638931,47.64680317158575
7221058c-b9bd-409d-90e9-f91bd0ea66ec,033-9808700279,53033,8038.840188157454,,false,false,9788.518371132366,25.0,,,-122.21601687469015,47.64655481637684
fcaf57e2-f530-4c1f-a935-215fe2e4285f,033-9808700281,53033,8038.851905315768,,false,false,9761.546680242769,25.0,,,-122.21642451876325,47.64655811822867
3eb3eec1-03c8-4c85-8c90-d22ad52da52b,033-9808700290,53033,16075.45384481723,,false,false,9721.132789297628,25.0,,,-122.2170359230182,47.64656306727652
39608249-217c-4ef6-935e-9317b1847b80,033-9808700305,53033,14647.639647457801,,false,false,9813.280019408741,25.0,,,-122.21625957446146,47.64735127461142
b0d9c16f-0231-4c2b-a88b-e934abf7f29d,033-9808700315,53033,14535.465955573856,,false,false,9868.476205859832,25.0,,,-122.2165150523137,47.64872416336511
cac70c84-6ef2-4d06-89e6-67ed45a12e8a,033-9808700325,53033,18371.857646265784,,false,false,9855.140028532565,25.0,,,-122.21647399825822,47.6484218426329
59640b40-0a2e-47c0-8b2c-527c019dad19,033-9808700340,53033,12811.17924388762,,false,false,9843.155178882633,25.0,,,-122.21643684527872,47.648148246292415
06d2ef54-8231-413e-8a49-166d5cffac78,033-9808700345,53033,15940.721395372208,,false,false,9801.965125733344,25.0,,,-122.21708732558015,47.648180571814606
76e26d89-0d52-439a-899d-77bbb5e7f720,033-9808700350,53033,15236.645751931328,,false,false,9815.928389377772,25.0,,,-122.21709603771558,47.64845476336934
ae2d5990-8c11-4631-99a2-a861e8ee26e7,033-9808700355,53033,14532.523717928969,,false,false,9829.9660895672,25.0,,,-122.21710475097125,47.64872894988903
8b7707cd-cd1a-4aab-8458-ca9339d0362a,033-9808700365,53033,7660.177562810176,,false,false,9922.874867606472,25.0,,,-122.21658489735584,47.64982153435142
a02abc1c-ae26-4087-a82e-3fe6e36f2d6b,033-9808700370,53033,6978.835471260553,,false,false,9910.536303930548,25.0,,,-122.21663115635253,47.649649733756505
0c125860-b4a2-4021-ba7c-6dc24b23e632,033-9808700375,53033,7305.283301264542,,false,false,9903.093763192996,25.0,,,-122.2166133926184,47.64949054091386
fae2afd4-f7c9-45dc-8cae-1c4673be54dc,033-9808700381,53033,8328.828670652734,,false,false,9899.142257277888,25.0,,,-122.21649209462073,47.6492695351603
5cb480d1-aff6-4f3f-aae3-65c6c18534f6,033-9808700390,53033,12600.574575647766,,false,false,9872.827334810492,25.0,,,-122.217127283357,47.64955274079367
fb23003b-c235-4ef7-9c64-dea96569ce94,033-9808700395,53033,9876.159341329578,,false,false,9885.470143297054,25.0,,,-122.21713977793792,47.64980042210671
5affe267-08f6-4d7a-bc65-b64ff6c71baf,033-9808700400,53033,7318.871431752452,,false,false,9903.747524655177,25.0,,,-122.21699186716985,47.64995856543063
6cfc127b-dab7-4a84-9bfa-63f19710f219,033-9808700405,53033,13367.35710709197,,false,false,9929.416165455774,25.0,,,-122.21667685865735,47.65005218022433
721b45be-2d0c-400d-b609-ed5615bf7a97,033-9808700415,53033,6559.922375342368,,false,false,9996.715886576218,25.0,,,-122.21618331266824,47.65069369993584
f1a8fec9-1f02-4252-8ddc-d923d774c41e,033-9808700420,53033,11495.756034159662,,false,false,10016.60048506888,25.0,,,-122.2160684296287,47.65091911115948
c7b53500-537c-4767-9d02-c0d1eb165bc0,033-9808700430,53033,13579.177163886561,,false,false,10034.196612204869,25.0,,,-122.2157290179425,47.65083740587559
bf1287a6-e05a-4c12-83f9-6235ff6fed55,033-9808700440,53033,14046.050431125625,,false,false,10015.748736454449,25.0,,,-122.2157435259981,47.65051792960185
95303863-42be-41e6-9f50-7fdcc8c2c0df,033-9808700450,53033,7506.867914614817,,false,false,10005.75680521737,25.0,,,-122.2157281320073,47.65031630126703
ab099a8f-e180-4ce0-9720-681e8a2c6470,033-9808700455,53033,9810.86817966439,,false,false,9998.848168768574,25.0,,,-122.21548937212575,47.64990075414149
bb792fc8-9786-403f-9cdf-4883d83a7d7e,033-9808700460,53033,12164.497207613707,,false,false,9983.389048853021,25.0,,,-122.215472419139,47.64959285361827
74e4a4fe-1dad-4700-8481-0cfb24fabf81,033-9808700470,53033,12872.88984888257,,false,false,9974.843208344515,25.0,,,-122.2153785243143,47.64931798978933
47334a4a-9d8c-4fbf-a910-834c20e0d93d,033-9808700480,53033,9552.421028301042,,false,false,9967.65861095429,25.0,,,-122.21529812055081,47.6490837616626
592f5d61-8f3d-449b-9f10-cdeb61b38ea8,033-9808700490,53033,11087.783109052,,false,false,9961.328340376458,25.0,,,-122.21522816654151,47.64887744950212
49eac3ab-e6cf-4899-8cee-2d686824b37c,033-9808700495,53033,22237.285189826307,,false,false,9951.788414278077,25.0,,,-122.21511960307083,47.64856072938414
cbaca1fc-7d96-4399-8636-d255745a2235,033-9808700510,53033,12560.743008106698,,false,false,9942.410015317158,25.0,,,-122.21501197534232,47.64824594512334
7e8c5a82-141c-46d7-b528-f33ef305c38b,033-9808700520,53033,11273.638495811078,,false,false,9936.337687900657,25.0,,,-122.21494153741794,47.64803992976709
c60d3614-ea17-4f7e-8135-292fb2736c4f,033-9808700525,53033,8299.696462834572,,false,false,9931.532158609962,25.0,,,-122.21488536138033,47.647875628358875
5db60dc9-c44a-49e4-b2e9-3d48341a6cb2,033-9808700529,53033,11825.919336924702,,false,false,9926.755480234886,25.0,,,-122.21482913899648,47.64771118497716
c6eabc0e-a735-4474-9802-fb55b884a78c,033-9808700530,53033,11824.532976338825,,false,false,9921.327117974115,25.0,,,-122.21476476045633,47.64752289513447
fac23840-50ce-4cce-9bb2-7394f1e0106c,033-9808700550,53033,20509.841819270332,,false,false,9914.218289098324,25.0,,,-122.21467966836752,47.64727400727226
108a2115-3b99-434f-ba63-2d99e51f978b,033-9808700560,53033,24329.648586895928,,false,false,9904.866912187435,25.0,,,-122.21456630589185,47.64694244195747
37febda1-05d1-42b9-8768-7bf5b56a2fc9,033-9808700565,53033,24266.9659585007,,false,false,9895.322355986878,25.0,,,-122.2144488793181,47.64659896520191
9f4de553-0497-4a3b-97d6-c844ddc61663,033-9808700603,53033,12866.82308261216,,false,false,9829.208178034984,25.0,,,-122.21545253126057,47.64661559869137
1a04ccda-e5a1-49e0-b198-f16e4be03bcc,033-9808700604,53033,11780.521853854012,,false,false,9856.98988008382,25.0,,,-122.21535978275998,47.64703958856408
891b6678-9ead-4823-8fad-1654e90b5504,033-9808700605,53033,12005.614359864481,,false,false,9850.950957331564,25.0,,,-122.21531880137822,47.64686791199056
22e88372-eb76-48d2-b5fc-d711131a1640,033-9808700606,53033,12000.135474077722,,false,false,9855.576366141786,25.0,,,-122.2150476463571,47.64660321262603
8046bbbc-f1b6-48f1-bba2-651bf7bbb5f0,033-9808700631,53033,20037.76455815878,,false,false,9865.360414820152,25.0,,,-122.21541620697481,47.64727595738023
26f80988-0508-4c4a-9cf5-b9a2d39bae3f,033-9808700641,53033,15771.98546137812,,false,false,9875.181016046972,25.0,,,-122.21548185846066,47.64755097589074
1818db5f-56bb-4d0c-b517-bd9b3162f6ff,033-9808700650,53033,8520.110909783525,,false,false,9882.117283723324,25.0,,,-122.21552788142898,47.6477437642753
d4445d21-4676-44d9-afec-fd576471c028,033-9808700655,53033,16521.436725586966,,false,false,9889.550788032797,25.0,,,-122.21557688957667,47.6479490621601
d306a30b-b464-4238-adc5-6bd87dce7f6c,033-9808700665,53033,8001.31547184485,,false,false,9897.085146152485,25.0,,,-122.21562624295082,47.648155797002985
21d59345-8516-4ac9-a13e-c8a073716134,033-9808700670,53033,9737.248863056524,,false,false,9902.73618166749,25.0,,,-122.21566304967112,47.648309978311495
33e41c2e-19ac-448c-913b-0f0aca7d328e,033-9808700676,53033,9359.844842790608,,false,false,9909.010065747862,25.0,,,-122.2157037069073,47.648480289714655
377a1f43-727c-4019-bbd2-b024d722b316,033-9808700680,53033,9149.701767785828,,false,false,9915.298094807515,25.0,,,-122.21574424198825,47.64865008922532
7c748994-9893-4872-afa6-7f42704548c1,033-9808700686,53033,8883.786723155115,,false,false,9921.637588936233,25.0,,,-122.21578489859867,47.64882038975177
5b5199ec-e41e-48f2-bec2-a9515290d997,033-9808700690,53033,7245.940743448721,,false,false,9927.499883811219,25.0,,,-122.21582230629575,47.648977085595696
227229ce-bc79-4247-af86-476e0f34e299,033-9808700700,53033,6790.785314238343,,false,false,9932.765360457835,25.0,,,-122.21585575537614,47.649117197722155
09fd5ad8-9f2f-45a7-bf06-49ebccfc1c6b,033-9808700705,53033,13062.876660375958,,false,false,9940.513327671468,25.0,,,-122.21590472065712,47.64932230064776
dbf13da3-1f77-4db4-a3ba-e0ba0ff5cd36,033-9808700712,53033,6250.550175819995,,false,false,9948.430644257718,25.0,,,-122.21595319339588,47.64952906649868
8c3e7f29-63bc-40a0-89a8-3164635d03b9,033-9808700715,53033,5823.363680991265,,false,false,9954.306824310012,25.0,,,-122.21597573766132,47.649665632593056
8bc6937e-a938-4a57-bd5c-f218c232b7fd,033-9808700725,53033,375657.61733862874,,false,false,10087.555606023237,25.0,,,-122.21229246041949,47.64755562518433
48fe52a7-9bc4-4999-a8fe-278278a733dc,033-9808700735,53033,7541.775468211026,,false,false,9951.016508561386,25.0,,,-122.21351402910841,47.646463412681015
4f9297f1-6a38-4d42-a5bf-1f1ace71b3e1,033-9808700740,53033,29883.874544706927,,false,false,10141.074641685263,25.0,,,-122.21398178390923,47.650706117418025
30c46c70-ea8e-432b-8d63-bb16b3e955da,033-9808700741,53033,16638.907565298483,,false,false,10079.67751283839,25.0,,,-122.21483451053419,47.650601984864394
65a53538-4840-42e1-b02d-029554752d43,033-9808700744,53033,13144.058631237429,,false,false,10066.933915963868,25.0,,,-122.21484407317467,47.6503787679457
01d598b9-4726-4455-8a87-a9e7599c6856,033-9808700745,53033,13850.863485532012,,false,false,10113.039688699326,25.0,,,-122.21417057512488,47.65041623479133
df6669fe-551a-4f14-964f-ebdbca1ddb94,033-9808700746,53033,15605.682897540426,,false,false,10149.355555089229,25.0,,,-122.21363125106744,47.65043442260828
fc0813e6-bf61-49c6-9191-7e6d6f676470,033-9808700747,53033,10218.308354018234,,false,false,10047.240845460447,25.0,,,-122.214898219492,47.65008003287421
6bef1937-bb44-4c5b-952f-aafc4556c2e5,033-9808700748,53033,22207.289155692662,,false,false,10091.502963459221,25.0,,,-122.21425821129412,47.650123016279146
e467d8f7-ed62-4eed-82bc-e921a9cd572e,033-9808700760,53033,12089.667711296412,,false,false,10038.824288620037,25.0,,,-122.21479277255078,47.649794940987704
c4674b0f-e66c-4df8-a269-e63db68e14bb,033-9808700761,53033,12166.566152229834,,false,false,10073.987025354676,25.0,,,-122.21429108838265,47.649836546174335
ecc4ed02-50d2-41f6-ad93-250c11280fd6,033-9808700762,53033,37327.171952806566,,false,false,10128.833008810889,25.0,,,-122.21359351084156,47.65000538242851
77892718-dfb9-4a6d-97eb-1596e4181a78,033-9808700770,53033,38489.76739981278,,false,false,10160.63506041435,25.0,,,-122.2128469437782,47.64967914716092
e4f8c497-cac3-4050-be86-4b1841007ac9,033-9808700771,53033,12038.860547035105,,false,false,10076.195992205667,25.0,,,-122.21405211513,47.64958337660766
c6198f0d-9280-4c8c-a5b5-bc97b9f4f69c,033-9808700772,53033,18730.960175189968,,false,false,10048.444234748416,25.0,,,-122.21446053028384,47.649566644845855
4c17ecd1-e809-45df-bdaa-b8c5607d8909,033-9808700780,53033,36477.934390167306,,false,false,10115.712394457834,25.0,,,-122.21335347245,47.64946078554519
a34b6e73-bd29-4b37-b7f1-0577961934a9,033-9808700785,53033,36579.5487568479,,false,false,10110.29322049715,25.0,,,-122.21333623895146,47.64933648495236
e0ae261a-8fcd-415a-b021-a59aef2d6ee6,033-9808700790,53033,25450.606473380125,,false,false,10077.989026137686,25.0,,,-122.21366966898958,47.64914075310701
06acb3bb-aa0f-4bb1-962e-fd381bf6aea8,033-9808700791,53033,12876.089820923266,,false,false,10195.724469700099,25.0,,,-122.21211924935626,47.64943314779621
0fdc356c-5479-42b4-b7db-fdeb00e32dc9,033-9808700795,53033,49671.152885616866,,false,false,10153.608096832653,25.0,,,-122.2125325431966,47.649150224567045
1ee18e03-6983-43cc-8da3-0ec3c814438e,033-9808700800,53033,27468.57202145712,,false,false,10034.572083431724,25.0,,,-122.21412553674054,47.64888725792616
b36f0c73-4d19-4a67-b054-0d9205f2a6af,033-9808700805,53033,38430.963034856504,,false,false,10107.281032296567,25.0,,,-122.21302091103097,47.64888150031307
a3bef2c2-91e8-41f5-9d19-a9c50fe19dff,033-9808700810,53033,39201.232321274736,,false,false,10106.236476483484,25.0,,,-122.21294952876045,47.64877070831294
96f208cc-a526-4f56-bcaa-1f4e8c01daa7,033-9808700815,53033,39554.54640006128,,false,false,10104.397677907826,25.0,,,-122.21288851864311,47.648657511082405
89fa3e5a-d245-4a70-8d1b-125d1e11e8cc,033-9808700820,53033,18608.18344235026,,false,false,10004.599469476492,25.0,,,-122.21404088181578,47.64820555094735
d30b4ff7-8eb7-478e-b8c1-67ae59781b6e,033-9808700821,53033,62624.626549817505,,false,false,10131.814915831043,25.0,,,-122.21241170580632,47.64857645607714
8a35c5dd-7c1f-4801-806b-1136e6bb82a8,033-9808700830,53033,17135.23462529566,,false,false,10132.407976696892,25.0,,,-122.21217837085297,47.64828687866889
e2661782-3825-4dee-a30a-a92c654af428,033-9808700839,53033,17064.57463087176,,false,false,10187.29081957149,25.0,,,-122.21501378594274,47.652753939485116
f647e5ef-de1b-4701-a028-5759f1ddef0c,033-9808700842,53033,7076.889450062951,,false,false,10207.15679506197,25.0,,,-122.21470987848002,47.65275828737726
35ee90fe-42bd-4502-9e4a-46b71093cf2c,033-9808700843,53033,9841.952318226146,,false,false,10241.676717823959,25.0,,,-122.21407478191162,47.65264187053859
b419faa0-549c-4231-9877-c67d96a00eb3,033-9808700844,53033,23060.71782009592,,false,false,10137.1124809983,25.0,,,-122.21494002188551,47.65177215780278
ed775d3b-452d-44d8-ba4e-814e411e5180,033-9808700845,53033,16184.879006041458,,false,false,10089.033276514652,25.0,,,-122.21539714168578,47.651440305831215
e1a9f09f-d3ef-41ca-a2c1-8b4b3e05bf77,033-9808700846,53033,11250.319224172214,,false,false,10107.190546914962,25.0,,,-122.21539475099965,47.65176455688511
ee75d2fb-af37-4ddf-87a8-0c1d2a17955a,033-9808700847,53033,12500.53435999603,,false,false,10155.793049897899,25.0,,,-122.21515865059934,47.65236055103739
35a8edeb-ba41-4ad9-8a38-85817b738889,033-9808700848,53033,9812.513228947148,,false,false,10132.311983754149,25.0,,,-122.21526703478459,47.65206654613356
75d8a7ae-c92f-4f2c-986b-16ae6fccec82,033-9808700849,53033,40092.50346847679,,false,false,10183.217122213962,25.0,,,-122.21459027996767,47.65219312199607
035bb382-027f-49d8-9e83-081ea5f7a1a5,033-9808700850,53033,14775.575357193959,,false,false,10221.174125538211,25.0,,,-122.21442765932214,47.65268327904401
3ac67950-693b-43dd-8c55-4d9cfc9ec84e,033-9808700851,53033,19526.76852766828,,false,false,10224.003330881591,25.0,,,-122.21394000291501,47.652168237872615
cff36d0d-ed88-40e6-a26c-74d620f1b534,033-9808700852,53033,12193.135492596533,,false,false,10239.89113019447,25.0,,,-122.21394438835635,47.65245884123746
4a8ea9e8-68b7-46df-9b8c-072ee7540a54,033-9808700855,53033,31165.472964839533,,false,false,10182.188398510993,25.0,,,-122.21424831933199,47.65177486464973
cd0de24e-8031-4614-85c0-23924c58d284,033-9808700880,53033,23539.846776642247,,false,false,10183.78480737093,25.0,,,-122.21410615896801,47.65163625605838
f3bd0865-61f0-487a-96c5-da7e7d764e14,033-9808700890,53033,23922.462663074646,,false,false,10106.401386457566,25.0,,,-122.21490227352955,47.65117165827918
1567d759-8ecf-4c2f-80fd-0f99d5d84087,033-9808700900,53033,14387.121009668585,,false,false,10176.222122798214,25.0,,,-122.21406105987803,47.651445356216215
6483ca04-fe0b-4882-9c58-cc40f688a40f,033-9808700915,53033,18054.834041443613,,false,false,10168.014121312526,25.0,,,-122.2140316206304,47.65126059786311
7b872b8c-ef2e-47d5-8c9f-eea40f1c9781,033-9808700920,53033,12785.70143787607,,false,false,10017.639634291721,25.0,,,-122.21664727886065,47.651613893864216
394c0267-77eb-4853-bef7-7bb7a749d465,033-9808700935,53033,17076.264809484088,,false,false,10021.723279430435,25.0,,,-122.21641370189167,47.65141611008877
acba1053-5e0a-4252-818f-25e9323efc0c,033-9808700959,53033,18721.4378858666,,false,false,10049.42345385613,25.0,,,-122.2167763262002,47.65232607394896
41db395e-043e-4b91-ba92-97b889bbe7bd,033-9808700965,53033,31132.176487934845,,false,false,10024.601232221079,25.0,,,-122.217059695389,47.65221031422875
960a32d8-ca9b-4519-bdd3-d4e70f9ae3c8,033-9808700975,53033,16042.768155068088,,false,false,10000.3253012667,25.0,,,-122.2173076038121,47.65206385654849
ffc4fd6d-48c1-408b-ae92-f86a162fee40,033-9808700978,53033,7257.629846960398,,false,false,9988.140057367365,25.0,,,-122.21716906984646,47.65168953082602
d2772f83-b4e8-4d5f-b319-c640efb7a789,033-9808700979,53033,19554.43810402239,,false,false,9976.165833587309,25.0,,,-122.21757913189892,47.65194632057883
b3a743a4-548f-462a-9a8d-283a3ee8f5ff,033-9808700991,53033,15107.558200178733,,false,false,9967.721768683514,25.0,,,-122.21684287166127,47.65094543072804
0a50d8ae-6e45-4eb4-9f12-f49a08228712,033-9808700992,53033,22540.69645069349,,false,false,9932.381301989195,25.0,,,-122.21785929611005,47.6514910877965
d323a033-f5aa-448f-a440-f2fb6b8d9fbd,033-9808700994,53033,17275.872349987127,,false,false,9955.056850934307,25.0,,,-122.21719477946328,47.651128328488234
b902af1d-ada3-4c09-ba73-beaa01d0fe12,033-9808700995,53033,18890.931228701615,,false,false,9918.79368219135,25.0,,,-122.21790556913207,47.651302626547974
ed5e6ae1-59a8-4f3c-a9b8-5b8eb5ca296e,033-9808701010,53033,27698.80784004562,,false,false,9846.331663563724,25.0,,,-122.21830652519658,47.65047004035187
3cdc612d-9297-4e3e-a9a2-69c0f3452f50,033-9808701015,53033,25528.702094033953,,false,false,9831.492222083385,25.0,,,-122.21843860850456,47.65035712907015
b8bd4d6b-a0ec-45e0-adf5-36f6d9300277,033-9808701020,53033,49829.78852730113,,false,false,9784.328480140486,25.0,,,-122.21881876878953,47.649951197751165
36694010-2a50-442d-81c5-ec4cc47dbf06,033-9808701030,53033,25264.744925639177,,false,false,9763.335595019951,25.0,,,-122.21900206103965,47.64978676379843
bbad438c-8544-4c8d-a1ef-e4fb8dd27043,033-9808701035,53033,28771.081207666484,,false,false,9747.159348035917,25.0,,,-122.21916450803356,47.64968501458034
1edfa0b1-3b92-4f1c-aba5-412ac7263ada,033-9808701045,53033,42703.281146839356,,false,false,9671.764515373898,25.0,,,-122.21980455112423,47.64907123657258
0d05efb1-69f0-4b49-b5f4-6d10f4b8c58d,033-9808701050,53033,54567.33906386552,,false,false,9646.228918151519,25.0,,,-122.21996592863309,47.64879655345435
e74e983b-6e87-45fc-94e7-a77021d81ee9,033-9808701066,53033,16625.615811855027,,false,false,9627.928233643177,25.0,,,-122.22007461112187,47.648590815880254
cb8c449a-cf9e-45d2-b985-2b764d1eddb4,033-9808701075,53033,19227.792092357737,,false,false,9610.263948389025,25.0,,,-122.22022831377386,47.648450588733105
48028554-1c64-4c66-8044-950baed6c768,033-9808701076,53033,15002.722993166988,,false,false,9654.521741343347,25.0,,,-122.2194760688404,47.64835869103121
01bf9975-c06c-4a46-822c-be6de7036244,033-9808701084,53033,17949.334488030137,,false,false,9577.11173707581,25.0,,,-122.22068415583969,47.64838874130126
1177fc4e-6a8b-4385-8790-e9326d341cc5,033-9808701095,53033,16172.035595829313,,false,false,9808.787664057036,25.0,,,-122.2178092901444,47.64919417070196
7aaabaf2-39dd-4209-9ce9-4964f2c41a5f,033-9808701105,53033,9390.419996363316,,false,false,9784.058592932208,25.0,,,-122.21797597603782,47.648938465397784
470b8227-afa2-43a7-ae0f-412892c02b75,033-9808701110,53033,11045.12296861145,,false,false,9771.330631069675,25.0,,,-122.21804376994164,47.64878467661775
b63a692d-db92-4585-84c6-85be4640f0f7,033-9808701115,53033,16829.52333486741,,false,false,9753.255396682845,25.0,,,-122.21818447891013,47.64862008037239
59aec6a1-f5f8-4471-8e73-6715af71684f,033-9808701120,53033,15992.779521379643,,false,false,9756.483631874713,25.0,,,-122.21791726584163,47.648352609137476
038fcf66-0155-4e22-857e-13d322fec4f8,033-9808701132,53033,17979.40041784844,,false,false,9719.521162386043,25.0,,,-122.21848184984422,47.6483549204525
8e2b87ba-4b10-42bf-b81e-a6d3da433129,033-980870TRCT,53033,37005.83166334767,,false,false,10190.694605507035,25.0,,,-122.21182183644474,47.64895858650704
b2788a28-c518-4989-b227-47e6a04b2585,033-9808800000,53033,87931.33404458205,,false,false,10671.286003027977,25.0,,,-122.20549014571863,47.65012411922563
d22a6018-0f47-468f-8c39-d8f050b65ffa,033-9809000010,53033,16693.44145845972,,false,false,9617.735045277523,25.0,,,-122.21802102896041,47.64582199495675
c91b6a99-0e2c-4c20-bea4-6cec6464266c,033-9809000020,53033,16665.233041479245,,false,false,9577.390153965573,25.0,,,-122.21862768019952,47.64582288112642
3cae42c6-e88a-48f6-9382-f3db0a54b47a,033-9809000030,53033,16686.269945005148,,false,false,9537.060851449723,25.0,,,-122.21923450605065,47.64582339961092
87f353e1-486f-4b19-b90a-9c9a8dfe5c65,033-9809000040,53033,16403.299500916288,,false,false,9497.069427838127,25.0,,,-122.21983696926469,47.64582395191639
448f9017-d482-4765-960c-99162657deec,033-9809000050,53033,16170.300905054488,,false,false,9457.705220846174,25.0,,,-122.22043045885493,47.645824228155945
aeb5fe2d-a97c-48fa-8a72-e64e63293afc,033-9809000060,53033,22257.252111457758,,false,false,9409.901860902337,25.0,,,-122.22117026913243,47.645847682197584
627fe72d-3840-4eff-9b88-c1a10e0c4a03,033-9809000070,53033,14618.65232790016,,false,false,9373.807974585437,25.0,,,-122.221694767893,47.64582113273475
22ba3405-71e7-41ef-a71b-c5cb3036861c,033-980900TR-A,53033,18414.617784667884,,false,false,9529.312528162547,25.0,,,-122.21948902894766,47.646001419313336
028faa4c-1dbb-43b5-a9f0-f0e4480589fd,033-9809500000,53033,500715.60204924137,,false,false,11050.319487466315,25.0,,,-122.19480835257008,47.64244374626888
0b42d557-cb9c-45f2-af77-3de307389f87,033-9810500000,53033,375631.5584056601,,false,false,11565.162687283704,25.0,,,-122.18829016350975,47.64392588794542
971c18f1-a60a-47bd-9db0-0bc5e5ae4b6e,033-9811700005,53033,6251.560659370472,,false,false,11864.68959331496,25.0,,,-122.29581862182722,47.71006563191796
f1fdbb02-ecd1-42f8-83df-46cc768c2865,033-9811700009,53033,7426.2916374697725,,false,false,11850.20434888011,25.0,,,-122.29581941972695,47.70993192064754
0f9a991b-e5d3-422d-a254-3b34eaefd85a,033-9811700016,53033,7694.878889329776,,false,false,11834.159106390025,25.0,,,-122.29582086266794,47.70978388785441
c73f36c5-4522-45f0-b473-794afc7585aa,033-9811700020,53033,5309.368022792442,,false,false,11820.341683970471,25.0,,,-122.29582211293614,47.709656401601876
5d20d1a6-b413-451d-9e6c-84d5da20d0bd,033-9811700025,53033,6977.2009417990275,,false,false,11807.26981928954,25.0,,,-122.29582329041612,47.70953578614479
310d71aa-20d5-482d-b8ba-114735ae7392,033-9811700035,53033,8637.69738686467,,false,false,11790.63399310568,25.0,,,-122.29582479108828,47.709382275774345
29d6d2a6-1820-4cae-bb21-28ede9802e9d,033-9811700045,53033,7788.541045459194,,false,false,11773.106753960274,25.0,,,-122.29582637404097,47.709220527587064
335f15dd-aa32-4ec1-976b-7242cca260e1,033-9811700055,53033,6943.346802533803,,false,false,11757.363322260708,25.0,,,-122.29582779112494,47.70907522938907
59594fd5-bd04-41b2-91d2-ef9c76c6d55d,033-9811700060,53033,6933.4232725107995,,false,false,11742.512408570601,25.0,,,-122.29582912965182,47.708938159128614
e0dffd48-0e7b-4ee0-9e91-318c8cf4c596,033-9811700065,53033,8628.382392058755,,false,false,11711.713943675077,25.0,,,-122.29598733805585,47.70867877494398
c99a7467-5271-4bb7-a87c-ffdf836f3772,033-9811700070,53033,7420.437174780952,,false,false,11715.596004813635,25.0,,,-122.29575455337886,47.708677326651284
2babd913-edda-40e4-a3c9-e0f1d29de6b9,033-9811700085,53033,7630.517448784046,,false,false,11719.288607180466,25.0,,,-122.29553624053962,47.70867624107797
7fa3221b-cc61-4433-842f-ad8708897d32,033-9811700095,53033,7630.494697047386,,false,false,11723.055050837214,25.0,,,-122.29531488094638,47.708675142284115
754555c5-415a-463b-8177-f01198bed4e2,033-9811700105,53033,7420.468702426286,,false,false,11726.791361025267,25.0,,,-122.29509656714683,47.708674057838
7749f3f0-7a8d-4c27-9791-76015fdad4cf,033-9811700125,53033,6918.080212586873,,false,false,11752.027364358508,25.0,,,-122.29526657351589,47.70893534791467
82cdfae8-2fd0-4c8a-9a70-f679ae81a661,033-9811700130,53033,6243.390204870478,,false,false,11766.141097523247,25.0,,,-122.29526540421983,47.70906573732186
9ba1c4c0-242a-417f-9ce3-9f8c0348db94,033-9811700137,53033,6226.190398091725,,false,false,11812.93864319435,25.0,,,-122.29525940421384,47.70949767016093
d7cab6ca-bcb4-4c22-814e-c7d99d789af2,033-9811700138,53033,6226.13918514999,,false,false,11826.303705023318,25.0,,,-122.29525782798397,47.709621032660166
fd7a5685-bc7d-4790-9501-e3e4a5575311,033-9811700139,53033,7194.650024730746,,false,false,11780.56922666707,25.0,,,-122.29526321484173,47.70919886103006
68b5994b-35ca-48b1-96ad-cb776e21f9ce,033-9811700140,53033,8370.72777196196,,false,false,11797.272928484266,25.0,,,-122.2952612491316,47.70935306216056
81163eed-d4cd-4c32-9f05-f01d4b3cd204,033-9811700150,53033,9339.240397469004,,false,false,11843.011019161755,25.0,,,-122.29525586152128,47.70977523503932
0031f15d-1a77-4266-bece-716807b83606,033-9811700165,53033,6634.252405711553,,false,false,11873.525645483494,25.0,,,-122.29525226715865,47.710056843470454
c31fd4c6-ad26-40ce-bffb-8cddd86429f8,033-9811800000,53033,17421.513268741208,,false,false,13684.032960963714,25.0,,,-122.34909363901698,47.483672309446455
4f06c71d-821c-42f3-9c3f-8d952bdd0695,033-9814700005,53033,6002.543315813882,,false,false,51051.8486649499,25.0,,,-121.99326717426617,47.2084479285627
238e48b2-3670-41a1-9cd2-46fd465c476a,033-9814700015,53033,6020.396900964653,,false,false,51044.04305964549,25.0,,,-121.99312774716722,47.20858321674942
15a5fc1e-1aa4-42f1-94a7-422684288286,033-9814700025,53033,6033.805816798621,,false,false,51036.207656650986,25.0,,,-121.99298790249283,47.20871903265873
1f3976d6-3b17-4461-a199-bceab2d03c0b,033-9814700035,53033,8900.198684568633,,false,false,51026.511370758,25.0,,,-121.99281426775858,47.20888740766105
65d1a8b3-1b53-466c-9d1d-f399224a08ec,033-9814700050,53033,8993.015121603014,,false,false,51014.93242330735,25.0,,,-121.99260658279115,47.20908871987513
18f15f35-dcd7-47f1-b08e-4a93ba0dfec2,033-9814700065,53033,8742.204645960426,,false,false,51003.51844416897,25.0,,,-121.9924010868858,47.20928758650105
55d63950-0229-4bdd-a048-a10c5fcc6c55,033-9814700080,53033,6009.5801583571565,,false,false,51009.03996304983,25.0,,,-121.99365850923502,47.208739271155636
e8b9d725-7421-4427-945c-da6154b47e07,033-9814700081,53033,5928.703729867863,,false,false,51022.742690025225,25.0,,,-121.99349659731705,47.20866029116002
b0707203-e249-43f6-bf51-22954135924a,033-9814700100,53033,5944.707278822605,,false,false,51004.17309721029,25.0,,,-121.99336899651985,47.20890257569085
74788b80-dde2-4d4b-8b95-242d93bb157a,033-9814700110,53033,5927.3578926883465,,false,false,50996.42245210313,25.0,,,-121.9932303364441,47.20903705673296
1bd35ed0-c2ad-4376-a9d5-9a5a66d1b3a0,033-9814700120,53033,8874.655108616145,,false,false,50986.770354531174,25.0,,,-121.99305747264131,47.20920467974304
d7520d55-da18-48d9-a852-f544a5c2e67b,033-9814700135,53033,5954.388009152421,,false,false,50977.0918136585,25.0,,,-121.99288456179785,47.20937268131189
8445dd8c-e382-4356-a4ec-f0923fdd4cd7,033-9814700145,53033,2920.410677558671,,false,false,50976.29099873454,0.0,,,-121.992665311468,47.20946676319596
9829e708-a061-4aa7-889b-90dacecf47ba,033-9814700146,53033,2906.301452200273,,false,false,50962.605631780956,0.0,,,-121.99282821996407,47.209545049113686
aa665c56-655d-41f8-bbe3-70922c784ade,033-9815600010,53033,2905.629549576013,,false,false,2400.1408639166293,0.0,,,-122.30084687073705,47.601524406045314
17b5f792-26b3-4371-8875-1ca71282ab9d,033-9815600020,53033,2930.854281636217,,false,false,2417.4391674352773,0.0,,,-122.30062848485194,47.60146995428534
096e7778-9895-46c9-b917-b174329ed2c6,033-9815600030,53033,2845.9862708292326,,false,false,2428.2718088098713,0.0,,,-122.30047952703546,47.60147281496049
0307c1fb-ad7d-4491-9a4a-b6f57c75239b,033-9815600040,53033,2892.771705567088,,false,false,2443.3490392002373,0.0,,,-122.30025710533663,47.60152345770219
f4b50dd2-6ba5-4882-bdf1-074c5a97af9d,033-9815600050,53033,2752.751226421189,,false,false,2445.640038026905,0.0,,,-122.30026098622244,47.60141592825495
e4ca6d54-240c-4d46-9989-58c2e486479e,033-9815600060,53033,2748.8739955090437,,false,false,2447.98599128176,0.0,,,-122.30026400931821,47.60131098922104
3004152e-f1fa-4c95-8829-62ff6c69e45e,033-9815600070,53033,2504.851789572894,,false,false,2450.278843130689,0.0,,,-122.3002669031401,47.601210646877085
c0f3fdb1-9e29-425b-876e-79d808fb0dcd,033-9815600080,53033,2501.7180984461584,,false,false,2452.512016399345,0.0,,,-122.30026966391668,47.60111490210956
cd61d431-5b42-4b4f-a0c5-355c3a075e92,033-9815600090,53033,2892.763517624894,,false,false,2454.907838013362,0.0,,,-122.30027350530298,47.60101161044554
5e065087-3333-4b8e-a143-41d7a27b96a6,033-9815600100,53033,2677.8956968255347,,false,false,2437.906840224022,0.0,,,-122.30049057345131,47.601056827302976
06bdc11f-a4a7-4eb7-b86b-5ab2961f0887,033-9815600110,53033,2704.8649730243196,,false,false,2427.087098611979,0.0,,,-122.30063864602683,47.60105794688707
8dbe8b72-0612-4542-851e-ee452476ea7f,033-9815600120,53033,2873.3299858535725,,false,false,2412.23059048705,0.0,,,-122.3008594049113,47.60101170222941
83bbd8d7-20fe-4841-9499-b15a737fe8bb,033-9815600130,53033,2500.0694689937886,,false,false,2409.7387766389515,0.0,,,-122.30085635289353,47.601114646065824
1c589b07-58ab-4757-89a2-8ee9187f94b1,033-9815600140,53033,2503.218692819035,,false,false,2407.4094475503775,0.0,,,-122.30085431804895,47.60121037875348
8e35d201-e3cf-4746-bee6-eb52ad533fe1,033-9815600150,53033,2760.037573443949,,false,false,2405.010870235693,0.0,,,-122.30085217671572,47.60131095451482
37e1bb84-f271-4369-8a43-b4159e74d493,033-9815600160,53033,2763.897529578096,,false,false,2402.5496992736303,0.0,,,-122.30084993929421,47.601416369267305
eed6caf5-7a88-4b5f-b462-f61b535d92c2,033-9815600170,53033,2688.0249856805253,,false,false,2422.2533511719894,0.0,,,-122.30063364893299,47.60125999266401
ee55ab89-05ae-419b-81a0-143032e48674,033-9815600180,53033,2797.172807879482,,false,false,2433.051455295056,0.0,,,-122.30048511515302,47.60126195128935
7f1a4d48-a45a-4700-9dd9-c9435aec8f17,033-9815700005,53033,5324.45390073591,,false,false,51044.74551955865,25.0,,,-121.98928772805213,47.210084739070794
f665a025-2823-47e8-811a-efd4de9ca676,033-9815700010,53033,5190.491238961922,,false,false,51057.683779110565,25.0,,,-121.98928722738196,47.209950270716796
98df6ebb-b42f-423b-97cf-874f7d492e85,033-9815700015,53033,5514.989147633385,,false,false,51070.813092332435,25.0,,,-121.98928700444343,47.209813715632755
a2c381ee-e393-4840-b797-a6af170c30c7,033-9815700020,53033,5443.1405344835675,,false,false,51084.2496459392,25.0,,,-121.98928592056997,47.20967431568739
51a850c9-c827-4437-9b4c-5111a523bcaa,033-9815700025,53033,5362.296726540163,,false,false,51097.44286759141,25.0,,,-121.98928543964536,47.20953722146583
21c2cd6d-fd82-43de-ac71-b2339afc57c3,033-9815700030,53033,33603.52961223754,,false,false,51145.25093559219,25.0,,,-121.98900843164269,47.20914927944831
865c7bdd-76c6-4db2-83c0-dac44a473c5f,033-9815700060,53033,5412.469236702325,,false,false,51135.62017393357,25.0,,,-121.98878551912486,47.20933765862265
1fdd5415-c348-4d52-9d06-44197fdd7fdf,033-9815700070,53033,8085.892190816088,,false,false,51119.133405609966,25.0,,,-121.98878662410726,47.209508820382005
9f850817-de68-480d-bb14-831e04339acf,033-9815700080,53033,8233.259627875186,,false,false,51099.16120592709,25.0,,,-121.98878898023383,47.20971578872228
6a7cd9cb-e58d-41ee-9b84-ba4191324291,033-9815700090,53033,7957.546779927934,,false,false,51079.384757270345,25.0,,,-121.98879017704225,47.20992120506552
b685515f-7fa9-4ffe-9ea0-9e95fedbf5c5,033-9815700100,53033,5415.336474482459,,false,false,51063.05428856816,25.0,,,-121.9887910016415,47.21009091326635
b2870a2d-7ed9-4c58-aee6-19e7a596a817,033-9818700005,53033,6000.290405167683,,false,false,2539.336176096273,25.0,,,-122.29860166919025,47.60282517237869
aaef7277-6c4b-4b78-a8c4-eb7febdc714a,033-9818700009,53033,3000.1956086485934,,false,false,2537.3918946941058,0.0,,,-122.29860100077983,47.60294853974605
3ff8b57e-9b51-4331-a82f-783f4bb373fe,033-9818700015,53033,3000.1447837221563,,false,false,2536.1359195652863,0.0,,,-122.29860055755665,47.60303078497181
4d438d1a-37b3-4a11-911a-92b172ca2fb7,033-9818700025,53033,6001.543038383724,,false,false,2534.3167105990933,25.0,,,-122.29859983644468,47.6031541621744
a4236649-891e-4356-9b3b-e206f8301c55,033-9818700035,53033,5506.023403302919,,false,false,2532.1042263311824,25.0,,,-122.29859884089197,47.603311791085694
950b3000-4c8d-401b-8ba2-a7d2357b181d,033-9818700045,53033,3504.4105530123916,,false,false,2530.451993131855,0.0,,,-122.29859811519545,47.60343515928307
d6ee0a12-1f17-419a-b091-8dc4cc6e03dd,033-9818700055,53033,4506.841871331379,,false,false,2529.0449503051614,0.0,,,-122.29859746992179,47.60354481744897
3239d60f-bf86-4f60-800f-a5df7b6ce102,033-9818700065,53033,4508.046267955385,,false,false,2527.5315033810953,0.0,,,-122.29859674308759,47.60366818043872
21f624b0-4758-46e8-ab79-65694af2ea1b,033-9818700070,53033,3006.1689185381842,,false,false,2526.3264540298733,0.0,,,-122.29859613823824,47.603770981679155
7b176c3a-c2e9-4e51-bd79-6ca3e13f8cb1,033-9818700075,53033,3006.7135962699676,,false,false,2525.39934037139,0.0,,,-122.29859565287805,47.60385322484132
37ce262f-01ba-4607-9bd6-32de130e5250,033-9818700085,53033,6015.155793583999,,false,false,2524.069871999577,25.0,,,-122.29859492819776,47.603976592848575
28b14024-ca07-4419-842b-08e3399b5ff0,033-9818700095,53033,5558.805860571224,,false,false,2522.321997050241,25.0,,,-122.2985960177993,47.60413483808197
ae7ddb03-ce76-4c3c-a51b-19eb01d0a0c2,033-9818700100,53033,4712.699594034978,,false,false,2552.5932073683116,0.0,,,-122.29819041101497,47.60413613435749
42e45be5-2d15-49bc-a7bb-834561e5835d,033-9818700105,53033,3500.0284826116213,,false,false,2553.8751631831537,0.0,,,-122.29818876163694,47.604023532044806
2da9236c-a270-4178-982e-5080516d7d35,033-9818700110,53033,4000.0294856374976,,false,false,2554.9374533326827,0.0,,,-122.29818941542541,47.603920730253805
bae588b5-55bd-4267-9fce-2eb44ce79b48,033-9818700115,53033,3000.0533915849855,,false,false,2555.9744284947396,0.0,,,-122.2981900286518,47.60382478165922
00e55c7e-f22c-4bef-a304-dbb18a6b0ca2,033-9818700135,53033,4000.075233348968,,false,false,2557.0557098235463,0.0,,,-122.29819063906983,47.60372883295907
881541da-2b98-4d0f-817f-38c3698db1e9,033-9818700145,53033,3000.006065967545,,false,false,2558.181036270209,0.0,,,-122.29819124946249,47.60363288396516
e6c3e65f-a642-484c-addf-d64f2b7401d5,033-9818700155,53033,5000.10755289074,,false,false,2559.521037501127,25.0,,,-122.29819194607919,47.603523228778954
305cc4fe-e7c1-4e12-9590-c18dc407c9b3,033-9818700170,53033,5000.214322607064,,false,false,2561.276609371232,25.0,,,-122.29819281815283,47.60338615806316
3f4cdaa7-88c2-4372-82e6-abd901072b12,033-9818700175,53033,3000.714882413382,,false,false,2562.746200581416,0.0,,,-122.29819350777298,47.603276491997235
94c7d897-3154-4c8b-aaf7-20a7e975b4a7,033-9818700180,53033,4999.733512355302,,false,false,2564.260771834373,0.0,,,-122.29819436041697,47.60316682952997
9b6dabfb-2d6f-4bff-9acd-50be64fee2c0,033-9818700195,53033,3999.263990179861,,false,false,2566.0433580528334,0.0,,,-122.2981951774522,47.60304346345991
c0a341fe-43ba-4ba9-90d7-6b6d58f88804,033-9818700205,53033,2999.3445508284553,,false,false,2567.487039709618,0.0,,,-122.29819571322402,47.6029475114931
d848ffbb-0115-4ac2-9e18-32c796eb9e51,033-9818700210,53033,3000.1134829680605,,false,false,2561.8930287094063,0.0,,,-122.29829766030532,47.60282440148222
6aa887fa-b414-482a-a865-783529ecb5d8,033-9818700215,53033,2997.8179097261454,,false,false,2576.9274287627086,0.0,,,-122.29809506554487,47.60282388957815
1322fdb1-115f-4bfb-a2b0-76ca44e02fdc,033-9818700230,53033,3000.0275928938377,,false,false,2618.182693346561,0.0,,,-122.29754816440021,47.602781370498434
e58add6f-4358-4cf8-be0e-84b6bc53e515,033-9818700235,53033,5000.263330705746,,false,false,2616.4840950334965,25.0,,,-122.29754753594872,47.602891029085626
a57fb0eb-3ec4-419f-b88e-9978f522d934,033-9818700245,53033,5000.21585937213,,false,false,2614.4391375212313,25.0,,,-122.2975467518616,47.60302810380363
b266f5d3-1531-4c11-bca6-d6307b2c6851,033-9818700260,53033,4000.837900167472,,false,false,2612.67997540618,0.0,,,-122.29754595534699,47.6031514788708
69d82037-efba-4f27-a795-f558e23b69f4,033-9818700265,53033,4000.254180398779,,false,false,2611.1914947764376,0.0,,,-122.29754503609117,47.6032611462003
27267a43-813c-4306-b7d7-14a5c7711f60,033-9818700280,53033,5000.057403979951,,false,false,2609.5657964121483,25.0,,,-122.29754424939746,47.60338450997022
c66fe294-f5ab-4cb2-8015-69830fe73e5c,033-9818700290,53033,4000.101109959391,,false,false,2608.01101542771,0.0,,,-122.29754346604335,47.60350787158572
21e32dff-2622-4cf4-a668-a2606a9d0173,033-9818700300,53033,4000.066183852035,,false,false,2606.6887853471535,0.0,,,-122.29754276991197,47.6036175272359
0e2661ae-2845-4dd1-9e2e-6d13cfa720b4,033-9818700310,53033,5000.129003721857,,false,false,2605.268735210117,25.0,,,-122.29754198616028,47.60374088967755
59a67265-a43e-4370-9646-9667fbfe500f,033-9818700320,53033,7000.113058544241,,false,false,2603.486887512948,25.0,,,-122.29754093697005,47.60390537155418
8ff51c11-878b-4923-b3c6-bb30fef01dfe,033-9818700335,53033,6672.426287961218,,false,false,2601.4808421102402,25.0,,,-122.29754149405744,47.60409280043853
16af7049-f2c7-4567-b0f8-5f5cd651c4c7,033-9818700345,53033,4521.64329990769,,false,false,2542.896131496145,0.0,,,-122.29818214236134,47.606034830153746
56a8bce2-239e-4c11-ba62-8d42528e4396,033-9818700355,53033,6099.22590529337,,false,false,2543.0023828804656,25.0,,,-122.29818301909364,47.605889249505296
33eba77d-9fd8-425e-b4ca-9ac10f87d73f,033-9818700360,53033,6498.878675634057,,false,false,2543.28069656111,25.0,,,-122.298183809982,47.605716557843806
e16af5e9-131f-447d-b3f7-3f11e44e32eb,033-9818700380,53033,3999.0974571320444,,false,false,2543.6233246800425,0.0,,,-122.29818446930537,47.60557264729574
de31ecb5-ad30-4a59-aa35-1aabbf656d90,033-9818700390,53033,3998.9834171142247,,false,false,2543.951879561049,0.0,,,-122.29818497196261,47.60546300209745
c477d656-cd61-4313-8420-b4ab2116fb4d,033-9818700400,53033,3998.834235256877,,false,false,2544.338839315043,0.0,,,-122.29818547429092,47.60535335692749
05aa95cc-f821-47d2-a08e-93168d2c38e6,033-9818700420,53033,5498.203564137115,,false,false,2544.874110911774,25.0,,,-122.29818607122472,47.60522315343647
1d1f0d21-12b9-4159-9604-f94af3a9920c,033-9818700430,53033,4498.313800771749,,false,false,2545.526455410432,0.0,,,-122.29818669882383,47.60508609643499
311283d9-d1ea-4eee-a222-d8a8ebb17602,033-9818700435,53033,3498.57941384944,,false,false,2546.1139019607053,0.0,,,-122.2981872007351,47.60497645111162
7f512b89-0b8d-4009-b96e-92bcda55537b,033-9818700445,53033,3498.463177465278,,false,false,2546.6756043559467,0.0,,,-122.29818764101526,47.60488051148861
dd4a9de9-7521-482a-8395-d33cadf91c0c,033-9818700455,53033,3998.1587829913205,,false,false,2547.3269213715166,0.0,,,-122.29818811208047,47.60477771867228
e8a9b0ec-a3b3-4b08-bb5c-5aa91ed2a698,033-9818700465,53033,8495.60226418823,,false,false,2548.5260053458323,25.0,,,-122.29818889702364,47.60460639841699
0e88ddd1-3ec8-4c34-a683-0fa2d006f7c2,033-9818700485,53033,4540.920091371376,,false,false,2550.1080750606834,0.0,,,-122.29818731594925,47.6044275935633
e61249c2-c6e9-4e10-bd3b-23d28b6fbfa6,033-9818700495,53033,5069.3543274366775,,false,false,2598.8986845751083,25.0,,,-122.29753566776768,47.60441827455656
0a539cff-259d-4bd4-b30c-c5f3402b3f75,033-9818700505,53033,4518.9182436818255,,false,false,2597.663151084874,0.0,,,-122.29753779212507,47.6045497309832
0c591058-d783-40f5-877b-f7719b160517,033-9818700515,53033,4011.6545602278284,,false,false,2596.799083747794,0.0,,,-122.2975374594715,47.60466665762011
9c5517b9-c39f-483d-8b9f-e80889c091a3,033-9818700525,53033,4013.018791166846,,false,false,2596.0477364413146,0.0,,,-122.29753711576652,47.60477665029797
0241c8a8-3d54-4a39-a57a-51bb81ee77f1,033-9818700535,53033,4511.706441342627,,false,false,2595.3087616654707,0.0,,,-122.29753680018796,47.604893496955576
05a3d4d5-38c4-407c-952f-6f1150981f7a,033-9818700540,53033,4009.180473647747,,false,false,2594.6371761391765,0.0,,,-122.2975364547395,47.605010290838194
12ad8547-af83-489e-9ff0-4e3020c2ca12,033-9818700555,53033,4518.137477426598,,false,false,2594.029335997106,0.0,,,-122.29753611795705,47.60512717247022
d6865818-3ec4-409f-9790-87445cb4260b,033-9818700565,53033,4009.1017179500122,,false,false,2593.4865946834107,0.0,,,-122.29753577976614,47.605244052961254
fb700e94-c27c-4884-af89-805144bd0a99,033-9818700571,53033,4054.0053057347195,,false,false,2593.0777295791804,0.0,,,-122.29753486566902,47.60535457318979
3ee24e57-155b-4419-9f6e-e36113e79437,033-9818700580,53033,9991.488611465142,,false,false,2592.363944612617,25.0,,,-122.29753514883112,47.605547090281675
934a14e4-4b79-490b-9360-522c11395e67,033-9818700600,53033,6018.163465997012,,false,false,2591.855468504956,25.0,,,-122.2975342745231,47.60576653068549
bc986d9d-cd88-40d9-9772-d0c693224138,033-9818700605,53033,1000.0214267995457,,false,false,2591.696293647341,0.0,,,-122.29753400691887,47.605862726909265
6d803d67-9b2f-498a-be4f-90f98d26e232,033-9818700610,53033,4009.2309047308713,,false,false,2591.611009064194,0.0,,,-122.29753379815048,47.60593138740102
5df9c891-20e5-41ec-ae17-5551df572eef,033-9818700615,53033,3909.1218822138294,,false,false,2591.5189731077808,0.0,,,-122.29753347830375,47.606042908878344
0e4b017e-0aa8-4d54-b9c0-ba422ececc26,033-9818700620,53033,108.91973470472139,,false,false,2591.556700763232,0.0,,,-122.29753364037963,47.60598783386212
7ccd916a-e230-4073-b0cc-f464a850b78c,033-9818700635,53033,1998.6033837523778,,false,false,2544.100066568888,0.0,,,-122.29817979691771,47.606877278988684
57f01fcf-a274-4954-a296-7bcd27ddd048,033-9818700640,53033,3356.346677723022,,false,false,2543.8562121784707,0.0,,,-122.2981800234418,47.6068038303339
5068ee7e-26c6-45ae-b7a7-b77d521e7112,033-9818700645,53033,4016.433045913783,,false,false,2543.5664331864477,0.0,,,-122.29818029435222,47.606702714434654
7ca11d28-2d29-4518-ba01-83732285ee1d,033-9818700655,53033,5034.922103500142,,false,false,2543.277258189398,25.0,,,-122.29818064527319,47.606578591945045
9c7aab4b-1f45-426e-ba78-cc74eeeb0d4f,033-9818700670,53033,6035.59527152733,,false,false,2543.0272133538033,25.0,,,-122.29818105018182,47.60642680311574
4a9cf895-d9c4-40c6-9c7f-7bbc835a6f81,033-9818700675,53033,3018.744945647047,,false,false,2542.905290415251,0.0,,,-122.29818139053542,47.60630267619056
7363eb73-be0c-408e-8704-199bac58ce8b,033-9818700680,53033,7126.742447933272,,false,false,2591.5642279151925,25.0,,,-122.29753278612928,47.606358664716716
3571ce47-0630-4405-b269-a75cb7ef4362,033-9818700685,53033,2484.3428672644086,,false,false,2586.2718685367727,0.0,,,-122.29760817462879,47.60662217947363
68338bd0-59ba-4180-8f1e-0c17b5a65a6c,033-9818700686,53033,3821.5622879385874,,false,false,2598.5638244525762,0.0,,,-122.29744239356381,47.606547688411325
6ac25d6e-6953-4245-a5ec-ca83fece817a,033-9818700687,53033,1686.2370501534076,,false,false,2584.9537369546847,0.0,,,-122.29762345907518,47.606524214528186
ab1175b8-c11d-4750-ab28-1c49f696e1f2,033-9818700710,53033,5994.040388115141,,false,false,2592.321255505031,25.0,,,-122.29753164685273,47.60675758931308
8994a584-58e3-4922-9f58-bc76e5003e41,033-9818700720,53033,2326.158302933015,,false,false,2592.6998048286378,0.0,,,-122.29753101836592,47.60687162809579
c853a11f-51d6-4d31-97c2-23e62de2e625,033-9819200000,53033,11075.940929733088,,false,false,2248.5148268571625,25.0,,,-122.30279156979681,47.60191063188201
3cee58da-ed3a-49f2-b1a0-8586262cc8f5,033-9819700005,53033,6231.857153025546,,false,false,4003.7548884529797,25.0,,,-122.28137432904792,47.617472232487685
0ecaa4ed-74c2-4d55-b3b0-5e7598181feb,033-9819700010,53033,13680.828543049756,,false,false,3992.904899075623,25.0,,,-122.28140538179414,47.617221419108326
c8606103-91a9-4991-ace9-bc7cfce10bc0,033-9819700020,53033,7133.058056696485,,false,false,3983.2088469934542,25.0,,,-122.28142518934135,47.616976080128644
55f94b06-b0cf-4c92-85c9-3a6d9778b7bf,033-9819700025,53033,7695.026556820633,,false,false,3977.0391805857275,25.0,,,-122.28143138373083,47.61680345575265
bd3b39fd-b390-4236-96e4-d298c15a5972,033-9819700040,53033,6484.915806914118,,false,false,3971.1934224883407,25.0,,,-122.28143733534606,47.616637710529695
474bfb61-2a23-4885-8230-ff9a675d83ca,033-9819700046,53033,12996.1941971076,,false,false,4024.423332993579,25.0,,,-122.2808838975936,47.61705135344485
e86d029b-5661-41c2-bfa6-4fcad50f9b76,033-9819700050,53033,6318.786051652052,,false,false,4009.210078047172,25.0,,,-122.2809079726306,47.61663926645781
e78333a5-7e84-4165-b8e6-82bf45eb47e5,033-9819700055,53033,7570.683981140201,,false,false,4018.0790906453167,25.0,,,-122.28085929844262,47.61680538180942
3fafc374-dbc2-45eb-8655-f5fc8360a438,033-9819700075,53033,3640.7881579617106,,false,false,3628.8879584355086,0.0,,,-122.28548982153615,47.615012707390036
bc4baa9a-1382-4ef8-a97b-4c87a72563cb,033-9819700080,53033,3663.5499818580997,,false,false,3611.207510788663,0.0,,,-122.28573621537303,47.61501604261785
122ec278-9551-4f7c-b44a-73da634da1a2,033-9819700085,53033,1980.0399510561497,,false,false,3622.1679459408597,0.0,,,-122.28550046232414,47.614812192324926
d6effef2-d8c8-4d93-b763-e8dff789dc40,033-9819700095,53033,1682.3611138616245,,false,false,3624.7896077561677,0.0,,,-122.28549725041378,47.614893211916126
052ca6da-b9d0-4a37-ae21-eab574b20aea,033-9819700100,53033,2214.640798545238,,false,false,3606.683333519355,0.0,,,-122.28574348213014,47.61488246928914
bf4e4764-c08f-47f5-8181-592d74673bbd,033-9819700105,53033,3319.4570635408336,,false,false,3619.2397930975835,0.0,,,-122.28548957961739,47.61468477954651
17b44335-afee-4b83-82f9-c054b94df63b,033-9819700110,53033,2162.7690472719764,,false,false,3603.905062441029,0.0,,,-122.28574076679739,47.614781884791086
2ef36f88-23be-4ec8-a191-55610d997962,033-9819700115,53033,3174.994824727028,,false,false,3601.052772330217,0.0,,,-122.28573480528522,47.61466955234789
7da488d4-e620-47a8-a207-1f9a0958881c,033-9819700120,53033,4626.502389732914,,false,false,3537.5018750415034,0.0,,,-122.28572804659319,47.61209143875069
bfbc790f-abd5-429e-a22d-0c02f0fe8be8,033-9819700130,53033,7014.805980608066,,false,false,3576.087589009184,25.0,,,-122.28517439507027,47.611981729091355
90206160-c4b5-494c-8599-0a52d5c1c3b2,033-9819700135,53033,7048.520421336102,,false,false,3579.1226935733325,25.0,,,-122.28517086500116,47.612119192742284
24d1b9aa-fbf0-483f-a029-06e1e6913d2d,033-9819700145,53033,16929.085817910225,,false,false,3571.2996610368227,25.0,,,-122.28517679911944,47.611746051944806
34dc48d2-a402-490e-ac13-ba3707b37527,033-9819700150,53033,4091.6535155492115,,false,false,3534.8721441668654,0.0,,,-122.28573144755876,47.611974601653664
afde51de-084e-42eb-8ee8-69770c25bfc8,033-9819700155,53033,9154.136664133639,,false,false,3515.8074896576213,25.0,,,-122.28592401029259,47.61172900491034
e94b8177-152a-4cb1-9ca3-8e2cae02dd94,033-9819700156,53033,8165.835778754814,,false,false,3539.4566203748063,25.0,,,-122.28560556902852,47.61173637341661
8b89d2a0-257c-4bcf-b6e6-bc795a47dd93,033-9819700200,53033,7263.321481822229,,false,false,3502.9191205890647,25.0,,,-122.28574980301096,47.610187290065376
7f550208-0f2e-4f57-9dc6-f67ff913c751,033-9819700205,53033,7251.01761473839,,false,false,3500.261981524708,25.0,,,-122.28575516450206,47.61002312779881
d90d97cb-95e2-4673-a6c2-50272cd8ea5b,033-9819700210,53033,7238.754749107482,,false,false,3497.6982740040007,25.0,,,-122.28576052410821,47.60985896550539
449d43ea-232c-42da-95a7-4e060943ee84,033-9819700215,53033,7226.379920257278,,false,false,3495.22813431071,25.0,,,-122.2857658827127,47.609694802901146
a6ecb6d3-9f23-4dac-8150-691ec6e90b57,033-9819700220,53033,7214.103180298824,,false,false,3492.8516264067243,25.0,,,-122.28577124215401,47.609530640154745
0d5b6845-da60-46e8-a442-2862366b3b5d,033-9819700225,53033,7201.8459005809855,,false,false,3490.568948459033,25.0,,,-122.2857766024323,47.60936647786209
616757b2-767a-4e4e-a182-3415455e84db,033-9819700230,53033,8382.209997395472,,false,false,3541.6447194508105,25.0,,,-122.28510303275912,47.60944122058478
bf57825d-9df2-48c6-a697-36bf4413c607,033-9819700235,53033,6028.226088535482,,false,false,3523.489306661382,25.0,,,-122.28534691857566,47.60944410820238
1943b7ec-6319-416c-87db-f6c89a6a5461,033-9819700250,53033,8371.095034139948,,false,false,3537.8221302145935,25.0,,,-122.28519531351361,47.60970151071221
8686143e-9be9-4ce7-89f9-4e6398dceb2e,033-9819700255,53033,6089.874039839569,,false,false,3540.3341708049393,25.0,,,-122.28518909271847,47.60986558297276
7ab4a96e-aafc-4944-8065-4e36cf9a085f,033-9819700260,53033,7248.28904835557,,false,false,3542.72727465864,25.0,,,-122.28518338812721,47.61001667615831
2ca2d9de-88b6-43e9-abc6-ec8d56ffad99,033-9819700265,53033,7260.589978185227,,false,false,3545.4144327089234,25.0,,,-122.28517719577333,47.61018076708016
d17b9d23-4d11-459b-895f-a943e1a6a974,033-9820700015,53033,14373.261452568335,,false,false,690.2656992973212,25.0,,,-122.32805202717779,47.600624506107394
73dd4a71-5146-4e40-883c-37d994d48e8d,033-9820700050,53033,2249.743644870778,,false,false,626.3494784394372,0.0,,,-122.32748731661239,47.60150354306322
26e64f8f-a79e-4efd-af72-e20854b9c202,033-9820700085,53033,7202.518029160116,,false,false,676.3850689701743,25.0,,,-122.3272967412747,47.601050951005384
fe08ccb5-d45b-4293-95c7-4abe070d3dfc,033-9820700090,53033,7207.925660380807,,false,false,709.1388759671046,25.0,,,-122.32729822188122,47.600705508388764
9ce07feb-2cf0-4a96-9abf-39ef09348520,033-9820700095,53033,7208.2847560387,,false,false,724.9372103012971,25.0,,,-122.32729890471452,47.60054095787851
665d9061-fbf6-40c9-baa7-fc4ca64c7d49,033-9820700100,53033,7208.040248641176,,false,false,740.8493387431585,25.0,,,-122.3272995904465,47.60037641883913
fdfb8ecb-ca77-4ed2-aae0-d73330f843fe,033-9821700009,53033,61886.2866126937,,false,false,1053.5604570131352,25.0,,,-122.3200999429703,47.60126969152838
112481ad-2547-4139-85e9-d1c67e9b6d89,033-9821700010,53033,157680.52977420975,,false,false,606.069868061948,25.0,,,-122.32506536164847,47.60351452495639
9ce30761-101c-410b-8f51-e7ceef2a6654,033-9821700015,53033,44167.71699739421,,false,false,857.9422094948414,25.0,,,-122.32451024556401,47.60042566443168
d4223a8d-746f-460f-8b51-0369353b75cd,033-9822000010,53033,77223.20966893942,,false,false,975.0067846556138,25.0,,,-122.32132929207232,47.601286122809206
8a5d0fa2-d571-4b12-b4da-77eb364de59a,033-9822000020,53033,16938.45029045269,,false,false,862.8581911565395,25.0,,,-122.32209616527949,47.60236336303182
ea795af4-e7ff-447b-b455-1dcc04d9981b,033-9822000030,53033,13618.816119383986,,false,false,901.6415872593108,25.0,,,-122.32137704414959,47.60252866410304
b5a1b384-a06c-4e67-a06a-69cf729ed79b,033-9822000040,53033,11380.257728325927,,false,false,915.0703599573787,25.0,,,-122.32130136677596,47.602364476890244
84091f39-bc66-4370-87d4-1da1de68d9b6,033-9822000050,53033,9141.637418165468,,false,false,928.6804437540253,25.0,,,-122.3212257895245,47.602200506324245
b5c509f7-e192-4035-8270-590e09151a33,033-9822000060,53033,10854.359960130296,,false,false,946.8726974809802,25.0,,,-122.32112865003627,47.60198210885044
3744f851-7d5d-47ca-98a3-dc2b4bfd2df8,033-9822000070,53033,30505.26369545934,,false,false,895.6833068052872,25.0,,,-122.32191917168188,47.601985269886505
a7aada21-acaf-4e3c-952d-55621b3ac3d6,033-9822000080,53033,11167.879092891742,,false,false,903.0124309976261,25.0,,,-122.32161494428067,47.60220348229856
788c2224-347d-402f-b0fd-177bd9745ba9,033-9822000090,53033,5632.063163733131,,false,false,1018.7630773307854,25.0,,,-122.31976877853884,47.60235110584108
aa71b70e-aac6-4062-9afe-b7d8655e61bd,033-9822000100,53033,5350.242068418483,,false,false,1023.6886868213054,25.0,,,-122.31980272449793,47.60219906073139
1ffccc6d-6bdc-403c-9d30-a49e1e1b350e,033-9822000110,53033,6231.679077510419,,false,false,1025.8904727116999,25.0,,,-122.31989289329067,47.60203145650108
063767c3-761e-434d-80ff-9c5c47b3376e,033-9822000120,53033,5784.045268637742,,false,false,1033.9153726437753,25.0,,,-122.31989473809558,47.60187173095037
37fa4ede-2d44-4458-bb71-e313c4bdf8ad,033-9822000130,53033,6232.097683203698,,false,false,1004.7128841461691,25.0,,,-122.32033298706875,47.601876216796605
643d2d9f-78b8-4f11-97a9-f70a50c3b94d,033-9822000140,53033,7229.373208212577,,false,false,995.6454530102139,25.0,,,-122.32034721672046,47.6020310117089
39fdde2c-2cbb-4541-8154-622db890faff,033-9822000150,53033,8996.316255571011,,false,false,991.2113505442676,25.0,,,-122.32028804266281,47.60219572559646
fca175e8-a1cc-41e7-9e2c-bb11a492480b,033-9822000160,53033,7978.791793101894,,false,false,983.5757197587717,25.0,,,-122.32028802132488,47.60235102158043
226ed333-cd80-4b0c-bc96-b259ffa01f75,033-9822000170,53033,17586.598508744853,,false,false,990.6894678583798,25.0,,,-122.32006803726168,47.60251677169889
a7a6d0d8-e2db-4865-8f5a-ba72ba2bd1ad,033-9822000180,53033,5794.234223662709,,false,false,1059.0650741255033,25.0,,,-122.31906810782205,47.60252466861812
346d4b41-45db-4129-a0d2-bd7c8c53996f,033-9822000190,53033,8614.131372136255,,false,false,1071.5344238895714,25.0,,,-122.31898841134974,47.60236472606572
f9966aca-18e1-4d72-8679-7f135dc48897,033-9822000200,53033,11865.693507758213,,false,false,1082.9835335187627,25.0,,,-122.31892934517792,47.60220020152462
5f67830d-4028-43c5-bbba-1181014edae0,033-9822000210,53033,15538.54025871023,,false,false,1093.6505736698757,25.0,,,-122.3188836614001,47.6020373121339
3c31537c-c638-4388-89ac-5c536b424349,033-9822000220,53033,17323.984716523253,,false,false,1104.7674175271834,25.0,,,-122.31883375971887,47.60187523933029
ca0f9435-3978-4e00-a32d-31317f50406e,033-9822000230,53033,11772.89541066905,,false,false,1108.2273169429945,25.0,,,-122.31925332826853,47.60127021649617
06afefe8-5d78-4bbe-b874-fe88f3f80e04,033-9822000240,53033,14192.450146289548,,false,false,1125.474049821122,25.0,,,-122.31902676353576,47.60122519562817
c0f05327-f40f-40c8-83d1-8de4cb2b3815,033-9822000250,53033,14266.483361517934,,false,false,1141.58662790459,25.0,,,-122.31878230733398,47.60122304733054
9547755a-df42-488c-b8c6-ac07273f4495,033-9822000260,53033,14068.322082622362,,false,false,1157.4365383339803,25.0,,,-122.31853793931361,47.601226971694956
091f6943-f390-411e-bc04-ad2289e28664,033-9822000270,53033,15262.992872137756,,false,false,1174.9028660932229,25.0,,,-122.31829529064134,47.601199318185536
11da03f6-7054-4866-aeb7-78a7a7d5ed75,033-9822000280,53033,15835.836903205573,,false,false,1191.6269713876911,25.0,,,-122.31805310532908,47.60118589301358
6573cd0d-6da2-4891-bd7a-317ca6d630ad,033-9822000290,53033,14725.02042679306,,false,false,1208.7918827346434,25.0,,,-122.31781545117853,47.60115890480313
2e25e58f-9eab-4c5f-ab45-bea89d653b28,033-9822000300,53033,11961.889020590574,,false,false,1232.9860763382635,25.0,,,-122.31754717384149,47.60103537994741
1b0b8231-152d-4965-af05-18af630e61b2,033-9822000330,53033,47853.24831676786,,false,false,1240.8860830705275,25.0,,,-122.31787718374586,47.60049297056318
80e6f368-bdaf-4c8a-ac3b-428708852321,033-9822000370,53033,38463.26155922824,,false,false,1196.0983274895484,25.0,,,-122.31855874614676,47.60051269114014
21f790c0-8189-4238-82fa-caf65cb76203,033-9822000410,53033,16836.96808541132,,false,false,1159.791588810656,25.0,,,-122.31898063195634,47.600673576066136
d2b10afe-77a9-4253-b0c8-a78a441ba856,033-9822000420,53033,8689.316877376235,,false,false,1131.687243604598,25.0,,,-122.31865030870983,47.60158001578046
28d6459a-a4fd-4a87-ba2a-eb1a77679a82,033-9822000430,53033,37696.85607119901,,false,false,895.3514057692344,25.0,,,-122.32267924406219,47.60125142368001
80bb6bdf-bbb7-4fde-8d82-341a4ec9302e,033-9822000470,53033,2972.8007994758314,,false,false,947.9774836383821,0.0,,,-122.32220322327412,47.600894024784274
3c34a83f-8b13-46ce-bb60-df042262481e,033-9822000480,53033,6916.789443854996,,false,false,960.793514076602,25.0,,,-122.3220970011888,47.600798998387084
790cac96-929c-4a42-928d-57d09bfa76c6,033-9822000490,53033,7840.098811294927,,false,false,979.3932210027216,25.0,,,-122.32191263017664,47.600686651720075
3eb424b3-eb8f-47c0-ac4a-5127601eab4d,033-9822000500,53033,22610.096797336675,,false,false,1013.1029802882872,25.0,,,-122.32169796574682,47.60038453216342
d5b97e02-079e-4503-98e1-be2a3806cd50,033-9822000510,53033,9642.234734301283,,false,false,1018.1314924391348,25.0,,,-122.32135509644081,47.60060092450005
5478b1f9-8ab5-46a2-ba2b-71a045daece1,033-9822000520,53033,7262.54766490989,,false,false,1035.0440737540948,25.0,,,-122.32107205268075,47.60060032229807
23329ce0-8a40-4a4d-a374-a138b2a73484,033-9822000530,53033,7262.234151993222,,false,false,1049.698039115352,25.0,20.0,20.0,-122.32082883930907,47.600599860734356
9a6b040f-18d7-4208-a1c2-41f0cbb5e008,033-9822000540,53033,5711.0683670487,,false,false,1064.065418934941,25.0,,,-122.32060905470453,47.600583652006385
099272ed-185a-477c-9080-0323768bb060,033-9822000550,53033,17533.351333136354,,false,false,1094.7495749573836,25.0,,,-122.32001006604314,47.6006791734092
d1556827-55b4-4a64-a715-dbe393d42476,033-9822000560,53033,19903.9273242762,,false,false,1109.317576897694,25.0,,,-122.3199720403197,47.600485324871585
10150fbd-a781-4dd6-b409-40402e8ae317,033-9822000570,53033,17841.97000339571,,false,false,1144.3347752380644,25.0,,,-122.31962243806323,47.60027302102586
1bd0dd5a-8d1d-42c5-bff1-968560499a79,033-9822000580,53033,5132.865193205454,,false,false,1120.4530588852558,25.0,,,-122.32008329977964,47.60020945739106
14d113ac-75d4-4b15-948f-3a4c54bd9691,033-9822000590,53033,5923.527983746619,,false,false,1104.4722449882154,25.0,,,-122.32034371694095,47.600214563108196
901f9c4e-ba41-4e6d-ad3b-10bb41b4b2d6,033-9822000600,53033,8657.796147490602,,false,false,1088.153571192139,25.0,,,-122.32058136458538,47.6002463229682
baf25ca4-3b44-461a-9ac2-0c2bab201da6,033-9822000610,53033,8281.574723909856,,false,false,1073.5140849314091,25.0,,,-122.3208301737075,47.60024478733447
dce2a539-432c-4497-a855-6b58b5466263,033-9822000620,53033,8281.10336749384,,false,false,1059.1899945803182,25.0,,,-122.32107337853864,47.600245247233886
883acaa2-b5bb-48bd-8620-d9e581859862,033-9822000630,53033,10992.490125934837,,false,false,1042.675754110458,25.0,,,-122.32135640112656,47.600245764351
aff97710-af7f-414b-8c92-049b782ca40f,033-9822000640,53033,15846.111095778764,,false,false,1077.8462896549806,25.0,,,-122.32130648193184,47.59979722257473
7bdd5fd7-eaed-489d-9f9c-3ef1f7f2dcea,033-9822000650,53033,7896.754893547173,,false,false,1085.2754535937802,25.0,,,-122.32107478922075,47.59987567449353
3854efb1-eb79-4c52-9627-86d70b4ddbef,033-9822000660,53033,7885.323100914528,,false,false,1099.2413345409839,25.0,,,-122.32083159286292,47.599875469254414
9684ccda-ac9b-4641-abe8-9fec6bdee088,033-9822000670,53033,7873.635141330164,,false,false,1113.3304866704102,25.0,,,-122.32058839723427,47.59987526575985
80849781-0871-4cd5-9128-c7482ba32580,033-9822000680,53033,8314.597275388784,,false,false,1126.9573156230254,25.0,,,-122.32034273978648,47.59988552683729
b3948d26-85b6-413f-be1a-969e8796058b,033-9822000690,53033,10936.287181748392,,false,false,1141.0222261624995,25.0,,,-122.32007801806634,47.5999078881414
df1a8781-7257-46fb-bb38-b34ed614a4cd,033-9822000700,53033,24794.901122367126,,false,false,731.9726901189357,25.0,,,-122.32403777766312,47.6024873417815
2742a7b4-986d-4ce7-86cf-23842d9d09b8,033-9822000710,53033,14797.695663857367,,false,false,746.1054406900826,25.0,,,-122.32366674815543,47.6026375477555
bcfb548b-f658-4835-8c96-afb382cc6af4,033-9822000720,53033,10782.286630155491,,false,false,753.4324911268857,25.0,,,-122.32344490187025,47.60275669403686
07cf4d1f-dc1f-40ae-9ce8-d6bf93ed82be,033-9822000730,53033,23683.575610918797,,false,false,764.4950989455727,25.0,,,-122.32306541898217,47.60301206634507
c5e7bf11-c8bc-4330-a7b0-948f5ac3fa80,033-9822000740,53033,21410.89709666283,,false,false,796.6883242571396,25.0,,,-122.32278293046427,47.602754584342186
326f932f-6219-496d-a1a1-049ecd128209,033-9822000750,53033,12460.848423942542,,false,false,837.4140377634533,25.0,,,-122.32274557675883,47.602084694378256
af4f5d5a-db1b-4ce0-8137-a69b9895446f,033-9822000760,53033,12469.918244096689,,false,false,822.1680765573892,25.0,,,-122.32298880010951,47.60208525120918
6e857f92-ff7b-4522-b9c7-46e190ca702a,033-9822000770,53033,16731.731641503167,,false,false,803.6169033911837,25.0,,,-122.32327591535545,47.602097209539195
4625aff3-90e1-4da6-b93d-077d5e334e9f,033-9822000780,53033,27626.381612538633,,false,false,778.3892762624256,25.0,,,-122.32372219844214,47.602065387163584
d6893928-c392-4cdf-9f53-10676dbda996,033-9822000790,53033,14828.77775677359,,false,false,798.1958565667986,25.0,,,-122.32300008264026,47.60247397727404
95a2aba0-2cd4-4e28-8d81-f73f682da554,033-9822700005,53033,15123.40374631716,,false,false,6846.2384452489705,25.0,,,-122.28995482087421,47.66082825775599
38adb86b-9554-482c-82b3-f15b19f648e4,033-9822700015,53033,15041.480974313283,,false,false,6859.500026978513,25.0,,,-122.2895504747346,47.66082046909612
51ba147b-513c-4937-94dd-44eb4ca6a184,033-9822700055,53033,14316.369552073582,,false,false,6886.659937402377,25.0,,,-122.28889347840472,47.660862665172914
13e4c8e7-0e9e-42e4-9d34-d5ab6fd2a467,033-9822700070,53033,2767.947687532991,,false,false,6911.632311338018,0.0,,,-122.28842864479445,47.66094978282459
aa83a2f2-6e60-4a62-bb45-a3cd6ea90c0d,033-9822700075,53033,5002.392072411727,,false,false,6890.544183698023,25.0,,,-122.28843552488057,47.6607368457963
e47ae24f-09d0-4312-a2ce-521e65be79c9,033-9822700080,53033,4010.9905739471465,,false,false,6873.994040222197,0.0,,,-122.28884204709559,47.660715033575336
4c6cfc3d-ffe2-499a-8836-a384ba61fb36,033-9822700081,53033,4013.5197323462894,,false,false,6880.922317047827,0.0,,,-122.28863910006389,47.66071242468164
a70b0fe3-1ce8-4791-92b1-31b3893071cd,033-9822700105,53033,38349.3788529011,,false,false,6928.16546928389,25.0,,,-122.28770416185849,47.66085409579865
76e208c2-a4c2-4ce6-9907-f185a50671c8,033-9822700135,53033,4979.099525120678,,false,false,6874.3407666749235,0.0,,,-122.287936216727,47.66038771879255
cb36dae2-7283-427e-b869-53277e31cfbe,033-9822700140,53033,5030.958455018546,,false,false,6860.863900213154,25.0,,,-122.28793961770899,47.66025064141699
7706873d-fc14-4dd3-a827-dded83b735cc,033-9822700155,53033,5004.794887548108,,false,false,6878.187679218588,25.0,,,-122.28763339745883,47.660314681240884
579447cd-c254-4da7-8178-c5700e3811ae,033-9822700160,53033,5004.522322520038,,false,false,6885.301418884361,25.0,,,-122.28743037934368,47.660311919314005
754d33d2-ee11-4150-b3b8-70ec893847cc,033-9822700165,53033,5004.64776849815,,false,false,6858.446699604996,25.0,,,-122.2874368666843,47.66003778815536
54946996-d772-44f4-b482-4e7c289dc8d8,033-9822700170,53033,5004.832801015877,,false,false,6851.3036601006,25.0,,,-122.28763988888153,47.660040540387286
5ce74614-1cb5-4f49-80d4-dfa0327bf968,033-9822700175,53033,10010.22935941855,,false,false,6840.638368333165,25.0,,,-122.28794442297458,47.660044666891054
0db0632b-c3a8-41b3-af34-8fafb61ff88d,033-9822700185,53033,5018.376946274513,,false,false,6825.838513039142,25.0,,,-122.28895405058282,47.66026402841475
628257f8-3e4b-409a-b630-e3db5815bc1d,033-9822700190,53033,4985.786392320823,,false,false,6839.373216459989,0.0,,,-122.28895097855877,47.660401104686414
d1833869-c8a7-4990-a1e0-b6788c4343ba,033-9822700205,53033,4975.968181305529,,false,false,6853.291420446317,0.0,,,-122.28854514600324,47.66039588971424
80a7aa7d-11b0-4be5-8e2b-2caccb53e066,033-9822700210,53033,5028.697674033402,,false,false,6839.782802028067,25.0,,,-122.28854824778007,47.66025880628153
0e12e6f6-1806-471d-8b03-f022ed484132,033-9822700215,53033,10003.504911186326,,false,false,6819.488669303284,25.0,,,-122.28855317905509,47.660052823231155
93acc6c8-da58-4ac4-84dd-41361f02957b,033-9822700235,53033,5001.473346142937,,false,false,6809.000918779784,25.0,,,-122.28885750079691,47.66005685112549
a60790b5-7761-4269-85f2-460e69fe04cd,033-9822700240,53033,5001.418911127272,,false,false,6802.042566791993,25.0,,,-122.28906038049672,47.66005953563204
1ac2477a-4e39-4fc0-b625-cd1574066d15,033-9822700245,53033,4943.5472977753225,,false,false,6794.874608765453,0.0,,,-122.2900672807737,47.660346745351845
fd148325-4392-480e-8414-a112f4e5c325,033-9822700250,53033,5001.356184672185,,false,false,6801.6428946399465,25.0,,,-122.28986554592639,47.660344188749676
1201dfb7-242b-4044-9841-3f63cb6308e4,033-9822700255,53033,2060.155000964262,,false,false,6814.677543038058,0.0,,,-122.28967884637112,47.660410437549984
e56af21a-5b8d-4bde-8c1f-de592d6306da,033-9822700256,53033,2935.4017053299767,,false,false,6821.52361941923,0.0,,,-122.28947594199582,47.660407801689665
ef875f89-3046-408c-b808-62c6169192aa,033-9822700257,53033,5007.446071326572,,false,false,6805.119616711402,25.0,,,-122.28956275640759,47.66027182407393
29cee945-e9ee-44ca-a0f0-be4a64bd1035,033-9822700265,53033,5001.049208463689,,false,false,6788.20068580174,25.0,,,-122.28946612007877,47.66006483681365
4ff8d827-6b38-4000-ae45-06aefd1ac2e1,033-9822700270,53033,5000.898277707345,,false,false,6781.316719262774,25.0,,,-122.28966899723954,47.66006745373415
d7729601-b07f-49f7-97dc-0689217facef,033-9822700275,53033,5000.789129621668,,false,false,6774.4599747418,25.0,,,-122.28987187392697,47.660070071411376
96cf9c1e-1c29-4e8d-9b12-cfdd52fe2d7a,033-9822700280,53033,4951.585353357886,,false,false,6767.6598630040035,0.0,,,-122.29007375878311,47.66007263663136
2e9e161e-d990-42a6-b3bc-3bd3130304ed,033-9822700285,53033,4963.658555814077,,false,false,6726.889754554479,0.0,,,-122.29008347629092,47.65966146810386
f0b02dbe-f1ca-4d77-86f7-100301d52c83,033-9822700290,53033,5000.235134571972,,false,false,6733.7376216555795,25.0,,,-122.28988136738471,47.659658885963225
0f0e41b1-5224-4b33-97b8-c5fd067b8bfa,033-9822700295,53033,5000.489948485933,,false,false,6740.633754279299,25.0,,,-122.28967852809318,47.659656256650486
67a73a67-7e20-47b5-922c-c13ba5ccd59a,033-9822700300,53033,5000.959552677532,,false,false,6747.556903291686,25.0,,,-122.2894756883604,47.65965362528274
d0e727dd-ffcf-49e1-b98f-5666f7fa1c46,033-9822700305,53033,7980.9612342138125,,false,false,6718.400427269321,25.0,,,-122.2895425233876,47.65938004114917
c4b89539-99b4-4d5c-9ca6-825ad2acf4f6,033-9822700315,53033,6021.909669406017,,false,false,6708.70231418412,25.0,,,-122.28982652075406,47.65938388392286
3c193537-1050-4120-a570-38b941e15505,033-9822700320,53033,5968.656569095697,,false,false,6700.465244115269,25.0,,,-122.29006972102361,47.65938743241427
5e31986f-616e-4afb-9bb8-a62a05202bbf,033-9822700325,53033,5001.212634107497,,false,false,6761.48002357984,25.0,,,-122.28906999124719,47.65964831054906
eb82d86c-1f57-45f8-b407-00d79991c468,033-9822700330,53033,5001.17328717167,,false,false,6768.479279325336,25.0,,,-122.28886714828708,47.659645626703636
048ead71-f28b-4471-b441-997998b32e68,033-9822700335,53033,5000.808514682251,,false,false,6775.505123033039,25.0,,,-122.28866430673335,47.659642940381424
0c77e64a-f233-4d98-baf1-8f190be9d258,033-9822700340,53033,5000.819785306554,,false,false,6782.557724831658,25.0,,,-122.28846146909136,47.65964025511334
7af4e118-c472-4503-8929-e7e3d5f396f7,033-9822700345,53033,5000.21908228402,,false,false,6755.633522525338,25.0,,,-122.28846795520663,47.659366088483715
b4ce3b42-81f5-4919-9a97-2e1cdfd2cd83,033-9822700349,53033,5000.268343425728,,false,false,6748.552748958196,25.0,,,-122.28867076800331,47.659368767185704
12c13d0c-9355-4561-b332-6451abef0c45,033-9822700350,53033,5000.536888419674,,false,false,6741.498812667972,25.0,,,-122.28887358135222,47.659371446111074
05ff2060-53ae-46b3-84c4-754b5a09c7f0,033-9822700360,53033,5000.580992984996,,false,false,6734.471445964171,25.0,,,-122.28907639638796,47.65937412206757
9c32fcdb-5388-44cb-974d-6cc58dae7191,033-9822700365,53033,5005.165688033654,,false,false,6796.741976529002,25.0,,,-122.28805567909062,47.65963483129695
39e19972-fa35-4b24-bdb0-511832bafea2,033-9822700370,53033,5004.670169962718,,false,false,6803.876340981229,25.0,,,-122.2878526507267,47.65963209341926
7c0122d8-38b9-4daf-9e44-c41de37c4d70,033-9822700375,53033,5004.460725091215,,false,false,6811.037036667142,25.0,,,-122.28764962591093,47.65962935491399
d292e687-50d8-4c45-92fd-b4fbf26cf022,033-9822700380,53033,5004.163388329862,,false,false,6818.224246692314,25.0,,,-122.28744659991447,47.659626616750934
5bbccf03-bb03-48a0-b431-bfb0e70a927a,033-9822700385,53033,5004.228905190204,,false,false,6791.449797695536,25.0,,,-122.28745308566478,47.659352520209275
e05c3401-afdb-4661-99b7-a4b2be5bab36,033-9822700390,53033,5004.562574162531,,false,false,6784.23220886128,25.0,,,-122.28765611487667,47.659355242076
47e43649-07fc-471f-9a9b-71368b32db06,033-9822700395,53033,3940.2603665001575,,false,false,6777.7883477350115,0.0,,,-122.28783755622179,47.659357508337
40257cfb-b8fe-41b2-a4fb-49b6a20139ba,033-9822700400,53033,6069.900348650863,,false,false,6770.647946889012,25.0,,,-122.28804058190791,47.65936050695585
0315dbfe-86f9-4283-87f8-1dde7f243cff,033-9822700410,53033,5181.809956116004,,false,false,6729.643317122183,25.0,,,-122.28806834151665,47.65894818545305
820b32ea-604b-4a28-ad0f-3da14fc01174,033-9822700415,53033,4828.850980325909,,false,false,6737.103519498519,0.0,,,-122.28786531883452,47.65894806750723
945f7039-01ea-4b43-b51e-918cae9e1136,033-9822700420,53033,5004.912739861664,,false,false,6744.083058128478,25.0,,,-122.28766585085599,47.65894406859684
fbd1444f-cf5f-489c-b44a-0b99f185684f,033-9822700425,53033,5004.6819539605385,,false,false,6751.345575809754,25.0,,,-122.28746281388288,47.65894135971377
32706e7f-5ac0-42a0-b41c-13c66c194141,033-9822700430,53033,5004.827044332506,,false,false,6724.649173768611,25.0,,,-122.28746930201171,47.65866725265269
ca0510de-d3dc-4a03-ae66-289f32ac352f,033-9822700435,53033,4490.865075972297,,false,false,6710.453872756393,0.0,,,-122.28786494986973,47.6586724182025
76210ce5-5ad8-42cf-8b93-41f40aa25601,033-9822700437,53033,5005.015690138272,,false,false,6717.355836462186,25.0,,,-122.28767234234986,47.65866994572782
58908494-52ec-45a7-8d64-890f34f1bcb8,033-9822700440,53033,5520.008962082356,,false,false,6703.227116391332,25.0,,,-122.28806798705776,47.658675262065074
8a13b283-20f5-4425-ab7a-4dea084e6501,033-9822700450,53033,4998.918098192092,,false,false,6694.020045583862,0.0,,,-122.289086005394,47.658962894873106
cb82853d-3c54-4eb5-aec2-02af9781fa64,033-9822700455,53033,4999.091037445832,,false,false,6701.0888571665455,0.0,,,-122.28888323119862,47.65896021940445
f6b4fb64-5e08-4e76-9901-df24488f9dd3,033-9822700460,53033,4999.0582153339265,,false,false,6708.184704989568,0.0,,,-122.28868045625553,47.658957544224386
5e9b6cc1-67e7-4a78-a0ad-cb35f8875fe8,033-9822700465,53033,4999.088444960196,,false,false,6715.307209018549,0.0,,,-122.28847768265935,47.65895486708501
55f47d10-8206-4a06-82dd-8442d966632f,033-9822700470,53033,4998.512690215458,,false,false,6688.460333019121,0.0,,,-122.28848416944116,47.65868070675607
653aaf61-8b49-4f19-9b76-aeec1433abf0,033-9822700475,53033,4998.438101427253,,false,false,6681.3101620778025,0.0,,,-122.28868691596807,47.658683386541014
abd5626b-1f67-4ab2-a395-1b075c341721,033-9822700480,53033,4998.440687341715,,false,false,6674.186716671889,0.0,,,-122.28888966351013,47.65868606454165
30e0b3a8-0adf-4d1e-9b7d-ea125dd3eea4,033-9822700485,53033,4998.332643157964,,false,false,6667.090301479922,0.0,,,-122.28909241147971,47.65868874278457
19c95d76-28ec-4f49-86d6-e38fd3764fbe,033-9822700490,53033,9981.988791123387,,false,false,6662.548025100099,25.0,,,-122.28999828038634,47.65897487357178
373c3fe1-06d0-4a55-8387-4a1ccfc05542,033-9822700500,53033,4960.21166316215,,false,false,6683.262570558545,0.0,,,-122.28959159564727,47.65903863331975
f1cd6055-8a16-441e-9d1b-3df2a617603c,033-9822700505,53033,5037.325389297885,,false,false,6669.767939568185,25.0,,,-122.28959442707334,47.65890156157136
aec02208-3773-4f0b-a11c-7d6cb00e354c,033-9822700530,53033,13065.061996829238,,false,false,6647.309310984728,25.0,,,-122.28966163387297,47.658696234243656
ac103362-729c-4bd1-9f28-2654675eeaf2,033-9822700540,53033,6920.720036975534,,false,false,6633.357156009667,25.0,,,-122.29006701744969,47.65870161001967
76f77d10-db9c-4d2c-9b04-433ef6a60372,033-9825700005,53033,13715.837831130957,,false,false,26423.93741899181,25.0,,,-122.23389682519267,47.378015898035706
facb0215-a4a1-410f-92cb-8dad7d502847,033-9825700015,53033,7648.505185000422,,false,false,26399.089420502685,25.0,,,-122.23389922465162,47.378248112726475
533a04be-333c-4668-9118-5b2332a40337,033-9825700020,53033,7711.245081783571,,false,false,26381.23986370889,25.0,,,-122.23390063901554,47.37841499579825
784977fc-28d4-4217-9e28-fe5f537cb7b6,033-9825700025,53033,7874.811278109763,,false,false,26371.202812092433,25.0,,,-122.2344157757743,47.37840787173014
df8f3829-d403-48a2-a49d-aee3997e1c40,033-9825700030,53033,7844.20919081643,,false,false,26389.064433642096,25.0,,,-122.2344142347631,47.37824096748166
14123795-3d05-474a-848f-b85826a47135,033-9825700035,53033,7560.263458842869,,false,false,26406.578519997256,25.0,,,-122.23441242018185,47.37807737878807
41fbd051-3086-4c6b-a910-b26b68af982a,033-9825700040,53033,6453.319798750258,,false,false,26422.51466914868,25.0,,,-122.2344107518943,47.377928539466886
71af77c9-f6f8-4ee7-9912-535223bd90b7,033-9825700045,53033,7415.561512738863,,false,false,26344.35516344867,25.0,,,-122.23390258354198,47.378760068276776
e458b39c-c74b-4136-ad38-d58553464b9e,033-9825700050,53033,7631.608044532394,,false,false,26326.954517947263,25.0,,,-122.23390465833688,47.37892264445869
1a44f65a-f1f3-4a79-aa35-0b8c7b0e9e47,033-9825700055,53033,7555.624513399185,,false,false,26309.42509008454,25.0,,,-122.23390565668801,47.37908664799837
b0253cd7-2ce9-4cf3-9940-b2f436569e32,033-9825700060,53033,40428.88158694002,,false,false,26265.196266820556,25.0,,,-122.23411283396172,47.37946007135925
c920cf77-0372-4c46-bd49-84feac0a8009,033-9825700085,53033,7664.15009145665,,false,false,26281.87030206527,25.0,,,-122.23441574389078,47.37924427728377
bfa0d289-ef1c-4328-941f-e95008069e46,033-9825700090,53033,22782.56936737907,,false,false,26316.843899716652,25.0,,,-122.23441783803432,47.378916388502944
8dfe3771-ee6e-449d-b91c-416885aee11a,033-9825700105,53033,15881.425941878475,,false,false,26206.310584753315,25.0,,,-122.23389697796263,47.38005444392229
a514b075-550b-4d03-821f-23dd6260ce17,033-9825700115,53033,2896.7616788605806,,false,false,26177.97990959618,0.0,,,-122.23389478789372,47.38032036639872
49ede9d0-d93d-4dbe-821d-0958063caa16,033-9825700116,53033,2207.2982598014846,,false,false,26184.235358043567,0.0,,,-122.23389437703047,47.38026182563055
b351cc71-50a8-4108-8e15-82bc74e155fd,033-9825700120,53033,2856.907157635885,,false,false,26160.18765850924,0.0,,,-122.2338939833815,47.38048727098153
69f81ed3-6f94-4803-8d2a-73013ea91518,033-9825700121,53033,4394.177085382026,,false,false,26169.076499351213,0.0,,,-122.23389356728313,47.38040404817722
190fa9de-628d-425b-8f56-e6fe3a02b421,033-9825700125,53033,3093.0765951796243,,false,false,26152.899949276798,0.0,,,-122.23389388323963,47.380555592442306
6c1c324c-189c-4ec1-97c3-c05de2b7c817,033-9825700126,53033,6203.355020210868,,false,false,26141.53454755449,25.0,,,-122.23389242652662,47.380662403596126
67d83e13-f992-474c-b867-1e8ccd23faa6,033-9825700130,53033,4956.432471882938,,false,false,26127.83909519181,0.0,,,-122.2338931211313,47.38079063083138
d67b9107-1b9f-4b4a-aa41-ed901643dbd6,033-9825700135,53033,28229.10469288794,,false,false,26146.175966650862,25.0,,,-122.23443906703481,47.380510602977765
a397157e-0fb3-4977-abfe-66e7b2d20c77,033-9825700149,53033,13901.460954319564,,false,false,26198.098188353426,25.0,,,-122.23444288176034,47.38002348404586
453d9362-78b6-47fa-90d7-c8fc7f50b27c,033-9825700165,53033,13318.039846638756,,false,false,26019.985920902476,25.0,,,-122.2339206660762,47.38179622356198
deedc19d-917d-4842-b829-80669b7c7786,033-9825700180,53033,97965.19447876581,,false,false,25946.893011969525,25.0,,,-122.23415559822433,47.382434642822105
6100c0c7-c747-40e1-b325-e4001c3c8d32,033-9825700235,53033,9299.926160777775,,false,false,26011.173747042405,25.0,,,-122.23444801127845,47.381773808565114
6597d403-a205-4bba-83f3-f17c7b85cdf9,033-9825700245,53033,31756.386606206896,,false,false,25950.75376699818,25.0,,,-122.23690732560911,47.3818571459881
0c887c7f-d648-4f60-ba78-716f5630a77c,033-9825700265,53033,28568.338799816163,,false,false,25963.37003398241,25.0,,,-122.23623199560593,47.38187036647523
8ad12f54-f6a2-463f-9b3e-ab321c10b474,033-9825700275,53033,18810.493280994117,,false,false,25971.694572853103,25.0,,,-122.23569665412954,47.381897162881096
c3102063-a1dd-412d-a0b7-6c7964c197bb,033-9825700280,53033,2895.336735955756,,false,false,25989.29388512065,0.0,,,-122.2354841686845,47.381774087672675
1c073c6a-e33d-449c-a791-ef1c56258f4a,033-9825700285,53033,15971.177110439774,,false,false,25984.37354792816,25.0,,,-122.23511753404698,47.381892369666474
2a95885b-7699-498c-932e-7f4088343eec,033-9825700286,53033,5688.848496664704,,false,false,25980.036594101726,25.0,,,-122.23536083469921,47.381885037720295
538a196d-683e-4ece-9e38-d3f4135651f5,033-9825700345,53033,16675.57580983657,,false,false,26017.399215780246,25.0,,,-122.23707778396013,47.38120092688915
7af1ef68-a3d8-4212-b217-51efd7d684e8,033-9825700355,53033,8565.822803967621,,false,false,26011.568635766194,25.0,,,-122.23669699176038,47.38132902825603
22077375-bc8a-46b6-b1e7-ac6e466e6943,033-9825700360,53033,7505.840431318299,,false,false,26018.36288277628,25.0,,,-122.23633792245667,47.381335133129745
52578de8-7dd0-440d-8d1f-5bd54990f659,033-9825700365,53033,8891.073374958394,,false,false,26035.86418648239,25.0,,,-122.23606587893086,47.38122431143414
57d1447a-c029-4eee-9d06-a3beb168f200,033-9825700370,53033,13179.925390383236,,false,false,26040.83794640139,25.0,,,-122.23581543050472,47.3812266231908
ab95aa9c-b5b1-40fe-9453-76bdbe8eec71,033-9825700380,53033,10528.328282472175,,false,false,26046.142629110294,25.0,,,-122.2355464833174,47.38122957879268
a7a4ef61-7784-4508-ac3d-22e010f880e3,033-9825700385,53033,5440.468198049538,,false,false,26037.715639918537,25.0,,,-122.23530504790295,47.38135585121428
4ce58d83-391a-4b98-8dd3-45977f7a8bc9,033-9825700390,53033,5165.415179051044,,false,false,26041.729785941956,25.0,,,-122.23506259871502,47.38136595968633
2854a826-be79-4f38-9dbe-6f11b9eb2646,033-9825700391,53033,2074.722910508994,,false,false,26059.427953039853,0.0,,,-122.23506374083361,47.381199976745364
3cbdf240-4cc8-4261-9d79-92b09a9eb9a5,033-9825700395,53033,8678.237662645113,,false,false,26067.3001006691,25.0,,,-122.23521083129889,47.38109732873848
9b63573d-1f2b-46d1-b9a0-2e162fba06af,033-9825700410,53033,7558.71226238882,,false,false,26044.410118040996,25.0,,,-122.23633735661484,47.38109154308554
5d3e8714-00fd-4c8b-ab61-e053dc35b31f,033-9825700415,53033,8183.399970262517,,false,false,26037.584456007367,25.0,,,-122.23670020573515,47.38108507031167
ffc19f06-b8e5-4578-84dd-41f58e02e925,033-9825700445,53033,33376.88226150373,,false,false,25910.332270747364,25.0,,,-122.2352868998829,47.38255253306673
6e2f63a6-8249-4829-b952-241f4fa84eab,033-9825700505,53033,7699.940542224637,,false,false,25877.382346029546,25.0,,,-122.23530685135795,47.382857287091504
ec4de4b0-56fe-43b0-ae7b-b00b83aa354b,033-9825700510,53033,13450.963598211027,,false,false,25897.020695728523,25.0,,,-122.23657038515927,47.382425330081844
c17c5955-cde9-4b59-bf76-b845a32268e6,033-9825700520,53033,67091.4775280541,,false,false,25876.4822306035,25.0,,,-122.23629217470327,47.38267188165597
c47beba9-0d22-42d9-b1b5-df0747d4f543,033-9825700535,53033,10266.939912268926,,false,false,25888.54845551185,25.0,,,-122.23700459227715,47.38242018750543
97ff97ba-85be-46e9-9474-909dc4ce2900,033-9825700545,53033,15054.524442611093,,false,false,26183.72274268248,25.0,,,-122.23520868010377,47.38000775776791
ff0c9aed-7b5e-447c-ba36-9c984729798d,033-9825700555,53033,7472.489579138261,,false,false,26157.895283817303,25.0,,,-122.23520738711697,47.380249782389654
38390116-36d4-47c1-834f-7c99b5c16dd8,033-9825700566,53033,94894.6876906198,,false,false,26132.120943974012,25.0,,,-122.23571212218067,47.38039245467023
a4c4e7e2-7d25-4185-a948-85618a3081c8,033-9825700605,53033,7510.236510579135,,false,false,26319.02320565094,25.0,,,-122.2352027556961,47.37874268195736
33465cde-831c-4291-9cbd-bc13439115e5,033-9825700610,53033,7696.148771219548,,false,false,26301.631440073776,25.0,,,-122.23520183251468,47.378905595387444
50fd68d2-59e0-4b6c-90ef-9b5eb98a2ca6,033-9825700615,53033,7622.856512101058,,false,false,26284.132176463383,25.0,,,-122.23520108401004,47.37906948988348
284e2635-0eca-4b84-89d2-10e4cbe1a707,033-9825700620,53033,7677.134601800985,,false,false,26266.673501159417,25.0,,,-122.23520064852273,47.379232952770764
90551ca1-48bf-47bd-8805-be138fcb3ee0,033-9825700625,53033,7894.287179816484,,false,false,26248.93892421884,25.0,,,-122.23519976814401,47.379399093638064
8cbb8ff9-8896-4bd6-b035-f13b9abbffef,033-9825700630,53033,8568.110588530166,,false,false,26230.229152823806,25.0,,,-122.23519822766359,47.37957450005468
b0a5f359-5fad-440b-996d-fc7466202e98,033-9825700635,53033,16395.66179765519,,false,false,26229.289650997733,25.0,,,-122.23571973974053,47.37948179901084
3d655dba-dc77-4494-b6a4-204ea62df125,033-9825700645,53033,30872.38413183155,,false,false,26282.713310378855,25.0,,,-122.23572187862348,47.37898163757635
a9240d1d-6127-4ca8-9476-cdbfddbf4768,033-9825700665,53033,6378.963168701322,,false,false,26407.03160437324,25.0,,,-122.23519903600618,47.37792004858613
a52e16c4-dd7c-4ce7-856b-ad342195a921,033-9825700670,53033,10784.707619298368,,false,false,26387.402207640476,25.0,,,-122.2351994663091,47.37810358710187
486fa5ee-709c-4e35-b2a2-9a54477791b3,033-9825700675,53033,12316.179200339026,,false,false,26360.9501633268,25.0,,,-122.23520253978116,47.378350452082124
a244fa34-b5e7-4b5b-8f03-dd2e9b285818,033-9825700690,53033,15698.068050804368,,false,false,26354.722716370627,25.0,,,-122.23572132456334,47.378308270895474
f26f2f73-f8a9-4d54-8b74-886ac3e88a20,033-9825700695,53033,14035.119332383874,,false,false,26388.402968267186,25.0,,,-122.23571981582084,47.37799361581257
41175616-3014-4c4c-bda4-c7b33c549271,033-9825700715,53033,7631.221864842993,,false,false,26348.635976464197,25.0,,,-122.23650455661272,47.37821461584468
0feff601-a86d-412d-9456-5dc00acbe56f,033-9825700720,53033,7798.555186378137,,false,false,26330.82729257105,25.0,,,-122.23650618949392,47.378380739857846
fc5bf041-3b3d-4de3-8c0a-ee9df2a54b4f,033-9825700745,53033,8657.38959628298,,false,false,26292.42202877093,25.0,,,-122.23650569099432,47.378739794408546
e41b053d-1fa6-4717-aa17-414e3946f7cd,033-9825700750,53033,6410.058499777009,,false,false,26275.06144721065,25.0,,,-122.23650461378963,47.378902277614
ebbae6d7-399f-4439-ba32-bb5af46f4da1,033-9825700755,53033,7524.919387119662,,false,false,26259.058303643178,25.0,,,-122.23650322382973,47.37905214028484
c51654c5-2df4-4048-949e-6ca322a6eb43,033-9825700760,53033,7726.96152388798,,false,false,26241.593461974226,25.0,20.0,20.0,-122.2365015132618,47.37921573714836
70a52756-ab44-45a1-bd66-866c5b11f3d0,033-9825700765,53033,7103.814003443504,,false,false,26224.637430769555,25.0,,,-122.23650091822417,47.379374371689046
a3fe1924-5fa7-4479-a04a-250c342884fc,033-9825700766,53033,4385.454646255123,,false,false,26203.95211572655,0.0,,,-122.23663080906776,47.37954277592129
97505bed-715c-400b-bfd9-9cf16ee28704,033-9825700767,53033,4484.149777220684,,false,false,26208.809036488095,0.0,,,-122.23637200218558,47.37954719273152
7bd50c2b-5e72-4094-bf0f-f3969906d142,033-9825700775,53033,8214.216091086135,,false,false,26195.79139165394,25.0,,,-122.23701789635996,47.37954478387566
0c295086-d389-4d48-b423-5c5abfcc7016,033-9825700780,53033,15497.13328542278,,false,false,26222.876355692413,25.0,,,-122.23701880606362,47.37929148716778
c9d3e026-042d-4dea-be38-ad700334d433,033-9825700790,53033,7568.488389348318,,false,false,26249.20705111673,25.0,,,-122.23701998725515,47.379045207984895
cc2844f6-6b0b-43e5-9204-04d41186f1d6,033-9825700795,53033,7700.99787094997,,false,false,26266.630541281193,25.0,,,-122.23702077977191,47.378882249657956
0bfde497-ceb0-4228-b560-c5bcf57f69f3,033-9825700800,53033,7519.605622855615,,false,false,26283.99678546869,25.0,,,-122.2370213719298,47.37871987322939
a02bb938-2e1d-41c1-b0d9-4d962d757cc5,033-9825700835,53033,81797.0056597473,,false,false,26120.720207106173,25.0,,,-122.23677703136231,47.380292800207094
9d756988-c1ed-4627-acd1-1e4b6fa77e54,033-9825700875,53033,29540.237560256544,,false,false,25912.93369676631,25.0,,,-122.23890049456281,47.38182866456826
73092db0-0777-463c-80fe-e09d0c0c8a21,033-9825700890,53033,46332.890566755384,,false,false,25930.35171389458,25.0,,,-122.23804806968178,47.3818282989346
5d747f44-3b9f-406b-b892-d20f85144c55,033-9825700945,53033,10820.37194105497,,false,false,25905.861822507253,25.0,,,-122.2393647702565,47.38180689469157
f91a7852-b60f-43d0-8849-5e487fbbfeb9,033-9825700950,53033,14010.418003063676,,false,false,25900.664308637774,25.0,,,-122.23964778992818,47.38180210580265
f84111e7-ceae-4ca5-b30a-bda81dd4da7f,033-9825700955,53033,14502.837256624005,,false,false,25971.578195875085,25.0,,,-122.23964408791396,47.381140985831074
b2328faa-f0af-44b2-8bcd-8ccd6e4867b2,033-9825700960,53033,21750.7523372112,,false,false,25978.96213637206,25.0,,,-122.23923564306422,47.3811488301125
f640139b-47fb-4329-88bb-1081eb818437,033-9825700969,53033,17665.23960093598,,false,false,25986.427441771386,25.0,,,-122.23879058292131,47.38116316215541
d44c7d76-9877-4771-8f06-c1bc2343cc6d,033-9825700985,53033,3517.3004762235196,,false,false,25985.493964971993,0.0,,,-122.2381009320411,47.38130293009404
03aa5671-bd03-4c5f-833d-839cb462ca0e,033-9825701001,53033,21691.004682573148,,false,false,26004.478913967963,25.0,,,-122.23777771511806,47.38118728125898
1259898c-c157-4a67-b783-d55ffaa2d9e7,033-9825701011,53033,3362.8367070840263,,false,false,26011.642461023745,0.0,0.0,0.0,-122.23810148591122,47.38105851936817
136ecf26-1528-438d-9ee8-d5107e6896ef,033-9825701051,53033,30883.40291148193,,false,false,25855.907954139417,25.0,,,-122.23872197143365,47.38239524447726
8fd32225-1ad5-4c63-88f4-8d9c0aa1b71f,033-9825701100,53033,19497.036485685956,,false,false,25870.56666903571,25.0,,,-122.23787321312686,47.38242063597409
026759b9-51be-4783-8acb-5e1dc43d32d5,033-9825701110,53033,20011.5206870516,,false,false,25833.530061502748,25.0,,,-122.23788437878936,47.38276474303473
c4080a0f-218c-4cc6-8928-38e906f9a64f,033-9825701131,53033,72203.75153527592,,false,false,25820.106496585162,25.0,,,-122.23914040248653,47.38265011337883
bbfe59f6-eddb-4c34-9dda-bfe948bb80d4,033-9825701135,53033,155562.57282118854,,false,false,26184.343199992156,25.0,,,-122.23806551203751,47.37945227267057
f2b8106d-c0f0-4541-aabe-249e301a11aa,033-9825701160,53033,7717.825015883319,,false,false,26057.39406941415,25.0,,,-122.23779261770679,47.38068996443281
3b8940e5-6954-49c6-b73a-4965254a638f,033-9825701165,53033,8170.206611340529,,false,false,26047.576313783873,25.0,,,-122.23832145791181,47.38068101583634
62bcc450-1cf6-406b-9fbe-49347993e02d,033-9825701175,53033,31270.508694785825,,false,false,26078.789387641013,25.0,,,-122.23806461024772,47.38043826501293
9a5532a7-d5af-4887-b4a9-06ed01cb0ee0,033-9825701255,53033,5000.748782103673,,false,false,26358.858612104792,25.0,20.0,20.0,-122.23780538351238,47.377872029217386
39726bf9-ffe0-43c5-a43b-00f6bd550159,033-9825701270,53033,5174.229141667349,,false,false,26303.20133695441,25.0,,,-122.23780510775465,47.378391696453015
1f8f64c5-2edf-4cf9-8146-435d98ef03a7,033-9825701275,53033,1983.792531769148,,false,false,26290.331781463938,0.0,,,-122.23848236720417,47.37838432137543
1ad52f21-6cfa-4480-8a9e-ac5e14debf46,033-9825701276,53033,3123.843818663958,,false,false,26295.26454006282,0.0,,,-122.2382220900853,47.378387176450744
2fb9b5e0-a9a9-49c1-93bc-bc0a339792ae,033-9825701290,53033,5155.6402229818605,,false,false,26348.975034419593,25.0,,,-122.23832212055568,47.37786713054143
e67b265b-c6a9-4316-bfa2-fd83d57e5c03,033-9825701295,53033,16646.527940591935,,false,false,26297.370907810327,25.0,,,-122.23928758980333,47.37816832955942
d11d4d89-c437-4d92-847c-2c7a6c526345,033-9825701335,53033,6826.649803982586,,false,false,26246.115667427955,25.0,,,-122.23907038944778,47.37868683975385
49b8bdcc-e1e6-4bad-86a3-d37aed017f7a,033-9825701340,53033,6326.486457051844,,false,false,26228.54059256528,25.0,,,-122.23907177318385,47.378850536496685
8d59eb33-d6ff-4a24-abfe-b71cd06600e3,033-9825701345,53033,6839.413861777028,,false,false,26211.02923173673,25.0,,,-122.23907171142842,47.3790139169932
626d2fff-326d-4054-8fda-523000160e83,033-9825701365,53033,47622.12151660418,,false,false,26166.684762056535,25.0,,,-122.23930329767444,47.3793843497957
0df2f1fb-1b82-4bb0-a793-d395b3a23378,033-9825701380,53033,10201.595330635022,,false,false,26218.153246227215,25.0,,,-122.23962766452858,47.37884390102951
a6ff7048-2c06-467a-aa99-b02f5bd73362,033-9825701381,53033,6532.783045753224,,false,false,26213.34057457351,25.0,,,-122.23940496087994,47.37893018929375
28a62f89-3b3e-4355-a0b4-addbb289b0de,033-9825701391,53033,3245.042633734918,,false,false,26239.963366320208,0.0,,,-122.23940079127395,47.37868266491764
ad92d22f-26e4-4620-996d-eb911c00f5fe,033-9825701405,53033,43012.345530687235,,false,false,26094.759937347095,25.0,,,-122.23918998977904,47.38007664279561
9498248f-84af-4b0b-8639-bb90f703ffad,033-9825701415,53033,13062.515054755848,,false,false,26043.67787294044,25.0,,,-122.23906347301936,47.380577162858195
0baf6bb4-d721-4865-9fc2-57e15179a88f,033-9825701425,53033,10512.604184449052,,false,false,26043.67854367615,25.0,,,-122.23966187425572,47.380464913901974
851782c0-999d-4ad8-9777-b69ed3bd31a8,033-9825701426,53033,7151.783925338329,,false,false,26038.114709517293,25.0,,,-122.23940730481054,47.380564488028256
b3dc2f90-0392-469b-8228-b6605fcaaa21,033-9825701445,53033,7524.331051810342,,false,false,26107.049867902828,25.0,,,-122.23967754612751,47.379870819283745
58557ea0-cc1c-4a75-9492-953e0ac22256,033-9825701446,53033,8054.491517811231,,false,false,26110.21625352412,25.0,,,-122.2394710164131,47.37987982253693
fae59f58-ce06-4ef4-8931-0cbd8c8283d3,033-9825701460,53033,21195.384719937505,,false,false,26077.412531699207,25.0,,,-122.2338883615304,47.38126426960116
e66fa404-e7ed-4f49-8907-5e04cff74779,033-9825701470,53033,8218.234261479294,,false,false,26051.18839118794,25.0,,,-122.23443454483873,47.38140148273546
12bc0c0f-2307-4d0e-a487-d43092e0352a,033-9825701480,53033,12807.972637578188,,false,false,26077.162244619045,25.0,,,-122.2344371271694,47.381157581551115
152134fe-f10d-473d-8e36-233ce7926b47,033-9825900000,53033,10550.851971544538,,false,false,2197.1490974303797,25.0,,,-122.30338946395604,47.60223738391105
ed00c8d1-c702-47bc-9b97-aa7e8789577a,033-9826700260,53033,53709.53193866499,,false,false,1152.6141395288532,25.0,,,-122.3178649247124,47.60228503707321
61e827a4-b7c7-43af-bed2-1af0ad6e05d0,033-9826700265,53033,6219.996031876715,,false,false,1216.2420088025206,25.0,,,-122.317209951499,47.60185900440722
83ca35ac-8335-4504-9cfe-256a8d8d7fb2,033-9826700270,53033,5524.586321051528,,false,false,1205.5525417357046,25.0,,,-122.31727314871814,47.60200422199965
dd848c5a-5566-4ea7-bf11-d30dc52a9314,033-9826700275,53033,3177.3740974661923,,false,false,1215.2010091388377,0.0,,,-122.31710038396533,47.602058612637336
dd09c930-a592-491c-8760-b3a56cbe9adb,033-9826700295,53033,3746.0982326411818,,false,false,1203.2609552568274,0.0,,,-122.31721017147571,47.60216173126338
9c0730cb-8468-4443-821f-b71f3efb2473,033-9826700305,53033,3453.1752253752697,,false,false,1199.2130033118437,0.0,,,-122.3172210847133,47.602241602201126
a46e54a5-18c6-4dec-8891-4f03d82b6b12,033-9826700310,53033,4245.337099728635,,false,false,1193.4723938962377,0.0,,,-122.31721033855217,47.60240356751154
d3999f27-de66-4ca7-8189-4488dd0ccf31,033-9826700315,53033,3492.9887953573734,,false,false,1197.636590756748,0.0,,,-122.31719952522563,47.60231778461945
18b7b796-1809-4970-a393-bcee701e790c,033-9826700320,53033,2017.3541216253568,,false,false,1175.5118462032742,0.0,,,-122.31739410693501,47.602533336319794
0db9434d-3e5b-4334-ba5a-717e4a03244f,033-9826700325,53033,2330.3158805423786,,false,false,1185.8180256503704,0.0,,,-122.31724777593142,47.60253306806309
84811dab-f513-4f30-bd15-fc0bc618dc8d,033-9826700330,53033,1564.1925096785374,,false,false,1197.2160400672817,0.0,,,-122.31706412508235,47.602573991958664
eb7a3941-3423-4676-95d3-07995399d31d,033-9826700335,53033,1562.7012071107995,,false,false,1200.3428597128154,0.0,,,-122.31706406552087,47.60249145873761
4cd3c17d-0d04-49e5-ae28-6912133b8af8,033-9826700365,53033,14312.545650339001,,false,false,1236.9880160070534,25.0,,,-122.31718755443787,47.601440142389805
cbe63145-9ba3-4b66-9c06-725cee5cc08f,033-9826700380,53033,17727.670517242877,,false,false,1530.945189790283,25.0,,,-122.31245002654991,47.60245472840149
eb528797-e01b-4b6d-84b5-05550c48e178,033-9826700400,53033,3835.4600376807207,,false,false,1534.3100433778916,0.0,,,-122.3124966813605,47.60223855167328
3457522d-a059-470a-a0ef-662610bc50a1,033-9826700405,53033,3836.5207930474116,,false,false,1536.9385243409454,0.0,,,-122.31249691509625,47.60215650279331
c80efdd6-e9ba-4523-8bf5-aeabe8139278,033-9826700430,53033,10132.953773132991,,false,false,1537.2994215769234,25.0,,,-122.31258890756743,47.60194856487841
6a3c42c6-6ed4-4c06-8333-1764becea0d0,033-9826700450,53033,1331.1305387605255,,false,false,1568.8289094149409,0.0,,,-122.3119597032058,47.60237183002027
7ef5b345-f980-4d18-bb37-705da198a97d,033-9826700451,53033,1502.8235648008392,,false,false,1580.7384534339308,0.0,,,-122.31179749968187,47.60236511208135
4a44b5b0-0726-4827-b72c-95071bbeb853,033-9826700452,53033,2130.210337079518,,false,false,1575.5428597182038,0.0,,,-122.3119016867626,47.60228872216722
ddf59687-3b73-48a0-964d-b146cc3476dc,033-9826700453,53033,1653.1584264986827,,false,false,1572.6086487526327,0.0,,,-122.3119878278287,47.602183881119025
34120298-4df8-4ce6-9149-026c7c414fa2,033-9826700454,53033,1251.4700060914006,,false,false,1583.6790128123828,0.0,,,-122.31181918075572,47.60221773599367
38b345a5-e5ee-4648-880b-7fd9d71b64de,033-9826700455,53033,1261.6050568618539,,false,false,1585.7965260428323,0.0,,,-122.3118196442297,47.60214913190208
744ab4b0-d2fd-4006-9d55-1e6d53058b66,033-9826700472,53033,1303.895566875149,,false,false,1557.4389568262413,0.0,,,-122.31214559051139,47.602306030401486
964606e3-cd0d-4e59-8523-137bcaa8d1a3,033-9826700473,53033,1379.3592147899471,,false,false,1559.9787610899136,0.0,,,-122.31214572924503,47.6022243748482
e88c6ff5-f159-4366-947f-d590421fe280,033-9826700474,53033,1106.185977461823,,false,false,1562.3634952261734,0.0,,,-122.31214600678686,47.60214875542352
574ffe9b-8f95-41bf-93e6-2dff65ea19ab,033-9826700475,53033,1098.4602287893003,,false,false,1558.6732225205228,0.0,,,-122.31203710094034,47.60252560721965
230a80b6-96df-41eb-b173-a5f2a5aaa828,033-9826700476,53033,2436.022822849668,,false,false,1560.7630892514364,0.0,,,-122.3120569570028,47.60240658044643
5e2429b9-8620-4b81-aecc-eba250a72f4b,033-9826700477,53033,1018.9067493294671,,false,false,1563.855992187286,0.0,,,-122.31196548273452,47.60252559084684
e7056301-bfaf-4b06-8d4d-761e8e22e4f0,033-9826700478,53033,1019.062399506697,,false,false,1568.8448786417537,0.0,,,-122.31189656040782,47.60252557429189
8a72626d-fbe6-4e10-93e4-4d2d7dcd47f7,033-9826700479,53033,1019.1897745823597,,false,false,1573.8349111049715,0.0,,,-122.311827638013,47.60252555809127
0bba9e6e-891d-408d-8b22-b2c6f105b885,033-9826700480,53033,1119.4916343828781,,false,false,1579.0713114846462,0.0,,,-122.31175533004951,47.60252554024176
f13a096e-2dc0-4de5-b1ed-fd3766ac0f36,033-9826700565,53033,61390.473704283024,,false,false,1679.0478757120613,25.0,,,-122.3109331711226,47.601267835892635
29af1553-e2e9-4454-a3b5-c69ad7b28855,033-9826700625,53033,2241.7336815843137,,false,false,1608.6744469758328,0.0,,,-122.31133630820821,47.60255264091295
c2b405a2-517a-4117-971a-2c6bf35820df,033-9826700630,53033,1601.2104996481328,,false,false,1622.818518778025,0.0,,,-122.31114149403408,47.60255242723305
d3f230f9-a875-4ad5-832c-906f55e1afb6,033-9826700635,53033,3841.8563529697117,,false,false,1617.6664677520068,0.0,,,-122.31125522225679,47.602442952413384
0b2b01e6-9763-427c-b8da-d8b3a43c06b4,033-9826700640,53033,4802.2820718364455,,false,false,1637.6670296418213,0.0,,,-122.31097931432556,47.60244267202516
67c9bb96-078f-49ec-b409-4601019f6437,033-9826700650,53033,3840.7461309087375,,false,false,1620.851766546279,0.0,,,-122.3112553096254,47.60233335327399
ad8b33ff-58db-4707-993c-5fa792f41367,033-9826700655,53033,1617.6164228980194,,false,false,1618.4425393856445,0.0,,,-122.3113263429509,47.60224230045776
a05d27f3-f66b-4e05-928c-7230ff0ef145,033-9826700656,53033,915.4492895857377,,false,false,1620.172009055002,0.0,,,-122.31132638456226,47.60218540631064
905d813d-8cce-4e3a-9fb9-113e94232fd5,033-9826700657,53033,1126.4164254955415,,false,false,1621.5830582492908,0.0,,,-122.3113264174339,47.6021395358235
97f540b3-10c6-4420-b4be-8fa96d25135e,033-9826700660,53033,1196.9433070791702,,false,false,1633.3583690171045,0.0,,,-122.31112175243507,47.60223730992111
46411270-0589-4706-8ff8-1f34cdeee120,033-9826700661,53033,1196.1588845583701,,false,false,1635.8384067712684,0.0,,,-122.31112189904002,47.60215511048513
3a2fec76-dab5-433f-a28c-cfd24387cd68,033-9826700662,53033,812.9432093860488,,false,false,1643.1725760699273,0.0,,,-122.31098590563573,47.602237153099665
c64f9c75-ab8c-4233-8b1b-8db68605ac3d,033-9826700663,53033,813.2881879054676,,false,false,1645.6364461834435,0.0,,,-122.31098607138117,47.60215495501612
30f81576-801b-458f-aed1-a2f4afb4a2be,033-9826700689,53033,985.3170503128401,,false,false,1670.5656559392785,0.0,,,-122.31076629479153,47.60186336841823
5210e21f-f98c-43db-9d57-576531a227df,033-9826700690,53033,983.8565915803506,,false,false,1675.1413728388743,0.0,,,-122.31070260688561,47.60186325884334
60217562-8f89-4dc3-8507-59b9dc218441,033-9826700691,53033,984.1384130486873,,false,false,1679.7136179737229,0.0,,,-122.31063897135652,47.601863174913774
abe4eb98-4cbb-4a5c-a66c-42db8b3c66b6,033-9826700692,53033,983.8015367027512,,false,false,1684.2861840319476,0.0,,,-122.3105753524019,47.60186307813909
45c4c0b1-6672-46dd-b392-377e7dae3d74,033-9826700693,53033,984.8373198191496,,false,false,1688.8598317815777,0.0,,,-122.31051172544103,47.60186299975624
73683ea0-348d-4d7b-92b1-8c147dd8d8c0,033-9826700694,53033,1035.2318685515602,,false,false,1693.5517329555912,0.0,,,-122.31044645123123,47.60186295981801
d5bdee39-33a2-4056-a98e-d2b0683a3214,033-9826700695,53033,2061.426413191502,,false,false,1663.4879513424132,0.0,,,-122.31086486512747,47.601863477056874
dd33c946-c346-4ee0-bcd4-571697706529,033-9826700696,53033,958.8989725547494,,false,false,1672.355563102111,0.0,,,-122.31066788844473,47.602031334751416
e1d9e318-e131-4989-ba89-cd23a34f7a9b,033-9826700697,53033,958.9424457835671,,false,false,1667.6847484669916,0.0,,,-122.31073270590554,47.60203140564574
a98b7f57-600e-43d2-91a5-c3f0935d6e14,033-9826700698,53033,961.1465976852645,,false,false,1663.011604452184,0.0,,,-122.31079759907003,47.60203141075924
16984cfd-2a4a-471b-87fe-2a508263d114,033-9826700699,53033,1497.3985759435113,,false,false,1657.0267992127156,0.0,,,-122.31088069070148,47.60203150572572
b50f3e7a-30b7-4823-ba12-0147431e23d2,033-9826700700,53033,1380.9134842653946,,false,false,1687.400850947241,0.0,,,-122.31045917317665,47.60203117839528
9e5705d8-a853-4ab9-8a42-3ef13f68928e,033-9826700701,53033,1297.2651331837021,,false,false,1678.6831586956541,0.0,,,-122.31053326292748,47.60214271954407
859f9743-67b9-49d7-88a4-21ddc037c749,033-9826700702,53033,958.9411473511416,,false,false,1681.7003590573474,0.0,,,-122.3105382535297,47.602031194333065
2a8df298-1a7f-402a-a2e6-b57e8b49dc9e,033-9826700703,53033,972.5176886500072,,false,false,1677.0251255859453,0.0,,,-122.31053516836917,47.60219386736051
bd4449ed-1ffe-45d6-a1cb-0f70316b8f73,033-9826700704,53033,958.9221491127623,,false,false,1677.0273501101576,0.0,,,-122.31060307160104,47.60203126567398
73d0b5bb-a530-4350-9778-1133a549bbbf,033-9826700705,53033,1374.9426006832564,,false,false,1675.3385064960817,0.0,,,-122.31053702251043,47.60224672686803
11f9e021-7365-4300-ace6-47800c21b605,033-9826700707,53033,1479.1974103847008,,false,false,1656.6721161983185,0.0,,,-122.31079466884033,47.6022478932497
c6b44540-c114-4049-bbca-008322b0bf0e,033-9826700709,53033,1076.2104532226006,,false,false,1658.216374399948,0.0,,,-122.31079469858545,47.602195810168716
f370c5da-4388-4a87-b8f3-78774368e778,033-9826700710,53033,2401.512306286888,,false,false,1670.5787807982554,0.0,,,-122.31057388447401,47.602318929882806
70eb9b9a-71b4-4628-8d1b-edbd8f725cbb,033-9826700711,53033,1478.3942673974545,,false,false,1659.7781445642147,0.0,,,-122.31079472949367,47.602143765953514
8623a0e5-ea44-4a5f-bbc1-3185504f86fc,033-9826700712,53033,2399.635485508859,,false,false,1668.2552828710188,0.0,,,-122.31057367190513,47.60240112607535
228ebb91-9b15-4a51-b01e-383f3616fc69,033-9826700715,53033,1226.1240691219218,,false,false,1648.8935999853397,0.0,,,-122.31085686778478,47.60236032092632
4c4dfcb2-b455-49f4-81cd-a1821b9f7a13,033-9826700716,53033,1174.4589929807712,,false,false,1654.7721112584748,0.0,,,-122.31077573618727,47.602360232418356
809dc176-0f63-41dc-8364-acb85c1c2b1d,033-9826700718,53033,1146.9780043475632,,false,false,1644.1578948622703,0.0,,,-122.31085909230559,47.60252230383347
8609dd5b-a677-4ab6-9501-441b1282223d,033-9826700719,53033,1258.0092453647642,,false,false,1649.9109931651763,0.0,,,-122.3107781297338,47.60252690619367
8e629df7-827d-4ec1-acb2-a6228309ef39,033-9826700720,53033,1289.9829082739782,,false,false,1656.24354755013,0.0,,,-122.31069186524655,47.602524516381564
55da2e28-1ef7-45b5-a19b-e2f3afe85334,033-9826700722,53033,1043.2012524392464,,false,false,1662.6418250287757,0.0,,,-122.3106062612224,47.602518013019235
8329af02-6324-49f8-9959-1c067a382c5d,033-9826700724,53033,981.287947241879,,false,false,1666.860209594246,0.0,,,-122.31054636892028,47.602522920276805
c6e48203-8033-49a9-af80-b9794d83659c,033-9826700726,53033,1485.3486282818737,,false,false,1672.605739686776,0.0,,,-122.31046478858576,47.60252971381734
8081b80a-6403-4d96-822b-b7e3c186c9a2,033-9826700730,53033,1358.7930409420735,,false,false,1706.5962444325028,0.0,,,-122.31001943747275,47.602470422004224
cc284596-7e71-4257-8ff7-0144f0c0e2cf,033-9826700732,53033,989.3940713288656,,false,false,1705.1907882118053,0.0,,,-122.31001936259123,47.602522956065044
91b13b2a-6715-4dca-9a0c-94b2d5015253,033-9826700734,53033,1297.699367553118,,false,false,1703.8389793448036,0.0,,,-122.31001929113181,47.602574159400966
e9e0b9eb-f571-403c-9cb1-d4b9aef4e2ea,033-9826700735,53033,1548.6346422164793,,false,false,1721.9481620729962,0.0,,,-122.3097699508595,47.60257643738123
e2765fb3-cc0c-44cc-9f6a-8c146312f2cf,033-9826700737,53033,1080.657287820705,,false,false,1724.1053489514698,0.0,,,-122.30975968766386,47.6025226664408
731a8c44-763a-4a6e-bbae-fc54cce4cae7,033-9826700739,53033,1511.0737680952866,,false,false,1725.584291226622,0.0,,,-122.30975876936071,47.602469513581106
3f04a8ac-50ff-4fdc-a1d0-ac8b929c60ba,033-9826700749,53033,1359.1024873648603,,false,false,1717.589973387997,0.0,,,-122.31002185383458,47.602076747861275
45639681-7a87-4fc8-b8f2-fc9e8404c6de,033-9826700751,53033,923.4105274599573,,false,false,1718.9289639884312,0.0,,,-122.31002497216069,47.602024387907754
20df764c-ca93-45fe-a57c-c52f39e0b774,033-9826700753,53033,1324.8136753064332,,false,false,1720.4086115995408,0.0,,,-122.3100261204756,47.60197268959355
be55ffd6-fce8-4445-a2db-a85922e9ea4a,033-9826700755,53033,1553.420813575962,,false,false,1739.235250173277,0.0,,,-122.30976511204413,47.60197287684748
d115e5c0-f2b9-41a3-9e4c-79e537a196e4,033-9826700757,53033,1110.682495223495,,false,false,1737.703729601824,0.0,,,-122.30976424345289,47.602026214322734
0a011f19-ccdc-4c5c-bca8-4e4fc19c9a70,033-9826700759,53033,1482.106011316103,,false,false,1736.151213069529,0.0,,,-122.3097645158545,47.602078100982816
371d2506-aba2-4aee-b7e3-029d505fbd1e,033-9826700760,53033,7752.6746886700075,,false,false,1733.9985904068806,25.0,,,-122.30988596235679,47.601858965117785
6956d978-088b-4ada-baec-102cf379b884,033-9826700765,53033,14231.910891582771,,false,false,1769.3649839412983,25.0,,,-122.30936667677452,47.60192742961149
465b646a-6ea6-4dbb-80de-792af0c1674d,033-9826700770,53033,10319.876990779503,,false,false,1761.8113852450585,25.0,,,-122.30936569788973,47.60219019453903
dfecc2c2-9ac6-4c8c-a2a5-dee07bca1a88,033-9826700785,53033,14238.814069145623,,false,false,1754.7127306223501,25.0,,,-122.30936470494122,47.60245296487609
be96b550-0432-4481-949b-bcbc129381d0,033-9826700795,53033,16699.930442044377,,false,false,1748.234563281664,25.0,,,-122.30988752478163,47.60141631919298
8f3ef35a-e2fe-42c1-a7b6-e52e848c82ce,033-9826700810,53033,1635.0880989115526,,false,false,1790.493543861362,0.0,,,-122.30937201222275,47.60125577909242
1f82804b-591c-4464-9c9c-2e884461f191,033-9826700814,53033,1719.8664751453703,,false,false,1799.859371232938,0.0,,,-122.30919661470666,47.60134955686267
5d226b72-a603-47c9-a84e-535c63a3e19e,033-9826700815,53033,6434.825754187756,,false,false,1774.1817245623845,25.0,,,-122.3095162391138,47.601434040737594
f70ccebe-f7ae-4fef-9130-3727121aece3,033-9826700821,53033,3514.377003170358,,false,false,1786.5230419210163,0.0,,,-122.30934393156046,47.60143378568005
d3f44e1f-be76-4135-976d-005e325efc04,033-9826700825,53033,3305.7357083238676,,false,false,1795.7284311245492,0.0,,,-122.30919584565332,47.601476646341396
4f8e24bd-b1e2-4d0a-aaaf-6d4a0e463908,033-9826700840,53033,29957.039919697687,,false,false,1861.4248958171577,25.0,,,-122.3082971647398,47.601439812620555
b26ce76b-5c31-4eef-80a4-ec7e5dbfbde7,033-9826700845,53033,42088.97065612393,,false,false,1870.2487929077247,25.0,,,-122.30834311595457,47.60107025876057
df32fb84-0c33-4987-9476-bf47c2420134,033-9826700850,53033,6164.567174710906,,false,false,1908.909189697393,25.0,,,-122.30763724016403,47.60143987582869
62843b06-7978-41ba-9082-d601c704e69c,033-9826700875,53033,2606.291754526549,,false,false,1822.7872919979045,0.0,,,-122.30840748197492,47.60252117573436
e8653838-ee7c-4ac2-bcee-f40b72913190,033-9826700880,53033,5122.233200978319,,false,false,1803.9023559041766,25.0,,,-122.30866593744051,47.602521465573396
ca72a147-2000-4a2c-bdd8-7d4ee32988a0,033-9826700885,53033,5083.468279457691,,false,false,1813.7576170242144,25.0,,,-122.30857926285046,47.60238367520133
2bc04b47-2987-4105-9f27-0aac6dab6bb5,033-9826700890,53033,5199.072800209386,,false,false,1816.6422033951455,25.0,,,-122.30857968646878,47.60227319047076
10cf5513-14e4-4a1f-a71f-4c674b20f295,033-9826700895,53033,5180.916085251115,,false,false,1819.6367188281997,25.0,,,-122.30858006373768,47.60216167904894
23d0fe1b-769d-4dd1-8c14-e5d96f096720,033-9826700900,53033,1958.4460395182427,,false,false,1815.2819338019085,0.0,,,-122.30870968457407,47.60198203543281
fb0e32b7-07d1-42f0-88e2-98af590ea532,033-9826700905,53033,1672.261718206765,,false,false,1835.3589878090977,0.0,,,-122.30843275886652,47.60198160697931
1fca090c-9dcd-4fc3-b420-0284340675ba,033-9826700910,53033,275.4409863285401,,false,false,1826.0068948063613,0.0,,,-122.30856172633227,47.601981809088564
96d3cc23-de1b-4866-afcc-a791c883e8b5,033-9826700915,53033,1741.991838227895,,false,false,1812.064483224772,0.0,,,-122.308721408053,47.60206515169281
470e8083-e3b7-4bd9-a3be-0b590b5c3182,033-9826700917,53033,2086.805083317268,,false,false,1830.8410487731712,0.0,,,-122.30846275644782,47.602064699253916
743bf0cc-ac2e-4d34-9def-442da478142f,033-9826700920,53033,5523.062812782311,,false,false,1822.4435234541152,25.0,,,-122.30866238436172,47.6018536587638
8df0e432-c84d-4798-a844-8e8070009e09,033-9826700927,53033,1056.5443965625852,,false,false,1872.6322206583425,0.0,,,-122.30797144992277,47.60184699879714
3f525077-7a12-4017-a953-180cc9dd34d0,033-9826700928,53033,914.6401036097159,,false,false,1867.901497111563,0.0,,,-122.30803813771831,47.60184357598215
f32873c2-84df-4cf4-960d-0e89fcf2f8c0,033-9826700929,53033,1059.1669754481252,,false,false,1862.8463710973751,0.0,,,-122.30810434267401,47.60185263455378
3f320607-9bae-4b12-aa3e-c479daf60ee8,033-9826700930,53033,792.8909168602921,,false,false,1878.063526827684,0.0,,,-122.30784984165173,47.601966537805566
a4b6d0b8-c29e-4566-a049-42c1c6e5c0e0,033-9826700931,53033,754.8856484804936,,false,false,1875.3773517141724,0.0,,,-122.30785144420717,47.602059641610424
d6168ee2-a2ba-4cc5-9a36-08e53e0eae7e,033-9826700932,53033,1036.0665660337847,,false,false,1879.69198614325,0.0,,,-122.30786346344046,47.6018736956477
ab1edfa1-0873-4367-ba4b-a2d920038026,033-9826700933,53033,1212.2378447937901,,false,false,1870.6530691594448,0.0,,,-122.30793342786527,47.60201484925916
0b573019-da2d-475c-9920-770c5217c905,033-9826700934,53033,912.4833644062651,,false,false,1860.139813117579,0.0,,,-122.30805529729746,47.60207512450107
b31cf053-27c4-4352-b1b4-08b01352b4da,033-9826700935,53033,5536.810680762399,,false,false,1851.2584618942594,25.0,,,-122.30823119467236,47.60193626949749
266dc4da-17e4-4cc3-a1d5-f730d7506606,033-9826700936,53033,2512.3260844409397,,false,false,1841.1660499421976,0.0,,,-122.3084035454367,47.60185351686105
8d4cd510-327d-4811-b4e4-ca289816e9ab,033-9826700937,53033,903.0672417022067,,false,false,1859.5911762101148,0.0,,,-122.30809559115562,47.601989384726394
1750d201-33f2-4255-9638-297e6831896a,033-9826700938,53033,802.4986656371668,,false,false,1865.679648696789,0.0,,,-122.30801195867424,47.601988682647445
3459178a-076a-4766-92dd-90ac1e83a559,033-9826700939,53033,771.9760690035965,,false,false,1880.3051429857308,0.0,,,-122.30788054944058,47.601809165787465
c4addc4f-e745-466c-b064-306ffc979c4c,033-9826700940,53033,23201.581460301422,,false,false,1852.2071160295238,25.0,,,-122.30806231167122,47.60235454050648
085412b1-282a-45d5-ab45-173b414ae1cf,033-9826700965,53033,15525.079061529028,,false,false,1907.532621699041,25.0,,,-122.30727674040078,47.602436788193835
a5bee1c7-edc8-4830-aa92-2d866374e104,033-9826700970,53033,7762.9989601810275,,false,false,1913.7721050744099,25.0,,,-122.3072773119679,47.60218730799043
c43ad7c9-536c-4e2d-baec-d04511fbe824,033-9826700975,53033,5203.927219496383,,false,false,1917.412029740307,25.0,,,-122.3072776200117,47.60204840194332
6917ee29-e73f-49ed-a74d-e70cb3e48fd1,033-9826700980,53033,6288.907903348515,,false,false,1914.5616111928177,25.0,,,-122.30737936341954,47.601882242729246
aacb53d4-bb08-4a24-9e8a-c81091b51252,033-9826700985,53033,4034.1780220162686,,false,false,1933.4013517786816,0.0,,,-122.30712002824653,47.601881820350826
f50a791f-eebb-4129-b7ff-6ec786b574b4,033-9826701014,53033,1407.7595091705234,,false,false,1940.8507652008007,0.0,,,-122.3068877164064,47.60223995514395
5c3e1938-aef2-4bff-b274-ef67e34bb65a,033-9826701015,53033,1611.9653686143934,,false,false,1959.9134867917346,0.0,,,-122.30662840863293,47.60223501239104
baa6ec19-c021-432f-8855-7ccc2b93e677,033-9826701016,53033,967.1401027692847,,false,false,1961.3031780307035,0.0,,,-122.30662852101251,47.60217953446446
96e7fe9b-e10c-4ae3-8f82-86c0c5237add,033-9826701017,53033,1289.484699725291,,false,false,1962.5341985609969,0.0,,,-122.30662861998447,47.60213099174212
93bf4897-7100-44f4-a241-60f4709d77ed,033-9826701018,53033,1407.947059928007,,false,false,1943.5521311948742,0.0,,,-122.3068879408039,47.60213365276043
1b0788df-b5db-4e86-84da-52971b963e80,033-9826701019,53033,1082.8422421479672,,false,false,1942.1929235674147,0.0,,,-122.30688782859679,47.60218680405203
7cbffc45-9348-4253-bd18-3931a3811ae0,033-9826701020,53033,15533.13598578029,,false,false,1945.4992483769488,25.0,,,-122.30675812406975,47.60243625011673
127c01ca-cc26-4278-b383-e5e0d62e0f56,033-9826701165,53033,2726.372577990496,,false,false,2013.77447485386,0.0,,,-122.30580067179861,47.602518751156694
74160f9b-8b91-4b05-a902-e8823b0d4e7f,033-9826701172,53033,1144.3125835087535,,false,false,1984.9834703160825,0.0,,,-122.30619295280752,47.60251890873512
f5ead9f8-2274-4711-b1de-8410ce51ffe5,033-9826701173,53033,930.7408050708858,,false,false,1990.0647374802536,0.0,,,-122.30612371531592,47.602518838144846
336ac696-61c5-482f-8a86-9df1817a3d8b,033-9826701174,53033,930.8281784680171,,false,false,1994.6234792643975,0.0,,,-122.3060616044554,47.602518774380066
e69d364b-ceb4-4b58-bb56-0a5b62e701fc,033-9826701175,53033,930.860224776782,,false,false,1999.1827213796655,0.0,,,-122.30599949294681,47.60251871054722
ff211697-4e59-4b20-b00e-9970c04e055e,033-9826701176,53033,1151.5787516732867,,false,false,2004.2972747982167,0.0,,,-122.30592999277421,47.602518092637325
c85c9311-2ea0-4d7a-8a71-4f0b20be0293,033-9826701185,53033,1571.4638237595082,,false,false,1994.0974956699267,0.0,,,-122.30610614761525,47.60240069970397
575b36e8-7e18-4e30-840f-f9a9e0088133,033-9826701186,53033,755.5655627063949,,false,false,1995.3129037119402,0.0,,,-122.30610627723632,47.602349077913985
1b3af656-c494-41a3-9a98-211f2f4eb270,033-9826701187,53033,755.4929889028875,,false,false,1996.110625528726,0.0,,,-122.30610636224257,47.602315552532204
0689d086-c7a9-47e6-b691-7e578008795d,033-9826701188,53033,1063.0749736781192,,false,false,1997.079566030951,0.0,,,-122.3061064650962,47.60227519987843
21c5275b-1287-4b38-951f-bc88c85d99b4,033-9826701189,53033,1223.072211071655,,false,false,2012.9784797058649,0.0,,,-122.30584550283986,47.60241017384832
baed83ab-2b2d-4d1e-b9e6-ec5dc82cfdb2,033-9826701190,53033,830.1646553617684,,false,false,2013.9615829864792,0.0,,,-122.30584555317617,47.60236803980373
13082f98-ccf9-406b-96e5-40336e566f66,033-9826701191,53033,826.9103847454563,,false,false,2014.744641370912,0.0,,,-122.30584584007106,47.60233403177922
14b6a07c-a733-484d-89cb-1e2938624eb5,033-9826701192,53033,1238.2693260913925,,false,false,2015.3465798190139,0.0,,,-122.30585155472448,47.60229128514084
aa68a222-d24c-4b18-871c-1b20a3e537c6,033-9826701193,53033,813.2688410698224,,false,false,2019.103676934203,0.0,,,-122.30584121488917,47.60216807343727
c39b8f5e-3170-4780-a352-8fc374b83f49,033-9826701194,53033,1138.4730166346542,,false,false,2020.1273685329634,0.0,,,-122.30584135507219,47.60212643233631
19119fa6-ba46-4418-bc26-6446d333cede,033-9826701195,53033,1626.1302695716868,,false,false,2000.8369880509754,0.0,,,-122.3061017325912,47.60213720232451
99b9df25-df52-4fbe-9695-23cfa59aa5e0,033-9826701196,53033,791.0839241991307,,false,false,1999.5590004851122,0.0,,,-122.30610159891518,47.60218876788771
ad5adfe9-591e-4b0e-b6d1-738f816d6cc1,033-9826701197,53033,1077.5298061668254,,false,false,1998.5820736867158,0.0,,,-122.30610149401255,47.602228622779826
0d0a4804-1070-422c-9e9a-0d2fb89d0edb,033-9826701198,53033,1094.1497244766097,,false,false,2017.6144955345258,0.0,,,-122.30583623225947,47.60224377406833
f5f67e20-6f02-433b-a904-504fd7570f41,033-9826701199,53033,813.3059126150972,,false,false,2018.2583231864546,0.0,,,-122.3058410980778,47.60220277414518
99604a3c-b2a1-489b-88d8-84bab3c7eb24,033-9826701200,53033,1458.1006876709068,,false,false,2001.9469766573573,0.0,,,-122.30610977928873,47.602070174840414
0c76cd05-825b-452d-ab51-d7e3064d0d29,033-9826701201,53033,1021.719866886192,,false,false,2003.625501789692,0.0,,,-122.3061059938742,47.602015569938004
dccc7474-4fc0-4229-bcc0-b257a891a553,033-9826701202,53033,1288.5145824736803,,false,false,2005.1625482554946,0.0,,,-122.30610308116853,47.60196459485672
c78b373e-c7da-4abe-93bf-5356e12aec3d,033-9826701203,53033,1460.9518004162248,,false,false,2023.848495487369,0.0,,,-122.30584633473661,47.601965743026284
43d19370-37bb-4f00-bbef-6775dd7f88c1,033-9826701204,53033,1095.7715623146703,,false,false,2022.5040206631306,0.0,,,-122.30584614856977,47.602018515739466
06b47b6f-dcdb-4849-8b35-5cb04105204e,033-9826701205,53033,1478.0992927631382,,false,false,2021.1684538229604,0.0,,,-122.3058459397117,47.60207164024402
8a5cf197-29e8-4f13-bbaf-df43e183e0a5,033-9826701210,53033,15603.069693247291,,false,false,2036.6042028054856,25.0,,,-122.30571208161314,47.60185208687305
edc56aa9-553d-4b7c-818d-0ac27ec1b901,033-9826701220,53033,6522.315778101833,,false,false,2051.679688434216,25.0,,,-122.30545127258719,47.60200457233661
e0fe634f-17ae-4aa3-ac88-028a2a81f04b,033-9826701230,53033,9095.546361780862,,false,false,2047.5966988995676,25.0,,,-122.30545054038011,47.60217120094814
87e1b395-36cb-41b3-8da2-92ed0d9c5263,033-9826701235,53033,7814.569711773195,,false,false,2043.358802062216,25.0,,,-122.3054497391594,47.602351528080405
73a6aa85-06d1-4e7c-b6a8-7455dddb1e61,033-9826701240,53033,7818.45144238997,,false,false,2039.610587163614,25.0,,,-122.30544899621749,47.60251815010525
b68b21c5-8ea9-4c44-9672-25ffe65d9d26,033-9826701245,53033,12826.10403670482,,false,false,1985.2177086220688,25.0,,,-122.3059713363344,47.603303833777936
3145d406-e996-488b-9e8b-9d10a6ba033d,033-9826701255,53033,12846.297139742277,,false,false,1990.4399909338454,25.0,,,-122.3059707418391,47.60302963455999
efa42039-3bfe-4acd-9849-2ad7f1afc76a,033-9826701265,53033,3566.4162619845106,,false,false,1986.1040639497342,0.0,,,-122.30608637517734,47.60282412643798
b96a896b-574b-46b6-9cc2-ada14347789c,033-9826701270,53033,1432.2337275689213,,false,false,2001.0237197460262,0.0,,,-122.30588380558979,47.602823926842035
6dbab17d-2e6b-4425-841f-1848ede7548a,033-9826701272,53033,1432.1277962942206,,false,false,2009.5757917018377,0.0,,,-122.3057677154324,47.60282381280442
4ce54034-aa16-4651-88de-b88defbab12b,033-9826701275,53033,7852.326929358116,,false,false,2039.111697185059,25.0,,,-122.30534807698767,47.602891871546724
a671b7c5-31e0-45e3-b391-1d6b2d04aba1,033-9826701280,53033,5000.040292015992,,false,false,2019.8976333043859,25.0,,,-122.3056085846914,47.602892199556926
d9c55aa2-7cc8-4337-9a39-b5b43fdaff6d,033-9826701295,53033,6418.529153030584,,false,false,2027.5389883290864,25.0,,,-122.30545048595302,47.60309760920244
f04034d5-dc6f-47fb-bed6-ad98c5ac0950,033-9826701300,53033,5479.9403902283,,false,false,2013.7834550793355,25.0,,,-122.30559034109028,47.60328286189907
e70a6c1c-307c-4a50-acfd-eabd24445788,033-9826701301,53033,790.7204721175897,,false,false,2017.0159326046778,0.0,,,-122.30552499721686,47.60337384572028
41e8fd49-61fb-434f-b7c0-8c598bba6eb4,033-9826701302,53033,992.2409806363904,,false,false,2022.537179300451,0.0,,,-122.30545056037545,47.6033733531914
1f4fe7fd-b609-43d7-8cb7-46d3d4bccdb0,033-9826701303,53033,936.1601847738403,,false,false,2032.8699143249669,0.0,,,-122.30530119094671,47.60341612775572
d7f44aeb-bd69-4b4c-9936-a622b6364822,033-9826701304,53033,873.1159120902079,,false,false,2033.6912047602489,0.0,,,-122.30530076836497,47.603369897878636
fe9ddeb2-47e0-4f15-88a3-416f93fc3325,033-9826701305,53033,872.7901125473603,,false,false,2034.4848985758283,0.0,,,-122.3053005068296,47.60332528737818
df4f4769-e1a0-4ded-aa07-c3399793a256,033-9826701306,53033,934.7263968702416,,false,false,2034.7044570243781,0.0,,,-122.30530814824526,47.60328073323968
cbb3b28e-6f16-4ee5-a4ec-b2b4cbfc640a,033-9826701307,53033,935.6679437238678,,false,false,2035.523224985922,0.0,,,-122.30530785191439,47.603236192704294
94f642e4-8457-4bde-853c-de2e14aa02b6,033-9826701308,53033,1006.5386279965411,,false,false,2036.3887465534015,0.0,,,-122.30530750475735,47.60318994204786
4eb3ddfe-f6f3-4f0a-8d16-795ba5ebee60,033-9826701310,53033,2100.2804591788436,,false,false,1975.6853358336907,0.0,,,-122.30592007087269,47.60417017802057
5c2d5cd8-9fa7-47bf-8020-8494fedf44fe,033-9826701311,53033,2100.1809091954256,,false,false,1986.2554741338606,0.0,,,-122.30577819463258,47.60416996304459
bce47d32-610c-4e5a-9806-374dbc72db6b,033-9826701315,53033,1740.4524932964318,,false,false,1961.1032333134267,0.0,,,-122.30610878801825,47.60421172663861
8a6e10af-ea0c-498f-9f51-66f9e14567d6,033-9826701316,53033,1751.5191765212132,,false,false,1962.1328987121854,0.0,,,-122.30610911040841,47.60412947287974
08b64ec0-8ca5-4564-bc0a-c659bf4d55a2,033-9826701320,53033,4102.175456312819,,false,false,1973.7715201550302,0.0,,,-122.30596799524129,47.60404412795309
50c558e6-7539-47c2-a9a6-7b4e1b4d4d20,033-9826701325,53033,3588.4439134939257,,false,false,1974.8614590767954,0.0,,,-122.30596857684748,47.60396187705612
ba8f4b4b-2c12-4aa9-b75e-6a3aa3fe024d,033-9826701330,53033,3844.9186047251746,,false,false,1975.952899037524,0.0,,,-122.30596916365415,47.60388236848726
1e6ce5f9-1dee-485e-ba2c-325842640ec4,033-9826701335,53033,3843.9670201679414,,false,false,1977.1248339206525,0.0,,,-122.30596974542198,47.603800117406244
d43eb35d-07c7-49a2-a73e-16d376a4bb89,033-9826701340,53033,7687.164662843612,,false,false,1978.958830969476,25.0,,,-122.30597064195976,47.60367674633912
60a87df1-33a5-40de-a64b-a537e5dc6848,033-9826701345,53033,2639.938266445445,,false,false,2030.1750348590278,0.0,,,-122.30528091033146,47.603675783783366
ca220d9b-f945-446b-9f03-28d7af658639,033-9826701350,53033,5046.2436350134085,,false,false,2010.892573936207,25.0,,,-122.3055405474872,47.603676150313774
89d5badc-c204-4bf1-b4b3-2f8b193cfc01,033-9826701355,53033,3843.7855873473027,,false,false,2015.7232054631465,0.0,,,-122.30545039057951,47.60379938307304
944c954e-34f9-4af3-ab1b-2021385c0c90,033-9826701360,53033,3844.1732664859032,,false,false,2014.5794342126833,0.0,,,-122.30544973956043,47.60388162374144
d9508c44-23e3-4b39-8605-92b02e002688,033-9826701365,53033,1922.4261100166484,,false,false,2022.0870686473393,0.0,,,-122.30531853821289,47.60404591015238
d4572416-bc43-4214-bd0f-9aef98f68fe4,033-9826701366,53033,1922.2307412518112,,false,false,2023.1423446114898,0.0,,,-122.30531920812228,47.60396367340632
e1a3f9fa-556e-4182-9372-2c8c0698ffc2,033-9826701367,53033,1922.5507551556072,,false,false,2002.7449427159954,0.0,,,-122.30557830892889,47.60404629524584
8bfc7ad5-ccf3-4198-8141-687f05246ed5,033-9826701368,53033,1922.345142016888,,false,false,2003.8129248672738,0.0,,,-122.30557894933389,47.60396405395238
b3e5e9dc-f83a-4636-959c-e02f2e04af78,033-9826701370,53033,3845.758795110529,,false,false,2011.3949411869828,0.0,,,-122.30544776992889,47.604128344996475
a4a14719-3f42-4432-91d0-376ffb9847e4,033-9826701371,53033,3845.7212162093215,,false,false,2010.414585529304,0.0,,,-122.3054471258441,47.604210585824674
fb68029d-4086-4789-8fbb-9b6b0908e811,033-9826701375,53033,1229.6863217552207,,false,false,2053.2985027935965,0.0,,,-122.30487854339742,47.604168540016694
40c0203d-f737-4f6a-98bc-8b67ee62bbe7,033-9826701376,53033,929.6978632524552,,false,false,2058.737222977979,0.0,,,-122.30480558017092,47.604168403603424
320cef72-91c2-42db-be6d-20337bcf3253,033-9826701377,53033,929.6445110933273,,false,false,2063.4206614985724,0.0,,,-122.30474275118102,47.604168286405304
9a4794ee-eea8-43b5-ac6f-e07c534170f2,033-9826701378,53033,929.6132324769982,,false,false,2068.104280650348,0.0,,,-122.30467992138816,47.60416816934882
56f44e51-5d78-40af-9197-1d27fc2a464f,033-9826701379,53033,929.5208756057325,,false,false,2072.7879869000776,0.0,,,-122.30461709230481,47.604168050786626
34566aa7-7037-4b28-a299-0768195060bd,033-9826701380,53033,7197.4373855522535,,false,false,2070.3088876200477,25.0,,,-122.30467825090045,47.60400375075888
364a7a49-5ba8-45ae-b72a-f1f6597b01db,033-9826701381,53033,2249.2886913756533,,false,false,2080.797235494064,0.0,,,-122.3045096564476,47.604167850422826
98490a07-7386-4fdc-b56a-78dc33f964d8,033-9826701383,53033,1767.5780961588628,,false,false,2081.1024574302714,0.0,,,-122.30455556947605,47.60388025100323
19b7522a-c60c-4fc7-8e34-aa6c1c2d2dd3,033-9826701384,53033,1769.6485384811508,,false,false,2082.200923231895,0.0,,,-122.30455631992248,47.60379805047991
69970f56-ae5f-4058-9588-5c2462ca3e0a,033-9826701385,53033,1829.5126661549514,,false,false,2064.112763819899,0.0,,,-122.30479954004545,47.60379842926712
c9099fc4-7af9-43b3-bbb0-f019e0f03a42,033-9826701386,53033,1830.1566426692398,,false,false,2063.0044355428963,0.0,,,-122.30479878608342,47.603880644924224
7cdfd7fe-abfb-462d-bce7-1322ab5610b1,033-9826701390,53033,7197.108257672731,,false,false,2074.7419305658186,25.0,,,-122.30468099776272,47.603674927749935
80f1c4dd-8ace-46c2-a78b-35dd303ca212,033-9826701395,53033,1800.0635198493037,,false,false,2125.335325975785,0.0,,,-122.30400843870218,47.60363291300185
9db61b25-924a-4ca0-b5c2-009c9a624355,033-9826701397,53033,1800.0852976535436,,false,false,2124.176488807654,0.0,,,-122.3040077432149,47.60371515524847
7f749b98-350d-43f7-8589-0e05a1f0fc05,033-9826701399,53033,1800.1410382923616,,false,false,2123.0561361289792,0.0,,,-122.30400705128659,47.60379739827059
d8403aa5-870e-4ce7-b3f2-919230b2c6ee,033-9826701401,53033,1792.7665743421392,,false,false,2121.978091942909,0.0,,,-122.30400634301853,47.60387947360029
f8c6e65d-e70e-4a2b-a7ca-f17b839a3fa4,033-9826701403,53033,1792.0479820350563,,false,false,2103.8741178556984,0.0,,,-122.30424956368302,47.60387989616873
46348686-2d69-4f9a-9677-d7a6f5e7d81b,033-9826701405,53033,1800.8293238546203,,false,false,2104.961811363406,0.0,,,-122.30425027005829,47.603797820207326
773e7f16-db7b-4653-8829-4e5beb7769a1,033-9826701407,53033,1800.8195435033,,false,false,2106.092597442626,0.0,,,-122.30425096063847,47.60371554357485
9b4a05f1-c2ca-4243-98da-e812b67120ec,033-9826701409,53033,1800.8019171749474,,false,false,2107.262478316207,0.0,,,-122.30425165143551,47.60363326716283
98eefc70-0bf3-4d8f-bce3-b6c786a2aea4,033-9826701410,53033,1103.4420193729716,,false,false,2120.9090746835245,0.0,,,-122.30400894922255,47.603945001448515
6af14b61-c2f7-44d1-b846-2e2ee8ca7e46,033-9826701411,53033,738.6949986920871,,false,false,2120.4022684689517,0.0,,,-122.30400856658576,47.60398602660997
e5a5f669-f507-4893-9185-151c4cb28b01,033-9826701412,53033,738.569711494806,,false,false,2120.002507535643,0.0,,,-122.30400826293544,47.60401893412401
9a0490bd-704b-47b1-aec4-38bd071eb3ec,033-9826701413,53033,1107.5175619614186,,false,false,2119.511623846355,0.0,,,-122.30400788293461,47.60406006795628
0a9f8ae6-0ba7-4b29-a66b-971e49e3b97f,033-9826701414,53033,1180.6364700251809,,false,false,2101.4226440107245,0.0,,,-122.30425113936357,47.60405752677565
08def2f2-b75e-4670-98d3-ed2db788f8f9,033-9826701415,53033,2619.0701313668305,,false,false,2120.9680319056533,0.0,,,-122.30397087663029,47.60416684171708
aade4640-326d-4e9d-b6e6-bf3753d19487,033-9826701416,53033,799.8966250111662,,false,false,2101.982984360704,0.0,,,-122.30425156801884,47.60401111284553
921c993c-9d6c-4c1e-be08-4a097469b09c,033-9826701417,53033,2147.068329279059,,false,false,2108.951846356614,0.0,,,-122.30413202852077,47.60416714316132
4d33a960-7d10-47fb-8175-db81aff05916,033-9826701418,53033,1525.1343399256077,,false,false,2102.6576086257164,0.0,,,-122.30425206372132,47.60395660414423
2a717991-1801-4100-8d58-f4d861906afa,033-9826701419,53033,2427.9012983000107,,false,false,2097.419858923538,0.0,,,-122.30428669606118,47.60416743355462
297786dd-976e-47fa-8e9e-2cf51f8d279d,033-9826701425,53033,31992.931493237695,,false,false,2085.738199225838,25.0,,,-122.3046633116725,47.60309656493074
c0220f07-1579-4be1-8c97-2480f57a8c21,033-9826701485,53033,3000.4867111035483,,false,false,2142.7343893136253,0.0,,,-122.3039445521885,47.602889821655616
73d83a87-6c92-43b8-984f-5c29c45f0790,033-9826701490,53033,3000.342171314176,,false,false,2133.749510227554,0.0,,,-122.30406615861216,47.60289002153575
c1e9c768-3751-448d-902d-fea5d459604d,033-9826701500,53033,6798.991316525716,,false,false,2119.0785586672346,25.0,,,-122.3042647569953,47.602890345827014
2b44a775-493e-40bf-9117-d64dad6b241d,033-9826701510,53033,6400.01061699896,,false,false,2124.1237268806913,25.0,,,-122.30414448886836,47.60309576340712
1e0620da-4967-47a4-9a2d-0b976ac145b5,033-9826701515,53033,6400.181627304228,,false,false,2121.630964571455,25.0,,,-122.30414538592358,47.60323284113052
fa0146c9-d896-415b-9a37-c15cdb02443c,033-9826701520,53033,6400.337211066004,,false,false,2119.244980193565,25.0,,,-122.30414628169741,47.60336991996665
99370129-fb74-4305-ad5c-15c509de649a,033-9826701525,53033,14592.288217291572,,false,false,2098.1220670086323,25.0,,,-122.30467803326817,47.602433755705526
0cec027f-14d4-4d79-be73-f2d37457b8d9,033-9826701535,53033,3696.3144126196034,,false,false,2104.717787325793,0.0,,,-122.30467955067317,47.60214259653598
36dec4da-972c-411d-b864-60032e8bc077,033-9826701536,53033,3599.904039140046,,false,false,2102.7805210263855,0.0,,,-122.30467912180016,47.60222594220416
2dd929cb-683c-4eee-adb0-7f1baa385472,033-9826701540,53033,1981.4027515825599,,false,false,2119.3920809849337,0.0,,,-122.30451599461257,47.60203043851737
3ff26d4e-6909-4d79-ba7f-8684489e6080,033-9826701541,53033,998.9996864530582,,false,false,2099.2228016514537,0.0,,,-122.30480707181646,47.601985139533475
9e728736-dbe4-4f71-8014-ceacd5cd214e,033-9826701542,53033,1193.833705650048,,false,false,2110.121063778219,0.0,,,-122.30464265848262,47.60203067028619
eb7a4e37-16af-4ba5-8168-8b551e30e64b,033-9826701543,53033,776.1514214862857,,false,false,2098.1943610461262,0.0,,,-122.30480682368062,47.60202746698869
e032c1c1-512a-4bbc-b92a-bf4810935e6c,033-9826701544,53033,1145.7920005152462,,false,false,2097.0926433354975,0.0,,,-122.30480655331415,47.60207328225102
9abfc745-c42c-4631-8541-f1a5d54ef9e1,033-9826701545,53033,8496.161859061267,,false,false,2111.473060146768,25.0,,,-122.3046810064971,47.60186404288755
8557d45d-1662-4342-b9ef-4ff7c8e5277c,033-9826701550,53033,7700.664343908056,,false,false,2151.9802311858034,25.0,,,-122.30412977768982,47.60185399178939
d4d8f105-85a5-4528-9352-d51f73667a55,033-9826701555,53033,3597.3293014268615,,false,false,2148.845336053023,0.0,,,-122.30412916566685,47.601983051781666
d46df2c7-81f4-4dd8-aa20-1a1c803151b4,033-9826701560,53033,3597.2827876197175,,false,false,2146.899547013536,0.0,,,-122.30412873603063,47.60206523795309
1017122f-cdca-4c97-9b6c-1ce362ea4b0d,033-9826701565,53033,3598.0329573330437,,false,false,2144.9893936434382,0.0,,,-122.30412832476296,47.60214743219558
c9eb9ddd-5599-4bb6-aa1f-8bf097b1750d,033-9826701575,53033,7344.455709065022,,false,false,2140.246419158964,25.0,,,-122.30412959678564,47.60235120587709
7d4fce42-bf1a-4c43-910e-d2ffaa90dbec,033-9826701610,53033,1477.8506898517355,,false,false,2202.9383322788235,0.0,,,-122.3035453145179,47.60152936420468
b3aa1b60-3fdc-469f-98fa-6d0fe12bc183,033-9826701611,53033,546.0197925847561,,false,false,2207.2157586546277,0.0,,,-122.30354424911829,47.6013717755949
c1f2de75-8919-4458-bbce-ce45f64974f2,033-9826701612,53033,546.0914217151641,,false,false,2208.2918990565595,0.0,,,-122.30354430342943,47.601332024287785
40af3aaa-6b7b-450a-bae9-d29289cf8bfa,033-9826701613,53033,1081.5766811763735,,false,false,2211.175110319516,0.0,,,-122.30352641494353,47.60127427718406
81cb184e-a1c3-462e-8b64-ff62263479c5,033-9826701614,53033,607.0431109204244,,false,false,2219.0522895186214,0.0,,,-122.30341735155262,47.601275945049096
496c3770-d768-4941-92d5-3b8ed480bbe4,033-9826701615,53033,1715.0409216109188,,false,false,2214.751217432563,0.0,,,-122.30338330927842,47.60152908430814
9ddb2a45-f860-4cfa-87be-8ff7ea70827f,033-9826701616,53033,3478.081213966634,,false,false,2214.0955277269723,0.0,,,-122.30343557848987,47.60140987969913
76bba1cf-911a-475a-87f4-422399c4c24d,033-9826701617,53033,741.5240270839364,,false,false,2224.723654953458,0.0,,,-122.30333930743441,47.601275924739376
cebc0280-b6f8-4d5b-a263-37ba1868862d,033-9826701620,53033,1332.269691204481,,false,false,2230.20175622882,0.0,,,-122.30319165171825,47.601472360088366
b5532934-aa45-453a-b758-2d1d9a2e9362,033-9826701622,53033,1260.9268463069288,,false,false,2227.7002987263045,0.0,,,-122.30319912111659,47.60154752344173
9e59c1f4-cd32-4e5d-a999-3c7197c50966,033-9826701624,53033,926.8442955961045,,false,false,2230.5135975425615,0.0,,,-122.30320984066871,47.60141036851111
9c145c36-d012-4402-9e53-0e382e4a0474,033-9826701626,53033,1131.816644294768,,false,false,2232.4776091976028,0.0,,,-122.30320524273962,47.60134940576012
8e49db7d-2b4e-492b-a45f-8ca6be5e4745,033-9826701628,53033,1569.2053345388463,,false,false,2235.2979883962275,0.0,,,-122.30319481537524,47.601273252475906
8d86cfb6-92ba-491f-94dd-f5bf0c3404ac,033-9826701645,53033,2536.537116450044,,false,false,2269.112980356295,0.0,,,-122.30273940672147,47.60124737332717
1416cc72-6c46-4e0d-9783-0cd0b0453396,033-9826701650,53033,19606.360283316804,,false,false,2263.245730360381,25.0,,,-122.30275664026361,47.601420984141285
30e727ab-388d-47e3-8640-2cf664116fe5,033-9826701660,53033,4437.982112942427,,false,false,2176.0731383019183,0.0,,,-122.3033763951569,47.603386669111686
1a560d30-acf2-4acd-8aee-67b97d3bd045,033-9826701665,53033,4195.6058587618845,,false,false,2177.716884101225,0.0,,,-122.30337589935871,47.60328795953439
1a525297-b0db-41e7-be69-d5bb7ac45c92,033-9826701675,53033,1431.0421854547621,,false,false,2191.220578140475,0.0,,,-122.30321547606792,47.603191760777975
b40a212c-68fd-45c2-bff2-a44b533c2b45,033-9826701676,53033,1048.8224061563358,,false,false,2180.5823051968496,0.0,,,-122.30335901859027,47.603191954891734
7b7bd4df-705c-48d5-8d9d-d057b908a05c,033-9826701677,53033,804.0668146406562,,false,false,2172.634221721076,0.0,,,-122.30346627181436,47.603192105143556
d752ef96-72ab-4929-b69f-c6dede7217b5,033-9826701678,53033,910.1562475607553,,false,false,2165.28125022214,0.0,,,-122.30356550037789,47.60319225421688
2594d259-e8dd-4827-8e8c-11f5e8e9f780,033-9826701685,53033,4191.4481042394455,,false,false,2181.0687362110257,0.0,,,-122.303374926802,47.60309599767022
17071fc8-df7c-44bb-8342-30e511244349,033-9826701690,53033,1118.0390868421566,,false,false,2169.667398013768,0.0,,,-122.30355221366425,47.60300028448528
f98645b9-dc3a-4b1e-8979-5a2aab101237,033-9826701691,53033,1152.2813665107408,,false,false,2179.391284710109,0.0,,,-122.30342079236645,47.6030000810581
647cf64e-bdba-4777-8c0a-28f4c78490fe,033-9826701692,53033,1918.780451361597,,false,false,2192.54606311142,0.0,,,-122.30324302360057,47.60299981699685
24ce3bdb-9741-4cba-955d-6ed3b793d33a,033-9826701700,53033,4185.344328082507,,false,false,2184.6233806876744,0.0,,,-122.30337396036812,47.60290404549969
a264581a-21db-4665-a216-36092b6d0977,033-9826701703,53033,781.6499259331586,,false,false,2171.7449866388697,0.0,,,-122.30357398299087,47.6028042509671
25758e76-d855-4743-8760-84e1df744549,033-9826701704,53033,549.1213515181001,,false,false,2176.985722372302,0.0,,,-122.30350302935433,47.602804148216585
748a6e1a-1910-4f35-901a-1a1243655590,033-9826701705,53033,558.5873789601134,,false,false,2181.348303882736,0.0,,,-122.30344396890516,47.60280406257245
8ce0b47f-ce40-4871-b598-bf2d03f8ef8f,033-9826701706,53033,549.1245498126306,,false,false,2185.7111241568,0.0,,,-122.30338490887607,47.602803976565305
82f9cca6-2708-42f9-9e81-36ed409cf692,033-9826701707,53033,558.5970182311985,,false,false,2190.0742191267095,0.0,,,-122.30332584867587,47.6028038905135
c572b3bd-e98f-4282-b823-b293e2021dbb,033-9826701708,53033,1545.6419169162878,,false,false,2198.3626450008196,0.0,,,-122.30321365946305,47.6028037432151
4e86beeb-0362-4d0f-97c2-998e0ff3fe0c,033-9826701715,53033,2000.6518015772654,,false,false,2214.9001735585744,0.0,,,-122.30298564832727,47.60281984566464
db3cda28-8608-4abf-b4fe-ffaffc60fe65,033-9826701720,53033,3977.066195438794,,false,false,2232.805709867872,0.0,,,-122.30274342017185,47.602819507586574
231ee632-c952-48c0-aa84-553cdac4749f,033-9826701725,53033,6581.059636253544,,false,false,2224.14478906917,25.0,,,-122.30282474049228,47.60296359011449
f5e314ec-f30b-403c-a37f-04e5846ccc1b,033-9826701735,53033,3047.3945733007945,,false,false,2229.520734070282,0.0,,,-122.30271954304077,47.60310053136851
a3184f0f-f4d0-4d49-8fde-2de5f00c9028,033-9826701736,53033,1172.1501301551707,,false,false,2211.0100332676575,0.0,,,-122.30296219779507,47.60313173909817
2b7a4545-5429-46d9-8ed7-c6265963a16a,033-9826701737,53033,1169.6420781730644,,false,false,2212.083086092341,0.0,,,-122.30296216136911,47.60307003696837
daffeb76-ff14-4308-bc5f-287d155e9a9f,033-9826701740,53033,5243.777912017037,,false,false,2220.402979734027,25.0,,,-122.30281458470063,47.60322327947272
4ae6bf13-8d0c-409f-86c0-f9afa9cdd49c,033-9826701743,53033,1590.4910478285967,,false,false,2225.9356042317145,0.0,,,-122.30270180758426,47.60339943793229
a5652a40-99b9-4ae6-a709-3261e7256924,033-9826701744,53033,1592.1949115410694,,false,false,2227.100857737999,0.0,,,-122.30270184796414,47.60332539742686
35aafc11-e11f-4f1c-a5a7-67bfa73a22d1,033-9826701745,53033,1915.7219481534007,,false,false,2208.2931312729447,0.0,,,-122.30295703842181,47.60331767185493
c4fe9224-8f03-49ae-a075-f5b313914817,033-9826701746,53033,1647.802479004596,,false,false,2207.886959552792,0.0,,,-122.3029448823205,47.60339978862767
1d672b40-52d5-42ba-9a20-a53b04ce9977,033-9826701750,53033,10242.289094395797,,false,false,2167.165303547306,25.0,,,-122.30335552975957,47.604139404802865
d4cfa245-98d6-418d-9ffd-87c6c9e21240,033-9826701760,53033,5122.8428392432415,,false,false,2169.0823727894767,25.0,,,-122.30335683345923,47.603974854936574
eed3c6cc-4b7b-4332-9d79-95bf2f00ecb8,033-9826701764,53033,1555.708798986364,,false,false,2178.977225005319,0.0,,,-122.30323880608223,47.603889253094465
08c0aa94-e3d7-4474-a62b-413af6f0ddcb,033-9826701765,53033,1357.2146926452112,,false,false,2159.676985741628,0.0,,,-122.30349823991868,47.60388826782761
86a2e6d5-0b18-4009-bf17-20fe85695f06,033-9826701766,53033,881.5248015377172,,false,false,2160.359819114814,0.0,,,-122.30349847918875,47.60383599173317
cf039a43-bfb3-4758-b8d8-9a0338d75f75,033-9826701767,53033,1285.8357620343563,,false,false,2161.0380239818046,0.0,,,-122.30349866030812,47.603785476789916
0cc5ce87-5dcf-4df4-8184-3ddc54242632,033-9826701768,53033,1562.3277419240485,,false,false,2180.3284862533365,0.0,,,-122.3032392074091,47.603786340204195
7a161da4-46c2-44d8-973d-9f5ffd08559c,033-9826701769,53033,1040.6146286904113,,false,false,2179.6415274882756,0.0,,,-122.30323904048605,47.603837901849104
759949d4-847a-436d-abd6-424b7c5b9d75,033-9826701770,53033,7683.907775075465,,false,false,2172.9798212400055,25.0,,,-122.30335940069126,47.603673166847884
70be4cdd-bf19-4d9c-a6ca-db959f31e506,033-9826701775,53033,4814.899572851981,,false,false,2218.8004092611795,0.0,,,-122.30274328746185,47.60367252043247
ce170503-e0f5-44cc-830f-2517b366c4f4,033-9826701777,53033,1445.7995266567304,,false,false,2195.8909487987494,0.0,,,-122.30305129416324,47.60367290933851
f6060e42-c54d-451a-99ee-5800ffbbcce7,033-9826701778,53033,1439.7646898036214,,false,false,2203.1279825324145,0.0,,,-122.30295401038671,47.60367268071148
32f5389a-c79c-4c2c-a944-4a108b68832a,033-9826701780,53033,1794.6708474193076,,false,false,2218.8528921393217,0.0,,,-122.30270605499621,47.60387317937391
67022a1b-d823-470c-885c-db29a7e7df47,033-9826701781,53033,1794.761741512566,,false,false,2219.8419797629745,0.0,,,-122.30270674531569,47.60379437617786
72972f69-cf99-4770-b347-59a90690c741,033-9826701782,53033,1885.4579970910465,,false,false,2199.534572563098,0.0,,,-122.30296548141712,47.60387337072988
a33ac87b-541f-4df1-9183-66be2c972ef1,033-9826701783,53033,1884.2005566197774,,false,false,2200.532195373472,0.0,,,-122.3029661784698,47.60379456682474
3c80428e-cc79-48c8-aad6-b99a718aa0fd,033-9826701785,53033,1792.9790034931818,,false,false,2216.9688605413235,0.0,,,-122.30270461396995,47.604031853702246
287e4d8a-a59a-409b-be7d-0351c3911352,033-9826701786,53033,1817.2432491677894,,false,false,2217.898050323055,0.0,,,-122.30270527457554,47.60395251202516
5d81332a-852b-428c-b0e5-87321eefd3bd,033-9826701787,53033,1886.048582509125,,false,false,2197.6382066189885,0.0,,,-122.30296402683369,47.60403172233601
b9fd5158-51e3-4f2a-b989-86960d0d7bb7,033-9826701788,53033,1904.045213912392,,false,false,2198.5738752132356,0.0,,,-122.30296468598245,47.60395255970373
ee8401d8-a224-44c8-97f2-49c3a648baa2,033-9826701790,53033,1988.0606486503698,,false,false,2215.263625691819,0.0,,,-122.30270042197137,47.60420529633808
22b2d632-261b-4881-84a1-8512cfcf287b,033-9826701791,53033,1986.9861758261666,,false,false,2216.227887391416,0.0,,,-122.30270115228525,47.60411594306303
934c2ca8-8e08-4659-af4f-3ba8cde55cb2,033-9826701792,53033,1609.9769754381018,,false,false,2197.022037784314,0.0,,,-122.30296063412028,47.60410403305139
1e72d000-1eed-427a-a5f0-359ac6c780ff,033-9826701793,53033,1142.0032992178699,,false,false,2196.398145615338,0.0,,,-122.30296019882181,47.6041603254554
d965c174-50a2-44d2-b05d-b7a611bdc473,033-9826701794,53033,1611.931780211353,,false,false,2195.794155271654,0.0,,,-122.30295972737171,47.60421665910215
7586c32e-cff9-4bf5-86c9-9ad5c1cd9e22,033-9827700005,53033,1462.0990548832294,,false,false,2203.7731972560923,0.0,,,-122.30321051137783,47.60254263335659
7327e518-453c-4705-ae6d-c4594775a8d5,033-9827700010,53033,3938.1589971197673,,false,false,2185.8461828221407,0.0,,,-122.3034537200676,47.60254305574745
c4e317b8-2b10-4ad8-adb2-1eb98112cf6d,033-9827700015,53033,1079.9027154289122,,false,false,2181.8497214154263,0.0,,,-122.30353433479316,47.602450661003466
c201ab2c-aac6-4a83-82ac-0b84956d5f2f,033-9827700016,53033,1078.1675083812838,,false,false,2183.1430307132023,0.0,,,-122.3035347276744,47.60238897801591
37e1f028-a34f-4a3a-87c2-70f61e6eeb77,033-9827700017,53033,1620.4832637572463,,false,false,2201.0421148287573,0.0,,,-122.30329152360763,47.6023885421699
291c7109-af2a-41e5-af91-bb45e4a28fb1,033-9827700018,53033,1621.8100801054732,,false,false,2199.760736413827,0.0,,,-122.30329111264645,47.602450224946246
c2d3a2c2-84bd-46bb-a17c-db775ee22e31,033-9827700040,53033,16298.797906738046,,false,false,2210.5360014641105,25.0,,,-122.30330993530418,47.60191125983201
29c32efa-79b8-40a8-a4de-4f2d273772e8,033-9827700080,53033,3692.189531653262,,false,false,2240.9643079921907,0.0,,,-122.30282478111744,47.602132660036396
af819536-d2c2-4b90-939e-c86b113f9af5,033-9827700085,53033,3689.9256830709483,,false,false,2239.0919171643823,0.0,,,-122.30282468266962,47.60221718370197
b01b8156-2424-4f09-898e-7c7320e9a5f6,033-9827700090,53033,7374.7923973978095,,false,false,2236.354057835999,25.0,,,-122.30282454500171,47.60234395323719
8dca278c-67b8-4d1b-8b87-1ac915422cbf,033-9827700100,53033,3684.78112326658,,false,false,2233.70180091851,0.0,,,-122.30282440118498,47.60247074465916
de5985c3-807f-4bda-9476-e547bc43180b,033-9827700105,53033,3682.950192540271,,false,false,2231.980931595672,0.0,,,-122.30282431280851,47.602555265825394
4e82a74e-1002-4516-baf5-89cb0653c84f,033-9828200005,53033,3856.014079932971,,false,false,2434.5490966349607,0.0,,,-122.30194476631141,47.61432815463654
b4d2f6c3-4972-42ff-ac57-b0dbd78ef9b4,033-9828200006,53033,3876.7955084884625,,false,false,2452.773161073076,0.0,,,-122.30168187272695,47.614326052266364
9bbc1836-cd07-40c2-a51d-c7262f283a89,033-9828200010,53033,6043.553545957456,,false,false,2451.096110884019,25.0,,,-122.30179550854902,47.614476774278636
ee7b5e27-8820-42c0-8231-be3407de1f00,033-9828200015,53033,4822.5995981897995,,false,false,2456.327469854786,0.0,,,-122.30179416501205,47.61459912472748
9e76c086-590a-4c14-b0d4-59b6d6cd1822,033-9828200020,53033,3649.0523345422475,,false,false,2460.4309141679496,0.0,,,-122.30179343548679,47.61469457033799
05494657-21d8-46b2-a620-ea59b4f86e6b,033-9828200030,53033,7248.203464401705,,false,false,2465.8067222015216,25.0,,,-122.3017919588065,47.61481741694436
91ca6351-d761-470a-bc29-7b98d578eb50,033-9828200035,53033,7643.801499993858,,false,false,2472.0904156286365,25.0,,,-122.30180386770623,47.614980586676026
ae8f73e3-ab86-4fdc-a487-7bd14f6735ba,033-9828200040,53033,4666.690928510363,,false,false,2486.4281363697014,0.0,,,-122.30170069671787,47.615144487835
953067fd-7753-4b3e-bd61-bbff23d1a2fa,033-9828200045,53033,2582.397365588078,,false,false,2469.534058571333,0.0,,,-122.301946780608,47.61514453585088
55773c91-bb21-42b4-8d1a-a21cae7e020a,033-9828200050,53033,7536.308293959602,,false,false,2495.5320157518327,25.0,,,-122.30179540940372,47.61548913077831
638e4351-06c2-4a5f-8f7d-9cb552bd8d79,033-9828200055,53033,3600.3442151334775,,false,false,2502.1242453677633,0.0,,,-122.30178220750528,47.615612213741294
418c8cf5-db4d-41c0-a54d-3423d0a2b289,033-9828200060,53033,3981.482439750123,,false,false,2504.328391127601,0.0,,,-122.30180401118707,47.615691235064936
6d1b7614-2daa-4d2b-b37a-a1597fe5dfea,033-9828200065,53033,7240.650024446259,,false,false,2511.9165752966696,25.0,,,-122.30178100289106,47.61581921309239
5bfc77bb-7ab7-458e-a6c4-a5dfb1c5b7fb,033-9828200070,53033,3984.130973522789,,false,false,2524.515467723338,0.0,,,-122.30170044669696,47.615969309766655
a49580be-f0a0-4151-b270-5ae0a5e5df11,033-9828200071,53033,4078.385554487877,,false,false,2511.7961675614038,0.0,,,-122.30190812736814,47.61599683049485
98bd33d9-7f3a-4023-a8ea-9e72630cf983,033-9828200072,53033,3606.0880803291766,,false,false,2525.9455651865505,0.0,,,-122.30177852301524,47.61610855004691
4ad7e6dd-1f40-49b9-978a-b14b8dd0573e,033-9828200075,53033,3630.9640573346314,,false,false,2529.9797703568693,0.0,,,-122.30177837337399,47.61619127313417
e4d618b8-4a0c-4c95-90dd-9e6dc53bab92,033-9828200085,53033,3105.904367305283,,false,false,2525.952526075234,0.0,,,-122.30192990237587,47.61631660503117
4d4a9192-0407-469d-b0b1-130e58bd3c63,033-9828200090,53033,4338.33992304198,,false,false,2542.6524353159825,0.0,,,-122.30167990423797,47.616314706456684
e0837e35-cde7-4942-abcc-62c27133595d,033-9828200095,53033,43082.96319383539,,false,false,2553.37768685356,25.0,,,-122.30192792316016,47.616856552138266
14f89348-5d0a-4eb1-81be-0d2f30259417,033-9828200130,53033,4960.9129616646405,,false,false,2601.1750264657926,0.0,,,-122.30175989917608,47.61755222111954
246b294e-a05c-4ccc-9c2a-bf2f77a4da5f,033-9828200135,53033,4221.440368051375,,false,false,2595.4964179912695,0.0,,,-122.30176132664074,47.617448322620675
d844a085-541b-4e46-a472-7e687e6cc988,033-9828200139,53033,1745.3785780096134,,false,false,2598.536553086759,0.0,,,-122.3011326317025,47.616701370552114
6529815a-7ddd-432d-840d-08607a8b8c5a,033-9828200140,53033,1867.927367303447,,false,false,2593.758133842246,0.0,,,-122.30114475423382,47.616621738046135
c24a6b0c-f9ad-454f-91df-154f476d3031,033-9828200141,53033,1946.5355463649864,,false,false,2609.1693212605323,0.0,,,-122.3009461538386,47.616663843033514
c17bb908-7b92-43b2-af37-c18d31565abe,033-9828200142,53033,1647.8891292286871,,false,false,2614.92653414378,0.0,,,-122.30084145965216,47.61663813172957
340536a9-3bb7-4533-80ca-03414a63cd86,033-9828200145,53033,1800.9415581485857,,false,false,2602.1039561016833,0.0,,,-122.30113838899958,47.61678026440894
6727156c-4bf6-4a03-a17e-bef42f1487b7,033-9828200147,53033,1802.6898104474542,,false,false,2618.317854707653,0.0,,,-122.3008951695798,47.616779032581164
d423b44e-d64c-44a9-8437-44a0c1263abe,033-9828200150,53033,3603.561822624233,,false,false,2614.4432028357296,0.0,,,-122.30101530724113,47.616861982208405
536cc74b-4452-461d-a760-c6e7a21225eb,033-9828200155,53033,3607.7883388643636,,false,false,2622.9773890583197,0.0,,,-122.3010125160103,47.61702660559839
943b213b-07dc-4e7b-9af4-1bbb20c8a0e0,033-9828200160,53033,3599.618003774982,,false,false,2618.699613570358,0.0,,,-122.30101386559609,47.61694426959382
29c6735f-c6b5-46f4-818f-911840c7a651,033-9828200165,53033,7207.336418476734,,false,false,2629.4515688064184,25.0,20.0,20.0,-122.30101036355794,47.61715015386989
85435e64-c799-48cc-9935-93fed2f2576c,033-9828200170,53033,3607.885486737574,,false,false,2635.977721501696,0.0,0.0,0.0,-122.3010082687297,47.61727370379046
15d4991c-0a55-467d-b0de-c10a974a9b87,033-9828200180,53033,10806.997177869504,,false,false,2644.76682040227,25.0,,,-122.30100540203077,47.61743837470865
b39b4530-4b74-4756-bb5f-26ad740fe82e,033-9828200185,53033,2583.068012887729,,false,false,2691.061543848605,0.0,,,-122.30036315529844,47.61751108014976
0a876693-021d-4759-82fc-7824bb188656,033-9828200186,53033,2599.4340838667877,,false,false,2682.926669216245,0.0,,,-122.30041934542587,47.61742602229836
84d4e84d-b47f-480c-a98f-4667363482c0,033-9828200187,53033,2018.8976828719017,,false,false,2673.7439196798546,0.0,,,-122.30061268818697,47.617495859961075
d277eada-e334-43ce-b64b-54d77c527808,033-9828200190,53033,2164.4011045944235,,false,false,2670.3226971012546,0.0,,,-122.30055261155564,47.6173532703964
b6b34eef-ad1a-477e-99d5-b2bc3f0f9567,033-9828200195,53033,1437.3094345202949,,false,false,2686.4105023242532,0.0,,,-122.30030937471219,47.617351841406105
67309b28-c683-477a-a7db-708b1476c3f9,033-9828200199,53033,1619.6717278114625,,false,false,2663.5674857983713,0.0,,,-122.30059067996808,47.61727120306083
d8bb3ff0-2170-461d-b91f-15a7acb214c3,033-9828200200,53033,1035.0775231148789,,false,false,2675.4466623054564,0.0,,,-122.30041129525321,47.617270172971764
2c27e2ff-d15a-417e-9a93-c5355b782f0c,033-9828200201,53033,944.7796874283064,,false,false,2684.3155749989023,0.0,,,-122.30027751477716,47.61726940666248
06a67121-c23a-4f4e-9ff8-20d4a5e24450,033-9828200205,53033,2661.759304208911,,false,false,2676.336039835763,0.0,,,-122.30030964496055,47.617154454205576
a7bb64d3-fceb-4085-8db3-facf4f451016,033-9828200207,53033,1749.5159033825344,,false,false,2666.0394187279185,0.0,,,-122.30044877253249,47.617134458732224
e8714083-c084-435c-a66f-f924a0b5cd05,033-9828200208,53033,2035.766118030627,,false,false,2663.6961946310403,0.0,,,-122.30033101257045,47.61693109082732
2472b2c4-2ba8-421e-b401-6465c7161ff6,033-9828200209,53033,2243.8948169626447,,false,false,2656.6988765878796,0.0,,,-122.3005960276426,47.61714386029419
699b7760-1d3a-4426-8260-7856464a68fc,033-9828200210,53033,2381.750164128214,,false,false,2647.5574215995307,0.0,,,-122.3005733610491,47.61693290661555
061c5439-70b6-4242-9319-7d7aff53105e,033-9828200215,53033,3599.5117701285826,,false,false,2659.6188056602314,0.0,,,-122.30046114390015,47.617023665559024
12cee602-7137-4046-8aa4-0930d6770595,033-9828200220,53033,1484.4080929173929,,false,false,2659.136499610779,0.0,,,-122.30033459448656,47.61684406071454
e86f1f23-58a2-4358-8b66-293916aa80b1,033-9828200221,53033,1485.6476685280372,,false,false,2655.46789921188,0.0,,,-122.30033585306116,47.61677141619673
9ee0d189-3152-44fa-a08f-e9595839b6a2,033-9828200222,53033,1719.4759199851694,,false,false,2642.8345803216316,0.0,,,-122.30057897520943,47.61684587295702
7463fa2f-cb11-401e-9150-96d7e31d0ee6,033-9828200223,53033,1695.788631781617,,false,false,2639.1915065908042,0.0,,,-122.30057908709854,47.61677264705172
771cdea0-2c48-498d-8fb0-4a87a3949303,033-9828200225,53033,1500.6562523063785,,false,false,2627.917879083878,0.0,,,-122.3006600621975,47.61665439823628
b52cfb9b-00ea-4806-8c8e-2e634ac375fc,033-9828200226,53033,1500.7212288940311,,false,false,2634.7086925917583,0.0,,,-122.30055871925991,47.616653897453446
df91ecf0-80cf-4f51-a2b9-052d9965d293,033-9828200230,53033,4200.247580189236,,false,false,2647.6238344152302,0.0,,,-122.3003661736293,47.61665296491775
bfe4fccf-539f-40e7-84ec-2d6c293cbc11,033-9828200235,53033,3600.38257195681,,false,false,2539.5928938427596,0.0,,,-122.30115062408338,47.61548871861888
af8a59fe-4b01-4084-88fb-fbd1e1fae09e,033-9828200237,53033,3609.022793626557,,false,false,2556.2285478095578,0.0,,,-122.30090707686963,47.61548751301399
f7c4b867-8750-4809-8a4f-ad389c95eea4,033-9828200240,53033,3604.3083858283926,,false,false,2553.566456735736,0.0,,,-122.30102783949908,47.615611496192756
dc36e073-5657-49aa-941b-3a9a64901b9c,033-9828200245,53033,3603.3756951522255,,false,false,2557.365131691979,0.0,,,-122.30102727427341,47.615693745974326
324d2678-04a6-4b16-856e-a364ce0f2134,033-9828200250,53033,7206.029011132121,,false,false,2563.114368449039,25.0,,,-122.3010264142305,47.61581711543494
6b42a0ee-947e-493d-83c9-b7f6a87a84cd,033-9828200255,53033,5403.497187038149,,false,false,2569.8986538644945,25.0,,,-122.30102540833025,47.615961054445606
f1ed2165-918d-4bb3-9eb3-58e0a02a1916,033-9828200260,53033,3601.560786613457,,false,false,2574.7938190352365,0.0,,,-122.30102469915818,47.616063866113
c0ac3091-72bb-4029-a537-ba91bdb03a2a,033-9828200265,53033,3601.56539419459,,false,false,2578.7407573630544,0.0,,,-122.3010241173248,47.61614611594532
1a9471c6-101c-475b-9058-d537fb0d2170,033-9828200275,53033,3600.7001584922955,,false,false,2582.712859163068,0.0,,,-122.30102355256132,47.61622836499021
84b5161c-89e8-4d68-bd77-9b67722e547a,033-9828200285,53033,5398.899412929884,,false,false,2587.712658352621,25.0,,,-122.30102286261624,47.61633115295879
19c2275b-7bb0-48af-933a-5bacf7774ac2,033-9828200290,53033,4201.387960503482,,false,false,2626.053875170973,0.0,,,-122.30047126177662,47.61635322706168
027c3128-0489-4420-a584-7d9bb603d9c1,033-9828200294,53033,4200.589478093469,,false,false,2621.4451525245236,0.0,,,-122.30047186300222,47.61625726089382
ecc8e201-db37-4e84-bb97-0d5b3f13bf0f,033-9828200295,53033,4441.2715705368655,,false,false,2616.742741377078,0.0,,,-122.30047247649901,47.61615856825038
9f8e7f8d-3b58-4a05-b625-c5fcf68aca80,033-9828200300,53033,4444.666415004245,,false,false,2611.9484894512543,0.0,,,-122.30047309181762,47.616057102420356
918f9ba1-d985-4d6c-85af-e6ddbe27797c,033-9828200305,53033,4802.79653294725,,false,false,2607.0002866159225,0.0,,,-122.30047376298731,47.61595152395812
ed591f91-cd08-4d8e-b57e-39ce5f5a323d,033-9828200310,53033,7206.932018856872,,false,false,2600.642094653708,25.0,,,-122.30047460639197,47.61581443231434
afac79c0-03b5-4ca7-81fe-659cc57416d1,033-9828200315,53033,7208.537502457885,,false,false,2593.1086719337236,25.0,,,-122.3004756313923,47.6156499129921
f70335da-97a4-411f-91fd-8e9e19bef2c1,033-9828200320,53033,1805.3165955721101,,false,false,2592.1851035105205,0.0,,,-122.30035527941344,47.61544367278671
8b491101-dff3-4db4-9da0-10698be004e9,033-9828200325,53033,1804.1172555015153,,false,false,2595.8589532452706,0.0,,,-122.30035477054365,47.61552593503527
f0aed75b-6570-424d-94ed-e56f23801117,033-9828200330,53033,3600.8046163402805,,false,false,2577.3330680854183,0.0,,,-122.30059857457114,47.615485997990575
0306c19b-4f36-4f14-afae-53c47dcd9d1a,033-9828200335,53033,2996.619399965989,,false,false,2507.3433195892685,0.0,,,-122.30089707844554,47.61432061907697
8479522a-3ead-45c3-a63f-418830be320e,033-9828200340,53033,4200.6990049957885,,false,false,2490.385858311555,0.0,,,-122.30114056274425,47.61432215189831
ed5e7f0a-45bf-42e1-9ff2-5bb609342f66,033-9828200345,53033,7197.87421859989,,false,false,2504.2100089786904,25.0,,,-122.30103765018596,47.6144857708765
88300680-177e-4f49-92fa-08dc0608bdf4,033-9828200350,53033,7198.493529123023,,false,false,2511.0907270092807,25.0,,,-122.30103611348429,47.614650029084544
921deb7f-3e41-483e-bb1a-deefe30c7e05,033-9828200355,53033,3594.513867630324,,false,false,2519.8558503854915,0.0,,,-122.30103416214675,47.61485540731057
4491e8f6-ee3f-4ad1-a1c5-0665f6e9a234,033-9828200360,53033,3604.3565258169633,,false,false,2516.326173600024,0.0,,,-122.30103499179897,47.6147732794877
9034b5e0-f4ce-46af-8dd4-13ca1b6c5563,033-9828200365,53033,3594.7654263519685,,false,false,2526.9909588247806,0.0,,,-122.30103262617071,47.6150196641941
c1e908a2-8c30-444c-96a3-1f956a81131c,033-9828200370,53033,3604.646739013271,,false,false,2523.4054184146294,0.0,,,-122.30103345198438,47.614937536173876
d05a2697-65ff-49eb-8848-067eda14c155,033-9828200375,53033,4622.992632841707,,false,false,2526.4212921796247,0.0,,,-122.30111868500947,47.61514324503979
c28df566-5577-476c-a1e3-1aa23b29578f,033-9828200385,53033,2577.194018672373,,false,false,2543.163365650899,0.0,,,-122.30087510554122,47.61514200970951
7d8f3e39-e9fb-4691-a128-221d920d138a,033-9828200390,53033,4802.558593156444,,false,false,2571.6074415045528,0.0,,,-122.30047908356833,47.615167417747344
d28161bb-0c8d-4e74-8235-442d561c05b4,033-9828200395,53033,4806.513541001421,,false,false,2566.832302279315,0.0,,,-122.3004801833803,47.615057807704524
ff76d44c-0a45-4e25-95af-4a111173a753,033-9828200400,53033,4802.22256976817,,false,false,2562.112119539307,0.0,,,-122.3004811978145,47.61494819654775
d7e9bf98-d55e-42fb-b409-92111b4d84bd,033-9828200405,53033,3604.4709290948654,,false,false,2558.0174136516866,0.0,,,-122.30048216248589,47.61485229420421
f2c18ec8-eb73-437a-aaef-4727fa00eabb,033-9828200415,53033,6003.287403398788,,false,false,2553.3899697935344,25.0,,,-122.3004831780145,47.61474268362691
c0a31c62-e89b-45ca-9bcc-b13c384da539,033-9828200420,53033,4801.426257670597,,false,false,2548.2427801066324,0.0,,,-122.3004843575358,47.61461941160215
c6dbdac7-4ba5-4362-b471-b9f1905c9d6d,033-9828200425,53033,7203.776538414065,,false,false,2542.596246098391,25.0,,,-122.30048569023805,47.614482434235995
71b0014b-1bd1-401c-b77f-0575e513c2d1,033-9828200430,53033,4805.216743202813,,false,false,2541.584779601784,0.0,,,-122.30040620594335,47.61431753042866
8a4105c4-202f-4d8d-a210-d569021f828d,033-9828200435,53033,2398.1701836766315,,false,false,2524.590033895247,0.0,,,-122.30064970633536,47.61431906115431
df139a5a-c337-4f97-9990-536d6ce425eb,033-9828200440,53033,9589.77873266446,,false,false,2589.778562478366,25.0,,,-122.29973289297422,47.6143419545454
ed33dc71-ab51-47d3-a797-11f0bf07adc8,033-9828200445,53033,4793.446100817354,,false,false,2596.334482142801,0.0,,,-122.29973128271702,47.61450634524772
f89d3efd-9c37-46a1-a4bb-3577f92fc879,033-9828200455,53033,4793.788668218025,,false,false,2600.7674048505405,0.0,,,-122.29973019067327,47.61461590941137
f2925aa1-732e-4e0f-9761-11447393242a,033-9828200460,53033,4794.197342399705,,false,false,2605.249348139175,0.0,,,-122.2997291039212,47.614725472551925
fb8db9e5-8d56-4917-aed3-47269c86a391,033-9828200470,53033,4798.639376515741,,false,false,2609.7856419027435,0.0,,,-122.29972797029045,47.61483508229879
590e8669-9caf-4957-b8f6-adb84e485b7c,033-9828200475,53033,3599.4732729159737,,false,false,2617.255517686058,0.0,,,-122.2997262029743,47.61501318154187
99a7ab70-d4e4-430e-998f-e687035d91d9,033-9828200480,53033,3595.2048356227147,,false,false,2613.7878053203694,0.0,,,-122.29972707941522,47.61493098538008
e4f3ea07-30e4-413e-bf9e-254e48e71875,033-9828200485,53033,7195.5638661242065,,false,false,2622.501057491205,25.0,,,-122.2997250068359,47.61513650102079
43e482d9-dc9c-4a60-b43c-9f5e530dd69b,033-9828200490,53033,3999.0482898163796,,false,false,2666.901916309377,0.0,,,-122.29909237502632,47.61514741275807
8308e49e-659c-487e-b427-2d891b21339d,033-9828200495,53033,3191.529047079002,,false,false,2661.7323071879323,0.0,,,-122.29909367037487,47.615024168619435
b9e9dc17-f03e-4d4f-a4ce-01a91cec5c8a,033-9828200500,53033,3598.5074223634692,,false,false,2647.719784552627,0.0,,,-122.29933617654866,47.6150937331984
ee46710c-66de-4891-86b4-0fde2c188226,033-9828200510,53033,4789.040651185375,,false,false,2651.5457826135666,0.0,,,-122.29917593988439,47.614915086425725
5f85ac30-1cfe-42b4-922b-dda1f4f4b439,033-9828200516,53033,5988.185279359431,,false,false,2646.4867376019924,25.0,,,-122.29917720383821,47.61479195136026
30a60761-4c7b-42dc-8cae-2f1ade1fc5fa,033-9828200520,53033,3598.571727120579,,false,false,2642.0392806082546,0.0,,,-122.29917830486133,47.61468240868617
febbae63-e956-4c53-9c5b-f849b61e86f9,033-9828200525,53033,4787.868076440324,,false,false,2638.1832422435346,0.0,,,-122.29917934091979,47.614586574051316
c57d9c85-18b9-4bfa-bf02-0a75ddd52738,033-9828200530,53033,5986.676206324464,,false,false,2633.2883935936406,25.0,,,-122.29918060653326,47.61446343993383
a6aa1848-49c4-460b-b411-71ffcb72c604,033-9828200535,53033,7185.441897422479,,false,false,2627.3879248454355,25.0,,,-122.29918215896116,47.61431289020331
7c957df4-82b8-45b9-b085-11b2a22764a4,033-9828200540,53033,2400.3806383315477,,false,false,2648.6372619542144,0.0,,,-122.29956006655904,47.61548117586097
5d28f644-f4e3-4d5e-8ef0-c7c5965d17d8,033-9828200545,53033,2400.828836273003,,false,false,2626.3230767690466,0.0,,,-122.29988442567064,47.615482597728615
c042fde8-0877-4054-84ab-5aa22b9aa3fc,033-9828200550,53033,2400.4858230951827,,false,false,2637.476012255902,0.0,,,-122.29972224322819,47.61548188833416
de719e58-8a2c-46c4-a1ff-13a0b64b14ab,033-9828200555,53033,4801.171128997575,,false,false,2643.5299197467975,0.0,,,-122.29972145533327,47.61561898281562
213ddffd-f6dd-4f71-9568-92687b4ed85f,033-9828200560,53033,4800.346220172316,,false,false,2648.4279847807184,0.0,,,-122.29972079501601,47.61572865084044
3869a15e-0eb8-4af1-b694-bc87a8a05194,033-9828200565,53033,6001.170118623617,,false,false,2653.9923278453834,25.0,,,-122.29972008263964,47.61585202600067
9cc13205-2b3b-4052-846c-04ed96f82431,033-9828200570,53033,6001.183992046124,,false,false,2660.245701735283,25.0,,,-122.29971927549661,47.61598911779996
74e15edd-413a-4caa-bb86-9248b7147242,033-9828200575,53033,7201.332343560019,,false,false,2667.208192446437,25.0,,,-122.29971838643367,47.61613991879218
cb948f70-66bf-473d-9973-80b65248b6f9,033-9828200580,53033,7201.121229416346,,false,false,2674.902501851034,25.0,,,-122.29971742076847,47.616304427527474
4a453c81-3268-4d13-aed7-3344643f7e0f,033-9828200583,53033,3599.5795653407886,,false,false,2720.6264861125132,0.0,,,-122.2990443702874,47.6163012525977
18ee6afe-be24-4ee5-b471-162deacfe5ba,033-9828200585,53033,3599.993949418185,,false,false,2704.080628706175,0.0,,,-122.29928763643163,47.61630239918491
ed9a1800-d487-404c-b2c0-d933db69817c,033-9828200590,53033,7199.567602032799,,false,false,2704.765296263879,25.0,,,-122.29916697597011,47.616137355326394
6afe7649-bee7-4de8-bee5-f0c4303474b3,033-9828200595,53033,7199.608632063565,,false,false,2697.2828302340436,25.0,,,-122.29916794277094,47.61597288512786
7883e51e-f1f4-4428-a5f2-9c0728a51c2b,033-9828200600,53033,7199.756427867276,,false,false,2689.9039453944233,25.0,,,-122.29916890869247,47.615808414747484
f789d7b9-2ebb-4a5a-81a7-4232e7e338b0,033-9828200605,53033,3249.2841851195244,,false,false,2682.2342231250277,0.0,,,-122.29915153342098,47.61560569385956
0691205f-1cd2-4926-bfeb-94bed7825a7b,033-9828200607,53033,3600.2551191360117,,false,false,2684.438743883666,0.0,,,-122.2991696226481,47.6156850570197
22f5e65a-6ab2-4a35-95f5-77090e19e19c,033-9828200609,53033,2451.239329625678,,false,false,2664.1786918161015,0.0,,,-122.29934303287635,47.615493944137086
b2c90e51-6416-4485-b576-28bf31076279,033-9828200615,53033,2099.271266367835,,false,false,2673.365123873399,0.0,,,-122.29920120796648,47.61547959384456
8e6c0df0-6e80-4e78-8f1b-cc1ba60c33b3,033-9828200617,53033,2999.7402579320765,,false,false,2685.2525832195547,0.0,,,-122.29902891781815,47.615478848671906
691c0891-6ee4-4a47-aee0-53785df499f7,033-9828200620,53033,2267.0983876328514,,false,false,2686.5700184222037,0.0,,,-122.29981415040876,47.61668833841244
500b0b6d-4dcb-459b-bf56-825c351ad878,033-9828200621,53033,1936.8858830386466,,false,false,2682.5160960782364,0.0,,,-122.2998155516881,47.61660601948426
12f41c84-d5d0-479c-a7ef-94383cb65ef8,033-9828200627,53033,3002.2461840142537,,false,false,2701.0934370152677,0.0,,,-122.2995715331476,47.61664923712998
0b172b97-ddb0-4b78-aed5-2a457ed65b2b,033-9828200630,53033,7205.70876229824,,false,false,2699.666751480552,25.0,,,-122.29971061597716,47.61681453774151
33c76468-5dd0-4fb2-94a5-0d39a6600e17,033-9828200635,53033,3605.5083420213277,,false,false,2709.978109049035,0.0,,,-122.29970710148679,47.61702027018655
290fe810-0ee5-4f47-9d59-222df98e75c7,033-9828200637,53033,3600.046539939799,,false,false,2705.836504499926,0.0,,,-122.29970847686494,47.61693796474467
0fdd0b39-fcf2-4bbd-b35b-9d149bbd090a,033-9828200645,53033,7205.328868840536,,false,false,2716.2432990150205,25.0,,,-122.2997049600721,47.617143759437944
5ceca9e8-8bd5-4e75-821d-b85fd5f14055,033-9828200650,53033,3605.495187826173,,false,false,2726.7990437164835,0.0,,,-122.29970144575367,47.617349490175755
c880036e-9e97-48b5-80ab-04c594df8152,033-9828200652,53033,3599.720419978376,,false,false,2722.5600347030645,0.0,,,-122.29970281956902,47.61726718419911
b8132bda-a164-4a51-b3e4-4c47a4482094,033-9828200660,53033,3002.199606026335,,false,false,2742.625148022497,0.0,,,-122.29955741364903,47.61747217854896
f5dab00c-f044-4573-8a12-74ff5efd0d95,033-9828200662,53033,4202.95273922869,,false,false,2726.49020152437,0.0,,,-122.29980065130269,47.617473556012875
9803117a-17d9-4409-a9a4-9a74890f6f5f,033-9828200670,53033,7201.016178470814,,false,false,2769.843725318161,25.0,,,-122.29914797028272,47.617469853814924
05db8ed8-1fdb-426c-8f19-f33368d2635a,033-9828200675,53033,7201.1410195576655,,false,false,2761.4300599892367,25.0,,,-122.29915078594213,47.61730533488742
53b6b518-bb99-49d5-a1ea-337042bdc95e,033-9828200685,53033,14402.728820254748,,false,false,2748.9894910388894,25.0,,,-122.29915501067653,47.61705855654403
9c6a99b8-62e6-46f4-a0da-b6b46efa7ec5,033-9828200690,53033,4801.076549330869,,false,false,2738.1147051494313,0.0,,,-122.29915876701234,47.616839200504494
6452315c-1e2d-40e1-a409-edb2bb831d9d,033-9828200695,53033,2200.419893503979,,false,false,2741.640578309527,0.0,,,-122.29902887359508,47.61672887335709
84eb82ae-fc1f-4b72-90fa-aa117a68a002,033-9828200696,53033,653.2773805971614,,false,false,2731.877151198776,0.0,,,-122.29917346735988,47.61672958295142
ffe93e85-835f-4e10-9ec2-5afb13e7d8c3,033-9828200697,53033,533.7234149742725,,false,false,2727.8189283220536,0.0,,,-122.29923360397292,47.616729878031066
103f36a4-1ceb-4d49-88df-888ad9d2856d,033-9828200698,53033,1413.8110986628692,,false,false,2721.1641783197892,0.0,,,-122.29933226252132,47.6167303620494
d603c218-d72c-4062-a9a6-4d3f48487ea1,033-9828200700,53033,1726.8370785866553,,false,false,2716.883317833962,0.0,,,-122.29931829523142,47.616620585276394
1369d0b2-4df1-420e-8fad-e9234d536808,033-9828200701,53033,782.2827940395158,,false,false,2725.4756659959594,0.0,,,-122.29919118889794,47.61661997361375
294a91e7-3ca6-413e-8777-e997bbe8ca49,033-9828200702,53033,782.1880494988969,,false,false,2730.836857148263,0.0,,,-122.29911192757923,47.61661959232563
e89a8b53-ebad-4e58-a11d-13fd14515209,033-9828200703,53033,1510.21215999662,,false,false,2738.6978678252817,0.0,,,-122.29899577215116,47.61661903342264
90e0adfa-f0f7-4d3f-9154-b33cd7faee1a,033-9828200705,53033,2132.308330599922,,false,false,2771.1344702786973,0.0,,,-122.2985079427848,47.61660304299909
3742e794-c0b5-4fef-a697-43eef0a351fc,033-9828200706,53033,2821.6460745596482,,false,false,2789.791539831867,0.0,,,-122.29826010193028,47.61664122961494
a1bb8aa1-165d-4793-9620-4ae76dac840b,033-9828200707,53033,2250.885133349317,,false,false,2775.6108620040623,0.0,,,-122.29849841922223,47.616685295711505
7f91de44-cec4-4dc4-a62b-dcc1de0dafae,033-9828200710,53033,2206.731960568531,,false,false,2777.534087074075,0.0,,,-122.29853700710987,47.61678225181813
59b5d199-f353-41a0-8835-13302810b428,033-9828200711,53033,2597.8188796250465,,false,false,2793.9307863904573,0.0,,,-122.29829391188638,47.6167796687611
883dc888-2280-4847-9363-e6ecd4753aa1,033-9828200712,53033,2850.2961786127867,,false,false,2785.016994576611,0.0,,,-122.29850250231823,47.61689104233178
4cb2e60b-65d0-410a-9c0e-5bf3b47d820f,033-9828200713,53033,1950.1440464038233,,false,false,2801.4631003469663,0.0,,,-122.29825922514772,47.616889844104385
ec8e46a1-31c9-44ca-8931-5ad0a8031851,033-9828200725,53033,4804.458777039898,,false,false,2797.03456371228,0.0,,,-122.2984018165432,47.61700025577881
3c7a79dc-f8b8-46fa-954c-0580db0b4ecf,033-9828200735,53033,7204.702175718572,,false,false,2803.7726124367923,25.0,,,-122.2983994655466,47.617137416383905
ba17d454-2cb6-4534-9ea7-74f3810802e8,033-9828200740,53033,7564.197967169135,,false,false,2816.1726150288123,25.0,,,-122.29839247814742,47.61738264740627
cc0ff2fd-a3b8-45a5-be43-d82a23b2b345,033-9828200741,53033,1077.2027203432974,,false,false,2816.5184013878024,0.0,,,-122.29831833150615,47.6172875574765
679381f6-6e1b-4052-8e79-339e34b22b5e,033-9828200742,53033,1187.6428451797767,,false,false,2807.0991677354787,0.0,,,-122.29844655574082,47.61727156071255
24845065-f5e5-439a-b1bf-ccd29482e791,033-9828200743,53033,1310.5696079115355,,false,false,2809.5878838984117,0.0,,,-122.29848458643029,47.617374689954325
5bfd6a2d-438c-4669-8f4c-d857db77b85b,033-9828200744,53033,1188.3395230862106,,false,false,2811.0238645778236,0.0,,,-122.29851928134951,47.617451078751536
2fd6812b-b494-47ec-a409-ffce553d6a7e,033-9828200745,53033,1056.9854368207873,,false,false,2827.3936829111203,0.0,,,-122.29826796145018,47.6174406337587
2c0e3322-a921-42e1-a20c-b42e3f5828e3,033-9828200746,53033,1024.018022621466,,false,false,2827.7449992646507,0.0,,,-122.29831020713557,47.61750537462035
359314b5-be8e-4967-8cdb-ea03b7b240aa,033-9828200750,53033,1110.213914540285,,false,false,2867.5591577561104,0.0,,,-122.29772836609965,47.61751931227659
faadaa81-4532-4a72-b578-00cd820391ce,033-9828200751,53033,949.0223909390769,,false,false,2866.523637132981,0.0,,,-122.29771061296758,47.61747347923348
39d53626-9339-4b82-b52e-ac964c6755bd,033-9828200752,53033,1800.6978765961344,,false,false,2844.922557057895,0.0,,,-122.29802486470169,47.61746459916301
7f013491-981d-44bb-adc7-824f4e8a2545,033-9828200753,53033,1541.4571001493227,,false,false,2862.9927203489206,0.0,,,-122.29772157879259,47.61741593804279
bb27b86b-c13a-486a-96ff-e4c92b5ae34f,033-9828200754,53033,1800.5509471252694,,false,false,2853.0803983899323,0.0,,,-122.29790323084687,47.61746395154466
88c67515-7a6d-4742-8836-6f38e53d69ed,033-9828200760,53033,4801.947928661698,,false,false,2850.3553660910557,0.0,,,-122.2978447709347,47.61732652283429
3fef9961-7968-448b-a42d-5194a5608370,033-9828200762,53033,2544.0912527368823,,false,false,2852.67085363738,0.0,,,-122.29773227859638,47.61721626147036
02632445-bdb4-453b-a3d7-964cf263e630,033-9828200763,53033,1054.7750114838877,,false,false,2840.374850430346,0.0,,,-122.29791466175017,47.61721720307653
872b02a5-cec3-4bf7-8374-1fc5c698032f,033-9828200764,53033,1201.4975834554868,,false,false,2832.6719707899556,0.0,,,-122.29802900603677,47.61721778527342
34748156-5629-4d7c-9d94-fc942c4e9618,033-9828200775,53033,4801.878084468407,,false,false,2839.6049912140284,0.0,,,-122.29784851307208,47.61710717862968
ec26f9bf-fee5-4ff8-a5d2-7ac3d1bde984,033-9828200777,53033,1540.168430710013,,false,false,2845.4795330743427,0.0,,,-122.29768513228498,47.61699665660006
9fe45584-e972-4a10-8a33-6e785c1a47a8,033-9828200778,53033,1450.5581562813197,,false,false,2835.2212648230147,0.0,,,-122.2978366578145,47.616997419937064
30e9b92f-af14-4de3-85a4-edc748d661ab,033-9828200779,53033,1539.8531244658516,,false,false,2840.2318302369117,0.0,,,-122.29768699996691,47.616886998609324
3c7cf1ad-d0dc-4b9d-ae31-059af0495614,033-9828200780,53033,1811.3588847293581,,false,false,2824.0441695949507,0.0,,,-122.2980018967579,47.61699825162681
2dd8d2f4-6ea0-40b7-964c-be7674768b0e,033-9828200781,53033,1450.0227734457005,,false,false,2829.9541302758134,0.0,,,-122.29783852516594,47.61688774895205
5438db5c-eff0-4672-82d7-5dd630dac7cf,033-9828200782,53033,1810.4702424421262,,false,false,2818.755699303167,0.0,,,-122.29800376434832,47.616888567295305
710a2f36-ea35-45a1-a657-0706be85629c,033-9828200790,53033,4802.063573904453,,false,false,2823.7970342464146,0.0,,,-122.29785412553433,47.616778145771875
38311330-c821-4e4c-9c6b-80a6755366c0,033-9828200795,53033,1680.6669212058025,,false,false,2804.6329182745953,0.0,,,-122.29804296501864,47.6166419371406
e26022ef-057a-42e1-9c5b-9e5f3618fa4a,033-9828200798,53033,3601.1526244579154,,false,false,2825.6088830748577,0.0,,,-122.29773481252,47.61664045579093
3d2d6080-5b06-4b11-bb73-6b4f217fd1f4,033-9828200800,53033,1920.6711980701552,,false,false,2812.90868966924,0.0,,,-122.29792132942924,47.61664135250622
d1e7b814-bde8-4345-bf90-474610321c60,033-9828200815,53033,7202.283384824473,,false,false,2727.543110838926,25.0,,,-122.29841667948816,47.61547554443424
0a934949-2858-4049-9e0d-24fbf0914469,033-9828200820,53033,5102.33425222441,,false,false,2738.579590755337,25.0,,,-122.29841514973602,47.61573260321955
fbe5ac7e-f0bf-4d4e-bf05-a6334fae9694,033-9828200825,53033,5100.390727533209,,false,false,2733.5425604313923,25.0,,,-122.29841587532485,47.61561606781964
b0138984-b5ac-42c4-a727-2f047836f3fd,033-9828200830,53033,4802.1847036893,,false,false,2743.516393277629,0.0,,,-122.29841448418627,47.615845731886154
8802635c-d647-43ec-87d6-44c3ebcfd8eb,033-9828200840,53033,5402.491567167123,,false,false,2748.653494169835,25.0,,,-122.2984138017479,47.61596228832591
917aa04b-87dd-4355-ba52-1f45cfe3ed90,033-9828200845,53033,6002.494905769399,,false,false,2754.4556528339904,25.0,,,-122.29841303872821,47.616092553741474
b57df992-8127-4a4f-b066-fa4c171a11e6,033-9828200855,53033,4800.451986192792,,false,false,2760.008463302907,0.0,,,-122.29841234371116,47.616215942261356
80d0ef40-2c04-4b7f-9d3b-d819a616dab6,033-9828200865,53033,4802.514279926306,,false,false,2764.9969339164627,0.0,,,-122.29841165693047,47.61632562364248
b1f83d63-8e2c-4abf-b777-7ae0a51a25ac,033-9828200870,53033,3375.409576972639,,false,false,2808.620487935034,0.0,,,-122.29776907094852,47.616315731886296
370ac36b-7121-4bea-ad77-098d1308d4b6,033-9828200872,53033,2774.2351045192636,,false,false,2790.238768758762,0.0,,,-122.29802073687544,47.616291025460235
3987f556-3e69-48ad-9369-0c9abfb12050,033-9828200880,53033,3909.244411035154,,false,false,2799.891228898586,0.0,,,-122.29781899212215,47.61619619345016
f4eb5847-68cc-4b8c-b8cf-2a90f70aeada,033-9828200885,53033,149.59270775681412,,false,false,2783.7161463678685,0.0,,,-122.298043744142,47.61617996359342
dd8521fa-67a9-45c0-8261-0735b19fa888,033-9828200887,53033,6008.095669332981,,false,false,2791.673453083202,25.0,,,-122.29786169108849,47.61607603160837
024fddc5-e8b2-4a21-b43b-5090ee084641,033-9828200910,53033,6007.982145128031,,false,false,2785.6523458497113,25.0,,,-122.2978625066119,47.61593878666754
76bdb1d7-871c-4304-afb3-efa8e6b04c0a,033-9828200916,53033,6607.9549995379675,,false,false,2779.4066038531096,25.0,,,-122.29786336453662,47.61579468853726
2baff18b-214a-4860-b681-4a670bb635e9,033-9828200930,53033,6007.811474230146,,false,false,2778.9984918115383,25.0,,,-122.297722905595,47.61555371441879
6ec01803-786a-4f8f-bbc3-5a93a8de2ede,033-9828200931,53033,8408.135745600492,,false,false,2762.156712662579,25.0,,,-122.29796616775607,47.61555515280226
44206a93-366f-4524-8094-7a4a2a11daed,033-9828200940,53033,3592.1687296861405,,false,false,2688.9829875804667,0.0,,,-122.29830657934826,47.61430896351818
986042b7-968b-4078-86a2-87252e089af3,033-9828200945,53033,3592.739880188901,,false,false,2671.8615696379848,0.0,,,-122.29854983320774,47.614310328064555
6e304f8b-ee21-46fc-90c4-409be4b150c5,033-9828200950,53033,4784.479438687371,,false,false,2685.670319792523,0.0,,,-122.29842677957984,47.61444636111566
f4c66409-588e-47ff-9ea7-aa6f42a9d2c8,033-9828200952,53033,5984.641660664301,,false,false,2690.459681198125,25.0,,,-122.29842547726821,47.61456936580887
becfcc74-20d4-47fb-b12f-1322aae53f35,033-9828200960,53033,6000.258878604074,,false,false,2695.8618923602367,25.0,,,-122.29842401971689,47.614706256880126
8586c44a-0e44-401a-b13b-50e8f321675e,033-9828200975,53033,4784.663763752664,,false,false,2700.78548058672,0.0,,,-122.29842273460413,47.61482944246997
506972ba-c2ec-421d-88b6-d1a3bc59e989,033-9828200980,53033,7184.616331785361,,false,false,2706.322085628636,25.0,,,-122.29842128495493,47.614966155984746
eb95325b-2c52-4190-a417-4d0becd6e363,033-9828200985,53033,7184.68958257548,,false,false,2713.066007941354,25.0,,,-122.29841955071774,47.6151302820232
12744064-fd52-475d-a9a4-d3e4696f4bf8,033-9828200990,53033,3590.873986357752,,false,false,2759.915406493822,0.0,,,-122.29774652664587,47.615126180152856
2527b7da-9819-461c-982e-85a1a07ec1d6,033-9828200992,53033,3591.4755072068733,,false,false,2742.9674673200275,0.0,,,-122.29798978316936,47.6151276621272
620bdedd-9f70-4250-bb6b-7d35c345b842,033-9828201000,53033,3600.1853670898263,,false,false,2743.1513981236976,0.0,,,-122.29787031924596,47.61492193060777
309fa688-c0e8-41f4-b9f4-30e5060f811d,033-9828201001,53033,3582.199241301417,,false,false,2746.447115195991,0.0,,,-122.29786947357327,47.6150039680012
4a679e9e-f45f-4c21-9fa8-995f6233f619,033-9828201010,53033,3582.0893516180154,,false,false,2736.626906322557,0.0,,,-122.29787207505247,47.61475765276447
ec44a784-0221-4fd5-a8af-d3d15d3f76a0,033-9828201012,53033,3600.1697333075276,,false,false,2739.872429034954,0.0,,,-122.29787118875439,47.61483968824297
6d22b159-2c42-4158-a9b3-74486ee04535,033-9828201020,53033,4200.2246923557395,,false,false,2733.1432641373153,0.0,,,-122.2978729922939,47.614668763027616
7e07e1c8-e536-42e9-ba5a-692d15c16145,033-9828201022,53033,4182.220375858163,,false,false,2729.423038542985,0.0,,,-122.29787402315931,47.61457301887373
a63a6ae8-7556-4c52-8914-b97df1b18494,033-9828201035,53033,4182.2655784058425,,false,false,2725.7483130678047,0.0,,,-122.29787503581414,47.614477480136685
aafbd480-c724-42dc-acf6-cceaf2d6479d,033-9828201037,53033,2992.8532261113273,,false,false,2708.6075783604733,0.0,,,-122.2980388184423,47.614328019100796
289f86d4-8045-40f0-b55c-5a98988d2ed5,033-9828201039,53033,2800.8418735736745,,false,false,2727.8135181005487,0.0,,,-122.29779498436427,47.6143812728056
3109551c-4db8-40f5-8e30-677b52861362,033-9828201055,53033,3188.9512252555064,,false,false,2723.9553841229845,0.0,,,-122.29779607927097,47.6142786855061
7d07ed59-2dc6-4976-a6bf-72f5cd5ce174,033-9828201060,53033,4001.4822590468334,,false,false,2766.2857367801303,0.0,,,-122.2972039112918,47.61428930565168
aee7b9c0-7a70-4dab-a6b5-aed7f870ed3c,033-9828201062,53033,3584.3907076784844,,false,false,2772.9161928459603,0.0,,,-122.29717581148154,47.61441686960542
777f4989-5642-4e5c-8c6d-52a32e25f83b,033-9828201064,53033,3193.304428564968,,false,false,2784.985648419273,0.0,,,-122.29696042139126,47.6143291093287
31f5369d-21a6-4a72-9fd8-ba2680b2232d,033-9828201075,53033,3583.9923593076824,,false,false,2780.15968089722,0.0,,,-122.29712061337582,47.61450767057956
7b1d3232-f2f1-4281-8e76-70079e7e1598,033-9828201090,53033,3598.4820804875744,,false,false,2783.260565548696,0.0,,,-122.29711980758964,47.614589750267
b2b250e7-4d95-430c-bfb3-5d5ea8092c1b,033-9828201092,53033,5383.721820068567,,false,false,2787.185776716595,25.0,,,-122.29711865219113,47.61469238909696
f8de03e0-b156-4c5f-be7d-3501adf6577d,033-9828201105,53033,5384.336690151936,,false,false,2791.94104807895,25.0,,,-122.29711732692496,47.61481542524615
a1785e68-c259-4f4c-98d5-07eca07bc0fe,033-9828201110,53033,4784.813179783459,,false,false,2796.485751946984,0.0,,,-122.29711607130542,47.61493160790563
b42840f3-1167-4056-b8c4-d4bc5c020352,033-9828201112,53033,3192.2874655670557,,false,false,2795.134503484256,0.0,,,-122.29719595932248,47.615041302000186
90fced50-5dd7-4092-99b8-8cc9c10c9883,033-9828201115,53033,3196.180408821101,,false,false,2814.344051522256,0.0,,,-122.29695220935892,47.61509514551359
70b6b8fe-2898-4b72-90a1-1d5581633b6b,033-9828201130,53033,3196.774016204195,,false,false,2799.510260392745,0.0,,,-122.29719491273148,47.6151507838179
f5250f85-852a-4182-9164-f7fe79eebefe,033-9828201139,53033,4545.260856549389,,false,false,2843.4705012596864,0.0,,,-122.29656840025673,47.615151139928564
13caf3e6-1d84-410e-9c79-833be1112af5,033-9828201140,53033,5047.451160894075,,false,false,2839.96657363726,25.0,,,-122.29655812328421,47.615041894611096
8451113d-83e9-4cca-8152-47990f2d21e0,033-9828201150,53033,4792.298745896867,,false,false,2835.1897934031526,0.0,,,-122.2965648020237,47.61492932414665
3bed6738-bf3e-4e3d-a815-c34b74b86ce8,033-9828201160,53033,4792.0497805449095,,false,false,2830.960792155765,0.0,,,-122.29656602254954,47.61481982091619
8136df9c-5d6d-4faa-bf3b-80fd846038e0,033-9828201162,53033,4798.274963352571,,false,false,2826.770966178473,0.0,,,-122.29656730130891,47.61471024145591
49efc576-00ec-4676-b899-2ce3bb1beb5c,033-9828201175,53033,4791.307483034491,,false,false,2822.635287156492,0.0,,,-122.29656846990946,47.614600661224685
2a740afe-2e9a-490a-a9fa-b9121c3c8346,033-9828201180,53033,4790.90815373873,,false,false,2818.5452388815543,0.0,,,-122.29656969144477,47.6144911572214
8ad6b2ba-be57-4cff-91f0-9f6faed8df64,033-9828201182,53033,4797.245683962524,,false,false,2814.49511925684,0.0,,,-122.29657097055521,47.61438157737432
21cb4220-c11c-4452-85fe-511274063b84,033-9828201195,53033,4790.331913470269,,false,false,2810.4998649639742,0.0,,,-122.2965721376904,47.614271995212036
6630e24d-427b-46b8-a083-a3f33bb06ca7,033-9828201200,53033,3159.976071530928,,false,false,2810.2119472345153,0.0,,,-122.29721247837473,47.61544836507874
c82d5805-d9f5-48b6-bdc0-c48e9ca0705c,033-9828201201,53033,4503.1843911266715,,false,false,2829.7047448863746,0.0,,,-122.29696848416255,47.61550912111399
beb146ae-d32c-4ac2-b776-e65c819eaf9a,033-9828201202,53033,3158.0352618758907,,false,false,2815.3248916803295,0.0,,,-122.29721157758517,47.61557183508815
4fd611d6-da71-431c-af2e-33f02f2a8215,033-9828201215,53033,5419.819552758567,,false,false,2827.5230931652877,25.0,,,-122.29710935571242,47.615694899149446
df700f2e-2336-45bf-8882-cb59179b4a16,033-9828201235,53033,5423.308867474132,,false,false,2832.7407813916593,25.0,,,-122.29710846274294,47.61581845259801
b94ea7e6-cb9a-40b5-97d1-8ebb63fefcff,033-9828201240,53033,9643.584100924982,,false,false,2840.080093491255,25.0,,,-122.29710721294146,47.61598999611373
6fc6f4d5-3889-48b5-bf48-325443d9e387,033-9828201250,53033,4829.9379855766865,,false,false,2847.2253396190486,0.0,,,-122.29710604093601,47.616154654663966
6cd34eab-8c26-40ae-abc0-59b5028acdbe,033-9828201253,53033,3604.835372102739,,false,false,2844.817817404158,0.0,,,-122.29722791764168,47.616292486044514
8457f2ed-6977-4d17-aa1e-4f42f07eb2c6,033-9828201255,53033,3641.295690195699,,false,false,2861.6221299682143,0.0,,,-122.2969833882792,47.616291364167104
7706bef6-c184-43de-b436-05f93e043a37,033-9828201265,53033,21705.872583237306,,false,false,2884.2371529727166,25.0,,,-122.29655242918139,47.61612484776911
979210d3-3752-4071-9639-843331bf4c87,033-9828201285,53033,3610.3986984154612,,false,false,2871.9392561081722,0.0,,,-122.29655531109535,47.61583676809688
106158ad-f808-4510-a852-b282d5fd7aa5,033-9828201287,53033,4214.029589095884,,false,false,2868.1927757959406,0.0,,,-122.29655624660563,47.61574763020514
61ecf303-211e-46c6-a50d-a910c8b6c4dd,033-9828201300,53033,4211.883496593479,,false,false,2864.1919007666393,0.0,,,-122.29655721676231,47.61565159419319
078cc80f-f1d4-49d0-98ad-485cca8162d3,033-9828201302,53033,4806.7447432416175,,false,false,2859.9483516376004,0.0,,,-122.29655821249305,47.61554874825491
20816908-017d-418b-affd-584b395fc02a,033-9828201315,53033,4807.855541627147,,false,false,2855.4599926285473,0.0,,,-122.29655935274207,47.61543904655655
4d71a685-8d08-4324-a6be-132b90f8d1c6,033-9828201320,53033,2800.55151665332,,false,false,2860.6238368018953,0.0,,,-122.29720323406487,47.61661021331216
39b6c8a4-7ad0-4049-858f-030ae936c1d8,033-9828201321,53033,2828.6993282522294,,false,false,2865.67780554295,0.0,,,-122.29720178384589,47.61671990266444
8cb6d0a9-cadb-4996-b50b-efcdd291a67f,033-9828201322,53033,4021.7428517780677,,false,false,2879.860046475337,0.0,,,-122.29695802521314,47.616664162228595
cc1319f5-55b4-4f57-b71d-87da5224a9ae,033-9828201325,53033,1411.8677966191806,,false,false,2871.7596078844635,0.0,,,-122.29726304147316,47.61694403740612
62af58d2-0c03-498d-ab27-bf3fbfcc0954,033-9828201326,53033,2030.6680243542773,,false,false,2867.8307226988313,0.0,,,-122.29724654591834,47.61683423257952
335b572b-0cf9-4f76-b057-7555774e83b8,033-9828201327,53033,1083.528439191812,,false,false,2877.822857568311,0.0,,,-122.2970998117747,47.61683352194796
d13994a9-f867-4c06-83d5-6709e0186f12,033-9828201328,53033,2069.54014463383,,false,false,2887.9478701259163,0.0,,,-122.29695123720333,47.61683280431149
122f8fba-e008-4c15-853d-809798249d38,033-9828201329,53033,2028.6063905471647,,false,false,2892.144867699586,0.0,,,-122.29696323362776,47.61694257582079
58ed67b9-736e-4e92-b053-3be06bfe1939,033-9828201330,53033,1017.2272481052595,,false,false,2880.799929875427,0.0,,,-122.29713002795492,47.616943388571066
2655d1ae-05d6-45c2-8675-93f07e84b13b,033-9828201334,53033,1283.3482282984753,,false,false,2897.121840316711,0.0,,,-122.29698030367265,47.61707564949031
07b96b4e-f83b-4601-9800-f226dd258b05,033-9828201335,53033,1123.2753905094232,,false,false,2880.5716746240646,0.0,,,-122.29722422978803,47.61707684519104
cc09fac2-0968-40e6-8eba-6710afe339b7,033-9828201336,53033,1283.6836956413333,,false,false,2894.527156668452,0.0,,,-122.29698113165213,47.617020822614414
06b07d19-50ac-4e9e-a7a3-cc7cdb43a2ec,033-9828201337,53033,1123.599507849487,,false,false,2877.9571195797603,0.0,,,-122.29722513188733,47.6170220183507
9683c27f-0afc-42b5-b260-1dc53bf9d01b,033-9828201342,53033,1475.6406434193502,,false,false,2899.922965392342,0.0,,,-122.29697941602736,47.61713459480219
6e0b338d-22d0-4656-9492-6e944f1e4603,033-9828201343,53033,1475.1851903308748,,false,false,2902.9336262378047,0.0,,,-122.2969784608399,47.61719765970825
c85096b8-5d92-48e2-82a7-1a4fd114841e,033-9828201344,53033,1047.3039770032885,,false,false,2891.2258700819275,0.0,,,-122.29722059542274,47.617298034884485
78201bf8-3f4d-4a36-a022-e6cc16e6c69e,033-9828201345,53033,1196.8460727824634,,false,false,2888.569162329622,0.0,,,-122.29722149600101,47.617243208370695
9ac34c4f-dc89-4a3b-934d-08d191ee9562,033-9828201346,53033,2179.8695206502885,,false,false,2906.6831795139065,0.0,,,-122.29697728098085,47.617275806619276
692b81f6-8b9a-40c6-b416-089edf7f78a0,033-9828201347,53033,1198.202326760625,,false,false,2885.746102346534,0.0,,,-122.29722245814709,47.617184713233186
4527350e-8c3c-4969-944b-9cb4d04318f7,033-9828201348,53033,1048.56008199799,,false,false,2883.1094854429048,0.0,,,-122.29722336018376,47.61712985665735
8708c35e-6ffe-49ac-af3c-e8a7fe401237,033-9828201355,53033,2886.647957546104,,false,false,2897.3386736967814,0.0,,,-122.29718672418902,47.61737831245854
28f21fd1-56e0-4da3-bffd-571bbebc20ed,033-9828201357,53033,1920.9193929107282,,false,false,2913.7823613836167,0.0,,,-122.29694320033506,47.61737711698769
c9bbad30-224c-4eae-ac7f-6a704c1231dc,033-9828201360,53033,2193.2391444463583,,false,false,2901.6689558210446,0.0,,,-122.29720506962107,47.61749463976298
adf01494-d309-42af-a4f7-76bfaa81b1f3,033-9828201361,53033,1287.843010398829,,false,false,2909.987617943653,0.0,,,-122.29706906269942,47.61747636850961
a7a995a5-00f3-4905-8d4f-f6fb2e210d8d,033-9828201362,53033,1323.8711915658594,,false,false,2921.1507350295083,0.0,,,-122.29691137310463,47.61748666708337
de481f87-619f-42b3-9336-1018555078b6,033-9828201365,53033,6725.56871964099,,false,false,2945.4372470537796,25.0,,,-122.29653631693051,47.617462856256346
291a2a9b-d5c4-4cbd-afe8-14fe12c9c68c,033-9828201367,53033,6731.225911912822,,false,false,2938.089266666633,25.0,,,-122.29653826286756,47.6173093036519
0448e876-3982-4ccc-a504-a208ff2b5d5e,033-9828201373,53033,6736.957348660594,,false,false,2930.8222239074066,25.0,,,-122.29654021067375,47.61715575124794
96524198-5699-4b88-a3cf-9e459032205d,033-9828201375,53033,6742.627858198699,,false,false,2923.6367678193574,25.0,,,-122.29654215976052,47.61700219916816
83891aa8-5446-444b-b1aa-73d363e1a51d,033-9828201380,53033,6748.370862010606,,false,false,2916.533686818846,25.0,,,-122.29654410724626,47.61684864716019
116320cc-e42e-413a-a7ed-10ce4a96e70a,033-9828201385,53033,9649.76303756703,,false,false,2908.0199625529162,25.0,,,-122.29654646890103,47.61666218594485
d4470bef-64b2-4986-95cc-51042fc523b5,033-9828201405,53033,4000.3688517671585,,false,false,2949.9202755192573,0.0,,,-122.29595298299199,47.61668662207847
50046a89-ee3c-493f-9ee8-fef86f91ecc5,033-9828201407,53033,5597.736523640417,,false,false,2961.553971935347,25.0,,,-122.29581352700029,47.616732855883505
a1c8295d-918c-40ca-89ba-b874533648bd,033-9828201409,53033,4800.534950401802,,false,false,2973.400951624615,0.0,,,-122.29562844084683,47.61671223718839
ee80ae8a-73a4-4f05-abb8-2c8ed5aaad92,033-9828201440,53033,9598.244129386889,,false,false,2974.6380831794454,25.0,,,-122.29578746581171,47.61698730040659
fdd22e90-d2b6-4bc9-ae57-7a2adf726b2f,033-9828201455,53033,9598.362845996404,,false,false,2984.7201487642087,25.0,,,-122.29578498875586,47.61720663261552
497e6cf6-5c90-42b3-9d74-08e2bdd2005c,033-9828201460,53033,9597.330712987394,,false,false,2994.967237144646,25.0,,,-122.29578250712372,47.61742596556655
677522f1-6e50-4c39-8168-5f67c8a9b6f5,033-9828201465,53033,7197.64596945975,,false,false,3033.7091775313397,25.0,,,-122.2952310037962,47.61745027679063
5947210a-00b0-45f2-9408-472438d91df5,033-9828201470,53033,4498.258705241649,,false,false,3032.313086275148,0.0,,,-122.29514163746886,47.6172852755924
48186ca7-d4d1-49d8-8c9d-948008537004,033-9828201473,53033,5399.269528292955,,false,false,3011.9409528064402,25.0,,,-122.2953857375788,47.61720439308389
f71c97bc-94fb-44d0-8c08-f7b911f27107,033-9828201475,53033,4498.3785410670325,,false,false,3024.802240038886,0.0,,,-122.29514347451183,47.617120788800094
ddaf3abc-f374-4a0f-84fc-818372664a00,033-9828201480,53033,4798.960714403756,,false,false,3012.3624478714364,0.0,,,-122.29523621702054,47.61698422457981
de69282a-dac9-4a4a-9777-3b41a947ba2d,033-9828201485,53033,4798.931938017958,,false,false,3007.447328795515,0.0,,,-122.29523744525626,47.616874564935465
9ab7f02e-9497-43b6-9b51-e70ffdaee84f,033-9828201495,53033,4000.3194489392326,,false,false,2998.9424382507414,0.0,,,-122.29523964331923,47.61668266068763
7b62a81c-5f44-454e-9dac-acfbc45c4e2e,033-9828201500,53033,3997.6514974457555,,false,false,2987.7875131326064,0.0,,,-122.29540176453193,47.61668355621018
f35a913b-7238-49f6-80d4-c7e3cb56ab24,033-9828201505,53033,4000.3794686675133,,false,false,3010.1087064665826,0.0,,,-122.29507746618106,47.616681759252266
7752f3c3-8455-41d7-97fa-996f76f67048,033-9828201525,53033,4801.632342971012,,false,false,2908.1539989949297,0.0,,,-122.29580500970233,47.615435511686215
db3f0f5a-77b5-44f0-836d-7f76ab81019a,033-9828201530,53033,5009.632395248024,,false,false,2917.3015790546747,25.0,,,-122.29580265895244,47.61566200832142
89d11040-e665-4963-bdd8-94edfb49cf71,033-9828201531,53033,5010.7231108660835,,false,false,2913.4063546070693,25.0,,,-122.29579335380207,47.61554795967622
495374b7-6adb-49b7-9a1a-8517ec8106b1,033-9828201545,53033,6781.894083149209,,false,false,2922.320465420453,25.0,,,-122.29580844065836,47.61579647273534
a1af9a17-035c-4d4d-9a2c-63b675edeae3,033-9828201555,53033,7200.6848397988315,,false,false,2929.5078736683,25.0,,,-122.29579911670741,47.615956443124375
5bfdd394-931c-4474-9a8d-2de1d8e9f4bb,033-9828201560,53033,6001.149149500427,,false,false,2949.7817094139855,25.0,,,-122.29565445125951,47.61620241527217
dbb75d57-dd54-4b49-8f01-4630568ce5e2,033-9828201565,53033,8399.651611527876,,false,false,2932.958814415793,25.0,,,-122.2958976842998,47.616203761720335
7a30ac0a-a949-42a2-9a4a-ff36a93567fc,033-9828201575,53033,4800.802004050244,,false,false,2982.7957607733942,0.0,,,-122.2952437646538,47.616309809053575
a248a5d0-9f96-4301-8fc4-c6f2e959ad44,033-9828201580,53033,4799.649325208377,,false,false,2978.138614620945,0.0,,,-122.29524499080865,47.616200138695675
2a47b1f2-174a-4197-add9-5225660eb3cc,033-9828201590,53033,4800.98279577301,,false,false,2973.524304960334,0.0,,,-122.29524621569321,47.616090468993605
8333cebe-e7cd-440f-bc53-5ab7799f3a25,033-9828201595,53033,4801.01619691252,,false,false,2968.9519139608296,0.0,,,-122.29524744691358,47.61598078554949
ca9d438a-9fe5-49c0-9b69-bd3df3974b7f,033-9828201600,53033,4799.978875508187,,false,false,2964.4229553108444,0.0,,,-122.29524868125331,47.6158711150579
1499df31-8f77-4cee-88e4-8e8ad3e176f2,033-9828201605,53033,4801.182641356209,,false,false,2959.937886980962,0.0,,,-122.29524990732143,47.615761444478004
2960ba79-75c9-410f-94aa-1ed01443b180,033-9828201610,53033,6001.340629309845,,false,false,2954.9433592008045,25.0,,,-122.2952512928195,47.61563805452892
56640c5e-1f41-4892-ad22-8ffe959868c3,033-9828201613,53033,3990.9854947759072,,false,false,2939.4312805130116,0.0,,,-122.29538084979929,47.61547425717183
cc9638bd-4656-4505-8bef-607dc18d8520,033-9828201615,53033,4410.886893293337,,false,false,2956.462321108126,0.0,,,-122.29513758416836,47.61547289494507
884eaf0d-a85c-4b82-9b67-e3c3f34beaa4,033-9828201620,53033,4799.694293094132,,false,false,2863.9692235578814,0.0,,,-122.29581823268103,47.61426786104292
5867ccc9-9274-4396-856e-a5e07b9fcd9b,033-9828201625,53033,4801.052960262741,,false,false,2867.897077804424,0.0,,,-122.29581698995987,47.61437750148657
6ecc1230-8b96-468a-8366-b060bcc0fe65,033-9828201635,53033,5399.401185170012,,false,false,2872.1209068965004,25.0,,,-122.29581567318839,47.61449399224092
b3cd2a0d-9268-435f-845a-df0d131e4e2f,033-9828201640,53033,4799.306161594366,,false,false,2876.396376603691,0.0,,,-122.2958143541445,47.61461046491845
94769d82-5ca1-4421-b617-6f3cb2657f24,033-9828201645,53033,4200.651734160444,,false,false,2880.212521526416,0.0,,,-122.29581318924963,47.61471324872815
930c5091-eaeb-4f7b-bdb8-f2d533fb74c7,033-9828201660,53033,4799.166889606689,,false,false,2884.0687486261445,0.0,,,-122.29581202669414,47.61481603262586
f2dad9a4-aa05-49e7-8968-f9a797ab1ad9,033-9828201665,53033,4799.052121626807,,false,false,2888.2257226909132,0.0,,,-122.29581078506418,47.61492565209828
5413675a-eb3c-4d54-babd-aabd673a80c9,033-9828201670,53033,4800.578268461373,,false,false,2892.4287537961786,0.0,,,-122.29580954291143,47.61503528812267
f260a3a9-767f-4359-9ce0-481e3ebbf93b,033-9828201680,53033,4799.086893469897,,false,false,2896.676967003962,0.0,,,-122.29580830224921,47.61514492612891
c1a7cee5-6353-4d69-9942-d4969fe29d9a,033-9828201685,53033,4798.80885501937,,false,false,2935.4190639775716,0.0,,,-122.29525687063474,47.615141837218445
0138610b-2236-40af-b335-45b017727e1f,033-9828201690,53033,4800.5903914698165,,false,false,2931.228047119982,0.0,,,-122.29525810061023,47.615032201744725
5eaf4550-fb2c-46bc-af27-8a735795d712,033-9828201695,53033,4798.748638586961,,false,false,2927.0813058303966,0.0,,,-122.2952593386602,47.61492256819919
ee15038f-7bfd-42b5-be90-bad0e502df2b,033-9828201705,53033,4798.8633679317545,,false,false,2922.9805737921,0.0,,,-122.29526057288038,47.61481295593859
63f00dde-e054-481c-81f6-a99381692119,033-9828201710,53033,4800.883132438738,,false,false,2918.9242808988015,0.0,,,-122.29526180526778,47.61470332071409
6c9a156e-40c9-4e0b-a594-6ea58ebc35c3,033-9828201720,53033,4798.981279596385,,false,false,2914.913010810581,0.0,,,-122.2952630424754,47.6145936860957
ef02cbb7-967d-4d8c-a155-cdcdfeed8fdf,033-9828201725,53033,4439.196704600678,,false,false,2912.047073554358,0.0,,,-122.29525043479579,47.61448732967138
4bfb6f33-a256-4c8d-b866-8efbbc679bbf,033-9828201730,53033,2458.570506615214,,false,false,2900.788545990684,0.0,,,-122.2953280699413,47.61432297346638
0ed67d4d-b0fe-466a-a1de-85b8b820f535,033-9828201740,53033,2701.446688521549,,false,false,2892.611070560364,0.0,,,-122.29544841844113,47.61433433480124
14bc5e6c-df35-46aa-9379-e66a03a4a041,033-9828201745,53033,2400.622778184563,,false,false,2915.668268568881,0.0,,,-122.29514386436644,47.614373761250995
cf9e62f1-0197-449b-a83d-da14fad87068,033-9828201765,53033,2399.7490296044034,,false,false,2911.8061693655727,0.0,,,-122.29514509646793,47.61426413044445
f3b5fc6c-e883-49ab-9677-66dc027b1c99,033-9828201770,53033,2699.800008159334,,false,false,2968.6182098812183,0.0,,,-122.29436027048635,47.61428739310646
5b40deaa-308b-45b7-b98f-96b94f5976fc,033-9828201772,53033,3823.658564510904,,false,false,2961.603977070769,0.0,,,-122.29451632107633,47.614408873363715
231e71ac-921e-40af-a553-59edc849a139,033-9828201774,53033,4274.138934958251,,false,false,2951.144460269048,0.0,,,-122.29460357229439,47.61428452906932
42f3a862-dd37-47fa-b669-a9e30917d2ed,033-9828201785,53033,3599.789023536335,,false,false,2964.973186161677,0.0,,,-122.29451001089497,47.61449373294773
da19ff68-21c0-4b64-8874-d75b2801c03f,033-9828201790,53033,3598.2191756577204,,false,false,2967.8935980276888,0.0,,,-122.29450908355523,47.61457595686865
90169bc0-6440-4ff5-9df3-2549291c6304,033-9828201795,53033,3599.6339222034776,,false,false,2970.8377357289387,0.0,,,-122.29450817831994,47.614658181624094
5376e23b-35ca-4755-82e3-5185812ad354,033-9828201800,53033,3597.9579219917173,,false,false,2973.8086831005808,0.0,,,-122.29450725030654,47.61474040623167
87ab302a-13b3-456d-92ae-c700917a4be3,033-9828201805,53033,3599.4160843645464,,false,false,2976.8032084363485,0.0,,,-122.29450634399267,47.61482263083507
3dcb4c79-4729-44cc-a761-c82fe8481ac5,033-9828201810,53033,4797.527273219183,,false,false,2980.3299710933015,0.0,,,-122.29450526693466,47.61491856243331
5c94b653-7da5-4f33-ba16-7e32cfe5ca67,033-9828201815,53033,3198.038423439277,,false,false,2978.676949314556,0.0,,,-122.29458512290392,47.61502859382314
06739203-fd52-4a17-b35d-6abb59d2e207,033-9828201820,53033,3199.4589130523927,,false,false,2997.8945033794557,0.0,,,-122.2943413338866,47.61508220258157
01dc83a9-699a-4fb7-8f30-e8324d246d40,033-9828201830,53033,3198.431509128876,,false,false,2982.80003822223,0.0,,,-122.29458390827747,47.61513822939891
01dff8e5-e3f4-467a-84a8-54ffd422f72a,033-9828201840,53033,4198.451524440086,,false,false,3033.5570048135196,0.0,,,-122.29385059488631,47.61510716303508
4c789540-f3af-40d8-ad14-3140d2d4a4ee,033-9828201845,53033,2998.79308776017,,false,false,3016.3763757290826,0.0,,,-122.2940937777322,47.615108379742104
60dd282d-5d03-44af-8393-d84caff6ac5a,033-9828201850,53033,4860.9941091445135,,false,false,3026.0382885961576,0.0,,,-122.2938726655429,47.61494172564299
50c5f382-8d16-4359-95c3-4b9233431d0c,033-9828201851,53033,4736.481946837816,,false,false,3020.089781371709,0.0,,,-122.2938744624002,47.61477725510469
9d3d3a15-f14e-498c-bd2d-6b7c9d495625,033-9828201852,53033,4798.468668447778,,false,false,3005.857759979987,0.0,,,-122.29411675704638,47.61486178490278
364940b0-d744-47f2-8b92-4d57b1b9340c,033-9828201860,53033,7198.624162242748,,false,false,3008.5157144005425,25.0,,,-122.29395731995031,47.614614266932485
529e4a35-ea2c-40b2-8068-e49ac0366f42,033-9828201865,53033,7199.044016493354,,false,false,3002.754466873493,25.0,,,-122.29395911933479,47.61444979981238
6a4badee-bedf-46f4-b8e7-fe60f32efbe7,033-9828201870,53033,3600.196417514047,,false,false,2998.4989379744493,0.0,,,-122.29396047413586,47.6143264448759
f3843b66-03d6-43e6-83a6-49e6ee316ab4,033-9828201875,53033,3599.5829479811555,,false,false,2995.6941169931492,0.0,,,-122.29396136801353,47.61424420815837
18e10631-a423-403c-adf6-21ee4af5342f,033-9828201880,53033,4319.142817293586,,false,false,2999.4255872371673,0.0,,,-122.29449964505588,47.61542293946924
0f318b79-ea49-404d-8b85-6d1e683f6184,033-9828201882,53033,4319.495203427974,,false,false,3003.2709805441405,0.0,,,-122.2944985462864,47.615521649757156
3a1822a0-119e-4e08-8cb0-e281c1afa273,033-9828201885,53033,4558.432878270867,,false,false,3007.259791409457,0.0,,,-122.29449741364988,47.61562309532761
bd1d9745-23cb-4728-ba58-e635761dbdec,033-9828201890,53033,4799.523925242261,,false,false,3011.5041831511066,0.0,,,-122.29449622190688,47.615730026865634
6117c853-42be-466f-8a1e-e86a11ba5cfd,033-9828201895,53033,7199.028275643165,,false,false,3017.00626481033,25.0,,,-122.29449469166433,47.61586713295441
c935eab9-651f-4bff-9a8c-4b2a71f10a7f,033-9828201910,53033,5038.123922813209,,false,false,3022.6874834637842,25.0,20.0,20.0,-122.294493120091,47.616006967263175
821b9d71-5c63-476d-8b13-8c44862fb4ff,033-9828201915,53033,5757.833678446102,,false,false,3027.75664993375,25.0,20.0,20.0,-122.29449173914837,47.61613033232382
fb496c42-c222-424a-b933-e6bf8ba868db,033-9828201918,53033,3333.3212339946494,,false,false,3024.8481079617472,0.0,0.0,0.0,-122.29462064436763,47.61627911753227
e207eab8-46fb-44b3-8c27-441cc337e236,033-9828201920,53033,3864.8469241177713,,false,false,3041.7298337299135,0.0,0.0,0.0,-122.29437748733889,47.61627774476272
795c205c-dcf7-4bb3-8013-b1fa57dc808e,033-9828201925,53033,6399.946842547666,,false,false,3072.6055777764764,,20.0,20.0,-122.29393882564595,47.61628468471607
9fb92187-cd72-4d8f-abf8-a6dda2552e85,033-9828201930,53033,6396.474786543055,,false,false,3066.598819212577,25.0,20.0,20.0,-122.29394045455835,47.616138460857805
7799caaa-be63-4766-9cfe-bffe18db6430,033-9828201931,53033,6397.673828524523,,false,false,3060.667452246777,25.0,20.0,20.0,-122.2939420870864,47.615992263634844
a331f4ec-5ac3-43f1-aaba-10377fd96eae,033-9828201935,53033,4798.554550177088,,false,false,3055.5383264676598,0.0,0.0,20.0,-122.2939435165988,47.61586432537879
8c4b814e-9d0c-48d5-b919-16ebe49ac7a3,033-9828201950,53033,4798.2380321216615,,false,false,3051.188316908719,0.0,0.0,20.0,-122.29394473570055,47.61575466442997
9a9eb8ad-b40c-492d-badc-9b2422121882,033-9828201955,53033,5398.497317212897,,false,false,3046.6124460760393,25.0,20.0,20.0,-122.29394603995613,47.61563814895376
f143d2b2-746c-4b19-b3f9-ab15ec0d4761,033-9828201960,53033,4497.006016668583,,false,false,3031.6822799090573,0.0,0.0,20.0,-122.29406950187776,47.61547425693957
166b9ff0-e3ed-4975-b2f5-56dfc2df92df,033-9828201965,53033,4500.527126975984,,false,false,3048.784220100057,0.0,0.0,20.0,-122.29382633995135,47.61547304241263
d0ccbdcb-2bb7-46af-84ba-ff0341044c38,033-9828201970,53033,4798.047503881592,,false,false,3047.3873812802867,0.0,0.0,20.0,-122.29448654303505,47.61659639613922
1803a2ba-e005-4929-b0dc-b4f8600b2802,033-9828201975,53033,4798.192504790874,,false,false,3052.11587742673,0.0,0.0,20.0,-122.29448531778972,47.61670605297255
8b50d98b-47de-4fff-bc1e-8149d2d850ff,033-9828201980,53033,6597.360897267454,,false,false,3057.7840567391036,25.0,20.0,20.0,-122.29448387075338,47.616836270016336
3d503fb8-1df3-4ea1-bcb0-451c3bef8eb8,033-9828201985,53033,6597.42878641335,,false,false,3064.419878310052,25.0,20.0,20.0,-122.29448219073461,47.61698704710496
09b592f4-fdd4-4883-a046-4c157981f5c7,033-9828201990,53033,6597.383623302263,,false,false,3071.132919524863,25.0,20.0,20.0,-122.29448051109333,47.617137825392234
ca7b125e-60da-45a4-a284-d7afd3675443,033-9828201996,53033,6597.440966648264,,false,false,3077.922750287882,25.0,20.0,20.0,-122.29447883021498,47.617288604026626
b2ce5123-9267-4247-86ff-57852a5a125e,033-9828202010,53033,7197.295045444245,,false,false,3085.102700260093,25.0,20.0,20.0,-122.29447707309268,47.617446237433924
f2baa49e-cf3f-4e07-9ab6-c3c9a461fb32,033-9828202015,53033,7197.268759510456,,false,false,3122.793275981552,25.0,20.0,20.0,-122.293925899921,47.61744342951659
7b93c335-a767-48c9-9a33-de97e843389e,033-9828202020,53033,6764.534239169186,,false,false,3116.341797711573,25.0,20.0,20.0,-122.2939151542393,47.617280806106145
d823de82-ad03-49f2-aba3-43698442f3c1,033-9828202025,53033,7197.222539140208,,false,false,3108.0842694732137,25.0,20.0,20.0,-122.29392956783775,47.61711445566862
e62f093d-20f1-4310-b0bf-3c2212ab9507,033-9828202030,53033,7197.269640447372,,false,false,3100.8654062913492,,20.0,20.0,-122.29393140309435,47.61694997015285
3ba90be0-c953-47a9-830f-571cb778fa63,033-9828202040,53033,7598.7681134445165,,false,false,3092.043654927888,25.0,20.0,20.0,-122.29393372309234,47.616746147030725
8f91085f-57e8-463b-b691-76f68d93ad0d,033-9828202045,53033,3395.801439170089,,false,false,3076.935556583268,0.0,0.0,0.0,-122.29409686663716,47.616656089550155
e47ca7f4-d8c7-4996-bb8e-bc7884b55e17,033-9828202050,53033,3400.2798377308072,,false,false,3099.384616554021,0.0,0.0,0.0,-122.29377261840237,47.616654434524094
f4a64444-880b-4dda-a0a9-462e9a91a8f4,033-9828202075,53033,4396.358964296849,,false,false,3130.9977168933992,0.0,0.0,20.0,-122.29331261617293,47.616645238353854
daefed16-d687-4d81-bbef-e4f23acc4ee0,033-9828202080,53033,4400.478554052396,,false,false,3146.4740690497015,0.0,0.0,20.0,-122.2930897238052,47.61664411174571
823844a3-cf0e-4d43-8770-c80755a96d37,033-9828202085,53033,4398.506698461986,,false,false,3145.675137754015,0.0,0.0,20.0,-122.29319928258735,47.61680916951443
9fc66058-bdc1-4f22-838b-a6a7a7f0f01e,033-9828202090,53033,6597.556106677587,,false,false,3151.525541549978,25.0,20.0,20.0,-122.29319775335703,47.61694624792665
20019e87-3244-4bd8-bdb0-919b03d15d21,033-9828202095,53033,6597.678180300019,,false,false,3158.6288663367277,25.0,20.0,20.0,-122.29319591667723,47.617110740500365
afaa5648-852f-4ab8-9d9a-06fc5884880e,033-9828202100,53033,6597.681271438566,,false,false,3165.8219619586666,25.0,20.0,20.0,-122.2931940798235,47.61727523341081
587e125c-dc65-4bfb-a0ea-174663aea0ae,033-9828202115,53033,6597.611127209952,,false,false,3173.1041858570297,25.0,20.0,20.0,-122.29319224263773,47.61743972566196
29169500-0ee7-43f2-99b7-85fc73a9847a,033-9828202120,53033,6597.739990133488,,false,false,3203.7508886824253,25.0,20.0,20.0,-122.29274644723895,47.61743749373083
52ac4cf2-511e-490a-a186-9fa1bff1eb0c,033-9828202130,53033,5191.858945209617,,false,false,3201.6380228658304,25.0,20.0,20.0,-122.29265723853122,47.61724488157688
a4a3b2a6-2ff2-4868-9fc8-43fe34ffc8cb,033-9828202135,53033,5244.6328133614425,,false,false,3189.789927892759,25.0,20.0,20.0,-122.29266163485728,47.61697119931371
2d0e6583-a4a8-44a5-ab2c-355d87662c09,033-9828202136,53033,4641.799649640465,,false,false,3177.6960783964482,0.0,0.0,20.0,-122.29285353184343,47.61700061710296
db58fb53-ebe3-4e3e-b12a-4df0da7758bd,033-9828202137,53033,4695.295510522883,,false,false,3187.1096093331503,0.0,0.0,20.0,-122.29285039012876,47.61721771215505
35556a63-7b10-4afc-aa95-80e51d01dfc3,033-9828202140,53033,4948.586594838885,,false,false,3176.297281862613,0.0,0.0,20.0,-122.29275357236338,47.616800062918905
4e35c7ab-b637-4ca0-ba13-f0fc827caf25,033-9828202145,53033,5625.716765202196,,false,false,3174.3595467918485,25.0,20.0,20.0,-122.29268456082765,47.61663520466401
f5d30ff8-37a3-4be6-abbd-4cf8f0da7a5e,033-9828202150,53033,2621.472705757875,,false,false,3158.859234559673,,0.0,0.0,-122.29290745323087,47.61663633410116
cdb8eef1-0d07-4972-826d-fc45758159e1,033-9828202165,53033,3300.407765062967,,false,false,3083.259672619336,0.0,0.0,0.0,-122.29332585967101,47.61544993303719
5017419b-bffb-4e11-85c4-aa47673d205c,033-9828202170,53033,3297.5944564907895,,false,false,3098.973567428573,0.0,0.0,0.0,-122.29310296967321,47.61544877705171
53b4c7bf-2d46-4eb8-b51b-635430d08a99,033-9828202175,53033,6597.746521420191,,false,false,3097.371146733533,25.0,20.0,20.0,-122.29321262609928,47.6156138529913
1eeb1d3a-4fc3-4910-a5f5-9a05723435f1,033-9828202180,53033,4398.579365101893,,false,false,3102.659876180528,0.0,0.0,20.0,-122.29321109557041,47.61575093389257
9ba3134f-ed1a-454b-abb6-6bf0d6267a68,033-9828202185,53033,4398.6676738270335,,false,false,3106.9384328685687,0.0,0.0,20.0,-122.29320986949939,47.61586060105514
4b94b7bc-a361-42ba-97c2-8f162d70fc2d,033-9828202195,53033,8796.720392183355,,false,false,3113.4340969502414,25.0,20.0,20.0,-122.29320803732577,47.61602509617778
ea79f144-8ded-4537-9321-1fcf526d06a5,033-9828202205,53033,4398.0321054493825,,false,false,3120.0239399365773,0.0,0.0,20.0,-122.2932061944046,47.616189584031765
868956a6-6094-4d43-9663-91bcb89f2d89,033-9828202210,53033,4398.773224263789,,false,false,3124.4683284520725,0.0,0.0,20.0,-122.29320497666474,47.61629924651258
0503f922-6b01-45ef-ab01-e1016e4a48c9,033-9828202215,53033,4398.922271158566,,false,false,3155.5860948890295,0.0,0.0,20.0,-122.2927591907584,47.61629698436364
4ef19a29-101a-442d-a932-18975799b72a,033-9828202220,53033,4398.370400368357,,false,false,3151.184602070641,0.0,0.0,20.0,-122.29276042129717,47.61618731766159
89a139dc-63b2-442e-be19-4f1b4f4fb2e3,033-9828202235,53033,4399.04762854238,,false,false,3146.8249290679755,0.0,0.0,20.0,-122.29276164071013,47.6160776493384
9e20130c-5ad9-48e4-ae01-dcfb77a84c82,033-9828202240,53033,4398.544565941569,,false,false,3138.228070039166,0.0,0.0,20.0,-122.29276409999065,47.61585831087063
aaf75346-a5a7-4f35-aeb6-59819a486a0b,033-9828202245,53033,4398.668321286188,,false,false,3142.506344912517,0.0,0.0,20.0,-122.29276286057345,47.615967976979185
a72e52da-de17-45e1-b869-11d7ef5e241e,033-9828202255,53033,4399.070404922191,,false,false,3133.9928721302995,0.0,0.0,20.0,-122.29276531584587,47.615748639580296
dd69f4c6-5738-4147-b308-e7793d115baf,033-9828202260,53033,4399.020293361179,,false,false,3129.798507761705,0.0,0.0,20.0,-122.29276654231795,47.61563896281057
615004df-acd3-4939-adf2-e95067db4d8f,033-9828202265,53033,2998.208852850894,,false,false,3130.650498634553,0.0,0.0,0.0,-122.29269682055158,47.6155289285949
0e6bb817-2ab1-4f4e-a1bb-bfe44d703f4c,033-9828202270,53033,2800.2458088885974,,false,false,3112.866157490168,0.0,0.0,0.0,-122.29292032070471,47.61547524574828
27b358b2-7d3b-4547-8636-761ecd0a2b86,033-9828202285,53033,2998.8099212276384,,false,false,3126.547371123848,0.0,0.0,0.0,-122.29269804419101,47.615419261836905
bae8b1df-d32c-40b6-946b-6c14b0643078,033-9828202290,53033,2997.4285589774345,,false,false,3058.1776111571467,0.0,0.0,0.0,-122.29310556789284,47.61428090748336
43664218-f799-4e16-ba3b-8bb6d90df95e,033-9828202292,53033,3600.23853941588,,false,false,3042.248155368317,0.0,0.0,0.0,-122.29332845884225,47.61428206329963
c45171f8-fcab-45ac-ba43-3650aaafb8c8,033-9828202295,53033,8246.465759856776,,false,false,3055.7492145833057,25.0,20.0,20.0,-122.2932251891006,47.61446657983588
0cd490b5-00c9-44de-9ee9-85424d0860ee,033-9828202300,53033,4947.965436227699,,false,false,3061.42377157252,0.0,0.0,20.0,-122.2932234001181,47.61463105793731
c037d2e5-16cd-47da-a8c5-19a5d7c3c660,033-9828202305,53033,6597.0958722055275,,false,false,3066.4695606883693,25.0,20.0,20.0,-122.29322183930643,47.6147749764037
8797400f-0916-4342-8014-c6f21f8273b6,033-9828202310,53033,4618.009969577809,,false,false,3071.4433218907398,0.0,0.0,20.0,-122.29322032003225,47.61491478327159
f6ae2d70-f720-402a-90d8-18e5af9f4b32,033-9828202312,53033,3896.142598911889,,false,false,3085.9997896366076,0.0,0.0,0.0,-122.29309690377684,47.61507863150389
be49eaed-6903-4a96-a35d-02789df02bbd,033-9828202314,53033,4680.0418393635055,,false,false,3070.215253187956,0.0,0.0,20.0,-122.29331979262719,47.6150797871617
4f430cbf-4a83-4fac-b59f-9869f25275f0,033-9828202320,53033,3300.0479447352636,,false,false,3117.7598696772443,0.0,0.0,0.0,-122.2926610942691,47.615101041711384
a65a339f-d74c-48d6-be8a-2132ff13b5f5,033-9828202322,53033,3297.0681330453003,,false,false,3101.9611076014185,0.0,0.0,0.0,-122.29288398273994,47.615102197365474
3cb950d1-e73c-447c-8deb-f49c7f61efe0,033-9828202325,53033,6597.225662116819,,false,false,3103.967469356622,25.0,20.0,20.0,-122.29277427348715,47.61493714110347
717b7ae0-1ae0-46e9-b590-e3b7934e4127,033-9828202330,53033,6597.203723400543,,false,false,3098.1689205681128,25.0,20.0,20.0,-122.29277605771354,47.61477266345754
8cdf7ee8-4883-443f-ac8d-6f54b0e98f93,033-9828202335,53033,4398.171867191507,,false,false,3093.41089474684,0.0,0.0,20.0,-122.29277754738959,47.6146355987117
da9a5e8d-a517-4b3c-bd41-63ed98bebdb0,033-9828202340,53033,4398.309364527341,,false,false,3089.653332150751,0.0,0.0,20.0,-122.29277873829724,47.61452594512686
5b24eff3-407a-4c9a-9a7e-6b43ee2dae17,033-9828202350,53033,4398.069323944182,,false,false,3085.939735383818,0.0,0.0,20.0,-122.29277992478674,47.614416292958126
6017d53c-89a5-4aff-8275-02f1638f1a82,033-9828202355,53033,6597.587767853442,,false,false,3081.3587819358627,25.0,20.0,20.0,-122.29278141418385,47.61427922580815
b087c53d-c4da-42b4-99f9-a68dbf480cbb,033-9828202360,53033,3961.1624582681034,,false,false,3129.949462553012,0.0,0.0,0.0,-122.29209051166681,47.614248156965616
ac212514-6c08-4d26-ac1f-209a4d53bfce,033-9828202365,53033,3961.0584246639564,,false,false,3133.540171793952,,0.0,0.0,-122.29208931880561,47.61435781508912
c62b1720-01cc-49f7-8046-79cf711e97ed,033-9828202370,53033,5941.384223461907,,false,false,3138.0890091156866,25.0,20.0,20.0,-122.29208783111001,47.61449488285361
2209eb00-8884-4138-8849-b4af75c423dc,033-9828202385,53033,4951.097206619927,,false,false,3143.17059157395,0.0,0.0,20.0,-122.29208619177935,47.61464565423146
fe164a05-b50f-40bb-9cf2-79dfae661b4b,033-9828202395,53033,4951.1328216951615,,false,false,3147.8604469193797,0.0,0.0,20.0,-122.2920847035889,47.61478271967268
d6d0598d-1f83-41d3-9ff5-30fbcbfc5515,033-9828202400,53033,3960.8318178997883,,false,false,3152.138366728397,0.0,0.0,0.0,-122.29208336373388,47.61490607772981
9b025a89-8283-4015-87b1-e86ae7282e71,033-9828202405,53033,3961.0343827469,,false,false,3155.9859972564077,0.0,0.0,0.0,-122.2920821748759,47.615015729426226
9aaa5334-1444-4117-95a6-6502a66e0150,033-9828202410,53033,3960.9949796741594,,false,false,3159.8762647737076,0.0,0.0,0.0,-122.2920809834324,47.61512538366604
9f0cada1-e13a-4046-a6c9-3f18dcd11f79,033-9828202420,53033,3952.040366719653,,false,false,3188.3723851840605,0.0,0.0,0.0,-122.29167967938139,47.615123104988065
a640d4a8-8b8a-4d26-8936-0bdaee89f7f5,033-9828202425,53033,3960.9655194653333,,false,false,3184.5328000017935,0.0,0.0,0.0,-122.29168070793592,47.61501356967758
a980be3d-221d-483e-b842-d846828abbf2,033-9828202435,53033,3960.8175372797728,,false,false,3180.719434592567,,0.0,0.0,-122.29168190169065,47.614903916359225
2a0f6c7e-bc66-40ac-9bf7-7282fad0f356,033-9828202440,53033,3960.93141783617,,false,false,3176.948463019985,0.0,0.0,0.0,-122.29168309355578,47.61479426418258
87e94f4c-9eb1-45f9-8038-a1591b1c6258,033-9828202450,53033,3960.9993900815707,,false,false,3173.2198340867553,0.0,0.0,0.0,-122.29168428462935,47.61468460944612
a51ad903-2036-4652-bb25-ffc9fb2e68a1,033-9828202460,53033,3960.849506636937,,false,false,3169.533613835246,0.0,0.0,0.0,-122.29168547760565,47.614574955408926
ab17ecc3-7d82-4bbb-ad51-62e3c5e5bd23,033-9828202465,53033,3960.8496924915507,,false,false,3165.890221033125,0.0,0.0,0.0,-122.29168666923218,47.614465303255336
5d41860a-e194-4aef-8b69-2795bfafa953,033-9828202470,53033,3963.4367010272917,,false,false,3162.288427335447,0.0,0.0,0.0,-122.2916878621393,47.61435561579026
45a75bf3-f1bc-475d-bc36-74f4d752029f,033-9828202480,53033,2079.0876599230373,,false,false,3165.568678272025,0.0,0.0,0.0,-122.29159372748775,47.614245446541524
937dec4d-a9c6-4397-86bd-9b264dce304d,033-9828202481,53033,1879.5626067246226,,false,false,3151.16855922261,,0.0,0.0,-122.29179449702407,47.614246525794044
da8e25a8-47a3-4070-b195-6752f308a1b8,033-9828202485,53033,5946.057432293911,,false,false,3171.4087504581507,25.0,20.0,20.0,-122.2920773598865,47.61544339871817
dbfac5e3-3b2e-471d-8d56-714d26e13b86,033-9828202490,53033,3963.410363042269,,false,false,3176.4866464752754,,0.0,0.0,-122.2920758238542,47.61558048302391
0852ade1-e8c5-4206-8621-c62f78ceaadb,033-9828202495,53033,3964.0434803763087,,false,false,3180.5952375421202,0.0,0.0,0.0,-122.29207460087605,47.61569014840297
9cb8e1ec-6b8b-4f80-a311-5fc6cac276d7,033-9828202505,53033,3964.017384221323,,false,false,3184.7455916406616,0.0,0.0,0.0,-122.29207337752058,47.61579982299577
f574c153-35fb-4816-aedd-84b436e0fc1d,033-9828202510,53033,5945.621580269758,,false,false,3189.9917537391916,25.0,20.0,20.0,-122.2920718423224,47.615936911556695
ed879e8b-0ca8-4349-9407-fde30dbbcc32,033-9828202515,53033,3071.5914127038277,,false,false,3194.8209736182075,0.0,0.0,0.0,-122.29207044882251,47.616061655228194
057633d0-7dd8-4f97-8492-2e81d6f8aaf1,033-9828202520,53033,3371.2246019772574,,false,false,3198.3039407360507,0.0,0.0,0.0,-122.29206945200978,47.6161507852543
11902824-0d81-4f1d-9641-cb240a0ecfda,033-9828202530,53033,3024.1446617358915,,false,false,3212.7503962712062,0.0,0.0,0.0,-122.29193276191701,47.616276126926216
13245077-fc8e-4197-9d86-fb93aaf558fd,033-9828202535,53033,3024.6000461674194,,false,false,3196.859018351221,0.0,0.0,0.0,-122.29215745458332,47.61627328621753
748c7e9d-b55b-490d-be18-220840562b29,033-9828202545,53033,3362.820400587917,,false,false,3234.1995347168145,0.0,0.0,0.0,-122.2916357330249,47.61629096250872
856b958e-03d2-496f-a41d-514acd8f801a,033-9828202550,53033,3964.1211106087217,,false,false,3227.7701210808823,,0.0,0.0,-122.29166738732513,47.61618146194862
50b377fe-32f6-434e-92a4-630f637f379f,033-9828202560,53033,3963.321115000278,,false,false,3223.5142010329273,0.0,0.0,0.0,-122.29166860875719,47.616071794040685
6e1b733d-cd4e-4cfd-b999-cbd0643532fa,033-9828202565,53033,5945.37375160542,,false,false,3218.2511832420214,25.0,20.0,20.0,-122.29167014317983,47.61593471860798
e17e7712-beb3-48ea-9205-e687c0a69065,033-9828202570,53033,4706.720846136653,,false,false,3211.8989958840893,0.0,0.0,20.0,-122.29168236366952,47.615786875489206
7b335629-ab25-40bd-9432-e0367a97181b,033-9828202578,53033,2427.160133921821,,false,false,3194.8434104265407,0.0,0.0,0.0,-122.29172610067673,47.615401691067305
d91b7728-13c0-46d7-8775-b41653e5a7fe,033-9828202579,53033,4761.740744900926,,false,false,3207.7613051014337,0.0,0.0,20.0,-122.29167324654041,47.61565637403442
d0069914-188b-4183-b7b7-e29a7b9cbf17,033-9828202580,53033,3569.251285910959,,false,false,3199.1724204974093,,0.0,0.0,-122.29172162750085,47.61551381857947
9c1bec34-635e-4ee0-901b-634e86a21aa7,033-9828202581,53033,2371.4973023065363,,false,false,3211.795076528346,0.0,0.0,0.0,-122.29153252469297,47.61549165355502
ef152427-63c2-4ce1-b1c6-80199926572f,033-9828202590,53033,2938.8079487459295,,false,false,3231.6502366485806,0.0,0.0,0.0,-122.29186605420271,47.61663774930916
4076aab4-3542-4d44-a54c-cd1fe0c4582c,033-9828202595,53033,3200.8684075373835,,false,false,3209.502439922957,0.0,0.0,0.0,-122.2921837589818,47.61663943765712
726a25fc-485f-4035-b939-df301c0e36db,033-9828202600,53033,3200.980345038381,,false,false,3220.804097225722,0.0,0.0,0.0,-122.2920215821143,47.616638550330336
e6e71a18-56e0-4ba9-91d5-6a2feefbeafe,033-9828202610,53033,3937.4934599932294,,false,false,3224.5208525923763,0.0,0.0,0.0,-122.29206353125798,47.61680332624294
309f5430-ca6b-4f3d-afc8-088759818c1e,033-9828202615,53033,3936.9806571484437,,false,false,3229.0853609604355,0.0,0.0,0.0,-122.29206226490824,47.61691300307776
996dcce1-2880-4ec3-ac29-8e5cc0871d5b,033-9828202630,53033,3939.5241139507452,,false,false,3233.6909847227726,0.0,0.0,0.0,-122.29206097755622,47.61702268234127
d337b7d2-7adf-49d9-8eb0-1249e4c1cf13,033-9828202640,53033,3940.36663984802,,false,false,3238.335743928512,0.0,0.0,0.0,-122.29205970606638,47.617132382100195
744f1105-2714-4a5c-937f-4bb8fbc15001,033-9828202645,53033,3941.3884878892536,,false,false,3243.020067700812,0.0,0.0,0.0,-122.2920584300585,47.617242082332865
0d6245a4-1de4-4caa-bfd2-8feccbd5dcb8,033-9828202650,53033,3200.587307374483,,false,false,3241.931124736372,0.0,0.0,0.0,-122.2921751722169,47.6174072077568
abbe1e60-82ab-4d4e-90ec-f2439a9eae7d,033-9828202655,53033,3200.823404401747,,false,false,3253.122851728778,0.0,0.0,0.0,-122.29201299301094,47.61740638890191
72998f45-117b-48f3-9150-7dc65870e61a,033-9828202660,53033,2964.8685839628697,,false,false,3263.910355807314,,0.0,0.0,-122.29185679391688,47.617405645553916
75b9f286-a0ba-4d3f-bb54-de0a2d16fec0,033-9828202690,53033,3281.440777193435,,false,false,3285.7719268516544,0.0,0.0,0.0,-122.29154044110932,47.6174040002578
33988e61-0cae-4e0a-84b8-1fdcbb1194de,033-9828202700,53033,3121.1920048385696,,false,false,3274.5601619392,0.0,0.0,0.0,-122.29170262267446,47.617404820567764
a2bc6f94-b224-4d0b-846d-723d480ba846,033-9828202710,53033,3942.599014253785,,false,false,3270.6600660011295,0.0,0.0,0.0,-122.2916591053556,47.61724003158668
b643ad60-d12f-4f45-afc2-80a520cba87e,033-9828202715,53033,3941.4990661285815,,false,false,3266.0075173557398,0.0,0.0,0.0,-122.29166047609671,47.61713029968193
712546f1-1d56-4ae8-abb0-3be4925e1c86,033-9828202720,53033,3940.732428302938,,false,false,3261.393827438403,0.0,0.0,0.0,-122.29166184849964,47.61702056678734
0a075314-e0e7-4206-bd8e-c11efcff281b,033-9828202725,53033,3936.886449337576,,false,false,3256.82033046869,0.0,0.0,0.0,-122.29166322875466,47.61691087226991
286b00ec-2de9-4687-8bcd-9078fa67199a,033-9828202735,53033,3938.7311752163314,,false,false,3252.2877225125007,0.0,0.0,0.0,-122.29166458751635,47.61680117948834
d948db05-bdac-4cb3-9b89-9510c6e75768,033-9828202740,53033,3201.431573461595,,false,false,3242.4982949596833,0.0,0.0,0.0,-122.29171052440728,47.61663685133322
2a9b311e-0180-4a9a-8e03-d1dd0a43fe2c,033-9828202750,53033,3201.6329567694474,,false,false,3253.818031691935,0.0,0.0,0.0,-122.29154834566377,47.6166359640034
6f9f8fbf-04b8-4e89-abc0-ed90842eaee7,033-982820TR-A,53033,546.0992061416848,,false,false,2653.6595192101477,0.0,0.0,0.0,-122.30065739284345,47.61716441585942
ced1b167-16bc-4fe0-8422-829c1c5c944a,033-9828700005,53033,3880.164023495238,,false,false,3265.146144728549,0.0,0.0,0.0,-122.29205441364546,47.617751403795616
0eb77a45-9cf2-4938-a223-3d3e7ab1d9c2,033-9828700010,53033,3880.147412998421,,false,false,3270.1241662864363,0.0,0.0,0.0,-122.29205204961565,47.61786111426714
0c8e2933-e1b4-471b-b3a9-abf0a78c7726,033-9828700015,53033,3880.519028447258,,false,false,3275.1395227391104,0.0,0.0,0.0,-122.29204968902494,47.617970817727155
3c1aa485-c8a5-4a8b-9151-836f95fbd3b8,033-9828700020,53033,3880.9876455143417,,false,false,3280.1927572270897,0.0,0.0,0.0,-122.29204732598028,47.61808052129849
e6c710ec-77d9-40b7-8d49-29034612ade8,033-9828700025,53033,3881.335113451232,,false,false,3285.2834349318464,0.0,0.0,0.0,-122.29204496334303,47.6181902235584
140fccca-5516-4944-9372-db64ca50a20a,033-9828700030,53033,3881.843624858917,,false,false,3290.4114562567966,0.0,0.0,0.0,-122.29204260113238,47.61829992620425
f35d6f6b-9938-4485-afbc-c666e89fa83e,033-9828700035,53033,3882.193126320726,,false,false,3295.5766658861353,,0.0,0.0,-122.29204023946166,47.61840962981001
a5ac1c04-a954-45d7-970e-fc04eb03fdc0,033-9828700040,53033,4852.9473660721815,,false,false,3301.431416672615,,0.0,20.0,-122.2920375837339,47.618533040771574
1d2ca81e-b4f3-4f07-a8b5-699bfb9298cc,033-9828700045,53033,6796.29458677308,,false,false,3309.310903591028,25.0,20.0,20.0,-122.29203403807821,47.61869759753835
3cc4573b-fcce-4b31-862e-235d88d5f307,033-9828700055,53033,6603.759626116033,,false,false,3326.9464552569143,25.0,20.0,20.0,-122.29172731350383,47.61862745244509
80ac4996-90b6-46ac-921e-b1dc0b4bb043,033-9828700060,53033,5046.128111995223,,false,false,3340.319540788157,25.0,20.0,20.0,-122.29153061160703,47.618626463671475
44d2038e-b212-40e1-bf0b-8309847ec71b,033-9828700085,53033,3882.373722041091,,false,false,3322.3719307287356,0.0,0.0,0.0,-122.29164692667152,47.61840760084799
66025700-69d8-440f-b4c9-368407152fdd,033-9828700090,53033,3881.999717602463,,false,false,3317.2444407879766,0.0,0.0,0.0,-122.29164933389575,47.61829789293924
9a126acd-b579-4395-9a1b-f78fac24f347,033-9828700105,53033,3881.5154387911352,,false,false,3312.1540989494206,0.0,0.0,0.0,-122.29165173876568,47.618188184697345
91f00a40-2926-4766-b7a9-05e2d5430ec9,033-9828700110,53033,3881.060414095146,,false,false,3307.100712608628,0.0,0.0,0.0,-122.2916541474446,47.61807847745249
facc5d26-b2be-4c78-b886-ba2a54363b8b,033-9828700115,53033,3880.672153361371,,false,false,3302.0849221813664,,0.0,0.0,-122.291656552516,47.61796877033049
924ab472-abb4-46f8-8458-3bad6a678f48,033-9828700120,53033,7760.561089803822,,false,false,3294.6312605424214,,20.0,20.0,-122.29166016227293,47.617804204631184
e4584eb9-fd45-479e-b202-9e186ff84887,033-9828700130,53033,3916.888105476119,,false,false,3325.5582358464867,0.0,0.0,0.0,-122.29202522241948,47.619029343365014
794d839e-e3f6-4aaf-837b-10128b5823a8,033-9828700135,53033,3916.9061951240533,,false,false,3330.9616653014914,0.0,0.0,0.0,-122.292022908457,47.61913902291569
1e9b635b-217a-4a62-b4ec-73f4b356ae95,033-9828700140,53033,3916.8807215853594,,false,false,3336.400746352128,0.0,0.0,0.0,-122.29202059712259,47.619248702284246
dfedb588-2211-44d3-9dc5-4376af7a9511,033-9828700143,53033,5874.864623813006,,false,false,3343.2485614544034,25.0,20.0,20.0,-122.29201771942775,47.61938579340641
88f4a0d3-3e46-4455-b6ca-8e447037a135,033-9828700145,53033,5875.809953721274,,false,false,3351.542499568385,25.0,20.0,20.0,-122.29201422085792,47.61955031176164
00433922-5bf8-449c-b4a6-ba309bdcd454,033-9828700160,53033,4896.790835709178,,false,false,3359.2145795221004,0.0,0.0,20.0,-122.29201102948592,47.61970113652866
2f863534-f3f9-4fca-a5cb-e1f9f42b0721,033-9828700166,53033,6854.015308700488,,false,false,3367.6551950297517,25.0,20.0,20.0,-122.2920075989691,47.619865655601686
4c4e0f9f-e440-4a4c-b8f0-868037f6b27e,033-9828700167,53033,3916.913781139157,,false,false,3375.464015149027,0.0,0.0,0.0,-122.29200440115031,47.62001645424976
67a9e149-977b-4319-a80f-a9384c2a888b,033-9828700180,53033,3921.7823318544474,,false,false,3401.950369440897,,0.0,0.0,-122.29160744317151,47.62001573819578
1a99b548-6491-4e91-a157-c7d2de3b26ed,033-9828700185,53033,3921.984547064782,,false,false,3396.3012836453768,0.0,0.0,0.0,-122.29160975900385,47.619905920550686
35921d96-9ccd-4c06-aa74-3e6d57ea5deb,033-9828700190,53033,3921.85624614633,,false,false,3390.686421641847,0.0,0.0,0.0,-122.29161207925108,47.619796101820455
a67f3b1f-af2c-4456-b14b-03818a7ba0b0,033-9828700195,53033,3921.854696498581,,false,false,3385.1064353802653,0.0,0.0,0.0,-122.29161439864929,47.61968628457528
8b693dc3-e969-40c7-8c96-d6c0e3e16c34,033-9828700200,53033,3921.811894256041,,false,false,3379.5614649098457,0.0,0.0,0.0,-122.29161671737262,47.619576468423055
30cf674a-134f-4f89-a25e-2a37fc7cd2f3,033-9828700205,53033,3921.9205267527495,,false,false,3374.051570236225,0.0,0.0,0.0,-122.29161903515488,47.619466650703764
9f975b8a-b487-4bce-ad3f-0d979fbc0d5a,033-9828700210,53033,3921.8387946483876,,false,false,3368.577000059133,0.0,0.0,0.0,-122.29162135182659,47.61935683272794
f403e1e0-a69b-4631-958d-be1412b862c7,033-9828700215,53033,3921.7577564268126,,false,false,3363.137847056773,0.0,0.0,0.0,-122.29162366975346,47.619247016161445
52897b39-0724-4d09-8eaf-8c3bc238cee5,033-9828700220,53033,4157.3500388720695,,false,false,3358.3621483174893,0.0,0.0,20.0,-122.2916137606982,47.6191329902805
302f88b9-005f-429f-a110-2598857e2fe0,033-9828700221,53033,3686.3322710656644,,false,false,3351.313812592867,0.0,0.0,0.0,-122.29164224160083,47.61902511289434
58ba0961-56bd-4053-a2bb-8a0c0378a62a,033-9828700230,53033,3913.7231950767673,,false,false,3390.6777430116663,0.0,0.0,0.0,-122.29199849312229,47.6203070400061
24cd7275-f84a-4b9c-a490-fd0d993260ff,033-9828700235,53033,4401.685460478615,,false,false,3396.843007802895,0.0,0.0,20.0,-122.2919961341186,47.62042352661069
966c71b0-856d-4e38-bffd-617e53fd7974,033-9828700240,53033,3639.2027739342175,,false,false,3407.5217066691334,,0.0,0.0,-122.29199183201446,47.62062329411304
43b092af-aeb7-4bf3-8812-3b516b2146bf,033-9828700241,53033,3106.547892263747,,false,false,3402.421083569981,0.0,0.0,0.0,-122.2919943555516,47.62052874003652
8526436c-a9d7-4b81-b5cc-16e82e56872c,033-9828700245,53033,7133.69032268754,,false,false,3415.640601724498,25.0,20.0,20.0,-122.29198903387105,47.62077435676647
d437df08-89a0-4af9-aa5a-6074dea26305,033-9828700250,53033,7128.774891226683,,false,false,3426.511836475176,25.0,20.0,20.0,-122.29198501989039,47.620974445654106
fd131f10-db32-4de2-86b8-075128d2ffd9,033-9828700255,53033,5856.088676358172,,false,false,3436.511092060234,,20.0,20.0,-122.29198134751529,47.621156709202936
63f0fd0f-6e79-460d-8a8a-9870afbfef8c,033-9828700280,53033,7798.019137800867,,false,false,3460.908393317817,25.0,20.0,20.0,-122.29158603963798,47.62112740474248
80ef793e-d8e7-44b5-9ee1-7f1d97867f6a,033-9828700290,53033,3900.8645042686976,,false,false,3451.985991349201,,0.0,0.0,-122.291589171884,47.62096319352802
f75d27de-3047-4fdc-b021-82ca46c97f47,033-9828700300,53033,7805.395526515201,,false,false,3443.1366124102938,25.0,20.0,20.0,-122.2915923010327,47.62079896497379
f7874bd8-a568-4f38-8e45-75fef61c2deb,033-9828700305,53033,7810.299811046662,,false,false,3431.4535963646113,25.0,20.0,20.0,-122.29159647618108,47.620580006194295
7eaa8a5a-1a0f-4252-b1c8-bde1bf7b3b1c,033-9828700315,53033,7815.140129882075,,false,false,3419.9041012621165,25.0,20.0,20.0,-122.29160065039787,47.62036104758212
5be5f9f5-23ac-44b8-8acb-a9f8bbf631a8,033-9828700325,53033,4405.193681517276,,false,false,3315.735848818401,0.0,0.0,20.0,-122.29313349195856,47.620311827973715
11c0af2a-86be-4c7d-94aa-7f52ffb8df9b,033-9828700330,53033,4404.3720421102835,,false,false,3321.676659990601,0.0,0.0,20.0,-122.29313121677566,47.620421592836365
4cee4d49-3ada-4183-8005-5d06ccde4717,033-9828700335,53033,4404.263922879327,,false,false,3327.651086221823,0.0,0.0,20.0,-122.2931289409678,47.62053134651297
842abf9c-7500-4b57-8aae-97b59802241f,033-9828700340,53033,4404.3321462208705,,false,false,3333.6595888132347,0.0,0.0,20.0,-122.29312666318829,47.62064109959853
6beee075-726d-4976-bb74-14f4f901d142,033-9828700345,53033,4404.411107077127,,false,false,3339.7016851386197,0.0,0.0,20.0,-122.29312438947885,47.62075085391645
f050e441-8293-4691-b068-0329f30aa7ea,033-9828700350,53033,4404.406075478337,,false,false,3345.777638303443,,0.0,20.0,-122.2931221125467,47.62086060884378
4848b104-1cac-4638-9d55-b5d379c3c12e,033-9828700355,53033,4404.275330187536,,false,false,3351.886802006735,0.0,0.0,20.0,-122.29311983788256,47.62097036246769
680797ca-12e2-4b1b-b8bf-a063f0df2c0c,033-9828700360,53033,8808.638985265625,,false,false,3361.113252410997,25.0,20.0,20.0,-122.29311641970502,47.62113499328256
e1af127c-3e4a-446b-abea-f5a8dd7372ad,033-9828700370,53033,4404.489530768811,,false,false,3393.1626102568,,0.0,20.0,-122.29266925903332,47.621187587865165
edb008ba-6803-462a-bde2-ee6808449ad4,033-9828700375,53033,4404.624409106883,,false,false,3387.0389291308993,0.0,0.0,20.0,-122.29267153370319,47.621077828796295
c05b6385-a1e7-4ab5-894e-eae312be858e,033-9828700380,53033,4404.423900722394,,false,false,3380.9480558826353,0.0,0.0,20.0,-122.29267381109726,47.62096806996684
63b0dc9b-4d0c-40ab-b409-b7d709f8d861,033-9828700385,53033,4404.478684085413,,false,false,3374.8902222892134,0.0,0.0,20.0,-122.2926760908742,47.62085831197295
215099d7-9a3c-4e73-aae1-cc18806ad8eb,033-9828700390,53033,4404.4243271193445,,false,false,3368.865986462369,0.0,0.0,20.0,-122.29267836623346,47.62074855357266
59e5fa27-4957-4e63-b81e-2caa01209f84,033-9828700395,53033,4404.504968927766,,false,false,3362.875068083043,0.0,0.0,20.0,-122.29268064443606,47.62063879508491
d52efa4d-f975-4090-bf2c-5cb03eb606fd,033-9828700400,53033,4404.42696160084,,false,false,3356.9179487633896,0.0,0.0,20.0,-122.2926829216603,47.62052903747545
7a3d89d1-de64-4079-8a07-a307b620b381,033-9828700405,53033,4404.47881708024,,false,false,3350.9947073632316,0.0,0.0,20.0,-122.2926851991854,47.620419280443514
e724c874-856d-455f-9124-e13dbd7e50de,033-9828700410,53033,4405.340225995596,,false,false,3345.1050910850327,0.0,0.0,20.0,-122.29268747382561,47.62030951165443
8ed6bf88-60bf-4f39-a328-3da5c4bc4449,033-9828700415,53033,9230.828764687225,,false,false,3252.2309228339477,25.0,20.0,20.0,-122.29315881803281,47.61909535926084
fde7f821-2451-4c79-8a91-a96ffcf42fde,033-9828700430,53033,6155.0758435497855,,false,false,3261.951793018228,25.0,20.0,20.0,-122.29315482647444,47.61928713135797
83b2cf59-1f87-4fa9-9db8-30f178641280,033-9828700435,53033,6592.230763310007,,false,false,3270.0884963295407,25.0,20.0,20.0,-122.29315152001428,47.61944600535016
9bc215ea-344d-436f-a938-f701945cb4ea,033-9828700445,53033,4396.015802887952,,false,false,3277.16241129469,0.0,0.0,20.0,-122.29314866740332,47.61958294852873
19a58664-494c-4a6c-9617-bb00851d0d7f,033-9828700450,53033,4396.251667436163,,false,false,3282.862157336006,0.0,0.0,20.0,-122.29314638678902,47.619692519275844
fd2a9da4-1403-41fc-8782-e42591ca5658,033-9828700455,53033,6593.125777308068,,false,false,3290.035555144534,25.0,20.0,20.0,-122.2931435353019,47.6198294649906
7bf69617-0cb1-48cb-a8b0-ba31b27b66d4,033-9828700460,53033,6596.614186693087,,false,false,3298.7173830236766,,20.0,20.0,-122.29314010795584,47.61999382240875
a7a9d1a9-386f-4d7d-9794-4f4cb2230059,033-9828700470,53033,4396.508120459306,,false,false,3329.675559843439,0.0,0.0,20.0,-122.29269354751766,47.62001891592715
f020697d-af09-4678-9948-50e366311ff3,033-9828700475,53033,4396.434400464378,,false,false,3323.920519848659,0.0,0.0,20.0,-122.2926958451904,47.61990935073188
72e581c4-520a-42a4-bcb8-8cc6d987b56a,033-9828700480,53033,4396.342093523188,,false,false,3318.199829459759,0.0,0.0,20.0,-122.29269814765655,47.61979978377973
85e2cae0-a0f7-4b4f-867d-47cf70263198,033-9828700485,53033,4396.092225567238,,false,false,3312.5142053877107,0.0,0.0,20.0,-122.29270044825333,47.619690216883484
bd6776e7-3a2a-47e3-988f-46ae42ce732c,033-9828700490,53033,4395.870668191894,,false,false,3306.8637437551865,0.0,0.0,20.0,-122.29270274887075,47.61958065088039
222811eb-9f03-423d-9757-3901acb7cc51,033-9828700495,53033,4395.687395370137,,false,false,3301.248591389868,0.0,0.0,20.0,-122.29270504914588,47.61947108462382
bdb6d10c-2fb9-4219-b506-f519837035d7,033-9828700500,53033,4632.104433453942,,false,false,3299.957430279313,0.0,0.0,20.0,-122.29260303046794,47.61930619730649
e30ae871-5e84-4d21-96b4-e97b1f48a817,033-9828700502,53033,5258.421727092348,,false,false,3285.366821416279,25.0,20.0,20.0,-122.29280194221234,47.61928143373222
7d7127c8-9e82-4bd9-97b8-8d588dc5a0ed,033-9828700504,53033,3843.3471385085,,false,false,3273.699471796446,,0.0,0.0,-122.29282490615236,47.61907446320719
5fd4f1c5-54cd-4305-ba74-94d7ac3b5c2a,033-9828700505,53033,3847.726517399761,,false,false,3288.679958486606,0.0,0.0,0.0,-122.29260199033979,47.619073322107646
b918238e-eb46-480f-b806-4c6671bd52e1,033-9828700519,53033,2275.828590858823,,false,false,3179.235824203231,0.0,0.0,0.0,-122.29331715226449,47.617771360318436
a86038ac-f150-459c-a98a-3b1bd22e251c,033-9828700520,53033,2554.514803594211,,false,false,3192.5890177653646,0.0,0.0,0.0,-122.29311981054973,47.617767343361784
83f25771-391a-41a9-af36-69cc4968a759,033-9828700521,53033,3969.594397939508,,false,false,3194.6400990453117,0.0,0.0,0.0,-122.29315352848153,47.61786440815632
6c39378e-ef52-44f6-a378-483534609eca,033-9828700540,53033,18039.049937579905,,false,false,3215.7485312124472,25.0,20.0,20.0,-122.29295310503825,47.61802755803867
50944685-8910-41d3-b4f5-df0f5cc1a6b6,033-9828700550,53033,4399.804863307676,,false,false,3208.1222749747485,0.0,0.0,20.0,-122.29317787585006,47.618196085226536
6ea495fd-3480-41a4-90f3-d0fe2871b502,033-9828700555,53033,4399.747441488379,,false,false,3213.369000477576,0.0,0.0,20.0,-122.29317553978014,47.61830577468205
d959da4a-a8bd-4d91-a52b-97a986da23e9,033-9828700560,53033,4399.859483606861,,false,false,3218.6535855776506,,0.0,20.0,-122.2931732013531,47.618415464638396
196be1e6-6802-4eae-b5b6-97a6faa4976e,033-9828700565,53033,4399.737325079836,,false,false,3223.975563460212,0.0,0.0,20.0,-122.29317086439409,47.61852515463494
30c561b3-c602-4da3-8d51-394b0ad5b3a6,033-9828700570,53033,4399.770852319704,,false,false,3224.5137774165914,0.0,0.0,20.0,-122.29327881144613,47.61869026098477
3c6dc0a0-f047-4509-b29b-f92546343756,033-9828700572,53033,4399.880569245414,,false,false,3239.547019706363,0.0,0.0,20.0,-122.29305591076889,47.618689121051695
2c1c9aee-a289-4e4d-ba2f-db15aef747e1,033-9828700580,53033,4402.2027556518115,,false,false,3269.6585939579077,0.0,0.0,20.0,-122.2926101621764,47.6186868380349
44e62dd7-c435-4b9e-83b6-761e8fbd012f,033-9828700585,53033,4397.882052453386,,false,false,3254.5929967405195,0.0,0.0,20.0,-122.29283306318247,47.61868798081894
fdd25d1c-cc97-4345-8967-a744dd1f1d85,033-9828700600,53033,4399.989167001619,,false,false,3254.1475044648214,0.0,0.0,20.0,-122.29272506368545,47.6185228651993
13cba29a-5c45-47bf-9733-e2a4a1f79033,033-9828700603,53033,4399.972445834921,,false,false,3248.8736423271603,0.0,0.0,20.0,-122.29272740454674,47.618413169592
a9e2d22a-dafd-4d13-a1a3-cc46b296c638,033-9828700605,53033,4399.880667116294,,false,false,3243.637506907048,0.0,0.0,20.0,-122.29272973959483,47.61830347457789
ff189128-e4f6-423d-ab63-7c79491031bc,033-9828700615,53033,4399.967378673605,,false,false,3238.4385250469154,0.0,0.0,20.0,-122.29273207953975,47.618193779638204
b3392fee-2d72-406c-94c2-d588f59de290,033-9828700630,53033,4400.363987845837,,false,false,3218.0209780843397,0.0,0.0,20.0,-122.29274143684012,47.61775499448356
f12e0e1a-d156-4266-9624-307d98fd85c5,033-9828700635,53033,3960.087019415213,,false,false,3222.8152694964674,0.0,0.0,0.0,-122.29273921445835,47.617859212776544
8d42f9a8-d365-4a0c-84b2-642f68e13a15,033-9828700640,53033,6599.636241426788,,false,false,3100.902154373471,25.0,20.0,20.0,-122.29447169251478,47.61778458672885
6aaa5fd7-996c-4c99-92ef-0b22a26357bf,033-9828700655,53033,7800.29358318062,,false,false,3108.7755897834973,25.0,20.0,20.0,-122.29446825943528,47.617949106073056
3b245de1-7462-45cd-9c61-07c8e6dd0e62,033-9828700665,53033,4800.265091210848,,false,false,3115.7362350397134,0.0,0.0,20.0,-122.29446525860439,47.61809305615598
b5c69a4a-10db-408b-a000-aa36d134d4d1,033-9828700670,53033,4800.46087812233,,false,false,3121.0842207032897,0.0,0.0,20.0,-122.29446297029467,47.618202728501416
405d2c6f-6909-4db4-990f-bb749fdc4427,033-9828700675,53033,4800.834178335214,,false,false,3126.4707243708094,0.0,0.0,20.0,-122.29446068125932,47.61831240169217
fd86a17b-2862-4ed2-9b23-f2969e8ddb62,033-9828700680,53033,4801.1281783792265,,false,false,3131.895289205464,0.0,0.0,20.0,-122.29445839577534,47.61842207634301
6f6eded9-d1d7-442d-a171-6287d03722ed,033-9828700685,53033,8403.175218744429,,false,false,3136.06324122329,25.0,20.0,20.0,-122.29455518732956,47.61864194945078
6d09812e-c1fe-4bdc-9d95-861cd5501be5,033-9828700700,53033,6001.781076239481,,false,false,3152.3797804917795,,20.0,20.0,-122.29431188936665,47.61864069847608
86577c7b-5e9d-49ac-b562-7f9a98b9d956,033-9828700730,53033,4803.926382264129,,false,false,3168.992444167425,0.0,0.0,20.0,-122.2940645029653,47.61863943572882
f210088f-ac30-40d9-9c01-d8266bd2635b,033-9828700731,53033,4801.330069257564,,false,false,3189.448896890064,0.0,0.0,20.0,-122.29381946030959,47.618720448089555
9f29aec9-8f79-4d36-aa77-e4bc4b3fb8d2,033-9828700732,53033,4800.83935121673,,false,false,3181.2740477960037,0.0,0.0,20.0,-122.29382294986334,47.6185559232131
f44492a0-2cd9-4ef3-841a-d11a2553889b,033-9828700750,53033,4801.428038508602,,false,false,3169.05132271244,0.0,0.0,20.0,-122.29390697795287,47.61841923678802
d6a67f6d-d94b-4a65-9420-cf91d2e7ea08,033-9828700755,53033,4801.139500204546,,false,false,3163.686794631041,0.0,0.0,20.0,-122.29390929951508,47.618309556173124
37d61fe6-ee0d-478a-a6c9-8c93bcd79277,033-9828700765,53033,4800.919876906861,,false,false,3158.360268402974,0.0,0.0,20.0,-122.2939116206535,47.618199875161714
f70850b4-6abe-4d76-8c08-4e87adc42d44,033-9828700770,53033,4800.608303877151,,false,false,3153.0719108573776,0.0,0.0,20.0,-122.29391394168461,47.61809019365224
f4ccc034-2d3f-450a-a10d-22c7fa48e024,033-9828700775,53033,4800.253957059935,,false,false,3147.82200049124,0.0,0.0,20.0,-122.29391626188246,47.61798051242317
c5abb46c-ecb0-46c7-951e-903759e7ab72,033-9828700780,53033,9600.027025399748,,false,false,3140.019149698712,,20.0,20.0,-122.29391974715688,47.61781599006637
e3552209-9552-4479-aa72-d94dbb73bcf9,033-9828700785,53033,8399.228984620695,,false,false,3165.373467603842,25.0,20.0,20.0,-122.29444459565445,47.619082772367285
e706ea2e-6824-48e8-a9b8-f9790aa4eca3,033-9828700790,53033,10792.785624970302,,false,false,3176.7769904985626,25.0,20.0,20.0,-122.29444000971183,47.619301941871136
b4972ed2-35aa-4092-aaa5-0b25069f851a,033-9828700795,53033,4797.364720447442,,false,false,3191.9633358706374,0.0,0.0,20.0,-122.29443398857654,47.619589572454444
16d3da1c-e894-40f1-9ad1-3cb924382217,033-9828700796,53033,4797.524203560378,,false,false,3186.148237075923,0.0,0.0,20.0,-122.2944362827154,47.61947998974771
ebaccac5-22fe-4ef7-abf8-4c75f4d8b95d,033-9828700820,53033,4797.227532720493,,false,false,3197.814254115923,0.0,0.0,20.0,-122.29443169503259,47.61969915505235
475859dc-dca2-42ce-b680-b8631bdc436e,033-9828700825,53033,4797.181079000925,,false,false,3203.700832721408,0.0,0.0,20.0,-122.29442940194079,47.619808738072415
f846e4cf-0091-4fa6-9694-e2c2e2769eaa,033-9828700830,53033,4796.990728406829,,false,false,3209.6229758965173,0.0,0.0,20.0,-122.29442710776452,47.61991832148702
464a41f8-4ccd-431e-b8f5-6c0944bf2f29,033-9828700835,53033,4796.990740298596,,false,false,3215.58055561142,0.0,0.0,20.0,-122.29442481163822,47.62002790550264
692808b2-3dae-4baf-beb3-e97bf557ac81,033-9828700840,53033,5996.761409910376,,false,false,3251.052770474863,25.0,20.0,20.0,-122.29387369979521,47.62001133706656
7d76a11c-c1f2-40aa-bb80-d004b6fd4488,033-9828700845,53033,5993.538613898989,,false,false,3243.70163261556,25.0,20.0,20.0,-122.29387654713858,47.61987438462898
6fa2510c-bc65-4a9d-9856-64407d7af91e,033-9828700850,53033,5997.098544477237,,false,false,3236.4055440386487,25.0,20.0,20.0,-122.29387939359212,47.61973743255849
899158b6-fcc8-47c6-9e16-aaa0d120331c,033-9828700855,53033,5997.283113892048,,false,false,3229.1627248526634,25.0,20.0,20.0,-122.29388224231829,47.619600442986034
aa43af50-d482-487c-9a3a-90d009c36c99,033-9828700860,53033,5997.462541053852,,false,false,3221.9758003877623,25.0,20.0,20.0,-122.29388508978889,47.61946345466956
3ad571c6-62cd-4a5e-88d7-30e4abdc77be,033-9828700865,53033,5754.401660901642,,false,false,3214.988628497317,25.0,20.0,20.0,-122.2938878859347,47.61932924464237
e557b3ce-53cf-4387-88a2-2b6d6ca58267,033-9828700870,53033,5757.839859844156,,false,false,3208.197316914467,25.0,20.0,20.0,-122.29389061583508,47.61919777527428
f0deb331-ffb6-4d8c-9288-b88896e06200,033-9828700885,53033,6479.202616308586,,false,false,3201.035985678132,25.0,20.0,20.0,-122.29389351931597,47.61905803384099
ced6e690-104e-437e-ad94-e889ef757c31,033-9828700890,53033,4803.812882573263,,false,false,3231.5489673390834,0.0,0.0,20.0,-122.2944187055164,47.62031849364278
c575e975-7af2-451e-93e9-c2f0b411b6ad,033-9828700895,53033,4803.158984717406,,false,false,3237.6438364763103,0.0,0.0,20.0,-122.2944163893365,47.6204282400621
20ff9eb6-3840-4e41-9189-7886cb1b0128,033-9828700900,53033,5402.645867307458,,false,false,3244.156563675698,25.0,20.0,20.0,-122.29441393129841,47.620544833884765
4ba1ff06-ed91-4c4a-9111-1d0bed591de7,033-9828700920,53033,7205.232077879509,,false,false,3260.8021273524296,25.0,20.0,20.0,-122.29440771205198,47.62083974773624
f8d1b3e3-9c88-478e-a4bb-9207354f852b,033-9828700930,53033,4801.832241058434,,false,false,3268.6291081706177,0.0,0.0,20.0,-122.29440482107,47.620976947931254
075087ac-a6b6-46bb-881d-587b2108dd7d,033-9828700935,53033,4801.685131647199,,false,false,3274.927459474235,0.0,0.0,20.0,-122.29440250693636,47.62108668973135
0e14c72b-0228-499a-95ae-07ba9904ddd6,033-9828700940,53033,4801.533786844303,,false,false,3281.2594595455134,0.0,0.0,20.0,-122.294400189406,47.62119643382334
7cb3b809-4800-4834-82e2-76e62d872269,033-9828700945,53033,4799.102966234496,,false,false,3305.7602769146883,0.0,0.0,20.0,-122.29397185045075,47.62113936274023
42d6dae6-470b-4ad3-8577-baf083606aff,033-9828700947,53033,4804.596872048602,,false,false,3321.462157923936,0.0,0.0,20.0,-122.29372869823375,47.62113812347478
6f36e8bc-8d32-4cbd-98c7-329c6047edf1,033-9828700955,53033,4802.0411210095535,,false,false,3304.2549682198146,0.0,0.0,20.0,-122.29385363535582,47.62097412238678
5e3991d3-4f4d-4579-b1c8-b26eaa6c9ea1,033-9828700960,53033,4802.358961615045,,false,false,3298.0583980430765,0.0,0.0,20.0,-122.29385592195916,47.62086437614825
b0cea4f8-bea1-4493-84fd-bf9c9d2e08f3,033-9828700965,53033,4802.704078893987,,false,false,3291.8951782126924,0.0,0.0,20.0,-122.29385821108086,47.62075462867503
2b5c1614-ddd1-4389-8a24-c7fdbd6524b2,033-9828700970,53033,4802.8802659988505,,false,false,3285.7659491469103,0.0,0.0,20.0,-122.29386049657417,47.62064488087334
edb5ac18-8b63-4a26-8cc8-85696027547e,033-9828700975,53033,4803.0471684197155,,false,false,3279.670691981398,0.0,0.0,20.0,-122.29386278306868,47.62053513447378
f627bbd8-754e-46b6-b211-344db0a77525,033-9828700980,53033,4803.299842354251,,false,false,3273.609515724906,0.0,0.0,20.0,-122.29386507058042,47.620425388024586
e09866dd-99dd-48e9-924d-a0f4e5b67fc1,033-9828700985,53033,4804.158136871939,,false,false,3267.582280694065,0.0,0.0,20.0,-122.29386735793054,47.62031563390395
bc0701e8-aada-4d51-a40f-60ee113e971a,033-9828700990,53033,3201.0589254244724,,false,false,3141.517103192628,0.0,0.0,0.0,-122.29580510062091,47.62032567559731
430ebdd9-ff77-498f-b94a-b74581489546,033-9828700995,53033,3202.722265185033,,false,false,3160.3621229985174,0.0,0.0,0.0,-122.29556074101264,47.62037928369177
ab91a7c0-75ed-4b30-837f-8017c18254f6,033-9828701005,53033,3200.5766983453755,,false,false,3147.7842388312165,0.0,0.0,0.0,-122.29580276885378,47.62043541078882
8818aaf3-53f3-49ab-ab01-5aee5ae263ad,033-9828701010,53033,4801.75498189038,,false,false,3159.3080500893066,0.0,0.0,20.0,-122.29571934032651,47.62054472018558
63d04dc0-bcef-4252-aa6d-8c20fccfa9be,033-9828701015,53033,4801.752093686923,,false,false,3165.633692847651,0.0,0.0,20.0,-122.2957170102217,47.620654448457955
c0ee7425-8384-44bf-abe4-dbf7d9bb1508,033-9828701020,53033,4801.716629745437,,false,false,3171.9936742072346,0.0,0.0,20.0,-122.29571468005557,47.620764176863744
ba235d21-df06-461f-97a3-2aea5b7ae361,033-9828701025,53033,4801.437999376828,,false,false,3178.387584660529,0.0,0.0,20.0,-122.29571235068902,47.62087390280634
9c520c47-14c5-41b7-93fb-7bffc155cb58,033-9828701030,53033,4801.694678792169,,false,false,3184.815580945279,0.0,0.0,20.0,-122.2957100190938,47.620983629245835
6049b1e6-511f-4bac-84ee-ba3d16cb488f,033-9828701035,53033,6002.516255061858,,false,false,3190.2485179058885,25.0,20.0,20.0,-122.29574370530223,47.62111549819555
08d74af9-9bde-407e-acd8-7bd0d3413420,033-9828701045,53033,3600.731297478874,,false,false,3201.645572702904,0.0,0.0,0.0,-122.29564453270629,47.621202780642086
01905151-55d9-4c12-b1e8-4ac933b975e9,033-9828701050,53033,3202.632955443061,,false,false,3238.1121469994996,0.0,0.0,0.0,-122.29507315651698,47.62119986885138
983a2a6d-0010-4e91-9c91-785830ca10fe,033-9828701055,53033,3198.333285912778,,false,false,3219.34540840804,0.0,0.0,0.0,-122.29531750244406,47.621146241655936
9c29119a-8e86-4527-ba75-0ccee9c08933,033-9828701065,53033,3202.749471560466,,false,false,3231.6969769447287,0.0,0.0,0.0,-122.29507547894019,47.621090133655656
46a31869-3383-492d-a619-71b2d176a84f,033-9828701070,53033,4801.936100282145,,false,false,3220.1162234556305,0.0,0.0,20.0,-122.29515879568228,47.620980811981944
654a585c-f95a-416b-a0bf-a392e628695b,033-9828701075,53033,4801.906428897322,,false,false,3213.757883570956,0.0,0.0,20.0,-122.29516111982073,47.62087107758676
132bac2e-3544-4179-8243-81f3feffbb8a,033-9828701080,53033,4802.002188869625,,false,false,3207.433035588994,0.0,0.0,20.0,-122.29516344868588,47.620761342730866
0829aa4b-d4b3-4d6c-a783-fd1f6ffccff6,033-9828701085,53033,4801.907478267536,,false,false,3201.142475839994,0.0,0.0,20.0,-122.29516577424903,47.62065160878821
f64272a2-fc82-4baa-9b27-f6c7711abc15,033-9828701090,53033,4802.12009408338,,false,false,3194.886160391653,0.0,0.0,20.0,-122.29516809983924,47.62054187523556
feeb7d3a-2b82-441f-a37d-270fab921422,033-9828701095,53033,4802.021949181279,,false,false,3188.6638973175927,0.0,0.0,20.0,-122.29517043095274,47.620432141432595
cd8e986d-37a6-4950-91d6-7df2d0713436,033-9828701100,53033,4802.696608119389,,false,false,3182.476240881555,0.0,0.0,20.0,-122.29517275761822,47.62032240198268
00a587d5-de60-4406-957b-9b3a65082dea,033-9828701105,53033,4796.921348887194,,false,false,3071.7096198878558,0.0,0.0,20.0,-122.29591093270263,47.61915872030838
2efa74c2-c218-4e9c-9d04-c2f367a45d67,033-9828701110,53033,5037.769188466266,,false,false,3092.8502436597173,25.0,20.0,20.0,-122.29559063040881,47.61915709245461
55d68d07-141c-445e-ad71-87cf7831fcdd,033-9828701115,53033,4558.27515734002,,false,false,3082.14039756513,0.0,0.0,20.0,-122.29575281885249,47.61915792033
de32d2e3-236a-4199-b7c1-806805dc9fde,033-9828701120,53033,4797.191800265641,,false,false,3094.1791026196865,0.0,0.0,20.0,-122.29574410180237,47.6193770963453
1cea4d82-31ec-4d47-90b0-f7c34d7eb86c,033-9828701125,53033,4797.028258470963,,false,false,3100.1188306618074,0.0,0.0,20.0,-122.29574178152392,47.619486690669234
28e4f033-c297-4a81-988f-c295f194c4b0,033-9828701130,53033,4796.866405101843,,false,false,3106.0950712658446,0.0,0.0,20.0,-122.29573946018772,47.619596284631484
e20e03f7-206c-4264-9632-56712e2f3de4,033-9828701135,53033,4796.746160705885,,false,false,3112.1077278870794,0.0,0.0,20.0,-122.29573713688063,47.61970587924462
16d50d34-1c16-4c20-a487-85255322b436,033-9828701140,53033,4796.561384328572,,false,false,3118.1564048901228,0.0,0.0,20.0,-122.29573481454162,47.61981547463367
29a33ad8-41a7-4cff-be79-992ccb8ec93b,033-9828701145,53033,4796.227480788927,,false,false,3124.2407868905957,0.0,0.0,20.0,-122.29573249245728,47.61992506796534
00b4bf14-1b34-452e-acbb-9788c133f999,033-9828701150,53033,4796.434649378036,,false,false,3130.3609814276024,0.0,0.0,20.0,-122.29573016913335,47.62003466328307
8b9578eb-ad3e-4084-b992-cea8d7faf394,033-9828701155,53033,3598.998407062478,,false,false,3167.019108320749,0.0,0.0,0.0,-122.29517860917544,47.62004548934193
190d95fc-9c62-46db-9e5d-be3f911c47a0,033-9828701160,53033,4076.326312044053,,false,false,3162.1713352958645,0.0,0.0,20.0,-122.29518045778507,47.61995779907078
f161b45f-8d72-4eb4-9db5-a88557e21c55,033-9828701195,53033,4076.7544879124193,,false,false,3146.8764117895253,0.0,0.0,20.0,-122.29518633313994,47.61967836924495
4e1b9c5f-e9ca-4ea4-a458-7635023bfef3,033-9828701205,53033,4076.6615987172463,,false,false,3141.829564878847,0.0,0.0,20.0,-122.29518829645866,47.61958522655927
047e5a62-5c24-4082-8e36-227d5a0f0f48,033-9828701210,53033,2295.46877846523,,false,false,3144.1676138957555,0.0,0.0,0.0,-122.29507635512547,47.619488735900056
4708d548-c71a-48c7-a307-6b9c0a53fff8,033-9828701211,53033,4486.319781184771,,false,false,3126.376356071063,0.0,0.0,20.0,-122.29529994365333,47.61943134150832
0ddfa8f3-c782-4f61-ac33-00a90705577f,033-9828701212,53033,1971.9673986173725,,false,false,3139.261912403651,0.0,0.0,0.0,-122.29507828529373,47.61939701967485
173acfe2-8347-4588-9631-f05c019521bb,033-9828701215,53033,4278.616517894364,,false,false,3131.2385346889805,0.0,0.0,20.0,-122.29508181350572,47.619246426173895
085029b5-c715-48f3-8cde-b29981183ec5,033-9828701216,53033,4475.696679199426,,false,false,3115.679470878543,0.0,0.0,20.0,-122.29530436322281,47.61923125463893
d93fc194-9f9c-459e-a895-dc4ee95e38b3,033-9828701220,53033,6477.846064393547,,false,false,3114.1089909614534,25.0,20.0,20.0,-122.29519925745852,47.619064684490816
84ca83a6-eb4e-4e3a-82fb-68567c449f85,033-9828701235,53033,3997.872853814506,,false,false,3006.6930100691816,0.0,0.0,0.0,-122.29585809504786,47.61778493641847
3de96e69-0708-4bbc-ad1f-dbc947523d38,033-9828701240,53033,4000.762388117175,,false,false,3026.463313232834,0.0,0.0,20.0,-122.29561351138959,47.617852216465195
dc895b9b-1cd7-449b-9c13-861419e6cf69,033-9828701245,53033,3998.7789839748316,,false,false,3013.4410436520475,0.0,0.0,0.0,-122.29585529303463,47.61792201347222
ae43e1df-1323-4e4c-9a6e-a3136f611ba1,033-9828701250,53033,3959.145523269491,,false,false,3024.5406710023262,0.0,0.0,0.0,-122.2957718757804,47.618035369852066
1a147e35-05b0-4249-82e0-3afc13b85131,033-9828701255,53033,4017.8832182416495,,false,false,3033.697937561962,0.0,0.0,20.0,-122.29576813771689,47.618218381690724
f4d292fd-f087-4f06-a528-3666166782c7,033-9828701256,53033,4020.9585700042603,,false,false,3029.0892063118577,0.0,0.0,20.0,-122.29577000989914,47.618126541741084
3ee2afc6-f290-4ba6-abd8-858879bf3e39,033-9828701270,53033,5399.392732616085,,false,false,3039.1320276431484,25.0,20.0,20.0,-122.2957659369239,47.618325965906976
70a8a6ab-2759-4c9b-b1d5-845de301c37b,033-9828701275,53033,5039.6642593956985,,false,false,3045.199078891294,25.0,20.0,20.0,-122.2957634975937,47.61844521860983
60e8d8c6-81e5-4b0c-9649-2d3204e6760c,033-9828701280,53033,5399.78784725528,,false,false,3051.3115194952634,25.0,20.0,20.0,-122.2957610614384,47.61856447188107
e8b62525-767f-48f5-8b04-e395f39ff08d,033-9828701287,53033,4080.5167400192354,,false,false,3051.2347308404683,0.0,0.0,20.0,-122.29587951107408,47.618719985229056
9301af36-fe01-40e8-8857-83b3fb0ce213,033-9828701295,53033,5400.170804677149,,false,false,3087.149959459606,25.0,20.0,20.0,-122.29521010113302,47.618542463566996
0e51e832-f921-4728-b247-8d34db4c7a9d,033-9828701300,53033,2270.234453802552,,false,false,3083.292079066085,0.0,0.0,0.0,-122.29513103174844,47.618355443814835
f5fcf31f-bcf8-4c0f-b6b5-1595ab5fa570,033-9828701301,53033,2391.8047759318283,,false,false,3078.694406659392,0.0,0.0,0.0,-122.29514566606194,47.61828115267241
2d1f1ef8-c621-4cd5-8900-b64f0cc25ea3,033-9828701305,53033,4829.211422430495,,false,false,3078.43927395929,0.0,0.0,20.0,-122.29525033708542,47.61842046216656
c60ed1dc-e944-4fdf-bf00-38dd5aa319bf,033-9828701310,53033,4908.177113490657,,false,false,3068.1968747317032,0.0,0.0,20.0,-122.29525217868182,47.618212791109144
00914bb6-b36b-4a2a-ba3f-da37a31ce06b,033-9828701325,53033,5999.195238582386,,false,false,3064.1609081257625,25.0,20.0,20.0,-122.29521957906137,47.61808324713534
dc2bbfd1-7a9b-4a62-9f02-e19b6d5d9ead,033-9828701330,53033,4200.35793697759,,false,false,3058.435686544129,0.0,0.0,20.0,-122.29522198055025,47.617966718046695
536b5092-bb42-41de-84bf-21871f53787a,033-9828701331,53033,4198.404406924279,,false,false,3053.7541588699874,0.0,0.0,20.0,-122.2952239604562,47.61787075884396
a756465e-a43a-4fad-a3f5-7336122a8a65,033-9828701335,53033,4799.591998041265,,false,false,3048.772186090277,0.0,0.0,20.0,-122.2952260780686,47.61776795024622
a3126b65-ea3a-4424-80e9-8e43cef146ff,033-9828701345,53033,2035.2325845652788,,false,false,2926.331078325888,0.0,0.0,0.0,-122.29704184836709,47.617776156501705
7fd634bd-e2f3-43bc-8686-d18fdee78d09,033-9828701346,53033,1604.3612652028628,,false,false,2941.090737862185,0.0,0.0,0.0,-122.29682536088609,47.61777979459438
d5888e47-0d97-4499-b0f6-78bdd4144456,033-9828701347,53033,1160.6645846420113,,false,false,2945.0095814269393,0.0,0.0,0.0,-122.29676246345912,47.6177731882661
22f472a4-1f84-41cb-8c04-092629a1d114,033-9828701350,53033,9599.91200653418,,false,false,2943.847200432222,25.0,20.0,20.0,-122.29690182762033,47.61794114299497
589429ea-031d-4780-8b49-dc06438ea914,033-9828701359,53033,1754.0002938111684,,false,false,2949.723837492646,0.0,0.0,0.0,-122.29702827778111,47.61822900513063
714b719d-50c8-4cd9-b94e-ad2cf5ffbe35,033-9828701360,53033,1403.7608526984095,,false,false,2945.8969476538746,0.0,0.0,0.0,-122.2970288289636,47.618153617438814
2e614cba-157c-46a9-9a68-673ebdbe661c,033-9828701361,53033,1426.89599892921,,false,false,2942.4683598305483,0.0,0.0,0.0,-122.29702932376328,47.61808575579202
0c02e990-9630-45e1-afee-9b1cbed06946,033-9828701362,53033,1573.8247263536098,,false,false,2958.70827777374,0.0,0.0,0.0,-122.29678605202223,47.61808445769325
bd8db92b-b56d-4dec-8474-1f5a9568c25a,033-9828701363,53033,1536.8397793766476,,false,false,2962.118138104192,0.0,0.0,0.0,-122.29678555632975,47.618152322757595
ad670627-5348-4460-b16b-0971c26d0fed,033-9828701364,53033,1904.479921144922,,false,false,2965.9227748283565,0.0,0.0,0.0,-122.2967850065012,47.61822768937136
584a0bc7-a7d2-446d-9f60-16f1f47882a8,033-9828701370,53033,2292.1189742073893,,false,false,2955.081111425925,0.0,0.0,0.0,-122.29701750706471,47.61832076760468
fbc9b828-82eb-4e80-90c7-d5e0baa796e7,033-9828701371,53033,1494.2732732797335,,false,false,2956.840252442714,0.0,0.0,0.0,-122.29707515628803,47.618430785201475
ab7fc6b0-7584-4b60-9a02-535ebcb8709a,033-9828701372,53033,1254.2920643216287,,false,false,2965.3292397703713,0.0,0.0,0.0,-122.29694708437114,47.61843002087399
6caf6b37-07ab-429f-86a1-8bf6391d5ee9,033-9828701373,53033,1744.604562346664,,false,false,2977.7538483125027,0.0,0.0,0.0,-122.29677330806602,47.61844660993169
d4195b80-45f9-4f48-afe2-7c69280d17b3,033-9828701374,53033,1383.1671990226769,,false,false,2973.8959387394284,0.0,0.0,0.0,-122.29677385819575,47.618371247654736
25e2655a-9df1-42ae-bcc8-f78ce98f3396,033-9828701375,53033,1431.4781240006776,,false,false,2970.454591512318,0.0,0.0,0.0,-122.29677435196287,47.61830371455114
4ab47796-6e5a-498d-bbae-f9de7ae5d03f,033-9828701380,53033,4799.855687954534,,false,false,2974.208573675221,0.0,0.0,20.0,-122.29690143410815,47.61854425028887
414fb9a0-f626-47fe-b9ed-4baf48ea4eb9,033-9828701385,53033,4799.916012375224,,false,false,2979.8577106275443,0.0,0.0,20.0,-122.2969013621465,47.61865390501945
d35a43d2-d0c1-49d5-b546-cfe1ab2abe67,033-9828701390,53033,4799.954526390986,,false,false,2985.5462187627913,0.0,0.0,20.0,-122.2969012875315,47.618763561432466
1e56801a-0042-4c7d-886e-8f38ba894687,033-9828701395,53033,3847.923577289536,,false,false,3014.5092219703,0.0,0.0,0.0,-122.29646299925732,47.61876138545409
f6f881af-c752-46f8-b943-8888fd2e67a7,033-9828701400,53033,3826.6969202715504,,false,false,3008.805191816113,0.0,0.0,0.0,-122.29646414600944,47.61865173088671
195f4e1e-c7ca-400b-8d28-57f846d24567,033-9828701405,53033,3805.408254585567,,false,false,3003.139414487276,0.0,0.0,0.0,-122.29646529830988,47.61854207532508
10568e31-ec86-4732-af4d-43fc32afe21e,033-9828701410,53033,3493.656699353662,,false,false,2998.4888676636047,0.0,0.0,0.0,-122.29645173012285,47.618432280453845
ea5c11dc-b028-4dff-ac76-bcb8a25b1e27,033-9828701415,53033,3498.1712903795365,,false,false,2992.815658781156,0.0,0.0,0.0,-122.29645419096991,47.61832263062715
9aa027e5-58d3-49ea-a821-369424cdab11,033-9828701420,53033,3741.4361485888676,,false,false,2986.376370754959,0.0,0.0,0.0,-122.29646875454178,47.61821310892595
c35edae5-88e0-464f-b648-7c36a508b90f,033-9828701425,53033,3720.303890427302,,false,false,2980.867514803736,0.0,0.0,0.0,-122.2964699061479,47.61810345316591
1e3bda62-db10-4182-80d4-68e93c05a890,033-9828701428,53033,3511.6353427081526,,false,false,2976.031123334588,0.0,0.0,0.0,-122.29646157162396,47.61799368258971
38b56c57-4d14-43c9-b099-fca03dc5d5d4,033-9828701430,53033,7036.975135608044,,false,false,2967.770642551799,25.0,20.0,20.0,-122.29646526001889,47.617829170592394
da7f3ee3-2a83-499f-a4cb-c17eda14412e,033-9828701436,53033,555.1088605637449,,false,false,2983.0915562874416,0.0,0.0,0.0,-122.29664415793592,47.61838185103397
dacc1dd7-4dc4-4261-bdc3-45cc4c9ed617,033-9828701437,53033,484.43050406266457,,false,false,2958.657429340983,0.0,0.0,0.0,-122.2966502460348,47.61789813750639
0d881f1c-53b3-4a24-9e6e-f208cd553d59,033-9828701480,53033,4798.638576590242,,false,false,2995.742638651038,0.0,0.0,20.0,-122.29702270359176,47.6191095754189
3fb69d6e-a8c8-4c3d-85c4-695d0fd34d57,033-9828701485,53033,1866.2794280378926,,false,false,3013.4688774479837,0.0,0.0,0.0,-122.2967083786702,47.61905322005461
fc2037c0-7980-46e0-ae1a-05210c3a3cba,033-9828701486,53033,1947.0033418692558,,false,false,3006.976975864002,0.0,0.0,0.0,-122.29685170741493,47.61910914995958
4fe7be2b-2033-4d6e-b1a5-1d006fe1ca02,033-9828701487,53033,718.2966602769867,,false,false,3015.527262565336,0.0,0.0,0.0,-122.29676530151356,47.61916301659648
74711c03-6b96-49a1-b0bb-c30098c89cc4,033-9828701488,53033,1158.1174082348214,,false,false,3021.777725445355,0.0,0.0,0.0,-122.29667016200952,47.61916272064665
636745f3-8370-4d40-a8a2-c66154e258e2,033-9828701490,53033,4798.226624754949,,false,false,3012.499994984855,0.0,0.0,20.0,-122.29690095761674,47.61927339077749
81ada2cc-377e-411f-b0a2-70a33746a2e3,033-9828701497,53033,1408.7755721400306,,false,false,3017.4966902330953,0.0,0.0,0.0,-122.29700539226378,47.61949244138306
c766cd90-0d12-4561-842e-87fca9b56602,033-9828701498,53033,986.8331723590251,,false,false,3014.8138721057776,0.0,0.0,0.0,-122.29700651858296,47.61944445226175
527e9d0c-893a-4bfa-b0de-c8df5d3c4efd,033-9828701499,53033,1063.325865533059,,false,false,3012.6636754700953,0.0,0.0,0.0,-122.29700525997187,47.619403284775565
68e334e9-4699-4a83-b722-252736e1de81,033-9828701500,53033,1319.776947378025,,false,false,3010.034090375029,0.0,0.0,0.0,-122.29700580790899,47.61935533405149
be533aeb-0bf9-4a3c-858d-8cf8a0e4f50a,033-9828701501,53033,1796.6256630544704,,false,false,3029.0595804582563,0.0,0.0,0.0,-122.2968544553889,47.61952362557078
99b648ed-4466-43a7-be26-24a244e70a63,033-9828701502,53033,1377.299776075992,,false,false,3031.1494986301373,0.0,0.0,0.0,-122.29676225308788,47.61945084732844
24722b6d-33fe-42a8-a487-f13ff2601df5,033-9828701503,53033,1643.7288632182456,,false,false,3026.800420231639,0.0,0.0,0.0,-122.2967628300623,47.619370868165944
699d73b1-b182-4e2f-b40b-1d6d74b6ac60,033-9828701506,53033,1723.845562516664,,false,false,3020.1967029705593,0.0,0.0,0.0,-122.29705662059126,47.6196030421214
71db6256-379d-4c70-98d9-e2c667c9c36c,033-9828701507,53033,1871.7604790418948,,false,false,3032.0386013734496,0.0,0.0,0.0,-122.29687432311297,47.619602107254636
27685157-7935-4493-8f6e-a0b901425ae8,033-9828701508,53033,1202.7576543024434,,false,false,3042.176686434599,0.0,0.0,0.0,-122.29671844114486,47.61960130765814
3c65f2a2-d2bd-45b0-84ac-d65d0f402209,033-9828701511,53033,5365.97299276782,,false,false,3038.2062332032447,25.0,20.0,20.0,-122.29687187906842,47.619711750406005
17ecdd57-f737-4622-b4bd-bd524fc61957,033-9828701515,53033,5388.267629327153,,false,false,3044.327366784235,25.0,20.0,20.0,-122.29687068105842,47.61982136074426
bebeb3f5-40de-42d7-a41f-76090c6508ae,033-9828701520,53033,3006.120680639496,,false,false,3066.4387232648282,0.0,0.0,0.0,-122.29667019339277,47.61998525635996
ee4dcaa7-489e-465e-97ac-ac738a31da44,033-9828701521,53033,3918.6236450891333,,false,false,3045.5970635570784,0.0,0.0,0.0,-122.29694512632415,47.61993132476574
edfcf10f-1450-4ad8-8181-cadb5d1c62fb,033-9828701522,53033,3918.5365514343725,,false,false,3051.7283268293945,0.0,0.0,0.0,-122.29694505342346,47.62004094265322
cb2499c9-360b-4c4f-8d49-62f80db7d95b,033-9828701530,53033,6938.954638552862,,false,false,3082.7196191471467,25.0,20.0,20.0,-122.29641807303703,47.61998341234819
30c8d700-d74a-47ee-b22b-03433b4ae6e4,033-9828701540,53033,3469.4472942775415,,false,false,3073.44765619577,0.0,0.0,0.0,-122.29642156698925,47.61981901074501
3e8b3f81-fd12-448a-a181-c0702820fade,033-9828701545,53033,3469.4116021594664,,false,false,3067.3115200581024,0.0,0.0,0.0,-122.2964238937412,47.61970941036403
7b149d6b-abc6-4f24-b54f-a3af73756b05,033-9828701550,53033,4015.0541935816336,,false,false,3059.410674348895,0.0,0.0,20.0,-122.29645388429087,47.619600001602855
f9d593b7-02f6-431f-b544-fb02a86b97f9,033-9828701555,53033,3992.784264251532,,false,false,3053.417101614445,0.0,0.0,0.0,-122.29645508573276,47.619490394206174
5f048412-2372-47de-b281-34cab79eb03f,033-9828701560,53033,5683.0224825770465,,false,false,3040.660033129153,25.0,20.0,20.0,-122.29645060552281,47.61924603619796
caa085c3-bbcb-409e-b16c-a80a45f5155f,033-9828701565,53033,5204.70850083081,,false,false,3032.7376251820333,25.0,20.0,20.0,-122.29643727546966,47.61907919598641
f21511c3-b524-4ef7-b2ac-89bb487a9b86,033-9828701570,53033,3970.5368812778806,,false,false,3047.460578000507,0.0,0.0,0.0,-122.29645628599064,47.619380787064806
e7716d00-cee4-4712-a410-f7bcfa429554,033-9828701575,53033,4003.1828229080993,,false,false,3068.4185370729265,0.0,0.0,20.0,-122.29694080679587,47.620331543349835
a6a250f4-89d1-4fd5-b223-b71b6192a27c,033-9828701578,53033,6540.202511164727,,false,false,3096.4256664755358,25.0,20.0,20.0,-122.29652775681154,47.62035584709725
6c1481ca-b609-4d11-a90d-a317456b200e,033-9828701590,53033,4002.6178336234925,,false,false,3074.687164000095,0.0,0.0,20.0,-122.29694073610892,47.62044127637798
651450c7-c43d-431d-882f-2d1073cec270,033-9828701595,53033,4803.30561558538,,false,false,3083.5793440465,0.0,0.0,20.0,-122.29690012007892,47.6205507961292
c0ccb053-6df2-4fb5-9063-dba068ae106c,033-9828701605,53033,2412.824781054953,,false,false,3088.365260329702,0.0,0.0,0.0,-122.29698557565405,47.620728143006055
e3da201b-81b5-4e8e-b92e-6c9bd23b7e11,033-9828701606,53033,2255.0608881045046,,false,false,3098.1366788442597,0.0,0.0,0.0,-122.29698558813918,47.620895518889306
6ef177fc-1ce6-4d03-95ee-2ca1393d9b10,033-9828701607,53033,2413.801131536034,,false,false,3093.3211490505423,0.0,0.0,0.0,-122.29698558072798,47.620813205294404
15ae7dc9-4704-42e2-98ea-524151c0b04f,033-9828701608,53033,2257.6771456993115,,false,false,3083.5914894561474,0.0,0.0,0.0,-122.29698557120513,47.6206458633443
0ce19043-905d-49ad-8246-84a4d8bd25ca,033-9828701609,53033,3842.0917233920222,,false,false,3113.907216442461,0.0,0.0,0.0,-122.29669824735653,47.620851726254045
28520d64-12aa-410b-86cb-2e02beb4262a,033-9828701611,53033,3777.7944589457916,,false,false,3104.247740962689,0.0,0.0,0.0,-122.29670023449742,47.62068714483594
71fc5f7f-7464-44ff-8cad-c274817b970c,033-9828701625,53033,1919.758384232183,,false,false,3099.8847682406013,0.0,0.0,0.0,-122.29704587969778,47.620990475058235
8e7f7399-f928-4f4c-806d-11f7f7a0c6d7,033-9828701626,53033,1704.9433552353978,,false,false,3111.499966020952,0.0,0.0,0.0,-122.29686228165481,47.620989467644435
28d23403-d8d8-4621-8228-d6c8e8420d6c,033-9828701627,53033,1164.380896725574,,false,false,3120.703406310549,0.0,0.0,0.0,-122.29671694521542,47.620988609564925
c2150654-7e98-4e08-baa1-d1368096a847,033-9828701630,53033,4587.549591017682,,false,false,3131.073288426205,0.0,0.0,20.0,-122.29672171137614,47.62117002154417
0a8a909e-4e66-43f6-bff6-dd5cde3f7d66,033-9828701631,53033,3159.822399076159,,false,false,3110.336490734455,0.0,0.0,0.0,-122.2969829948457,47.621099784196176
2121e19b-b2d5-44ad-94b9-734aa47842de,033-9828701635,53033,2771.709913667446,,false,false,3115.6214470346786,0.0,0.0,0.0,-122.29700258055756,47.62120969357263
3692f250-c93e-4106-956c-aa7deacb71b6,033-9828701650,53033,3390.7097740372574,,false,false,3154.440469198372,0.0,0.0,0.0,-122.29638790627388,47.621206556068095
dd9f8780-3895-4539-a8f5-ae7523db85fe,033-9828701655,53033,4365.88672564498,,false,false,3144.731626055061,0.0,0.0,20.0,-122.2964396235342,47.621097202892564
9579a245-6dda-43fb-a253-65d9d0b08972,033-9828701660,53033,4650.800279012156,,false,false,3138.2909100146685,0.0,0.0,20.0,-122.29643615200835,47.62098309741465
46c92481-b960-4342-9ae1-915704f941d4,033-9828701670,53033,4771.335352840209,,false,false,3132.8046020770016,0.0,0.0,20.0,-122.29639626330014,47.62084452499174
177dfc68-9da9-4f4c-ad54-414794dea653,033-9828701675,53033,5113.556825541785,,false,false,3123.4085251465945,25.0,20.0,20.0,-122.29639994223142,47.62068535159062
72f6deae-11c2-4556-a0d3-e5b489ad54b7,033-9828701685,53033,4212.080969411351,,false,false,3112.788058802879,0.0,0.0,20.0,-122.29644349103164,47.62054849980169
8e48fff1-3674-41b0-bce5-6cc2af5ef825,033-9828701690,53033,3418.8167270755484,,false,false,3108.980873642966,0.0,0.0,0.0,-122.29640564366142,47.62043851182347
2d59778c-c2cf-4a89-bb49-8a315c6f8ba7,033-9828701715,53033,2337.2234321038013,,false,false,2979.636137764492,0.0,0.0,0.0,-122.29833618145402,47.62034138060667
28120ee4-2529-4afa-9f10-81c6ef71a7b0,033-9828701716,53033,1071.7264496581581,,false,false,2989.326864252748,0.0,0.0,0.0,-122.29818914979076,47.620346908426704
dbb6021b-5bb3-4c1a-b02a-f47d07e51d0a,033-9828701717,53033,1993.8556195616934,,false,false,2997.4934218729964,0.0,0.0,0.0,-122.29806209197226,47.620347996532765
1bcf6f6e-236e-4856-a061-2a572fcdbd24,033-9828701719,53033,1316.2406025695561,,false,false,2994.2046133336903,0.0,0.0,0.0,-122.29833054056571,47.62058216590159
aef9b89c-89b6-435a-b7e4-90bcc39078ca,033-9828701720,53033,1275.085820542078,,false,false,2990.7452593284256,0.0,0.0,0.0,-122.29832803666196,47.62052112892917
b7d13c6c-0bc2-40d9-85cc-c830ddf0219a,033-9828701721,53033,1778.1603897294117,,false,false,2986.157676481946,0.0,0.0,0.0,-122.29833359925628,47.62044946034726
1b3f6fa4-0f98-4c1c-bc64-1ba158d64cf8,033-9828701722,53033,2170.2722013371513,,false,false,3002.0340927190005,0.0,0.0,0.0,-122.29808816506774,47.620453998028545
bc7a5b84-2cfc-42d8-8c57-34b3927c208b,033-9828701723,53033,944.2966667779049,,false,false,2994.862020413373,0.0,0.0,0.0,-122.29840123764373,47.620668366416346
287df0d7-5e51-4d9f-bfe8-6ba6d4719aed,033-9828701724,53033,658.5567058858104,,false,false,2999.9644361059322,0.0,0.0,0.0,-122.2983200423229,47.62066781291871
827f5896-0923-48c6-8e50-265b60f0cd8f,033-9828701725,53033,1157.043118379849,,false,false,3005.757399917528,0.0,0.0,0.0,-122.2982280702847,47.620667335555794
5840c6a0-7f93-49e1-96e5-f34a7e7b3472,033-9828701726,53033,2043.2489592774664,,false,false,3015.9761340296554,0.0,0.0,0.0,-122.2980659580274,47.620666437250605
7bf1178e-687b-437c-a637-ac99b921ef00,033-9828701727,53033,1080.5331897090882,,false,false,3006.302841808931,0.0,0.0,0.0,-122.29808764014048,47.620526036460525
fdf4bf3b-0c5e-40df-a823-8c601fe95206,033-9828701728,53033,1385.1322206874952,,false,false,3009.5628032752616,0.0,0.0,0.0,-122.2980872427357,47.62058088048625
ad22e211-bfa7-487e-b0ee-c0329444f0d6,033-9828701730,53033,1749.8679956155447,,false,false,3005.2090840853243,0.0,0.0,0.0,-122.2983264306581,47.62076234597272
ab9f8ad1-df71-4012-97e0-563be719bfee,033-9828701731,53033,1722.265425085512,,false,false,3020.516920561952,0.0,0.0,0.0,-122.2980831096355,47.620761115485415
090a6caf-29fc-4258-b8a1-485a9cf32943,033-9828701733,53033,1774.1957631204118,,false,false,3011.8984385315202,0.0,0.0,0.0,-122.29828681393727,47.62083219665552
680c7cc3-5833-4e16-8be0-394fa2dec07f,033-9828701735,53033,2315.977552382376,,false,false,3016.114048214123,0.0,0.0,0.0,-122.29828679026869,47.62090225824525
d69026a5-c554-4337-bc15-88eb52b6b380,033-9828701736,53033,2044.554870942763,,false,false,3029.5627743065274,0.0,0.0,0.0,-122.2980434701867,47.620870623839785
6d790d7e-3c8d-463f-9dc4-c37b8282f785,033-9828701738,53033,975.3839295484568,,false,false,3019.5256968036933,0.0,0.0,0.0,-122.29835013300014,47.62102456997202
4939c5b3-5e4f-4a71-9d68-b8a789c35405,033-9828701739,53033,1425.2813254517175,,false,false,3034.748308331614,0.0,0.0,0.0,-122.29810679041283,47.62102330141769
248fa859-a3b0-4c06-b197-1d8304c7112c,033-9828701740,53033,1430.4782372505192,,false,false,3031.415939888057,0.0,0.0,0.0,-122.2981071836547,47.62096844409002
c3f1d4d4-9216-4ec6-9752-a478253791f8,033-9828701741,53033,972.5722811350613,,false,false,3016.1766492520483,0.0,0.0,0.0,-122.29835052324388,47.62096971386508
b2a73f11-2ac0-4928-b708-07b944a16cc4,033-9828701742,53033,982.0216780136575,,false,false,3033.3626890436603,0.0,0.0,0.0,-122.29834420394864,47.621245331610304
c772b469-e199-4bda-9ebc-55a9a3c5892e,033-9828701743,53033,721.8877963402202,,false,false,3030.5756384146775,0.0,0.0,0.0,-122.2983444594155,47.62120008383687
27cb73e4-f090-46a5-ad33-a3b30275d11d,033-9828701744,53033,720.439811844233,,false,false,3028.215676802188,0.0,0.0,0.0,-122.29834467640222,47.621161696351855
0e4788f0-5cf5-41b2-843b-46e12b262cf3,033-9828701745,53033,931.8973451635671,,false,false,3027.956575756779,0.0,0.0,0.0,-122.298309595054,47.62112140055504
5c63d6b3-0f3b-4e34-ad09-2f37e2511d49,033-9828701746,53033,1450.088508758007,,false,false,3026.2530823591615,0.0,0.0,0.0,-122.29829443777562,47.62107776965217
8f8ba1d1-82ea-45a1-b807-223412da3fe4,033-9828701747,53033,1104.4642365748173,,false,false,3042.872057698423,0.0,0.0,0.0,-122.2981070365397,47.62115768733905
f8fc01a4-07c9-47af-9c83-ff8e02ee822d,033-9828701748,53033,696.806742175714,,false,false,3038.722258912076,0.0,0.0,0.0,-122.29821304254624,47.621198723916024
18078b14-b5f5-4d7b-9c38-6da79d5c6587,033-9828701749,53033,696.7979022786724,,false,false,3042.0778789872925,0.0,0.0,0.0,-122.298159238356,47.62119845186022
ef4d148d-17a4-4e3c-9c09-efe96241bf1f,033-9828701750,53033,1062.1363055222844,,false,false,3046.4749984755963,0.0,0.0,0.0,-122.29805205121357,47.621160169282504
e31b19b0-2220-40c6-943f-b5378aecea62,033-9828701751,53033,1241.5169424107735,,false,false,3050.080478715191,0.0,0.0,0.0,-122.29799370815464,47.621159191432604
12e09ba7-5382-44c5-86f0-14e81f308091,033-9828701755,53033,3202.01386025632,,false,false,3079.788270238821,0.0,0.0,0.0,-122.29757279555454,47.6212125905031
4d9cc44b-b984-46bc-9db9-d81a35c8983d,033-9828701760,53033,3204.153113465048,,false,false,3061.229323029948,0.0,0.0,0.0,-122.29781620026178,47.62115897967143
198c3f11-ae60-4f24-a48d-2e241d7a2d89,033-9828701770,53033,3202.4058983692603,,false,false,3073.1888112467977,0.0,0.0,0.0,-122.29757288502059,47.621102865124534
41912a2d-b7d5-4b7c-bd96-2f624170949f,033-9828701775,53033,1772.333660911349,,false,false,3071.1826665626413,0.0,0.0,0.0,-122.29750051831184,47.620992699177975
0107de8a-dd49-4658-81de-2315fc43f828,033-9828701776,53033,1517.3060438217904,,false,false,3057.529178887539,0.0,0.0,0.0,-122.29774365902577,47.62102146303764
0af88e47-d9d1-4411-af0c-5534dca3d23e,033-9828701777,53033,1514.314851816204,,false,false,3054.2211131282907,0.0,0.0,0.0,-122.29774406217682,47.62096660410145
29257251-5dbd-461a-b88c-8de4a5aa70c5,033-9828701780,53033,1194.7008935495392,,false,false,3062.1801374765464,0.0,0.0,0.0,-122.29757226102375,47.620917717504106
a83ac1c0-9b8b-4bc1-b393-ec0d98bcf3cb,033-9828701781,53033,1616.0096839870196,,false,false,3044.8058092301985,0.0,0.0,0.0,-122.29781561263206,47.62088466252928
8e86f387-06f7-4839-abd5-7f6b0266e1f1,033-9828701783,53033,1377.9697695961283,,false,false,3043.544563991707,0.0,0.0,0.0,-122.29775798639285,47.620802062004955
426a4abb-fa75-4b84-ad3b-9d7b3be96201,033-9828701784,53033,1375.9888510166525,,false,false,3040.291417896285,0.0,0.0,0.0,-122.29775805425061,47.62074720131716
667d447d-c16c-4192-8f13-55d668b83546,033-9828701785,53033,2049.5102102627857,,false,false,3057.294512101618,0.0,0.0,0.0,-122.29751470286881,47.62077339563731
a0e5d1a2-0b5f-45e7-b507-9f156eeacaae,033-9828701786,53033,796.4376474757031,,false,false,3060.1446896307366,0.0,0.0,0.0,-122.29757228301999,47.62088344882344
8e709c19-cfc8-412f-9f3d-d46a82cb7df7,033-9828701787,53033,1196.4854857064277,,false,false,3058.110910697265,0.0,0.0,0.0,-122.2975723039073,47.62084914983114
4f122356-d100-4da9-9c58-9b21aa8d0607,033-9828701791,53033,1281.9971298848332,,false,false,3045.4279575667047,0.0,0.0,0.0,-122.29751921191918,47.62057589985246
b64030cb-57e7-4a30-8379-3dd874e00b7d,033-9828701792,53033,1280.8606529166086,,false,false,3041.565542864434,0.0,0.0,0.0,-122.29751932286146,47.62050971052915
d2242f89-ebb7-467c-941e-6645fede6fae,033-9828701793,53033,1355.288079809793,,false,false,3037.362157468238,0.0,0.0,0.0,-122.29752564499591,47.62044426993369
75a79923-1ef6-49e2-9f0a-ca990162fa7e,033-9828701794,53033,1205.8688367090112,,false,false,3033.062479498309,0.0,0.0,0.0,-122.29753945067004,47.62038525228224
967e89c3-dbad-45af-9825-f335081fcccb,033-9828701795,53033,1749.5051990385643,,false,false,3029.7945225168787,0.0,0.0,0.0,-122.29776283863465,47.620574119614716
5b2ba1c6-b80c-4b55-a4fa-4b4d8ad3adc4,033-9828701796,53033,1282.3666690388372,,false,false,3026.239970288242,0.0,0.0,0.0,-122.29776159668809,47.620512054349895
46c10a95-22a1-4fed-8378-ad8e3e566af2,033-9828701797,53033,2150.6396594931084,,false,false,3021.361761719126,0.0,0.0,0.0,-122.29777138853893,47.62043916073828
2124ab34-1341-47e6-ba16-488a2e458085,033-9828701800,53033,1152.7979938580258,,false,false,3018.262131003233,0.0,0.0,0.0,-122.29772579236692,47.62033559127726
e92a2c80-d46d-48b2-a0bd-221e3510caf3,033-9828701804,53033,1120.8010363416918,,false,false,3010.9306224075185,0.0,0.0,0.0,-122.29784094978558,47.62033618482902
ff477a8a-c757-4118-a1df-02e3d65a793a,033-9828701805,53033,1828.9051843096431,,false,false,3029.2912288285424,0.0,0.0,0.0,-122.29753902821619,47.62031943144297
e32f524f-167e-492d-8c1b-bbda38d91b81,033-9828701813,53033,1194.5912079263062,,false,false,2911.7562123283055,0.0,0.0,0.0,-122.29836843773442,47.619185104855596
f0dc9778-593f-4e05-85a9-ce9f7cc3af30,033-9828701814,53033,481.3453945215429,,false,false,2908.6054296945254,0.0,0.0,0.0,-122.29836829517748,47.61912767626801
838ac805-a3e3-47c2-b7b7-2aef4634fa54,033-9828701815,53033,486.55168497765493,,false,false,2906.7848892689935,0.0,0.0,0.0,-122.2983683006225,47.61909450989919
700d9edb-e77c-4e2a-a3a7-3eecf5aedf21,033-9828701816,53033,510.35997046389423,,false,false,2901.254557560327,0.0,0.0,0.0,-122.29840932314625,47.61904239126848
35eaaba2-205c-4070-a4f6-eb1f45873793,033-9828701817,53033,526.7105655416142,,false,false,2906.5381525361686,0.0,0.0,0.0,-122.29832822512172,47.61904221270701
79670d45-eb64-4ba1-a7c3-446a944329d1,033-9828701820,53033,3198.249741912797,,false,false,2918.516379377195,0.0,0.0,0.0,-122.29820613670614,47.619115568365075
fb44280a-9023-41aa-a02e-3138da6fb53d,033-9828701825,53033,1677.2738045826666,,false,false,2926.2206127837594,0.0,0.0,0.0,-122.29804408345694,47.61906269506954
8f7c02cb-1c15-4b04-8cea-eafcb3bf3cc9,033-9828701826,53033,1358.0387729452889,,false,false,2931.8957076222296,0.0,0.0,0.0,-122.29804409201574,47.61916684448181
3ecaf86d-2103-4544-9d78-d4f6ee7d4aea,033-9828701827,53033,159.80875117246006,,false,false,2934.7485056903156,0.0,0.0,0.0,-122.29804405340168,47.61921890882231
76d0fc48-aa48-4de7-a5dd-7aef7399f5d3,033-9828701850,53033,4796.606537641716,,false,false,2927.5511401540775,0.0,0.0,20.0,-122.29820619811527,47.61928003197765
ad2aa9da-b8de-40d2-9209-0edbe4c835dc,033-9828701853,53033,1219.490076045181,,false,false,2921.91856855969,0.0,0.0,0.0,-122.29838751774233,47.61939069956488
97189a36-db85-4ab3-8dc3-6f0532fce604,033-9828701854,53033,1502.3817837101194,,false,false,2930.8236776931262,0.0,0.0,0.0,-122.29824953163909,47.61938988327188
f14df4ed-5995-4a11-bcdc-aa5f9e3f9ca1,033-9828701855,53033,2074.8714011925563,,false,false,2942.546481303459,0.0,0.0,0.0,-122.29806817639093,47.619388891584165
71d4f4ac-94b6-4bb1-8e7e-0b6e291764b2,033-9828701865,53033,2351.498847385293,,false,false,2931.7496344776596,0.0,0.0,0.0,-122.29833011086782,47.61949997834722
ad94bc08-673c-4c1d-aa4f-cdc398f5a8c3,033-9828701866,53033,1118.99496034301,,false,false,2943.0915175538426,0.0,0.0,0.0,-122.29815417312889,47.61949902729298
40055854-bfcc-4fba-a583-2d4fdd73a550,033-9828701867,53033,1326.6109598843166,,false,false,2951.089848468548,0.0,0.0,0.0,-122.29803019332317,47.61949829805744
c1b3018f-49d4-42e9-a220-243f8afb0f2c,033-9828701870,53033,3144.2004732729292,,false,false,2940.498282798401,0.0,0.0,0.0,-122.29828990353228,47.61960935076074
73fb6125-7dc6-4f30-8faf-4b02ae078f16,033-9828701871,53033,1653.1037981313589,,false,false,2956.1560764298015,0.0,0.0,0.0,-122.29804670150646,47.619608109103744
16aa41b1-8802-4e21-8f3c-66fd003a2dff,033-9828701873,53033,4797.486819437524,,false,false,2952.079021738312,0.0,0.0,20.0,-122.29820606475963,47.61971855421392
d7ec92dd-be80-4f1d-bd06-09859b324e13,033-9828701874,53033,1020.7661074360652,,false,false,2947.7945303493057,0.0,0.0,0.0,-122.2983457038271,47.61980149504626
30db7ec6-2dac-4272-aabe-bf2c907c6a5e,033-9828701875,53033,1025.223233437617,,false,false,2950.948097905123,0.0,0.0,0.0,-122.29834534682908,47.61985630827597
454a8fb6-90be-49f3-b423-270172c34506,033-9828701876,53033,1376.7969886710098,,false,false,2963.386236581566,0.0,0.0,0.0,-122.29810248437613,47.61980022034229
cf159ee1-d719-4d54-b949-d2c6663b7cb8,033-9828701877,53033,1374.7986958588942,,false,false,2966.5233106119385,0.0,0.0,0.0,-122.29810212312414,47.6198550326999
6d35b4a1-201e-4c23-adca-cbe9fbc6bf31,033-9828701884,53033,1256.4537265915226,,false,false,2957.474974128671,0.0,0.0,0.0,-122.29828710171203,47.619904950628325
daf9c5c7-813b-4090-87aa-ee2c9480e0d0,033-9828701885,53033,970.9344387255226,,false,false,2959.6648268235845,0.0,0.0,0.0,-122.29828708542269,47.619943126996155
6afa1493-85fd-4c7d-9a12-7652071932bc,033-9828701886,53033,970.9136877091369,,false,false,2961.576978148296,0.0,0.0,0.0,-122.29828707998988,47.61997640840284
a1595d0a-bb79-4027-aebb-34575f251b13,033-9828701887,53033,970.9319327825347,,false,false,2963.493140197543,0.0,0.0,0.0,-122.29828706404834,47.620009688931304
a5f79866-6059-412e-b5fc-3c7fff9aadc9,033-9828701888,53033,970.9213740572451,,false,false,2965.4121272184593,0.0,0.0,0.0,-122.29828705621169,47.62004296884109
663c3592-4fc1-464c-a576-2770f6d86da1,033-9828701889,53033,1256.5540086708793,,false,false,2967.617605401082,0.0,0.0,0.0,-122.29828704511293,47.62008114281788
93cd228c-59c7-4257-ae74-1de6f4f2d5dc,033-9828701905,53033,2997.9142099271244,,false,false,3011.976070055841,0.0,0.0,0.0,-122.29756334489127,47.620044088849575
b1774244-10e4-479c-849d-e55c4545fa38,033-9828701906,53033,779.81126049438,,false,false,2999.703844766693,0.0,0.0,0.0,-122.2977548699367,47.620045119914856
9d8035ef-a1e1-4dc2-8b4c-ca71a4f31d9e,033-9828701907,53033,1020.1443754748146,,false,false,2993.8694042786756,0.0,0.0,0.0,-122.29784612202114,47.6200457185259
ea77965f-5872-4d78-8e67-15d93b54424f,033-9828701915,53033,7195.845170000989,,false,false,2989.0951786070664,25.0,20.0,20.0,-122.29765476952115,47.61974313272283
22a2d832-4218-4d5f-8834-038881c0e7d1,033-9828701925,53033,2775.1999723305807,,false,false,2988.0741765484468,0.0,0.0,0.0,-122.29755233049652,47.61960557830841
6b356087-be62-471b-86d9-b64f1a3a9b00,033-9828701926,53033,2021.866091445574,,false,false,2972.357249677995,0.0,0.0,0.0,-122.29779553308141,47.619606821234775
93849f03-93e0-4d3b-8882-065cbbd5b0e8,033-9828701928,53033,1394.0346173826954,,false,false,2986.5494633850985,0.0,0.0,0.0,-122.29748237987893,47.61949559606022
6fef61ef-8927-469e-a935-cdec9c0d4787,033-9828701929,53033,1130.9396125949402,,false,false,2978.251675973213,0.0,0.0,0.0,-122.29761039323527,47.61949625162019
ab8f36ea-2d54-4946-9887-0e8e8811592c,033-9828701930,53033,2271.8119003494826,,false,false,2967.081591695319,0.0,0.0,0.0,-122.29778290626011,47.61949713092917
7bf37e3f-02c7-4acd-9ee1-09b6d796b248,033-9828701932,53033,1239.9006824223704,,false,false,2977.552987857401,0.0,0.0,0.0,-122.29755412287744,47.6194169403058
ff09f6fe-ab0c-4152-afe0-3d7f12300164,033-9828701933,53033,867.4926436887486,,false,false,2975.282158789177,0.0,0.0,0.0,-122.29755441036858,47.61937584207133
cd56a0f8-c637-41d8-9d46-1ae5b6ec91de,033-9828701934,53033,868.7905638356025,,false,false,2973.4184818107547,0.0,0.0,0.0,-122.29755464554816,47.619342039354905
9a724c6e-0bb3-4474-8d64-35edae201191,033-9828701935,53033,1246.3096154292168,,false,false,2971.1568467514803,0.0,0.0,0.0,-122.29755493267113,47.61930093230366
fb1015da-bb58-4de1-943b-639152906447,033-9828701936,53033,1481.774155482043,,false,false,2956.2880564639145,0.0,0.0,0.0,-122.29779798270863,47.61931911454638
8e2874d5-477e-4b0e-9e39-ca3083702b37,033-9828701937,53033,1489.6142324693426,,false,false,2960.844377828675,0.0,0.0,0.0,-122.29779741787331,47.61940132170285
02c016b0-40dd-4b71-a17b-7ff3db3b8acc,033-9828701938,53033,997.391712343607,,false,false,2972.8978092542006,0.0,0.0,0.0,-122.29746617330088,47.61922613068238
45908fb9-3a69-4df9-b47d-6e5eab556762,033-9828701939,53033,1167.057341306019,,false,false,2964.758879961377,0.0,0.0,0.0,-122.29759585556592,47.61923251028789
e8ecd935-c887-4ebb-9a28-6330fe02f33c,033-9828701940,53033,2469.9357928021186,,false,false,2950.4889408132044,0.0,0.0,0.0,-122.2977990106595,47.61921428998838
9638ec83-0b48-4956-af3e-a76430397aea,033-9828701945,53033,7357.217428915508,,false,false,2953.98645404278,25.0,20.0,20.0,-122.29764177615235,47.61908903861833
d07dabbd-5362-452b-9a6a-3ed9c8caba01,033-9828701960,53033,4794.292576480455,,false,false,2859.3887951266215,0.0,0.0,20.0,-122.29808512857211,47.617837606149905
fb9a61be-fcf9-454f-869e-efc50859a13e,033-9828701965,53033,4794.182222604151,,false,false,2843.2197032276426,0.0,0.0,20.0,-122.29832814374488,47.61783886222928
0d797234-b218-48b9-a514-fe597501994c,033-9828701980,53033,1545.2397526193172,,false,false,2854.314156512243,0.0,0.0,0.0,-122.29832304983474,47.618049945360404
295fc716-15ed-4641-9d99-4a7dcf216f7d,033-9828701981,53033,1537.8909979109612,,false,false,2850.8767116537633,0.0,0.0,0.0,-122.29832262278138,47.617982245232746
82189371-cc4a-4aa3-9235-a000c0f41ec4,033-9828701982,53033,1760.9891764255487,,false,false,2867.414738400748,0.0,0.0,0.0,-122.29807973286873,47.6179892306025
2f33e3f4-245d-471b-b611-009ff1fe697a,033-9828701983,53033,1386.2532830735327,,false,false,2871.2078583259777,0.0,0.0,0.0,-122.29808021009201,47.61806431470155
241d8ddb-b7e5-40e0-8b4e-900eca2631a6,033-9828701984,53033,1448.5138044801317,,false,false,2874.672857408827,0.0,0.0,0.0,-122.29808016118339,47.61813194737878
b56d036b-d237-45f1-8e33-5d262dc3dd64,033-9828701985,53033,1910.329995174993,,false,false,2858.1944421903518,0.0,0.0,0.0,-122.29832338790287,47.61812581612193
2c6bf61f-bda2-4a00-bd66-77bd7c28e537,033-9828701990,53033,9589.972697650268,,false,false,2873.76242161221,25.0,20.0,20.0,-122.29820650442974,47.61827679936082
5ba0a072-58fa-44f2-8a66-868afb67e7be,033-9828701996,53033,939.0087160765688,,false,false,2881.8869429096926,0.0,0.0,0.0,-122.29832841088974,47.61858478851667
b0d5cc53-45f7-4fcf-a701-4c1b1d2e15a4,033-9828701997,53033,746.65755816551,,false,false,2879.834167683341,0.0,0.0,0.0,-122.29832841971802,47.61854610419751
b0ec1199-9a77-444f-8742-e7f4385a3cb3,033-9828701998,53033,741.8941023848128,,false,false,2878.0255793106267,0.0,0.0,0.0,-122.29832842729135,47.618511943484826
275fb019-6c07-4e61-b163-6a1b8d16b53f,033-9828701999,53033,741.881762753114,,false,false,2876.226750715669,0.0,0.0,0.0,-122.29832843334964,47.61847789233822
6d05a027-1b97-4e5d-8ccd-45ee350aadd5,033-9828702000,53033,1608.018610161683,,false,false,2873.385639246181,0.0,0.0,0.0,-122.29832844531667,47.61842396451744
942cb21f-0e36-4dba-ab89-524ffafdd347,033-9828702001,53033,2406.4724476096153,,false,false,2890.3245656132585,0.0,0.0,0.0,-122.29808536974184,47.61844064142511
d6f243b3-6651-4a59-ba42-3857971d1400,033-9828702005,53033,4955.401266455842,,false,false,2889.1800157283405,0.0,0.0,20.0,-122.29832387871399,47.618715958347636
d7d16bf0-bd9a-4fbe-ab7e-434a968c5053,033-9828702010,53033,2318.11798287348,,false,false,2901.2476918047455,0.0,0.0,0.0,-122.29813953046583,47.61871501998309
f1db59d8-de9e-4f0f-82e9-aa29aa2679b5,033-9828702011,53033,2318.047678172724,,false,false,2908.9478659131873,0.0,0.0,0.0,-122.29802202828179,47.61871442551809
01ca783e-56ff-49f5-a85f-18443a502a2f,033-9828702015,53033,2406.6853563013233,,false,false,2896.085591194851,0.0,0.0,0.0,-122.29808533654679,47.618550283311926
00cbb7e2-648a-4271-acc8-b792523833f0,033-9828702020,53033,3197.3475996189886,,false,false,2933.019250900484,0.0,0.0,0.0,-122.29765531876164,47.61871257029336
d532c2a8-d4b7-44fe-9925-dc26f8844eaf,033-9828702025,53033,3197.1662398034987,,false,false,2922.373487300213,0.0,0.0,0.0,-122.29781739080302,47.61871339657678
f71ab657-27cd-4f14-ad8c-880b577c01d1,033-9828702030,53033,3197.4237115222577,,false,false,2943.6765964536853,0.0,0.0,0.0,-122.29749324794967,47.61871174436303
72432e81-df72-4e0f-be92-28a5f20f03c3,033-9828702049,53033,1323.3389374570024,,false,false,2936.0439451181833,0.0,0.0,0.0,-122.2974796209873,47.61854842877152
efe0a687-4f45-46af-a1f7-ea792baa4394,033-9828702050,53033,1718.3496563566428,,false,false,2921.268110908857,0.0,0.0,0.0,-122.29772417992878,47.61857549164701
d759974c-d08e-4b9f-844a-4518f88b959b,033-9828702051,53033,1753.9594549439566,,false,false,2918.6555155785786,0.0,0.0,0.0,-122.29772065008723,47.61852103702648
70381d60-1aa3-494b-a33e-b84c804b7d7a,033-9828702055,53033,1804.646325739667,,false,false,2904.106403610954,0.0,0.0,0.0,-122.29778058507554,47.61831715589569
129959fb-f9b5-4c84-a239-65a427d2e73e,033-9828702060,53033,1735.111569170366,,false,false,2908.2420838874573,0.0,0.0,0.0,-122.29777059134695,47.61838435502107
f50c26bb-de5d-4403-ade3-a5b031e5f9af,033-9828702061,53033,1492.757098840715,,false,false,2912.893010490292,0.0,0.0,0.0,-122.29775782909262,47.61845767604984
f1be0882-5cb0-41b0-b7c3-c285b7bd2427,033-9828702062,53033,1256.8976269005705,,false,false,2926.8541609006925,0.0,0.0,0.0,-122.29754815919931,47.61845886490516
d874e745-cf6d-4688-89b9-b4d81167da87,033-9828702063,53033,1635.3846510021492,,false,false,2925.6158681589477,0.0,0.0,0.0,-122.29752100432054,47.61839999511955
0f074e76-bc19-4f9a-9e88-c7ba738709f3,033-9828702064,53033,1665.8488305385517,,false,false,2921.26335597243,0.0,0.0,0.0,-122.29752138683646,47.618315807741155
e6504b53-8fb1-430d-b440-05962afae3dd,033-9828702065,53033,4794.954404712631,,false,false,2907.38921764017,0.0,0.0,20.0,-122.29765557836359,47.618219186665975
37c15df7-cab6-42ec-a0e2-85ef9cf06b0d,033-9828702070,53033,9589.321474163511,,false,false,2899.0261650012794,25.0,20.0,20.0,-122.29765566687713,47.61805472660309
1352580f-3edd-4827-96ef-659481e9e105,033-9828702080,53033,2870.510356812916,,false,false,2892.1204255145717,0.0,0.0,0.0,-122.29755465122179,47.617781450121825
149f3a47-d40a-4cc5-9bef-7bc1a7716938,033-9828702081,53033,3993.930165176253,,false,false,2878.550955539478,0.0,0.0,0.0,-122.29779763367945,47.61783616017881
7ebed402-1b36-4d66-81ef-4c4159a9bdd9,033-9828702082,53033,2726.9955166695495,,false,false,2897.572803772594,0.0,0.0,0.0,-122.29755458520884,47.61789111516121
6727a00f-ff00-4728-b4ac-951d36d3b6e8,033-9828702090,53033,2397.4468620789808,,false,false,2753.988127213327,0.0,0.0,0.0,-122.29963288918303,47.61779078750463
18f96cfa-9d1b-47a1-983c-1657e0efac2d,033-9828702095,53033,2397.495241130768,,false,false,2770.039783450174,0.0,0.0,0.0,-122.29938980465788,47.61778953202984
5fd50d7f-affa-40f2-9da8-765fa9a18a3b,033-9828702097,53033,1107.4561865333596,,false,false,2755.2648031542303,0.0,0.0,0.0,-122.29969671615515,47.61789606425357
5a40eb12-529b-4064-bf48-a245676d8e9a,033-9828702098,53033,963.2157581807626,,false,false,2762.305338960301,0.0,0.0,0.0,-122.29959169623768,47.617897932189315
f82d53a1-1804-4e03-a9b5-4bc2cf357cc1,033-9828702099,53033,957.0574704812952,,false,false,2768.738440893594,0.0,0.0,0.0,-122.29949765525022,47.61790199373591
82acce06-d6e6-4404-8436-de625247806e,033-9828702100,53033,1767.3893491585,,false,false,2777.9216546644147,0.0,0.0,0.0,-122.29935888481498,47.617901932078894
48c42582-534c-4435-8054-f030f13c9129,033-9828702120,53033,2566.301323915209,,false,false,2783.6213843549094,0.0,0.0,0.0,-122.29962440312615,47.61833971917376
a9c00385-e16f-408b-926c-d9ea24cad724,033-9828702121,53033,2077.204438296176,,false,false,2776.5920497738093,0.0,0.0,0.0,-122.29963529604622,47.618222150824074
89881b3a-e758-4f8a-972e-d51ec976e5fc,033-9828702122,53033,1882.5651514459319,,false,false,2800.075716655699,0.0,0.0,0.0,-122.29937794117221,47.61834499092743
a043bf03-9fbb-428e-a5fe-9c8dc34a9b0b,033-9828702123,53033,1716.2984719538947,,false,false,2792.2545126486075,0.0,0.0,0.0,-122.29943475796613,47.61826859549972
dd5740fa-06f2-44cc-858e-3e2cfcdf916c,033-9828702124,53033,1349.9705159264086,,false,false,2791.761909533928,0.0,0.0,0.0,-122.29938997635844,47.61820405815426
cba4b99f-4764-49b7-9366-2934135125d1,033-9828702125,53033,2314.4573625899293,,false,false,2788.6642477577593,0.0,0.0,0.0,-122.29963734510386,47.61844860896366
34d20025-fb4d-4d75-9cc2-de394ef82e18,033-9828702130,53033,2328.800800227507,,false,false,2794.6802134909744,0.0,0.0,0.0,-122.29963665944415,47.61855822883072
31f48935-3651-45a3-987a-1d068325364d,033-9828702131,53033,1232.5990406675453,,false,false,2811.9990112773817,0.0,0.0,0.0,-122.29939329644758,47.618584325812826
56e23728-df7b-43d1-a1b8-4907b8a58a54,033-9828702132,53033,1235.506177837761,,false,false,2808.997557560522,0.0,0.0,0.0,-122.29939364625606,47.61852951380694
175c2867-4e5d-46a5-991b-b2b870305288,033-9828702133,53033,1239.6032117717916,,false,false,2806.0059708188,0.0,0.0,0.0,-122.2993939983348,47.61847470157268
309c6231-ddcb-472e-9e05-9b7d82c68dc2,033-9828702134,53033,1242.5064523947624,,false,false,2803.024785950239,0.0,0.0,0.0,-122.2993943460668,47.61841989039606
8be594d1-d1fb-4ab4-8a21-9d1f996a970d,033-9828702140,53033,3197.6087915401345,,false,false,2822.339132863377,0.0,0.0,0.0,-122.29934942198754,47.6187211636964
e30813d9-0307-4b78-b916-74ae1e6d8ff9,033-9828702155,53033,3178.915291240466,,false,false,2855.96874739055,0.0,0.0,0.0,-122.29887813911967,47.618773555232096
fa9797b8-ba86-4e1f-a679-97c0d7b3601f,033-9828702156,53033,1589.237770441441,,false,false,2851.503310344694,0.0,0.0,0.0,-122.2988781411271,47.618691288110725
b8b6d933-4eed-4b64-866d-84833a8b56b1,033-9828702157,53033,1589.2132871024571,,false,false,2848.5388992549856,0.0,0.0,0.0,-122.29887814195068,47.61863644487999
42a13e7a-e0c2-4c89-bc13-758593d75f06,033-9828702158,53033,1621.1595390323387,,false,false,2839.8289118808125,0.0,0.0,0.0,-122.29908027915694,47.618719747493905
532196d4-7e59-47ee-8a79-4137e6ac318f,033-9828702159,53033,1621.1258380927381,,false,false,2834.4859162873495,0.0,0.0,0.0,-122.29916243169758,47.61872016748697
53d365a4-7804-44dc-a15e-60378f8f0af7,033-9828702165,53033,4799.305252242163,,false,false,2838.7434939171044,0.0,0.0,20.0,-122.29896029370686,47.61855460898187
3e642369-ced0-4255-a8a5-861a0fe2d568,033-9828702170,53033,4799.004240464181,,false,false,2832.8633345380417,0.0,0.0,20.0,-122.29896030000741,47.61844492673071
0ee3f0da-36ae-49cb-8933-ca21365b4e26,033-9828702174,53033,1702.8124258435523,,false,false,2837.313785495911,0.0,0.0,0.0,-122.29880343845726,47.61833432924652
c10bc5dc-a429-492d-a89a-2c04122e8f1c,033-9828702175,53033,1440.2791034590343,,false,false,2826.8668318107098,0.0,0.0,0.0,-122.29896269678567,47.61833525830556
98eb0406-5580-45d1-be76-9748f4621e42,033-9828702176,53033,1655.5645664991455,,false,false,2816.5877388946005,0.0,0.0,0.0,-122.2991195761751,47.61833617754785
f7b35b95-bb26-4863-9b89-e6c482f86a25,033-9828702180,53033,4798.497894985536,,false,false,2821.224494279345,0.0,0.0,20.0,-122.29896031354164,47.61822556477217
8de0442c-df31-4985-8809-a57bda68040c,033-9828702190,53033,9596.092832840735,,false,false,2812.6026927809407,25.0,20.0,20.0,-122.29896032192438,47.618061043225076
4cce10b4-43f3-4282-8039-fbbeea6e0ea1,033-9828702195,53033,3185.0264635291364,,false,false,2812.0056908492647,0.0,0.0,0.0,-122.29879816795797,47.61784105952736
65489f13-51da-40e5-896d-f55b3b4d93a4,033-9828702200,53033,3194.515365790027,,false,false,2790.5443131691795,0.0,0.0,0.0,-122.29912235180198,47.61784280146592
a0c44057-b028-4b7b-b0ba-223d65142777,033-9828702205,53033,3193.511849969119,,false,false,2801.2752972597955,0.0,0.0,0.0,-122.29896016572808,47.61784192733484
b4c9b401-fbe6-453f-b4ea-a9336ca34343,033-9828702225,53033,9597.797816072029,,false,false,2834.108584529113,25.0,20.0,20.0,-122.2995115919331,47.61912219387901
606bb86c-440b-4dcb-a9e1-33b28ee491e1,033-9828702235,53033,4798.480911813892,,false,false,2843.4234121375925,0.0,0.0,20.0,-122.29951155687878,47.619286665841855
a65a8f5b-35be-436d-8e0f-2694f3d683b1,033-9828702239,53033,1252.9149580757082,,false,false,2852.500541409924,0.0,0.0,0.0,-122.29963835730084,47.619586326836895
c861dd0d-5439-401a-88cc-85e13d0cef05,033-9828702241,53033,930.1197180059361,,false,false,2849.454785578689,0.0,0.0,0.0,-122.29963870581871,47.61953412775859
72eb893a-7dcc-40d9-b4fb-e3406bd639c9,033-9828702242,53033,1250.352205721036,,false,false,2846.411641107441,0.0,0.0,0.0,-122.29963905768209,47.619481828961625
cd533c38-2edd-42e6-ab52-bc94ecbba84b,033-9828702243,53033,1365.700473644241,,false,false,2867.9966424332965,0.0,0.0,0.0,-122.29939512239808,47.61958505345504
074401af-e729-4088-a66c-6b8ea9827394,033-9828702244,53033,1019.6218332804915,,false,false,2864.9682498220636,0.0,0.0,0.0,-122.29939547325564,47.61953287007863
d5000500-6c39-4818-af98-742aadd7f09f,033-9828702245,53033,1378.3736234556143,,false,false,2861.940954339103,0.0,0.0,0.0,-122.29939582418837,47.61948055666742
15000097-7026-4643-8bc4-8e9a784cc97e,033-9828702246,53033,939.9122821850101,,false,false,2859.076653297551,0.0,0.0,0.0,-122.29963745621306,47.61969836872877
13938d56-8477-4680-bb68-9f3242f7d3f5,033-9828702247,53033,1258.1641992665936,,false,false,2856.00678445438,0.0,0.0,0.0,-122.29963790124246,47.619646175799126
ee08380c-d758-4035-b5c3-b8bee4447d19,033-9828702248,53033,1356.849941824742,,false,false,2877.6053448540074,0.0,0.0,0.0,-122.2993937751523,47.619749399472525
095a4391-ec85-4f6f-a181-8baa1a6a6efc,033-9828702249,53033,1009.8612516209478,,false,false,2874.537498431759,0.0,0.0,0.0,-122.29939422106851,47.61969710219579
58f69c9a-5aee-4e23-bfea-33cd3e032214,033-9828702250,53033,1361.4807674799763,,false,false,2871.483306699661,0.0,0.0,0.0,-122.29939466490636,47.61964489170176
fc30aa6f-2254-4fb3-bff1-2129268955c8,033-9828702251,53033,1271.927334414334,,false,false,2862.1621780556684,0.0,0.0,0.0,-122.29963701162684,47.619750684843645
5393f4b9-773f-409f-8b3f-8f98e3f278b4,033-9828702260,53033,1167.9794976816495,,false,false,2868.803963596438,0.0,0.0,0.0,-122.29963619044383,47.619862956611186
42f8162b-13d1-40c6-ae57-b09346fce729,033-9828702261,53033,1165.8922094299817,,false,false,2865.5573711526463,0.0,0.0,0.0,-122.29963657102574,47.61980813710746
ea6b9453-bb3d-4df5-a196-49ed543a4b78,033-9828702262,53033,1234.7372565955898,,false,false,2880.982822389315,0.0,0.0,0.0,-122.29939333405817,47.61980686162652
6ed4f337-dec6-48b8-b4df-35c30f5aac39,033-9828702263,53033,1229.8424386827905,,false,false,2884.2117730582777,0.0,0.0,0.0,-122.29939295495859,47.619861680306286
9976a055-14c2-4acc-b088-5eba8bdf2f03,033-9828702265,53033,1169.531768959996,,false,false,2875.2760191544594,0.0,0.0,0.0,-122.29963616997637,47.61997256337662
46c511b1-6d35-4621-87f4-b3265f3b2f1e,033-9828702266,53033,1164.4099555558034,,false,false,2872.0117184138467,0.0,0.0,0.0,-122.29963653689812,47.61991774345671
405e3310-a8ab-4c45-940f-a49c2e1eafbb,033-9828702267,53033,1233.3121920525116,,false,false,2887.4023546780763,0.0,0.0,0.0,-122.29939330008831,47.61991647293062
33bcf941-b0b2-4ef0-b947-f1bfad938120,033-9828702268,53033,1231.1561483942517,,false,false,2890.648913351952,0.0,0.0,0.0,-122.29939293550498,47.619971291614206
367b7ec7-3685-43a5-8c9c-83ee9c91b4bc,033-9828702275,53033,4798.26525566002,,false,false,2922.898550740112,0.0,0.0,20.0,-122.29896006715148,47.620051325451
24774a6c-48bf-4896-bf8f-52fcdffe7c17,033-9828702280,53033,4798.374093899744,,false,false,2916.4939565950276,0.0,0.0,20.0,-122.29896008516904,47.61994168708364
b7fd0d8b-ad06-49df-bb23-75cab6675d21,033-9828702282,53033,2293.253301260793,,false,false,2917.8178549813797,0.0,0.0,0.0,-122.29884347599658,47.61983594705662
bd8403ae-1f5e-422c-8acb-c16449b8b205,033-9828702285,53033,1402.2265937406241,,false,false,2910.0998282640726,0.0,0.0,0.0,-122.29884049441854,47.61969850769323
9f6cd8c9-6c74-4676-9db0-a38d382578f4,033-9828702286,53033,1235.827530376876,,false,false,2913.5030126087704,0.0,0.0,0.0,-122.29884053989203,47.619757822762224
968af4e3-acc2-4d73-b420-d89d6dd11689,033-9828702287,53033,1165.4849731753413,,false,false,2894.3094113694215,0.0,0.0,0.0,-122.29908372964078,47.6196952968409
0f582291-be69-4455-a269-f4eeabf6aa6c,033-9828702288,53033,1166.7561969983383,,false,false,2897.4367540197045,0.0,0.0,0.0,-122.29908371691889,47.619749468334085
ed46464f-583a-47b3-bcd9-a723a0f3452f,033-9828702289,53033,1139.4446269182963,,false,false,2900.407758712368,0.0,0.0,0.0,-122.29908616089973,47.61980349585302
d421c31d-6aec-4cac-a996-86b86413f2ab,033-9828702290,53033,1193.4321411043263,,false,false,2903.5975478894416,0.0,0.0,0.0,-122.299086737838,47.61985907302055
00efd87d-5314-42bd-82ad-dd871e07b7d1,033-9828702292,53033,1274.5431110826642,,false,false,2897.1358780702612,0.0,0.0,0.0,-122.29884446416926,47.61947549219058
3b59fa38-2817-4b32-90f5-c3aba3d8d197,033-9828702293,53033,1034.0766869035183,,false,false,2900.0146982768447,0.0,0.0,0.0,-122.29884412168806,47.61952586181571
448edd2f-1528-43a9-b7a1-e691787edfd1,033-9828702294,53033,1031.7279568668519,,false,false,2902.6029482722442,0.0,0.0,0.0,-122.29884382703868,47.619571043207316
e1eae635-e974-4487-ace5-a533d28a37e9,033-9828702295,53033,1670.0536286048034,,false,false,2906.0062169101534,0.0,0.0,0.0,-122.29884345181289,47.61963029559645
1f408737-72c5-427c-824b-f2435a00d746,033-9828702296,53033,1303.3072557116325,,false,false,2890.78135588929,0.0,0.0,0.0,-122.29908664412585,47.61963723243138
612d0b61-4816-4792-8b19-13799b8fcc34,033-9828702297,53033,996.5666942283672,,false,false,2887.6132020858295,0.0,0.0,0.0,-122.29908700236442,47.61958240732596
1483eeb9-b164-44da-9cc7-1ab3b69951d0,033-9828702298,53033,993.9448344217329,,false,false,2884.8709148242247,0.0,0.0,0.0,-122.29908731481781,47.61953482164246
3efa5eb3-f549-4d8d-86c6-ce1898563c44,033-9828702299,53033,1292.2086952980137,,false,false,2881.7212143705874,0.0,0.0,0.0,-122.29908767344725,47.61948001208578
992a4486-c62e-49af-9fa3-15b84744086e,033-9828702305,53033,1423.1189550568256,,false,false,2893.9249436763425,0.0,0.0,0.0,-122.29884220864624,47.619416128052
d04057dc-a158-454a-b8f3-de37c045c013,033-9828702306,53033,1098.3722199809317,,false,false,2890.753159401446,0.0,0.0,0.0,-122.29884257163155,47.619360263977
d5b7c114-2e04-446c-aa7c-a914369bf848,033-9828702307,53033,1157.6588075975753,,false,false,2874.4956744215137,0.0,0.0,0.0,-122.29902785404045,47.619284206485354
957fcda9-a8ed-49b7-9061-a2b4e090c62a,033-9828702308,53033,1731.4640964565572,,false,false,2872.5354081364603,0.0,0.0,0.0,-122.29885224777168,47.61904485340294
d38baa93-053c-4740-a7bf-a8a01b6013e1,033-9828702309,53033,1088.611486801201,,false,false,2875.83037305483,0.0,0.0,0.0,-122.29885098492905,47.61910288861955
5a435d9f-8a0e-49dd-80b0-06d9ede3af28,033-9828702310,53033,1091.2793037710853,,false,false,2878.3221113233058,0.0,0.0,0.0,-122.29885099462452,47.61914777486998
05e33d9c-2ed7-4155-b475-90c8f20ef137,033-9828702311,53033,954.5481032588038,,false,false,2854.0435725219995,0.0,0.0,0.0,-122.29915095020637,47.61906126110203
80895a1a-5a86-452b-b727-f368cf6c73a3,033-9828702312,53033,949.8758091303025,,false,false,2860.8551858899345,0.0,0.0,0.0,-122.29904278920273,47.61905752054544
18543702-dcc5-45ee-8f00-61aa68ab79a9,033-9828702313,53033,1057.8625945953945,,false,false,2867.50234488653,0.0,0.0,0.0,-122.29904756184983,47.61918229658743
3d48cb22-0740-43fc-b682-c1d50f82a5bb,033-9828702314,53033,1308.28483815527,,false,false,2860.728339106725,0.0,0.0,0.0,-122.29913126526324,47.619158122440034
740828e9-7808-4736-81e9-a3525cd6f6d5,033-9828702315,53033,1415.2871319384299,,false,false,2881.044320994667,0.0,0.0,0.0,-122.29885330711662,47.61919935665808
e6b4f7e4-6298-466d-aee2-3ff538fe5baf,033-9828702316,53033,1153.2063476843803,,false,false,2866.965721487619,0.0,0.0,0.0,-122.29914499486675,47.619284911242595
b2bfdb8b-ea8a-4639-b4bd-f948e27d7e2e,033-9828702317,53033,1157.6538407283913,,false,false,2880.773513875287,0.0,0.0,0.0,-122.29902644646413,47.619393838022795
3490fe9d-cbca-45e2-8855-3d62be37b98d,033-9828702318,53033,1166.8669749957076,,false,false,2873.2154973224106,0.0,0.0,0.0,-122.29914428053155,47.61939454521659
b1215887-3be8-495a-b835-d950a15929e4,033-9828702319,53033,1338.6848643248502,,false,false,2884.966628634946,0.0,0.0,0.0,-122.29884324029042,47.61925789891141
8739013c-90ec-4f92-8076-6f53a7236c3b,033-9828702320,53033,1101.0843325476144,,false,false,2888.0017943948856,0.0,0.0,0.0,-122.29884288988872,47.61931166599998
b50455ac-46b1-4400-ab1c-c908f345a71b,033-9828702334,53033,1032.746073042442,,false,false,2918.4166453335315,0.0,0.0,0.0,-122.29964987301193,47.620702046142306
de0df24e-fdc5-43df-9faf-938e283d7594,033-9828702335,53033,690.6047042793725,,false,false,2906.156378334153,0.0,0.0,0.0,-122.299684361262,47.62053697764279
e9a1f35d-29eb-4520-a03c-bc6d5b7898ed,033-9828702336,53033,740.1962733591012,,false,false,2909.7615572340496,0.0,0.0,0.0,-122.29967990351544,47.62059145168129
8d2d4e5e-83a4-4886-a43d-6b45cd7bbc75,033-9828702337,53033,1202.367291068626,,false,false,2916.334196540494,0.0,0.0,0.0,-122.29954865575044,47.62056437998925
bd431dfc-e300-4265-b5ce-8af33c153d74,033-9828702338,53033,1083.2103659428585,,false,false,2928.6731199897176,0.0,0.0,0.0,-122.29937771016884,47.62059089262969
43902174-b33f-4845-b095-1c05f131f488,033-9828702339,53033,1084.8938167836593,,false,false,2925.321396065271,0.0,0.0,0.0,-122.29937810205365,47.62053603960224
0ae18801-e7df-43b8-9799-de12a323e125,033-9828702340,53033,1029.1518003164445,,false,false,2915.0287135047624,0.0,0.0,0.0,-122.29965024714593,47.62064719553354
006432bd-79a5-413a-8061-1c84d77a79d1,033-9828702341,53033,1367.7991357586293,,false,false,2933.5530564019764,0.0,0.0,0.0,-122.29940663905609,47.62070077631953
f9a2a091-4a31-467a-a48a-39b563b9d3ed,033-9828702342,53033,1371.3853392859862,,false,false,2930.1828264866667,0.0,0.0,0.0,-122.29940701227791,47.620645925847676
a7b9f41b-3923-48ab-b787-964824e7cedc,033-9828702345,53033,4801.075605681206,,false,false,2932.0865891412204,0.0,0.0,20.0,-122.29951126023532,47.620783601344144
20e9dc4b-680c-4a90-9b41-0f5aa20da2df,033-9828702360,53033,24006.967161053275,,false,false,2979.839810291857,25.0,20.0,20.0,-122.29895987107963,47.621000209445455
7bccd46d-7a5c-4ac2-bcc6-0ac2bca8f71c,033-9828702388,53033,1218.3424639088023,,false,false,2969.092697988932,0.0,0.0,0.0,-122.29883711885688,47.62069717885797
cbbbc449-89c9-4782-8716-963332f76bd0,033-9828702389,53033,1162.4241308767294,,false,false,2965.763092206521,0.0,0.0,0.0,-122.29883749323936,47.62064232594805
0c158a71-4fe8-4c40-a13f-9a8740124516,033-9828702390,53033,1165.5125849238123,,false,false,2962.5256454630558,0.0,0.0,0.0,-122.29883785685,47.62058885005701
a080390d-0a07-40c7-b06a-a0fe3f31a8be,033-9828702391,53033,1229.5386912905317,,false,false,2959.213451654516,0.0,0.0,0.0,-122.2988382292119,47.620533994560866
f25c16b2-a93b-49c6-95ad-279dd98fd0b1,033-9828702392,53033,1231.809209234701,,false,false,2943.944019772524,0.0,0.0,0.0,-122.29908146841352,47.620535267634516
c37874a5-f3ce-4081-9d33-b4ee47ace34f,033-9828702393,53033,1174.5951956552872,,false,false,2947.273218493001,0.0,0.0,0.0,-122.29908109678989,47.62059011906903
ebf3fd37-f952-4233-a10b-8287e1c5c4c4,033-9828702394,53033,1178.3085482223598,,false,false,2950.527341429716,0.0,0.0,0.0,-122.29908073524008,47.62064359394307
a5a22bb3-5280-466e-824a-05799e47536d,033-9828702395,53033,1242.4582010333747,,false,false,2953.87433374211,0.0,0.0,0.0,-122.29908036147044,47.62069844878559
6acbfca3-7ebe-4f79-a432-09b73ada25c7,033-9828702400,53033,4801.429628003955,,false,false,2946.5955047425186,0.0,0.0,20.0,-122.29895998178988,47.62045165635134
69f9c1cc-c3a9-40fd-8fca-dd0853b53283,033-9828702405,53033,4801.70206763216,,false,false,2940.053603422094,0.0,0.0,20.0,-122.29895999773723,47.62034194266749
84231ac3-1e7d-427a-ad1e-9e0b45e02edb,033-9828702425,53033,599.5575844797759,,false,false,2834.7086509974088,0.0,0.0,0.0,-122.300620373257,47.620326305903305
77dae1c0-3720-4f04-b486-7afa7148b5b3,033-9828702435,53033,2884.446553986175,,false,false,2850.432557322167,0.0,0.0,0.0,-122.30069102881394,47.62065006976172
1e8a7fe3-97bb-40bc-bb05-6dca9b129013,033-9828702440,53033,1006.2069503006201,,false,false,2844.445354822664,0.0,0.0,0.0,-122.30095937326466,47.620817665975
41527ef1-70ae-4594-928c-0ae3525477d6,033-9828702441,53033,1003.4164212210716,,false,false,2840.9473464150515,0.0,0.0,0.0,-122.3009595809687,47.62076273017606
c481aff0-1bb2-43e9-836a-c03318d8f5d2,033-9828702442,53033,1403.0235509439658,,false,false,2855.8962443667147,0.0,0.0,0.0,-122.3007160814273,47.62076166057114
d8cffe91-1bb3-4121-94ce-c4f1f7898894,033-9828702443,53033,1400.406193015623,,false,false,2859.376035805585,0.0,0.0,0.0,-122.30071585072638,47.62081657773908
6fd6b09e-1bf5-439c-9c1b-dea380c18108,033-9828702450,53033,4813.703676464492,,false,false,2858.3504016402876,0.0,0.0,20.0,-122.3008177585879,47.62089942032527
d1e3ff17-10a5-4863-aeb0-74429be05e64,033-9828702455,53033,4814.658132053544,,false,false,2865.3437077999474,0.0,0.0,20.0,-122.30081787222575,47.62100926967918
e1453f46-d768-4bf2-b53f-edd2824d7531,033-9828702460,53033,1006.7609769646872,,false,false,2865.5153817494556,0.0,0.0,0.0,-122.30095979537514,47.62114728167913
827dfe24-f666-4b62-9e69-1b43d4725340,033-9828702461,53033,1004.0163761921852,,false,false,2861.965622344087,0.0,0.0,0.0,-122.30095999217158,47.62109234678217
01320b01-3a57-44ca-91e2-8fd36cf250ca,033-9828702462,53033,1403.591384214843,,false,false,2876.8041000079397,0.0,0.0,0.0,-122.30071636282969,47.6210911622114
91eb92b9-a5d4-49ff-9ba9-b94afb9ff8b2,033-9828702463,53033,1401.0489561629042,,false,false,2880.335285746574,0.0,0.0,0.0,-122.30071614660868,47.62114607723905
98b25165-54ca-4468-a3a3-5cdbbbcb51b9,033-9828702465,53033,1911.1021994093524,,false,false,2873.3521091319235,0.0,0.0,0.0,-122.30093297227204,47.621243268791154
3068abb0-b255-4796-8597-13297813bca2,033-9828702466,53033,1204.0647628104534,,false,false,2883.977021253499,0.0,0.0,0.0,-122.30074332773734,47.621228596779176
0617f573-b0c8-4a0b-ae36-4ce384089a53,033-9828702467,53033,1067.0765667507637,,false,false,2890.960658229141,0.0,0.0,0.0,-122.30062839841173,47.62122794278553
6a1014d0-9bef-40d6-859d-62de8decfa65,033-9828702470,53033,2739.31118673923,,false,false,2902.1879990706334,0.0,0.0,0.0,-122.30041613478055,47.62120023803723
41dd1d3b-f8a8-4729-bfd7-7dfc502d1406,033-9828702471,53033,15920.29826228035,,false,false,2900.116563512016,25.0,20.0,20.0,-122.30027702673895,47.62103303325483
2bf258d1-dd42-4ac7-94b3-2995e4c38a3d,033-9828702513,53033,927.8547901242684,,false,false,2736.5817590518027,0.0,0.0,0.0,-122.30096331865403,47.61904854982451
f5d9f18b-bb7b-4c4d-83cf-e0e44a53d107,033-9828702514,53033,1064.834995076538,,false,false,2740.201657454128,0.0,0.0,0.0,-122.30095496256766,47.61910165106446
6e159084-910c-4fcb-b386-76516c201708,033-9828702515,53033,1412.0471481251514,,false,false,2755.933369353618,0.0,0.0,0.0,-122.30070675142589,47.6190992663834
86e7c7f3-fccd-4bce-ad78-9ef713c71430,033-9828702516,53033,1392.0817278757436,,false,false,2751.3966412963505,0.0,0.0,0.0,-122.30072757305365,47.61904382240965
46e64c3f-a2a2-4332-93ca-c925e235f9e0,033-9828702517,53033,1061.6699125903647,,false,false,2743.413306973588,0.0,0.0,0.0,-122.30095523886725,47.619157054702725
6b21eabe-1164-479d-a76e-96b18d5cc48f,033-9828702518,53033,931.1418866979845,,false,false,2746.032512503544,0.0,0.0,0.0,-122.3009629337981,47.61921024135734
d9f9998e-de4f-4bb5-853d-02ffb0f4d7c1,033-9828702519,53033,1387.0770007855033,,false,false,2761.2155585576425,0.0,0.0,0.0,-122.30072704298374,47.61921260366701
799b76a5-469a-4fd9-bb83-a802fc75b516,033-9828702520,53033,1416.0098192403107,,false,false,2759.254854695217,0.0,0.0,0.0,-122.30070708931862,47.619156958777516
b503d333-98f0-423a-9eca-732851aab84c,033-9828702540,53033,14386.536011512522,,false,false,2766.5912762463417,25.0,20.0,20.0,-122.30081735976162,47.61940244559608
808d499f-c2c7-4e3c-84be-bc338efac9c9,033-9828702555,53033,1034.9069440780822,,false,false,2772.526769554594,0.0,0.0,0.0,-122.30095559391512,47.619649442504425
de23947f-2445-4329-a3a5-f470270ed392,033-9828702556,53033,1030.4279862761625,,false,false,2769.2246412896525,0.0,0.0,0.0,-122.3009559787646,47.61959469688074
073c10a0-b290-4456-861b-226f378b6e38,033-9828702557,53033,1365.9299334960308,,false,false,2784.556827190287,0.0,0.0,0.0,-122.300712624727,47.619593623464894
5bcdc2c6-d263-400a-a79b-cfeb49d20f2f,033-9828702558,53033,951.9331627396901,,false,false,2782.913963906056,0.0,0.0,0.0,-122.30092718754493,47.61979232582859
7db8963e-9b9d-47d3-a735-9bacbececa52,033-9828702559,53033,950.2110977533191,,false,false,2780.504159939135,0.0,0.0,0.0,-122.30092745343093,47.619752645856394
be418659-a434-4524-b40e-36bc121f95c2,033-9828702560,53033,1340.479482684558,,false,false,2777.6025922337476,0.0,0.0,0.0,-122.30092777471572,47.61970476107786
0cfbc16b-e9ae-4d41-97a8-98772b0eb433,033-9828702561,53033,1312.9465186540338,,false,false,2793.220955141162,0.0,0.0,0.0,-122.30068408655045,47.61970867005288
70c2fd03-d33e-422e-b05c-b4cffd99d6e8,033-9828702562,53033,995.2326026370839,,false,false,2796.7047044880464,0.0,0.0,0.0,-122.30068403018812,47.61976680008985
d704e35c-11a2-4062-9f85-4ac1b068b427,033-9828702563,53033,1489.835506627641,,false,false,2800.4862858458328,0.0,0.0,0.0,-122.3006838835372,47.619829611043
23ece259-43e6-4433-a319-e1cc3b847a60,033-9828702565,53033,1350.16731122073,,false,false,2785.8308989954207,0.0,0.0,0.0,-122.30092686761454,47.61984024984026
a3afe68c-6814-4807-a224-25f097b23c23,033-9828702566,53033,1363.7572034837506,,false,false,2787.841323988759,0.0,0.0,0.0,-122.30071224578714,47.61964838570644
b559bd20-0523-4e2b-90bb-d80ff6e7bedb,033-9828702585,53033,4797.53591802323,,false,false,2840.568423171564,0.0,0.0,20.0,-122.30026554065883,47.620057493047064
4b9a4ebe-a9e6-4f2c-a6ab-d1a5555be39e,033-9828702588,53033,1797.9413340997066,,false,false,2843.546410422362,0.0,0.0,0.0,-122.30011344226172,47.6199472447617
565a51ff-a82b-4fd2-9859-fe57d2f16971,033-9828702589,53033,1501.6658859333795,,false,false,2829.9044396428667,0.0,0.0,0.0,-122.30035656430815,47.61997565597873
fd1ea5e4-4801-4f9a-b6d6-20b6c3b4e7e1,033-9828702590,53033,1498.262655563029,,false,false,2826.58918105176,0.0,0.0,0.0,-122.30035693292473,47.61992086623515
236cd044-dc99-4f68-9b41-8b7e64f50ea5,033-9828702592,53033,1438.714484476967,,false,false,2821.7067910384067,0.0,0.0,0.0,-122.30037910564155,47.6198627513114
f7a5c254-e015-4771-8cf7-78c501465268,033-9828702593,53033,1120.9209979580392,,false,false,2818.4311485583507,0.0,0.0,0.0,-122.3003791269862,47.61980796398015
51ea50b3-ab7c-4f19-ac94-9d181ad53d31,033-9828702594,53033,1120.968144204837,,false,false,2815.570299966539,0.0,0.0,0.0,-122.30037913919328,47.61975997873803
e7acead5-b4d8-4b56-abb4-ab98fd6ea70a,033-9828702595,53033,1438.7724160458229,,false,false,2812.3124555140885,0.0,0.0,0.0,-122.30037915763587,47.61970519151597
761560c6-b402-4ab6-a70c-d16871c0ac5a,033-9828702596,53033,1399.5588564326456,,false,false,2836.830309051326,0.0,0.0,0.0,-122.30013578772272,47.61985832637532
8232d50a-f78e-4928-a2dc-d7932e41ed64,033-9828702597,53033,1399.6082808466138,,false,false,2832.7578772505503,0.0,0.0,0.0,-122.3001358040855,47.619789788613375
0757002c-ad77-4a96-a222-b89bbc121d4c,033-9828702598,53033,1677.5326471990556,,false,false,2828.2982824256483,0.0,0.0,0.0,-122.30013581965757,47.61971444753577
afcc1ef5-9cfc-4b8b-8372-c08c50b6e1ea,033-9828702605,53033,4798.6366705210685,,false,false,2814.425164263568,0.0,0.0,20.0,-122.30026566384403,47.619619121642764
c37b692e-e1ba-4a07-83ee-8d890cc3135e,033-9828702610,53033,14396.43158715852,,false,false,2801.579897775268,25.0,20.0,20.0,-122.30026572447414,47.61939993141263
3d3be36b-c00b-49a2-8237-10fe6fb24efb,033-9828702625,53033,9599.197158350782,,false,false,2785.739866165177,25.0,20.0,20.0,-122.30026580302388,47.61912594611052
c9adfae5-6095-43f8-a098-7045a2a0f2fd,033-9828702645,53033,4798.061904857829,,false,false,2688.0308424418845,0.0,0.0,20.0,-122.30081684381598,47.61801611181189
9dae6d67-0307-4ba0-8c62-4fa7d40bd0c5,033-9828702648,53033,1181.4791209670902,,false,false,2687.3419649618504,0.0,0.0,0.0,-122.30094616256495,47.618157915669414
0697291b-e52f-4136-a0cf-6858681acef0,033-9828702649,53033,1177.715540316239,,false,false,2684.1622835780868,0.0,0.0,0.0,-122.30094647771908,47.61810037046998
8c34c6a3-7112-4449-bdb3-e381f37ae7c7,033-9828702650,53033,1341.9300564651983,,false,false,2699.975678559762,0.0,0.0,0.0,-122.30070318284758,47.618099102161
5250a766-4e85-4db1-9fb1-0ff7eeeced76,033-9828702651,53033,1337.393190537556,,false,false,2703.1369408207875,0.0,0.0,0.0,-122.30070286303537,47.618156648637765
4c904e88-6cd6-4639-a2d0-492337b08bc1,033-9828702655,53033,2279.316745986618,,false,false,2701.598191010169,0.0,0.0,0.0,-122.300817055022,47.61826410579368
5bcfa448-888e-42bb-921d-86baed17c473,033-9828702656,53033,2279.214199142354,,false,false,2698.7322048579636,0.0,0.0,0.0,-122.30081701086013,47.61821204313323
005e5c6d-c0f7-4d38-b021-ff3543949523,033-9828702665,53033,958.639381826771,,false,false,2704.2760429977347,0.0,0.0,0.0,-122.30096334494507,47.6184827207382
0c08b359-23bc-4f2d-ae75-a4567113d5c9,033-9828702666,53033,955.5160826885161,,false,false,2701.1843820982313,0.0,0.0,0.0,-122.30096365752728,47.6184279186053
8ab3a18c-54d4-485a-8eb8-4cd09eb442fb,033-9828702667,53033,1444.67106441807,,false,false,2716.8909697022214,0.0,0.0,0.0,-122.30072032085218,47.6184266536556
c16aebcc-d215-45d3-825d-5d6885e18097,033-9828702668,53033,1440.364889677804,,false,false,2719.965355939954,0.0,0.0,0.0,-122.30071999770233,47.61848145700007
7fc0445d-63b3-437d-beb5-85e3a46d72cd,033-9828702671,53033,1608.8730644602308,,false,false,2707.8934717762413,0.0,0.0,0.0,-122.30097908831021,47.61856506394309
a8ba3eb8-d31e-4267-aa20-3de16b127076,033-9828702672,53033,1085.7893612341268,,false,false,2716.6786039582057,0.0,0.0,0.0,-122.30084245551629,47.61856429036158
a197944b-20c6-4407-bdf0-1786d663ae6d,033-9828702673,53033,2104.8796771444845,,false,false,2727.0955871922692,0.0,0.0,0.0,-122.30068067659349,47.618563407819984
8a288b33-25ca-4958-ac88-9a280f9df53c,033-9828702674,53033,1036.6053092561833,,false,false,2717.160734916874,0.0,0.0,0.0,-122.30095567292192,47.618701981145136
f8cd31f9-c5ae-4e99-a4fd-6e131379217f,033-9828702675,53033,1044.8408514452765,,false,false,2714.105302760647,0.0,0.0,0.0,-122.30095479909512,47.61864717539442
e8c7b499-4f18-4720-830d-db0cfa252119,033-9828702676,53033,1369.2811277069193,,false,false,2732.7470644530868,0.0,0.0,0.0,-122.30071257098855,47.61870043974651
d7ba11b4-9037-4023-a4bb-5e0e1da0c1b8,033-9828702677,53033,1349.0972522039724,,false,false,2729.7458684264016,0.0,0.0,0.0,-122.30071113844895,47.61864563138726
267832e7-3f05-41db-b4c3-64e58f442b87,033-9828702680,53033,4800.082121195767,,false,false,2730.691123454527,0.0,0.0,20.0,-122.30081749088966,47.61878338217458
3bbfc568-3a9b-4ea2-9709-55add853b971,033-9828702685,53033,1844.6206397160956,,false,false,2756.490597019748,0.0,0.0,0.0,-122.30041566483769,47.61878142689835
875c2876-762c-4de4-a802-09a6626b8579,033-9828702686,53033,779.4267860193593,,false,false,2765.046846190004,0.0,0.0,0.0,-122.30028261860241,47.61878068477895
342ffe31-889d-4bcd-9f55-e78f66fb9bcd,033-9828702687,53033,779.4276437403855,,false,false,2770.136587173564,0.0,0.0,0.0,-122.30020358133702,47.61878028556862
3a78baa6-d125-4534-9847-f14413b41b0c,033-9828702688,53033,1396.8138089492518,,false,false,2777.242126454883,0.0,0.0,0.0,-122.30009324388348,47.6187796323292
bba91aa8-89e8-4575-9f65-3bbcebb4a7f3,033-9828702690,53033,1335.6380641141532,,false,false,2751.497781711065,0.0,0.0,0.0,-122.30037366437521,47.61864413749612
7d942e66-e1a0-4b50-a952-ab9c2434386c,033-9828702691,53033,1064.3820441332855,,false,false,2767.2110785274335,0.0,0.0,0.0,-122.30013029919537,47.61864287595378
8042f8e4-20cf-404e-98a8-7e7b93f15c5b,033-9828702692,53033,1060.6717921351083,,false,false,2770.2851728992064,0.0,0.0,0.0,-122.30012994408479,47.618697683692524
050be86a-ce7b-47d9-bdbc-33f9a6d99712,033-9828702693,53033,1339.3843395609897,,false,false,2754.5888884907295,0.0,0.0,0.0,-122.30037331797762,47.61869894326894
ad4fb3d8-1764-487b-a6ee-a40f91795468,033-9828702695,53033,4799.696580424186,,false,false,2753.892857339819,0.0,0.0,20.0,-122.30026569296021,47.61856136645306
d76a762d-c639-46a3-b542-6ffcfce61532,033-9828702700,53033,4799.533232439364,,false,false,2747.8355361914855,0.0,0.0,20.0,-122.30026563360686,47.61845175011728
1d02d1d2-9888-4e4e-bdea-1e55cc8ca731,033-9828702705,53033,4799.153795017378,,false,false,2741.8189403767997,0.0,0.0,20.0,-122.30026557492084,47.61834213314684
d60b91e7-9d53-4e05-a922-b23d1207eb63,033-9828702710,53033,4798.838773072818,,false,false,2735.8433795997116,0.0,0.0,20.0,-122.30026551793264,47.61823251751844
73fcd7bd-64b4-4ae4-835f-5bca8657e96b,033-9828702715,53033,4798.694274918967,,false,false,2729.909033810983,0.0,0.0,20.0,-122.30026546184631,47.61812290064464
4131ecb3-1255-49d8-9591-49c7789e2c5e,033-9828702720,53033,3633.161487932816,,false,false,2724.741099307855,0.0,0.0,0.0,-122.30026523470208,47.6180265907376
eac6f60f-1f35-4830-836d-efbca6945670,033-9828702725,53033,3602.7608975643725,,false,false,2720.3121988323396,0.0,0.0,0.0,-122.30026533808086,47.6179439385192
8fcce7d8-2b98-4c0e-8a47-eebd27affd70,033-9828702729,53033,992.9616157406159,,false,false,2727.4883671250595,0.0,0.0,0.0,-122.30008909702742,47.61786050524832
4f82c2bc-cec1-4587-a728-add76ec22180,033-9828702730,53033,1080.0889182010926,,false,false,2718.3109168249,0.0,0.0,0.0,-122.30022905291754,47.617861411697746
1417c560-713e-4f7b-a1be-0735b79f0e5d,033-9828702731,53033,1529.586437822083,,false,false,2706.766779372823,0.0,0.0,0.0,-122.30040527781497,47.61786251600441
9d98da36-3af2-47b2-ad44-a9aa7fefb86e,033-9828702745,53033,3555.4121643504636,,false,false,2711.5928729789553,0.0,0.0,0.0,-122.30026551543202,47.617779861538125
eb6bfb0e-9289-41fa-a84e-57fbcda3f17c,033-9828702750,53033,705.6546903349222,,false,false,2675.923278671116,0.0,0.0,0.0,-122.30167796900551,47.61879059166847
e0dffcd1-d82b-422b-8f07-519ad790694e,033-9828702751,53033,500.6720534838758,,false,false,2679.79930943644,0.0,0.0,0.0,-122.30161690668746,47.61879014578944
03a253a3-65de-4147-b356-14fb2411a2a0,033-9828702752,53033,500.756119455329,,false,false,2683.0273064457665,0.0,0.0,0.0,-122.3015662231448,47.61878993254566
42109d79-4bde-42b9-94cd-7061a2b2507a,033-9828702753,53033,500.7996642742507,,false,false,2686.256664397499,0.0,0.0,0.0,-122.3015155398941,47.618789717314336
20d453fd-5b32-4c1b-99d7-064279d44329,033-9828702754,53033,500.89268575907823,,false,false,2689.487583483103,0.0,0.0,0.0,-122.30146485655389,47.61878950321972
0f47b362-9313-48b9-96d5-0bdbbfbb6034,033-9828702755,53033,519.5158826983404,,false,false,2696.3201433592462,0.0,0.0,0.0,-122.30138384285006,47.61881797158524
36fa35f3-1e7b-4baa-9955-58197c9edaa5,033-9828702756,53033,577.8610926235391,,false,false,2693.1276704667257,0.0,0.0,0.0,-122.30138414877116,47.61876303062931
43cad2a3-cbd8-44b9-9198-1276975906f8,033-9828702760,53033,1001.0137219292614,,false,false,2670.4157928960053,0.0,0.0,0.0,-122.3017643772029,47.61879076999497
e43953f3-ee98-48dc-a818-8e9ed199e02c,033-9828702765,53033,3909.086969185127,,false,false,2653.9532784212383,0.0,0.0,0.0,-122.30192143214926,47.61868025378477
046ab296-a799-4786-bfc4-bc6fd725e058,033-9828702770,53033,962.6842871250183,,false,false,2687.225107288603,0.0,0.0,0.0,-122.30142581374446,47.61870692648794
5fd4e8ab-c138-4c05-ac50-b93819006eac,033-9828702771,53033,966.2441537897121,,false,false,2684.0510830186486,0.0,0.0,0.0,-122.3014261130399,47.61865199795726
541e76ab-0e1d-4322-bb85-2c911689b9dd,033-9828702772,53033,1437.343321626028,,false,false,2668.5115896921693,0.0,0.0,0.0,-122.3016693834662,47.61865314320635
f63aa5ba-6dc5-4bf5-a161-3629820560d8,033-9828702773,53033,1440.8282474271982,,false,false,2671.7021114887784,0.0,0.0,0.0,-122.30166908519976,47.618708036272324
dedd7548-1662-4fa1-9da6-54da0ec00d38,033-9828702777,53033,886.7906125330815,,false,false,2682.7250182883968,0.0,0.0,0.0,-122.30137313221726,47.618569218995695
04696d65-8f3d-4481-a638-d0ac13b63c54,033-9828702778,53033,841.4985569900012,,false,false,2677.1325329268225,0.0,0.0,0.0,-122.30146056125464,47.618569785198936
c04d60bf-51b8-4d6d-aa73-b7c2044a8a9e,033-9828702779,53033,1021.5415036484419,,false,false,2671.0983661041773,0.0,0.0,0.0,-122.30155483189928,47.61857023934174
c26ba249-b90e-49ad-b32e-becfb782f6d8,033-9828702780,53033,2017.2628374509354,,false,false,2661.2671666213114,0.0,0.0,0.0,-122.30170864974676,47.61857104313834
11f21052-e09a-4289-beb3-f3d0dd918f12,033-9828702785,53033,4807.0912057436935,,false,false,2663.770349515173,0.0,0.0,20.0,-122.30157139779915,47.61846050140431
21d02365-4dd3-4201-83a1-9238fb5cc9a8,033-9828702800,53033,4807.133041262868,,false,false,2657.5506511235617,0.0,0.0,20.0,-122.30157128653171,47.61835068309178
20869e04-3e74-41e8-b0ec-cf2899854799,033-9828702810,53033,1403.1414833287342,,false,false,2653.6878327362215,0.0,0.0,0.0,-122.30146468833226,47.61815889124945
305b7375-1fd8-4265-9ef2-9ac16d2a5de6,033-9828702812,53033,1213.1177823827595,,false,false,2638.183804716563,0.0,0.0,0.0,-122.30170795549125,47.61816355005945
2a2ce67c-56fb-48c2-9e4e-d2c898a64120,033-9828702814,53033,817.094825265535,,false,false,2641.1716884256034,0.0,0.0,0.0,-122.30170769485862,47.61821646918276
42e15165-43d0-45b8-a45c-31f0cfeaffc2,033-9828702816,53033,1132.9372793266716,,false,false,2644.040771597524,0.0,0.0,0.0,-122.30170746356535,47.6182671437747
64b8cb60-c9c2-4e4e-b701-7bd17c249cd7,033-9828702818,53033,1598.4767231660244,,false,false,2659.5131079034436,0.0,0.0,0.0,-122.30146418882285,47.61826255601731
a7f1568b-ed36-48a2-972e-8046459b885d,033-9828702820,53033,1045.8942897214026,,false,false,2656.4810090227056,0.0,0.0,0.0,-122.30146444308734,47.618208674269525
f4cff3dd-68ad-4a17-985e-9646cc421217,033-9828702824,53033,1210.8107150623043,,false,false,2648.911204028893,0.0,0.0,0.0,-122.30142595394544,47.61802735018648
f4fff7a2-e4c9-4ad6-8074-dcd4c6c79c3b,033-9828702825,53033,1281.3934217469803,,false,false,2652.350334992461,0.0,0.0,0.0,-122.30143127350239,47.61809578155435
4e5246bb-6522-4d09-b4df-8c0efa043e3d,033-9828702826,53033,1701.1862164635213,,false,false,2636.7804677027866,0.0,0.0,0.0,-122.30167248965724,47.6180973522587
b4ea4664-5401-442a-9e3f-fcc47c82f76b,033-9828702827,53033,1766.8983335920407,,false,false,2633.2969471211445,0.0,0.0,0.0,-122.30166711682129,47.61802848408448
5f6ff431-c808-48cd-82a3-5351e81bf768,033-9828702838,53033,1384.6361345066848,,false,false,2603.6597805241645,0.0,0.0,0.0,-122.30193072532514,47.617802526434794
05158035-213d-42c3-a2be-e8aba253f7e0,033-9828702839,53033,1400.9052523087223,,false,false,2609.704645328933,0.0,0.0,0.0,-122.3019297825132,47.61791078202185
2cac7a97-da3f-475c-866e-5a454741c886,033-9828702840,53033,1405.564207045555,,false,false,2615.927276913202,0.0,0.0,0.0,-122.30192879004674,47.61802142108525
ba58539f-d2a4-44cc-8f92-d96e42072393,033-9828702850,53033,1215.642559503969,,false,false,2645.0886611474957,0.0,0.0,0.0,-122.30142616033221,47.61795817636006
c6bc816a-b7f2-4a68-a27e-04e911af963c,033-9828702851,53033,1291.2969841245801,,false,false,2640.9528798864476,0.0,0.0,0.0,-122.30143215080592,47.617889867843544
119cbc34-467d-463e-8b9e-980c69399e31,033-9828702852,53033,1686.9609096268089,,false,false,2625.3161004967515,0.0,0.0,0.0,-122.30167338977611,47.617891498496185
7a33839b-d64d-46b4-8aff-b4cbce1d1248,033-9828702853,53033,1763.1674335255516,,false,false,2629.505625176668,0.0,0.0,0.0,-122.30166729710152,47.61796026010298
0c367509-d737-47d9-a717-d24bd8ff5752,033-9828702860,53033,1526.6032357919034,,false,false,2616.2354933353326,0.0,0.0,0.0,-122.30173620258395,47.6178007015876
75551ba7-7566-4e63-abfe-07c4edb9460c,033-9828702861,53033,1602.8491943083886,,false,false,2633.8155107544694,0.0,0.0,0.0,-122.3014913777731,47.617830005154076
4c3b3036-454b-47fa-9dd9-d098de8d2bc3,033-9828702862,53033,1677.627429333798,,false,false,2630.5313373282797,0.0,0.0,0.0,-122.30149598460693,47.61777525090697
5c8d7708-c8a9-45ca-9fe5-07b624dba678,033-9828702865,53033,4072.7991495230294,,false,false,2740.081484225622,0.0,0.0,20.0,-122.3018420531219,47.62002611075695
80fb5ba4-d3a0-4e21-987b-bd591d8f8924,033-9828702870,53033,3296.3135015252465,,false,false,2727.559101409896,0.0,0.0,0.0,-122.30186785157332,47.619850333406944
ff99af83-9e99-4c01-b2ce-0cb74a82671d,033-9828702875,53033,4129.266886597307,,false,false,2755.6811617763246,0.0,0.0,20.0,-122.30159859587634,47.620033755446045
dc7e4b2c-1b5e-42ae-8e4b-e0b48667b118,033-9828702880,53033,1725.7386533066717,,false,false,2820.58348613069,0.0,0.0,0.0,-122.30178991191603,47.6212313115204
8e646cfc-d9a0-426e-910a-e18c9af57a21,033-9828702882,53033,2000.1202235311648,,false,false,2831.9357099763265,0.0,0.0,0.0,-122.30160106980564,47.62123035642035
8a664d5d-76ec-4004-9541-2d80cabc6ba2,033-9828702884,53033,1680.0748137681298,,false,false,2843.166501772796,0.0,0.0,0.0,-122.30141454072795,47.62122930469347
2a0d427f-e55d-4ef0-8342-27d85d76d2a4,033-9828702885,53033,5426.81624450176,,false,false,2824.563336645799,25.0,20.0,20.0,-122.30160426843739,47.62112067800971
011c15f1-8e8f-4f90-b2da-1ed95fbfd419,033-9828702890,53033,3012.4860652616867,,false,false,2824.8307414039227,0.0,0.0,0.0,-122.30148175157986,47.6210103089144
00e3bbce-54d2-4597-b901-fc15a96f9fd2,033-9828702891,53033,1216.888620288722,,false,false,2809.960557414165,0.0,0.0,0.0,-122.30175741437311,47.62103932303543
a18fb5be-f32a-4dfa-b55b-3c676e1c3014,033-9828702892,53033,1218.1419189389378,,false,false,2806.33479188153,0.0,0.0,0.0,-122.30175825414207,47.620984494616934
9fc49611-3764-4604-90d9-08088eea67aa,033-9828702894,53033,1667.0848586059344,,false,false,2821.890168676068,0.0,0.0,0.0,-122.301413409167,47.62090025160418
659b25fd-2e7f-4d23-a2e8-0dabc41a78ce,033-9828702895,53033,523.6859715839931,,false,false,2815.1538163721752,0.0,0.0,0.0,-122.30152444166315,47.620900932376834
f6065ab5-e695-4cc9-863f-1eaff275aeef,033-9828702896,53033,523.6695157770974,,false,false,2811.934836125774,0.0,0.0,0.0,-122.30157752446051,47.620901235486805
c858e2ef-4d0b-456d-8e25-322e7a2e61ec,033-9828702897,53033,523.5958372718706,,false,false,2808.717777703478,0.0,0.0,0.0,-122.30163060832652,47.6209015391936
08f4861a-8cd1-4816-887d-33caaec4d9bc,033-9828702898,53033,1173.7154818523763,,false,false,2789.673105177607,0.0,0.0,0.0,-122.30182308068773,47.62078850879411
949bd2d1-fbf2-4127-8963-3fa4ab001951,033-9828702899,53033,961.8064488462304,,false,false,2796.4277799040024,0.0,0.0,0.0,-122.30172020764655,47.62079591116443
1e3fc8fb-6256-4c40-b8ec-111cbb0a3a5a,033-9828702900,53033,1583.609524453321,,false,false,2805.494248597923,0.0,0.0,0.0,-122.30157701694259,47.62080086660852
791cee1b-d549-4a24-b8ad-a3b8e0d5b428,033-9828702901,53033,746.5313896794137,,false,false,2815.650855846954,0.0,0.0,0.0,-122.30142294044514,47.62081224284198
fef5c79c-8da9-45ab-bf1d-b1b2e338b8f1,033-9828702902,53033,1022.8938519052338,,false,false,2811.8296306892485,0.0,0.0,0.0,-122.30143299799515,47.620762225970296
da7a6c1a-5dff-47d6-a257-bae5d884efa3,033-9828702903,53033,523.6644366269074,,false,false,2805.502139777977,0.0,0.0,0.0,-122.30168369147894,47.62090183397433
94110521-a5a5-4c63-9e99-e9de8da202e1,033-9828702904,53033,1206.921170898691,,false,false,2809.3512953379973,0.0,0.0,0.0,-122.30139006391275,47.62068217858996
0e4bd4d3-44dd-4818-a3f8-7389cc7e732c,033-9828702905,53033,669.1565791149236,,false,false,2803.3549584878547,0.0,0.0,0.0,-122.30148430610242,47.62067887926861
9c610b5d-836d-489d-a325-b9963a4fe967,033-9828702906,53033,658.1904190243687,,false,false,2799.3063990558135,0.0,0.0,0.0,-122.30155218879186,47.62068068644715
b0dca0c0-b64e-4142-8b59-87d172cfd552,033-9828702907,53033,657.9334831826766,,false,false,2795.18940310162,0.0,0.0,0.0,-122.30161933512848,47.62068066712963
c2aba005-13c6-48ea-831d-226bf2cb8c9d,033-9828702908,53033,2317.1644463819434,,false,false,2786.192188853706,0.0,0.0,0.0,-122.30176943917478,47.62068366430782
51c13570-ed6e-47f2-9f16-976681365f3b,033-9828702909,53033,1706.017506308957,,false,false,2798.659391219287,0.0,0.0,0.0,-122.30179670741661,47.62090241416052
3e7cadec-201f-4021-a656-351f5ce75e06,033-9828702910,53033,11274.377941782457,,false,false,2775.5507310164617,25.0,20.0,20.0,-122.30171364433106,47.62046353616723
a0f77625-6c5b-4782-a762-60543000aeb3,033-9828702920,53033,5750.762712377723,,false,false,2793.200797926659,25.0,20.0,20.0,-122.30142560009308,47.620462007507314
57fe10d4-b386-48ff-8321-e5b3aa92734a,033-982870TR-D,53033,634.1070878354941,,false,false,2869.78942481759,0.0,0.0,0.0,-122.30093314892748,47.62118831653927
dccea607-cef5-4098-b50a-727750460746,033-9829200005,53033,5975.183849318995,,false,false,3480.0018018774263,25.0,20.0,20.0,-122.28568666984377,47.60667737663632
2f8b8e87-b76e-4638-ad23-66a04e9fee7c,033-9829200010,53033,6880.670217000822,,false,false,3502.557470701137,25.0,20.0,20.0,-122.28538534598485,47.6066576463514
149d965f-0985-4aa6-9f1e-15a5c6644d7a,033-9829200015,53033,7467.375011501451,,false,false,3526.793230038898,25.0,20.0,20.0,-122.28506200298644,47.606655952552515
6e0e5e5c-9982-4c78-90c9-a20a751516aa,033-9829200020,53033,5216.544044219612,,false,false,3549.317588578957,25.0,20.0,20.0,-122.28476198799618,47.606677687086645
a0892c10-5e5e-4ed7-88d8-4a63c027a345,033-9829200030,53033,4696.712853899854,,false,false,3503.4063931143182,0.0,0.0,20.0,-122.28536933047484,47.60616989990058
e13f30aa-94e1-4887-a3b3-3ab7645a9ea7,033-9829200035,53033,3573.429808369043,,false,false,3515.499521559479,0.0,0.0,0.0,-122.28520824652475,47.60631462354517
fd4d8349-0a39-486e-96e1-b13fddaf10f2,033-9829200040,53033,3414.9266278011164,,false,false,3499.8274940658985,0.0,0.0,0.0,-122.2854174247698,47.60633870167861
b1de03ca-933f-4e2c-894c-88328d717772,033-9829200045,53033,3823.259817763052,,false,false,3527.0352085640916,0.0,0.0,0.0,-122.28505431065997,47.60611862476607
44429070-52ee-4733-923a-cbf539ab0280,033-9829200050,53033,4106.705020882181,,false,false,3529.768293187699,0.0,0.0,20.0,-122.2850179000415,47.60631069687427
dcce3e78-77d8-4cef-9ce0-8376b5836f79,033-9829200053,53033,74.8853064052037,,false,false,3529.6537258559724,0.0,0.0,0.0,-122.28501919383949,47.60619615485844
80c159c5-7adf-4bea-ba1d-c7f60adc3bcc,033-9829200055,53033,4117.484947846319,,false,false,3544.079670131601,0.0,0.0,20.0,-122.2848268965584,47.606135082112715
945fc080-0f56-4f9e-b3c3-6848b0c5e8f6,033-9829200065,53033,6264.479228379824,,false,false,3551.6037548417157,25.0,20.0,20.0,-122.28472684868831,47.6063478580608
be9d3336-54f8-442c-afa8-4d73f47ed2b6,033-9829200080,53033,4148.276074213075,,false,false,3557.737810281973,0.0,0.0,20.0,-122.28464480343489,47.60611288951648
da296b14-450c-433f-8161-314a6e5e1fa2,033-9829200090,53033,3580.3918226646356,,false,false,3578.357284407582,0.0,0.0,0.0,-122.28436964867001,47.606144420283194
8ee8ac27-a111-482e-9175-bdaa443809a5,033-9829200095,53033,3598.8473319734017,,false,false,3569.2104625075344,0.0,0.0,0.0,-122.28449165527225,47.60614433960241
b880e9b6-a127-454d-ac4e-dc809e45e1df,033-9829200100,53033,7131.084434433716,,false,false,3591.981666284119,25.0,20.0,20.0,-122.28418791848323,47.60614414670977
d2623fd2-db27-46ea-b982-58e53409f02c,033-9829200105,53033,7523.826204747606,,false,false,3615.4978609164814,25.0,20.0,20.0,-122.28387448869667,47.6060872967521
f153f75a-f230-40ec-b12e-f6a57589b8ae,033-9829200115,53033,4129.480420193871,,false,false,3616.4662273289737,0.0,0.0,20.0,-122.28386126528555,47.60625054605714
3fe10344-aef1-4861-863b-7578e504f13a,033-9829200120,53033,6060.744737548962,,false,false,3617.300491361275,25.0,20.0,20.0,-122.2838508106977,47.60638667568017
c8efa938-2639-411a-9029-8ab4d1f6a76d,033-9829200125,53033,6718.961666722554,,false,false,3618.311992018139,25.0,20.0,20.0,-122.28383924876485,47.60655051810244
3554269b-6bc0-4353-bb63-5269fd073ba2,033-9829200130,53033,5841.244876351894,,false,false,3619.5583910029973,25.0,20.0,20.0,-122.2838255605449,47.60670491752627
a27560bd-23a2-44fd-b56a-895825bdef1b,033-9829200135,53033,8225.50397299642,,false,false,3589.1691768368214,25.0,20.0,20.0,-122.28422980859908,47.60665127070304
a77894ea-4394-4a02-9163-2ce3ff445a99,033-9829200140,53033,11266.963772193763,,false,false,3580.2935054933496,25.0,20.0,20.0,-122.28434486930439,47.60643297173262
d0f4a97b-9d49-4d33-95c1-4db284ee6245,033-9829200145,53033,4197.258666091705,,false,false,3629.2198978068927,0.0,0.0,20.0,-122.28372604587221,47.60497042881546
3978cb52-ee55-47eb-9ef4-9e975d4a2613,033-9829200150,53033,2462.1514974261263,,false,false,3625.337772953632,0.0,0.0,0.0,-122.28377219167012,47.605075393102666
64f7d179-df08-4fb8-afbc-2952b82ee7f4,033-9829200155,53033,7420.590302110698,,false,false,3617.6672019484745,25.0,20.0,20.0,-122.28386917340627,47.605184878253304
12df7257-e7c5-4ab2-ad92-8a78929939df,033-9829200185,53033,5347.8137677651775,,false,false,3618.7381209365813,25.0,20.0,20.0,-122.28384780253919,47.60534955533692
9bd43caa-9619-467c-8427-7df1e497fb29,033-9829200190,53033,4861.4992923073105,,false,false,3616.8540205985473,0.0,0.0,20.0,-122.283867846608,47.60549100275381
ca48fd25-bf91-40dc-b485-245fa0797a8e,033-9829200195,53033,4889.3082748034485,,false,false,3617.0051021476515,0.0,0.0,20.0,-122.28386179099266,47.60562706102581
0fa068df-e79a-48f3-a5ab-d9cbb7b17c1b,033-9829200200,53033,5955.30200530725,,false,false,3616.2204114273486,25.0,20.0,20.0,-122.2838687995714,47.605776239980756
d0b33e28-6545-46d7-9514-09e2ad4bad75,033-9829200205,53033,3459.901337014203,,false,false,3593.482599826964,0.0,0.0,0.0,-122.28417198418948,47.60578290858832
fdb91b21-5888-456a-b81a-2bf508792b90,033-9829200210,53033,5819.389837549944,,false,false,3585.2543234523814,25.0,20.0,20.0,-122.28428545645296,47.60562375091372
c720dc40-71cc-4516-8d20-50827f20f4dd,033-9829200225,53033,6115.622493819253,,false,false,3585.3646617951317,25.0,20.0,20.0,-122.28428851898781,47.605474591394504
352958d8-e4f5-4354-88ea-56d74a57bd7c,033-9829200230,53033,5154.83802716889,,false,false,3576.541940007601,25.0,20.0,20.0,-122.28441464275465,47.605258379385575
1849fcba-2966-436d-bc1b-37ef5a4dcaf4,033-9829200235,53033,6811.36858849769,,false,false,3593.476458633654,25.0,20.0,20.0,-122.2841893798008,47.60524215319656
b563a07d-8a0f-463a-9544-84b776cb54a2,033-9829200245,53033,8704.83242201887,,false,false,3540.4818103334196,25.0,20.0,20.0,-122.28489514163083,47.60527426867674
29c71931-dea9-4076-bd46-aa464bb78cfe,033-9829200250,53033,6588.878377686398,,false,false,3539.786348968525,25.0,20.0,20.0,-122.2848969497745,47.60546513540588
06a5b5d0-a463-4bff-8f83-606a608a428c,033-9829200258,53033,6367.440091152273,,false,false,3539.7284586505566,25.0,20.0,20.0,-122.28489272838912,47.60562655836178
8f6721fc-6caf-41c1-9d6e-c887986dda54,033-9829200260,53033,8047.496318689652,,false,false,3538.9611528241694,25.0,20.0,20.0,-122.28489881858728,47.60580705144021
5bf88556-08f8-4d12-a1d0-190593161e9e,033-9829200280,53033,8556.608285837114,,false,false,3506.118611357454,25.0,20.0,20.0,-122.28533604254089,47.60585677527574
dc5d2333-fc3d-4664-a22c-0ad87b3385f8,033-9829200285,53033,8124.989144390095,,false,false,3506.3008203384275,25.0,20.0,20.0,-122.28533809101329,47.605648390004454
0bf69369-85a5-4a70-ad69-3754e2ccaa9f,033-9829200290,53033,5052.350747573634,,false,false,3506.3421918745817,25.0,20.0,20.0,-122.285342506177,47.605484236570014
1d5ba2e2-3ca8-46cb-8ca8-d5638f4bd490,033-9829200295,53033,8432.807480511412,,false,false,3507.008582994306,25.0,20.0,20.0,-122.28534002479475,47.60531590405333
11bb8bf9-9ea5-4545-88ed-6cd5dada6cc7,033-9829200300,53033,7391.945085312809,,false,false,3445.9035931371773,25.0,20.0,20.0,-122.2861504603651,47.60544008179327
e975d98a-db6f-4621-a40f-c78ade789074,033-9829200301,53033,8142.781992716885,,false,false,3467.010690295251,25.0,20.0,20.0,-122.28586943889637,47.605423838630614
6668ff2b-d87f-47e0-b6da-08bfee8a2072,033-9829200310,53033,6996.757112145277,,false,false,3456.330192495728,25.0,20.0,20.0,-122.28600458113779,47.60565404038168
03951ea5-ada6-4fe6-84b2-48c8e8081b7c,033-9829200315,53033,6408.423998074661,,false,false,3456.255037239641,25.0,20.0,20.0,-122.28600250718618,47.60578578991212
bab339f3-c9ea-418f-9414-77ef406dee78,033-9829200320,53033,7053.250176543604,,false,false,3456.303864194601,25.0,20.0,20.0,-122.28599960384521,47.605917823227536
bedf4559-2fe4-40d4-92f0-221c67e8dc48,033-9829200325,53033,6883.788946859203,,false,false,3456.502891500427,25.0,20.0,20.0,-122.2859954961031,47.6060542423123
f09aa0fb-5a26-4344-a868-5528c12d3490,033-9829200330,53033,7245.145153623808,,false,false,3456.5956035079316,25.0,20.0,20.0,-122.28599369315074,47.60619232435682
2148ee5a-24ff-4ad9-aa70-53e112a64a4b,033-9829200335,53033,6539.793779376814,,false,false,3455.5332164246583,25.0,20.0,20.0,-122.28600820596442,47.60633013419789
f7952709-027c-4163-8e5d-f181514fd73c,033-9829200340,53033,6360.16493985698,,false,false,3452.103090037382,25.0,20.0,20.0,-122.286055322055,47.60647689567656
7d91fd48-bb46-47bd-80f8-e283a64a9fa6,033-9829200345,53033,3347.899078436559,,false,false,3444.4480141795625,0.0,0.0,0.0,-122.28616018880292,47.60664126506752
e8310be5-9096-4e96-b2d8-cd8bf4dbad6e,033-9829200355,53033,7641.615170883697,,false,false,3427.369384771753,25.0,20.0,20.0,-122.28645301519717,47.60451021436121
75671510-c547-4417-bf50-c592d909b9fb,033-9829200356,53033,4965.036087594213,,false,false,3443.3700613293213,0.0,0.0,20.0,-122.28624384679856,47.60445496846913
bc5a0cc6-7f62-4b24-9239-70acd2ffdbef,033-9829200360,53033,6107.9796212548035,,false,false,3453.726176209915,25.0,20.0,20.0,-122.2860896699362,47.604655005576845
40aa0e18-1312-4859-9da2-b5d3b6cf3f46,033-9829200364,53033,6318.680426505326,,false,false,3458.66933972056,25.0,20.0,20.0,-122.28601325421944,47.604802143446776
07dee7b8-c62b-4cdf-a90a-6ca6ba9534c8,033-9829200365,53033,6435.1695066582515,,false,false,3458.9102133183287,25.0,20.0,20.0,-122.28600128223223,47.60493920854789
f2d5637e-5a99-43c7-8702-a19dec6ef5c2,033-9829200370,53033,7497.57784777668,,false,false,3457.18257357924,25.0,20.0,20.0,-122.28601579644253,47.60508905024234
6a909fa7-8d89-43e5-a7d1-2e5ef51f9f74,033-9829200385,53033,3566.9295750152023,,false,false,3486.730189398989,0.0,0.0,0.0,-122.2857057515466,47.60401499585106
775926a7-2a12-4d19-8a8c-7018a2defb2c,033-9829200390,53033,5289.815284236122,,false,false,3501.486174856174,25.0,20.0,20.0,-122.28549733449167,47.60412508556206
b2e6cfdc-2ab2-4332-a5df-e4c295ec46fb,033-9829200395,53033,6238.878375108684,,false,false,3513.2982304042807,25.0,20.0,20.0,-122.28532819467078,47.60424310885259
8ecd4587-65d2-41f4-98c1-366f440ca4fe,033-9829200400,53033,6407.721874001758,,false,false,3523.5613022565417,25.0,20.0,20.0,-122.28517985336713,47.60436841594732
c4631335-2d9c-4f51-a7f1-f81b3533f4d6,033-9829200405,53033,6423.660488696618,,false,false,3533.898941745671,25.0,20.0,20.0,-122.28503132665526,47.604493621655195
ca37d16d-b287-4176-9e5e-72eee48f11e7,033-9829200410,53033,6641.143910075337,,false,false,3541.89313284036,25.0,20.0,20.0,-122.28491356852754,47.6046367550529
5935b73e-c097-44eb-8a05-3571aaf9b884,033-9829200415,53033,3943.3750144838145,,false,false,3540.9270982591815,0.0,0.0,0.0,-122.28491700542986,47.60477157534101
1e5f6b6b-2f57-4a03-8291-17aa0ebe1ae0,033-9829200420,53033,4470.336984258437,,false,false,3540.7054450220908,0.0,0.0,20.0,-122.28491323314272,47.60487575206406
42e5b42c-7c85-4565-a136-f1dcd820aa29,033-9829200430,53033,5029.046513235255,,false,false,3540.4986809097704,25.0,20.0,20.0,-122.28490900373795,47.60499333608065
0dd0cece-bd88-4cab-a58b-be69dafd3065,033-9829200435,53033,6805.1811662195105,,false,false,3506.9767202989024,25.0,20.0,20.0,-122.28535519614798,47.60501563587845
f2296a76-4c01-4e95-aa92-810e4999c76b,033-9829200440,53033,6481.515738624535,,false,false,3507.271150155057,25.0,20.0,20.0,-122.28536123026663,47.60484980461337
3f0af8d7-159d-4869-aa88-f6ff9d02399d,033-9829200445,53033,7268.528371323247,,false,false,3507.442931300587,25.0,20.0,20.0,-122.28537060459544,47.60467830981251
969fb9eb-c49b-4f52-8cd5-75bcbdd0138a,033-9829200450,53033,6172.682153389382,,false,false,3496.0379381011467,25.0,20.0,20.0,-122.28553313194863,47.604542919309154
991e71ac-e781-4af3-a318-aad002e1532f,033-9829200455,53033,6374.373456190699,,false,false,3486.2638213200216,25.0,20.0,20.0,-122.28567447517672,47.60441144291778
0a9b65c1-b269-4deb-9525-08b1bb06e896,033-9829200461,53033,5312.50370581633,,false,false,3477.284284732753,25.0,20.0,20.0,-122.2858053109823,47.60428843021266
328ca961-2db3-4e57-859f-6a9ad7553785,033-9829200465,53033,5177.474784582903,,false,false,3468.5412038695754,25.0,20.0,20.0,-122.28594678586732,47.60403585660388
09fcf32b-3981-4d1b-a2fa-4ed2d0560219,033-9829200468,53033,8294.521255209456,,false,false,3457.982569237579,25.0,20.0,20.0,-122.28607839743758,47.604129955817946
2d955f36-1da9-41d4-b6d9-24c76827c412,033-9829200470,53033,5652.431194293135,,false,false,3574.9845779329276,25.0,20.0,20.0,-122.28454425769299,47.60383998229359
d94c5e0a-8133-4fbf-bc2f-504fc23e5390,033-9829200475,53033,5162.370848900817,,false,false,3585.6400389252326,25.0,20.0,20.0,-122.28438718078883,47.6039772624509
756dbd06-a73d-41f0-91d3-a1407538cbe5,033-9829200485,53033,5356.427767408737,,false,false,3595.6416843709785,25.0,20.0,20.0,-122.28423995667639,47.604112932762874
a4379dc9-20ce-4d50-ac31-98de20895b5c,033-9829200490,53033,4963.2977002019215,,false,false,3605.763320057465,0.0,0.0,20.0,-122.28409232825881,47.60424553848364
b6e5f7af-bc87-42b5-9fdf-eda7f11ebac7,033-9829200495,53033,5535.05876915337,,false,false,3613.2268796233457,25.0,20.0,20.0,-122.28397952071447,47.60439694105703
5cfa289b-cddd-4135-ab18-1291e9359819,033-9829200500,53033,5704.480878910675,,false,false,3615.5205480386894,25.0,20.0,20.0,-122.28393551891527,47.60456615667558
ae30b539-396e-4e5d-820b-d968cd4925c4,033-9829200505,53033,6185.559038602591,,false,false,3611.210539274993,25.0,20.0,20.0,-122.28397905991477,47.60476468854245
ba8aa937-cb59-4c90-b37e-8350e55ae633,033-9829200510,53033,6285.658680802605,,false,false,3584.3204752845463,25.0,20.0,20.0,-122.2843289595104,47.60490901025971
4621be65-f692-44ab-bc66-b9e6a10ac714,033-9829200515,53033,6122.314632902645,,false,false,3585.5261538066097,25.0,20.0,20.0,-122.28432351866593,47.6047418610308
264012c8-4feb-4c06-aee7-cbc281742e88,033-9829200520,53033,6735.64363970581,,false,false,3586.447875684382,25.0,20.0,20.0,-122.28432357447409,47.60456910594916
960f3882-c772-48ce-84a2-c3375ba1340a,033-9829200525,53033,6997.019121922693,,false,false,3581.6169739549587,25.0,20.0,20.0,-122.2844014097132,47.60440165337159
f3b91141-08c2-4217-85ec-369b584a3e49,033-9829200530,53033,6136.990687064779,,false,false,3570.310905623641,25.0,20.0,20.0,-122.28456403899916,47.60426808294316
1e8a01e0-142f-42ed-b55b-325414ffdf0c,033-9829200535,53033,6334.067389267536,,false,false,3562.16362942076,25.0,20.0,20.0,-122.28468603341423,47.60412745776503
8187edad-6793-4f7b-be0a-85f9bd7cfae2,033-9829200536,53033,10223.898450031174,,false,false,3546.627491324549,25.0,20.0,20.0,-122.28490879865235,47.60397726297879
5e1fdcfc-48eb-4c84-b8dd-14019fff438f,033-9829200545,53033,5945.403900155895,,false,false,3552.738685439419,25.0,20.0,20.0,-122.2849296457045,47.603145874318095
7d071eba-2ad6-4c28-b3ef-faa9f352bd27,033-9829200550,53033,5558.7411260979015,,false,false,3554.8774304992708,25.0,20.0,20.0,-122.28487959501068,47.60329958117052
f1990d0b-402d-44d0-be56-580ecb7a990e,033-9829200555,53033,5012.215838222254,,false,false,3558.308698385154,25.0,20.0,20.0,-122.28481668550474,47.603427593512436
0329a026-ead1-4bd1-9107-8c839e46311c,033-9829200560,53033,6286.541092743184,,false,false,3559.5602855544707,25.0,20.0,20.0,-122.28478005104293,47.60358575021684
cd3c138d-a06e-44a8-8a2b-485e2f904eb3,033-9829200565,53033,5453.3685568462915,,false,false,3536.4696712126233,25.0,20.0,20.0,-122.28507876328533,47.60367117800047
27115293-32d2-4c73-94ef-7ac45405113e,033-9829200566,53033,4931.209623037005,,false,false,3531.0094749779414,0.0,0.0,20.0,-122.28517382644947,47.6034925210512
7a145e2a-aee8-4b00-8489-3c48cf494c4b,033-9829200570,53033,6481.028279492039,,false,false,3515.863871268288,25.0,20.0,20.0,-122.28534972427474,47.6037113817459
bf7c4838-eb2f-47ce-ba19-977c04ad55e1,033-9829200575,53033,5744.068756692778,,false,false,3497.190236641315,25.0,20.0,20.0,-122.28560465113083,47.603668821535095
b9ef7d51-c41e-468f-997e-4c2c61ada98a,033-9829200580,53033,6435.410411528127,,false,false,3502.2671960393454,25.0,20.0,20.0,-122.28556040468646,47.60347859917203
e42b31f0-493f-4a7d-9e06-fdb8cb4b0e25,033-9829200585,53033,7311.414669003742,,false,false,3499.225908281912,25.0,20.0,20.0,-122.2856315640953,47.60325240448417
78e632f0-4278-4464-9742-fabb9a8bfacf,033-9829200590,53033,6547.612799239404,,false,false,3516.3576246470734,25.0,20.0,20.0,-122.28540445458732,47.603235210342355
85000aeb-0c28-4762-8bd2-7cf50f6412fa,033-9829200620,53033,6021.464439073452,,false,false,3531.5359383561567,25.0,20.0,20.0,-122.28520227742784,47.6032268565529
59deed59-c398-4833-9b54-a121db9e98f9,033-9829200625,53033,5740.4425382666295,,false,false,3293.3433848530117,25.0,20.0,20.0,-122.28843625215212,47.60295994852716
ba249696-5772-4cdd-b0fb-1da6d78b4c5d,033-9829200630,53033,5053.788183181396,,false,false,3287.583135929736,25.0,20.0,20.0,-122.28848880367187,47.60311461548647
1b3bf63b-72d0-4f2f-aedc-bb681c6842c3,033-9829200635,53033,7520.132395231012,,false,false,3313.813621016014,25.0,20.0,20.0,-122.28815361914057,47.603009260027314
b8a47078-5678-42a4-bb65-9fe5bff34130,033-9829200640,53033,7515.386332247988,,false,false,3332.01465330499,25.0,20.0,20.0,-122.28790968933407,47.60300778012709
29375b1e-15fb-4c9d-acb0-2efcca21af74,033-9829200645,53033,9794.062949469202,,false,false,3352.9863476712544,25.0,20.0,20.0,-122.28762868177868,47.6030058306134
a8417c7d-e6b8-4226-801a-c333f194b4ba,033-9829200647,53033,10145.259305052454,,false,false,3377.14259363534,25.0,20.0,20.0,-122.28730467419705,47.603005804355725
9115e7ff-96a7-468c-a8d1-4bc8297fd2af,033-9829200655,53033,10074.170329015364,,false,false,3401.708290226037,25.0,20.0,20.0,-122.28697599944503,47.60300066930555
dad95684-a751-4a28-9615-0816a4f58d85,033-9829200665,53033,3543.168547866018,,false,false,3425.029491769377,0.0,0.0,0.0,-122.28667551911164,47.60292252648898
928c42de-a62d-496b-b417-4f794d7f7e84,033-9829200670,53033,3944.6795982023064,,false,false,3421.255684881318,0.0,0.0,0.0,-122.28670310585512,47.60307048392566
73736d22-7faf-4d7d-8ec9-79554b66adb7,033-9829200675,53033,7480.4780767335205,,false,false,3441.237634892784,25.0,20.0,20.0,-122.28644612607907,47.602999039670046
d70c712f-4aec-462a-bd0c-5e93c01d3fc2,033-9829200680,53033,6492.36937983075,,false,false,3466.753704824482,25.0,20.0,20.0,-122.28611573894285,47.60292325219974
64e97621-9ee8-4368-90ae-2342fcbbb41d,033-9829200685,53033,6838.33101061343,,false,false,3466.8560244764158,25.0,20.0,20.0,-122.28608980488777,47.6030834616017
0035c406-0c4d-497b-ad98-6ca60d388908,033-9829200690,53033,6019.114120039856,,false,false,3461.9237237029524,25.0,20.0,20.0,-122.28613206368779,47.60324723528973
f9ab57c0-4066-412e-b9e5-b32dfd4b655d,033-9829200695,53033,5481.587354438809,,false,false,3459.007032137316,25.0,20.0,20.0,-122.28614821330014,47.6034135876735
37e3d021-08c1-4660-9fce-61a943a20884,033-9829200705,53033,7097.512469576578,,false,false,3452.0008218918792,25.0,20.0,20.0,-122.28621021579583,47.60366204588268
07b0627a-d2a4-4e06-9c3e-219b45e5d33a,033-9829200715,53033,5397.71971742658,,false,false,3467.8679636083302,25.0,20.0,20.0,-122.28599539329888,47.60368248311896
e7b0f862-d091-4dbe-9505-56698ec4e8dc,033-9829200720,53033,12621.612732260202,,false,false,3508.6909388273257,25.0,20.0,20.0,-122.28573650734188,47.60190389241361
c69d1846-06f1-4c1e-88cd-b22e9f0eba09,033-9829200755,53033,7918.894483022871,,false,false,3529.8533696906893,25.0,20.0,20.0,-122.28526786245935,47.60293386662857
180eadd9-1aa7-4688-b717-750a0fb16bea,033-9829200780,53033,4482.309652757575,,false,false,3511.0526098538535,0.0,0.0,20.0,-122.2855384852694,47.60281634498462
c1077ff3-0b9a-417a-b289-ec864c3830f4,033-9829200785,53033,2376.9335382439504,,false,false,3493.603908549538,0.0,0.0,0.0,-122.28579370855337,47.602687634075465
abd0e36d-ffd8-4464-b1bc-2f5d547c07df,033-9829200790,53033,2446.0983294877055,,false,false,3500.740695616066,0.0,0.0,0.0,-122.28568846871869,47.60274469873486
9f1bc493-1c4a-4306-a0e3-d15b8f420759,033-9829200796,53033,3748.310459498739,,false,false,3483.637634861416,0.0,0.0,0.0,-122.28594533123903,47.60258282343901
99bfd5ef-23db-4160-b67b-f78ad845ea1c,033-9829200800,53033,2379.2112291653934,,false,false,3501.0524347632463,0.0,0.0,0.0,-122.28575375072667,47.60234500218192
aec0b746-b1df-4005-b918-e570fb570bdb,033-9829200805,53033,2259.7688561787822,,false,false,3491.7364839423694,0.0,0.0,0.0,-122.28593471463412,47.60205300365352
bdf8caf3-6b41-45e7-a0c2-da035069f155,033-9829200810,53033,4904.327103711516,,false,false,3491.1230646219924,0.0,0.0,20.0,-122.28591196348668,47.60221265764138
9dd2793e-1681-4c3b-9498-b5b633de1005,033-9829200815,53033,6032.393352786895,,false,false,3453.187754608001,25.0,20.0,20.0,-122.28648385961053,47.60190402013678
4023c7a2-20aa-4761-97d4-c55f5ef4fc00,033-9829200819,53033,4429.438368353998,,false,false,3471.078953916081,0.0,0.0,20.0,-122.28625456197327,47.60184801860386
a2d249e1-131f-4b0d-9e78-b606375a86f4,033-9829200820,53033,4064.3693820248955,,false,false,3464.4193193551805,0.0,0.0,20.0,-122.28630185907333,47.60205531039772
e8f7fa61-fe5e-4997-b90f-0c94e16d750f,033-9829200835,53033,3651.6909231959185,,false,false,3444.126091943265,0.0,0.0,0.0,-122.28652194901834,47.60232866167119
d14f484c-1ab7-430c-9d52-d695a33a1f23,033-9829200855,53033,5919.880641997763,,false,false,3446.2566984938144,25.0,20.0,20.0,-122.2864662873558,47.60247586029714
16def374-b722-4dbe-b675-63724b31c1c4,033-9829200860,53033,6858.362311505103,,false,false,3446.5437554300534,25.0,20.0,20.0,-122.28643342642985,47.60264074296013
fc6325c7-fbca-45cf-99ed-b95796e1f8c3,033-9829200865,53033,5567.152495425405,,false,false,3415.1261445795235,25.0,20.0,20.0,-122.2868564566936,47.60263406465063
8a8a5a37-c920-4b74-9c22-381f8a93fb9f,033-9829200870,53033,5894.15387752663,,false,false,3416.595787962471,25.0,20.0,20.0,-122.28686547912748,47.602472244903
cab2d87d-162a-4591-8fb4-19061cb1b75a,033-9829200875,53033,5951.392574566326,,false,false,3418.8659465352775,25.0,20.0,20.0,-122.28686551348103,47.60230774155211
e53ad7e0-4c44-4f37-896c-6f5e26a2fc45,033-9829200890,53033,7223.826064241174,,false,false,3434.55196245104,25.0,20.0,20.0,-122.28674618282328,47.60185008192653
d67a6b45-1835-47c1-9db6-b32965bfa3a4,033-9829200905,53033,7904.622595529625,,false,false,3347.233588562466,25.0,20.0,20.0,-122.28791207066035,47.601900177321404
e4161722-3772-4897-a0d8-426d8286d0a8,033-9829200910,53033,6630.09828938397,,false,false,3365.434966691055,25.0,20.0,20.0,-122.28766268711148,47.60191949282021
84ca75d5-4703-45ff-8d94-d89c1f4653e9,033-9829200915,53033,4663.095769467705,,false,false,3383.7155627198504,0.0,0.0,20.0,-122.28740660057491,47.601966145351454
e7891a08-49d6-4cf4-93a5-bbaa683e6d8f,033-9829200920,53033,1998.164016090759,,false,false,3412.630105498863,0.0,0.0,0.0,-122.28705594469302,47.601782920010116
6c5a0ec1-2e7e-4191-a5d6-f37cda78243e,033-9829200925,53033,11226.71460505005,,false,false,3300.6587004232983,25.0,20.0,20.0,-122.28845935796555,47.60228781646104
9e7602e0-9b81-4cc2-9c8d-a30283413dd1,033-9829200935,53033,4939.602650309176,,false,false,3329.0988130412934,0.0,0.0,20.0,-122.28807509441016,47.60229607350354
300d4442-da8c-4502-a0b0-9e59c474c003,033-9829200940,53033,5927.50508025381,,false,false,3346.780432824829,25.0,20.0,20.0,-122.28783297453225,47.60231804473211
63d641d3-dd37-4606-b949-80bc4c140450,033-9829200945,53033,5389.072654876087,,false,false,3363.9697792475195,25.0,20.0,20.0,-122.28760193087867,47.602317256665124
fd3a0ca4-a8df-4392-aae8-5670743f5a36,033-9829200950,53033,6440.346265283506,,false,false,3381.961689620153,25.0,20.0,20.0,-122.28736014021084,47.60231632319903
afdb6c0a-f767-46cf-bc08-ab095d6f2dd5,033-9829200960,53033,5574.414566409301,,false,false,3378.938433075263,25.0,20.0,20.0,-122.2873518271171,47.60258113009735
cd6650ee-8d48-47ad-a851-f04612768ec9,033-9829200965,53033,5920.821359032183,,false,false,3361.213168562799,25.0,20.0,20.0,-122.28758852099661,47.6025891304873
cfab4691-ba30-4123-9cd1-a2a6e3f82883,033-9829200969,53033,5927.980448637886,,false,false,3343.1918340780558,25.0,20.0,20.0,-122.28783041988893,47.60259033194719
ab560db0-3c16-40fb-a830-65b442185ea7,033-9829200973,53033,6057.69607172056,,false,false,3326.613339391092,25.0,20.0,20.0,-122.28805770824533,47.602565282308156
e297ecca-89a9-415f-b4de-19bab46a895d,033-9829200975,53033,5217.665194597763,,false,false,3310.8298935437433,25.0,20.0,20.0,-122.28826685143649,47.60258149779306
124748a5-047a-4424-95fc-4e2b2a5516f3,033-9829200980,53033,5478.827613779564,,false,false,3256.9417756931134,25.0,20.0,20.0,-122.28913899215782,47.60185609645794
b2318e83-1861-403b-83b1-3f400edbbe3d,033-9829200985,53033,6635.2883676212605,,false,false,3274.560808218717,25.0,20.0,20.0,-122.28889326235382,47.601892861234894
da6a4d11-c3e1-4646-ad97-9e866d33f701,033-9829200990,53033,7216.224603806792,,false,false,3292.2646857491827,25.0,20.0,20.0,-122.28865172782584,47.601905905264616
dc77ef10-f4f3-417f-9bc0-4a7f047fa559,033-9829200995,53033,7311.128676040123,,false,false,3310.269608558847,25.0,20.0,20.0,-122.28840868251885,47.60190748340194
186ee886-6ecd-4484-b835-4556420a9654,033-9829201000,53033,7259.096004289512,,false,false,3328.2971561229742,25.0,20.0,20.0,-122.28816423199419,47.601914324817145
bd439991-494c-4450-9b4b-719070b70b01,033-9829201003,53033,6441.136218382789,,false,false,3166.9668853516805,25.0,20.0,20.0,-122.29034190480115,47.601904294458635
e6188653-1163-40a3-bc95-b653662feded,033-9829201004,53033,10948.950650618855,,false,false,3188.4872080969585,25.0,20.0,20.0,-122.29002999740332,47.60200121750463
b8825e96-17c6-4d6a-a762-e8366dcc4cef,033-9829201005,53033,5192.380312271866,,false,false,3203.467679128902,25.0,20.0,20.0,-122.2898639617062,47.601840169216366
5fd45340-e5c1-4a81-aea9-0e7a37d28d85,033-9829201020,53033,6652.883801930484,,false,false,3222.747199853101,25.0,20.0,20.0,-122.28959565431627,47.60187649453244
5ca135a4-2622-4f2d-9d3e-cffb348c174e,033-9829201025,53033,7221.731643230417,,false,false,3223.8236058014018,25.0,20.0,20.0,-122.28953582647246,47.60208375838771
ed6db412-abfe-48db-9c78-c970f8e31410,033-9829201030,53033,6549.986000824551,,false,false,3234.493672150633,25.0,20.0,20.0,-122.28936198756509,47.60222788190694
db843045-a090-4824-a773-646c41e4155b,033-9829201035,53033,6462.15965972426,,false,false,3246.748191307791,25.0,20.0,20.0,-122.28916978758873,47.60236356568413
2ea80bd8-d57e-4cd5-8534-633895fb368a,033-9829201040,53033,7123.197781129258,,false,false,3262.316346993032,25.0,20.0,20.0,-122.28894068900742,47.60246512188825
20b66927-0821-4a5a-ab9a-22f958ec9155,033-9829201045,53033,8995.640188807018,,false,false,3269.8397494762644,25.0,20.0,20.0,-122.28881380073057,47.60260282592
84eaede1-bb1a-46ea-90d4-112e4b52effd,033-9829201050,53033,7459.247558102491,,false,false,3263.5127029794735,25.0,20.0,20.0,-122.28886901213927,47.60276915983815
a3b08aff-55ad-48c1-8561-edf883f0e4ac,033-9829201058,53033,7136.7923611105225,,false,false,3250.2016346460487,25.0,20.0,20.0,-122.28901953842549,47.60293394067732
dbda7c85-689e-4acb-b549-e52d5e74005e,033-9829201060,53033,8112.862467472202,,false,false,3239.384305848731,25.0,20.0,20.0,-122.28913698331507,47.60310384394698
ad8fc463-c6cc-496d-af5a-071e2a3af179,033-9829201065,53033,8513.20342841947,,false,false,3217.3814447400837,25.0,20.0,20.0,-122.28945987283049,47.602935219567904
e9146abb-7e8e-4a32-b04e-f5c24a23de26,033-9829201067,53033,5586.017402803736,,false,false,3202.6576935921416,25.0,20.0,20.0,-122.28962649684833,47.603123674402006
aa5299d6-a785-4671-b942-03319e197d07,033-9829201068,53033,8773.917034873366,,false,false,3227.685110966152,25.0,20.0,20.0,-122.28936165490651,47.60270516196995
deb0119e-87a0-4a98-89c3-a984696ac16c,033-9829201070,53033,6229.809399201148,,false,false,3223.1332769482347,25.0,20.0,20.0,-122.28945470220702,47.60253283968372
9f328c79-140e-4dff-9a1c-eef51e2a3569,033-9829201105,53033,4876.609042775927,,false,false,3183.356427828081,0.0,0.0,20.0,-122.29004696115352,47.60224548672203
f4fe94ce-8b4e-4911-993c-1b0099b00891,033-9829201110,53033,3673.2439269070314,,false,false,3167.155695036657,0.0,0.0,0.0,-122.29028242396018,47.60216344224815
c94bcfc4-40c4-4652-acf3-3676a63fa0cb,033-9829201120,53033,34155.59938841376,,false,false,3168.160099690968,25.0,20.0,20.0,-122.29014798220206,47.602779768987666
7b4a3178-0113-423e-8d8e-077f4487671d,033-9829201135,53033,7950.084069993865,,false,false,3199.937984751678,25.0,20.0,20.0,-122.29009279727103,47.6011075684916
febdcc45-da45-4fa6-bb69-e822221743a4,033-9829201139,53033,13099.51258239839,,false,false,3183.4269395195215,25.0,20.0,20.0,-122.29023717360235,47.601412702341314
7963fba0-ab1f-4827-83e1-4cb4870b15ac,033-9829201140,53033,6829.738911159606,,false,false,3186.7394625028287,25.0,20.0,20.0,-122.29025699017933,47.6011626248746
e729846e-98b3-494e-b995-c863e12f2194,033-9829201150,53033,549328.5133808674,,false,false,3373.7200426048544,25.0,20.0,20.0,-122.287784484294,47.600933503670745
d4b92937-aae2-45db-9445-57ed91004962,033-982920TRCT,53033,1502.599202395554,,false,false,3187.7348556899783,0.0,0.0,0.0,-122.29008105824482,47.601819252890145
15da43d6-b082-4fd4-a60d-4faac47e44ce,033-9830200005,53033,6129.445332458457,,false,false,8513.910223983645,25.0,20.0,20.0,-122.26970252707851,47.5422426512843
308c4e15-9d9d-409b-a5f4-67f7fc7da395,033-9830200010,53033,6178.675559714771,,false,false,8522.29683756523,25.0,20.0,20.0,-122.26950086447243,47.54224200292105
0bfc2cfe-0340-4e6c-8a0f-d954589aab62,033-9830200015,53033,6179.237650576159,,false,false,8530.73686334844,25.0,20.0,20.0,-122.26929841282698,47.54224133146466
b88ea382-f20f-4a00-8ee6-1d754cbb023b,033-9830200020,53033,6226.528239935902,,false,false,8539.224636513634,25.0,20.0,20.0,-122.26909520294791,47.54224068596028
a9e121d1-ef38-43d6-835b-805901c25361,033-9830200025,53033,6134.210714472052,,false,false,8547.708018492141,25.0,20.0,20.0,-122.26889275735134,47.54223994694232
f2d3823c-0bee-4366-ac44-b657f14db3c9,033-9830200030,53033,6181.83718520053,,false,false,8556.169501501274,25.0,20.0,20.0,-122.26869106959815,47.54223930352716
022be547-bdd4-45b6-b270-1a620d4e24df,033-9830200035,53033,6182.372470544327,,false,false,8564.683940322506,25.0,20.0,20.0,-122.26848861833334,47.542238631140464
77e65523-3524-4691-b80e-ba8aed5afb05,033-9830200040,53033,6228.241861418776,,false,false,8573.24460240238,25.0,20.0,20.0,-122.2682854340351,47.54223799050108
b8bdf452-e625-4c33-b5ea-ec28144e1d07,033-9830200045,53033,6138.950264088102,,false,false,8581.803375952715,25.0,20.0,20.0,-122.26808298783924,47.54223723526736
1ead045e-ee9d-47e5-bbad-1b4467139c41,033-9830200050,53033,6184.965465654874,,false,false,8590.338664438294,25.0,20.0,20.0,-122.26788127474727,47.54223659911506
985ebad1-3661-4923-8628-f0699e23ea6a,033-9830200055,53033,6185.734409171543,,false,false,8598.926907415416,25.0,20.0,20.0,-122.26767882215036,47.542235923598746
b9318c67-c2af-4127-97a6-ef0e4096d89e,033-9830200060,53033,8704.437315626534,,false,false,8609.284000351865,25.0,20.0,20.0,-122.26743517374189,47.54223514199178
1c5424d9-6872-4abe-91ba-40db2d17feaf,033-9830200080,53033,7376.64976709321,,false,false,8646.21649563668,25.0,20.0,20.0,-122.26741661555423,47.54184210349206
9d6d7155-a7b4-4c5d-8aae-2c34c8e8df2c,033-9830200085,53033,4917.314147048813,,false,false,8637.637267475002,0.0,0.0,20.0,-122.26761905739129,47.541842816199114
96a35373-a874-4e8e-9cf0-d7921335df42,033-9830200090,53033,4917.099106307232,,false,false,8630.787070005463,0.0,0.0,20.0,-122.26778100962385,47.541843386005084
edfefe3d-b2cd-4edf-9e74-a61e79d26f3f,033-9830200095,53033,4916.697612491647,,false,false,8623.948647665078,0.0,0.0,20.0,-122.26794296190185,47.54184395469893
019fe48d-ff10-4444-9854-5568e8997274,033-9830200100,53033,4916.479761463379,,false,false,8617.121874704693,0.0,0.0,20.0,-122.26810491438542,47.54184452387326
4403eda4-4505-47fc-9091-43551f2b384a,033-9830200105,53033,6180.630656071511,,false,false,8609.427715618696,25.0,20.0,20.0,-122.26828769515718,47.54184520415071
5f76ccfe-69c2-4a39-a519-19c2f8214611,033-9830200110,53033,6145.37997180386,,false,false,8600.905960105454,25.0,20.0,20.0,-122.26849073116334,47.541845878877574
5cb0fa4b-045d-4085-ae63-28d8a7a2f8d0,033-9830200115,53033,6145.709376727745,,false,false,8592.422941281226,25.0,20.0,20.0,-122.2686932069417,47.541846586808326
73253e58-ef44-4a0e-bd13-142fbad8d79a,033-9830200120,53033,6106.129267147268,,false,false,8583.987160949957,25.0,20.0,20.0,-122.26889505212964,47.54184726652647
84b2e124-01c7-469b-b9cb-fe3b1d877e3a,033-9830200130,53033,6144.285240280276,,false,false,8567.084837996192,25.0,20.0,20.0,-122.26930062086348,47.541848719028714
01a2b303-ada1-4741-8795-82bc0097e340,033-9830200135,53033,6142.914337868867,,false,false,8558.676000971045,25.0,20.0,20.0,-122.26950309649825,47.54184942832375
3cdc2c33-7b90-489f-b9f4-d7172b11f74a,033-9830200140,53033,6100.8985787273,,false,false,8550.317078589173,25.0,20.0,20.0,-122.26970487192077,47.541850111331435
582d9e72-be1e-4be3-955b-6861d8efcc59,033-9830200155,53033,4950.564746358609,,false,false,8629.18710117486,0.0,0.0,20.0,-122.26696885625164,47.54223356514259
0a231348-6faf-44f1-bae7-673c032c2c0c,033-9830200160,53033,9901.869167710587,,false,false,8639.593015785387,25.0,20.0,20.0,-122.26672590936626,47.542232758483706
d67b6d3e-381c-448a-ad6c-aed9564ac437,033-9830200170,53033,7381.554981905062,,false,false,8651.737868397035,25.0,20.0,20.0,-122.2664432261374,47.542231772013466
520c63e7-6fb0-4585-be4b-0acb5fe88efd,033-9830200175,53033,7473.709382060541,,false,false,8662.190447212553,25.0,20.0,20.0,-122.26620028455508,47.54223106369224
a30a2257-62ad-437f-a004-162aa9e20daa,033-9830200190,53033,7381.837905092924,,false,false,8672.68654130778,25.0,20.0,20.0,-122.26595736309238,47.542230150615204
66caf608-57cc-4651-ad2d-3e5110266194,033-9830200200,53033,7475.902214777403,,false,false,8683.18822285039,25.0,20.0,20.0,-122.26571442943758,47.54222946246552
bf5341ac-6b39-4c96-a0f0-f4ace855f13f,033-9830200210,53033,9040.836051067188,,false,false,8693.660515909649,25.0,20.0,20.0,-122.26544054379471,47.542244050811995
8578a783-7f66-4684-a1c5-adfe410423a0,033-9830200215,53033,6681.819175367199,,false,false,8708.485102125927,25.0,20.0,20.0,-122.26496455018946,47.54230754744869
cebebad0-5b7d-495c-afd5-b113476327aa,033-9830200220,53033,5496.844739722453,,false,false,8720.00327230456,25.0,20.0,20.0,-122.26503398285229,47.54214755335024
c49f04ad-b282-40ff-a4c1-6c9735eb2da3,033-9830200230,53033,4634.235047171544,,false,false,8728.620314847098,0.0,0.0,20.0,-122.2651079751311,47.54201755788235
bfefee4d-2074-4077-8aeb-c957534b9ea4,033-9830200235,53033,5778.184226798323,,false,false,8736.732039683284,25.0,20.0,20.0,-122.26519415386213,47.54188755185614
51615099-63e3-4f75-b21b-ed281da383ca,033-9830200240,53033,6364.171847238714,,false,false,8745.035313446744,25.0,20.0,20.0,-122.26531116429932,47.54174113559279
416e3cc4-ece7-44f2-a0b5-ab2c37754534,033-9830200245,53033,5984.072327872798,,false,false,8718.477860450334,25.0,20.0,20.0,-122.26564004891517,47.541877484668746
82d8356a-f927-49a8-98df-75a42d11d2e2,033-9830200250,53033,4918.541266066243,,false,false,8713.7311621701,0.0,0.0,20.0,-122.26583773227887,47.541836706881085
80c0c0ec-1d75-4520-bf0a-7031e0da2b38,033-9830200255,53033,4918.359655021959,,false,false,8706.756770832533,0.0,0.0,20.0,-122.2659996657148,47.54183725918983
c401f06b-a260-48bb-8261-47eea8bf8ff7,033-9830200260,53033,4918.293876407386,,false,false,8699.793809660807,0.0,0.0,20.0,-122.26616159817344,47.54183781131073
42233d5e-760a-41ed-8cc5-fecadc1d79b0,033-9830200265,53033,4918.289690630336,,false,false,8692.842078126308,0.0,0.0,20.0,-122.266323532621,47.541838364350895
1eaafac1-e82b-44c6-accc-7c4bc5df62eb,033-9830200270,53033,4918.063199469441,,false,false,8685.901947457955,0.0,0.0,20.0,-122.26648546594436,47.5418389160047
24443995-e33b-4173-aa07-6bb3d196b77f,033-9830200275,53033,4918.072287065867,,false,false,8678.973374770372,0.0,0.0,20.0,-122.2666473987124,47.54183946677602
5b7f86d8-d14f-40d5-bda6-709766b0ff09,033-9830200280,53033,4918.014899866778,,false,false,8672.05609567022,0.0,0.0,20.0,-122.26680933346108,47.54184001867462
bb7f52ab-fe2f-4e23-95b3-fae5380f47ec,033-9830200285,53033,4917.828711501776,,false,false,8665.150427460374,0.0,0.0,20.0,-122.26697126678962,47.54184057011347
ed5c3c97-481c-4cb6-a240-f51091bb18de,033-9830200290,53033,4921.2764333878185,,false,false,8711.16138637438,0.0,0.0,20.0,-122.26697430736674,47.5413389179544
53191cd2-dbb4-41da-902e-242059aed724,033-9830200295,53033,4921.206289347794,,false,false,8718.032450257022,0.0,0.0,20.0,-122.26681233929628,47.541338363933306
747fcb1d-e0ea-4469-9ce7-3260544bf62d,033-9830200300,53033,7360.757309423005,,false,false,8726.625029666358,25.0,20.0,20.0,-122.26661022726175,47.54133764675743
69988bb7-007a-43af-b9ea-c4f9e3b19a11,033-9830200310,53033,7372.724549229775,,false,false,8736.891029181123,25.0,20.0,20.0,-122.26636773541992,47.54133751441873
a753a8e8-d3f1-4602-b388-5f95699dcd81,033-9830200320,53033,4864.760728367543,,false,false,8741.204581168498,0.0,0.0,20.0,-122.26613006957164,47.541400342251244
5a9a8a1b-4cd8-44b7-ad87-6efa861335cc,033-9830200325,53033,5057.221566294699,,false,false,8759.16948530563,25.0,20.0,20.0,-122.26560747800607,47.541447251463694
a0980052-ab30-48c5-9240-7b4aec762144,033-9830200330,53033,5060.233854364086,,false,false,8764.047205358975,25.0,20.0,20.0,-122.26573053932013,47.5413365379722
0d1cdd42-8cd3-49d1-b812-f0bf100175ec,033-9830200335,53033,6529.104824501276,,false,false,8769.675086326784,25.0,20.0,20.0,-122.26587123513302,47.5412097252519
4b41565b-8eb9-4812-879b-c316e29339f4,033-9830200345,53033,7494.470898819592,,false,false,8776.485142152891,25.0,20.0,20.0,-122.26604247065731,47.54105628179075
adf6b00d-daa3-45f5-9685-3b358fa709f2,033-9830200355,53033,9144.816251835638,,false,false,8784.625570773305,25.0,20.0,20.0,-122.26624565927396,47.54087421466464
8b153084-08e8-429f-887a-739e7d4bb287,033-9830200375,53033,5299.327438210805,,false,false,8743.339482042176,25.0,20.0,20.0,-122.26688373238983,47.54103098401555
2a48db76-895f-43c8-bc84-8385e3c90cb4,033-9830200380,53033,5067.142537290117,,false,false,8758.612947123154,25.0,20.0,20.0,-122.26689236288883,47.54086144610753
4561ab35-a303-47ea-9abf-1aa1a7ef22a8,033-9830200385,53033,6001.232561881385,,false,false,8759.069959609235,25.0,20.0,20.0,-122.26659050442348,47.54099401889518
4404128d-29f2-43f0-9c2d-e998dd820196,033-9830200390,53033,5995.902427690112,,false,false,8596.811007096783,25.0,20.0,20.0,-122.26970984842937,47.54134899554852
f4bfd933-cabb-4224-b64a-52fd22f40910,033-9830200395,53033,6170.511912186089,,false,false,8605.095934723533,25.0,20.0,20.0,-122.2695095816816,47.54134795839412
2f7fc50b-fa42-4ed3-bd03-1cebfa585449,033-9830200400,53033,6159.793318728649,,false,false,8613.478845392196,25.0,20.0,20.0,-122.26930661777345,47.5413472531021
3bd1cea1-f622-4fd4-ae82-7c7a1a5e1635,033-9830200405,53033,6271.6252755504365,,false,false,8621.966769820634,25.0,20.0,20.0,-122.26910199592717,47.54134635319261
0193fd2c-b273-4704-b9e3-c3ac29df59b7,033-9830200410,53033,6048.549988902832,,false,false,8630.350672967073,25.0,20.0,20.0,-122.26889920703098,47.5413459637192
a4d4746c-25f3-42a0-b19b-2752322031df,033-9830200415,53033,6171.105704311997,,false,false,8638.733812816221,25.0,20.0,20.0,-122.26869808149178,47.54134504344564
a86b4390-7249-448a-aced-505f9bda7c00,033-9830200420,53033,6160.446292728207,,false,false,8647.191164832928,25.0,20.0,20.0,-122.26849511792715,47.541344339521565
91b0da09-4d9b-4168-8354-9597bfe96e8f,033-9830200425,53033,6220.180410450402,,false,false,8655.707595474942,25.0,20.0,20.0,-122.26829135237067,47.541343556949506
770a513d-bb59-4250-91fb-af9a0193ea35,033-9830200430,53033,6101.241193112361,,false,false,8664.187887231212,25.0,20.0,20.0,-122.26808856471558,47.54134292645261
4ab1142c-af52-47fd-a094-8500a141a681,033-9830200435,53033,6786.559991515702,,false,false,8673.093451010138,25.0,20.0,20.0,-122.26787646077487,47.54134209399126
be32b95a-d390-4f94-a708-290ea7554e56,033-9830200440,53033,6794.181490199362,,false,false,8682.487040168688,25.0,20.0,20.0,-122.26765295790946,47.54134134935983
570c8b61-0d03-4a86-b314-fefaf0411e64,033-9830200460,53033,7381.023400152809,,false,false,8692.32271714165,25.0,20.0,20.0,-122.26741967813221,47.54134049080601
c79d46f6-7ac0-4c31-b681-a1febee4553f,033-9830200465,53033,6193.49375826941,,false,false,8729.369009850869,25.0,20.0,20.0,-122.26740194236471,47.54094743970448
e27cb6bf-c1b6-49e6-ac68-c9586a4809b1,033-9830200470,53033,6179.626357906599,,false,false,8720.874029470211,25.0,20.0,20.0,-122.26760439491142,47.54094808912946
9820f9b6-fe53-4ad9-9699-4961ae7c7eba,033-9830200475,53033,7463.361744748007,,false,false,8711.515270967115,25.0,20.0,20.0,-122.26782763023535,47.540948943578265
0b6ebca0-9cb6-4a75-8baa-d20525a7da2d,033-9830200480,53033,7383.524863263203,,false,false,8701.359233403913,25.0,20.0,20.0,-122.26807057148837,47.540949833862875
47d48024-1686-4970-99f7-16906251ad8c,033-9830200485,53033,6894.049632899439,,false,false,8691.624398353064,25.0,20.0,20.0,-122.26830420406698,47.540950612433186
df2ca523-d7aa-420d-a48b-67123f61fc2e,033-9830200490,53033,6837.866201880683,,false,false,8682.276048238906,25.0,20.0,20.0,-122.26852891208532,47.54095145227227
ff9b5246-04dd-4d67-b853-411fe37bc092,033-9830200495,53033,6062.8517777066045,,false,false,8673.499963113572,25.0,20.0,20.0,-122.26874002182214,47.54095239308328
c18595c9-a0e4-4adb-abae-c1be77ffc1fd,033-9830200500,53033,6341.153502039882,,false,false,8665.123419739764,25.0,20.0,20.0,-122.26894301262051,47.540952834762955
19718090-b68c-4bae-afea-313dc9eb0b59,033-9830200505,53033,6218.815814922768,,false,false,8656.621440350753,25.0,20.0,20.0,-122.26914855873868,47.540953700652715
b99822c9-a294-45d3-a04f-9ac9e647a28b,033-9830200510,53033,5583.149444837328,,false,false,8648.658284507006,25.0,20.0,20.0,-122.26934170536026,47.54095442313139
7917e98a-4105-4760-95b9-4e3a5cbb0988,033-9830200515,53033,5583.11098581183,,false,false,8641.141492842857,25.0,20.0,20.0,-122.2695244516849,47.5409550856936
524f3614-c251-4de4-8894-a1e73e43435b,033-9830200520,53033,5962.789260248144,,false,false,8633.356629423324,25.0,20.0,20.0,-122.26971341273489,47.54095607524516
586b01f8-faab-4a11-af87-e8dd807802be,033-9831200010,53033,28750.36651362753,,false,false,2475.2457763444118,25.0,20.0,20.0,-122.3229446740704,47.627587831367414
b3fd944c-9714-4ba2-8dc6-d33c2edaed51,033-9831200040,53033,34589.60773791971,,false,false,2515.588156654634,25.0,20.0,20.0,-122.3229385584095,47.62796402627373
0bd0f58f-86f3-449f-bbdd-0f5f8d653d50,033-9831200055,53033,5765.967432810365,,false,false,2540.431754496302,25.0,20.0,20.0,-122.32316827499199,47.628239071068194
b71704aa-df2e-4fc6-a7b9-50a3ebb91d80,033-9831200060,53033,5767.953377422196,,false,false,2555.1561019423316,25.0,20.0,20.0,-122.3231660507707,47.628375908093545
2e71e3a3-862d-4560-b90a-4ab99d9b0080,033-9831200070,53033,5769.623866017496,,false,false,2569.8860851830154,25.0,20.0,20.0,-122.32316383111265,47.62851274503793
9438c3a7-0244-46ef-b3d1-eba4afbc002d,033-9831200075,53033,11548.02591882125,,false,false,2571.673047629399,25.0,20.0,20.0,-122.32269629003508,47.628441975173466
a2d0e0cf-36d2-4026-951a-cc7f8643fe42,033-9831200085,53033,5771.179976895929,,false,false,2549.636680718984,25.0,20.0,20.0,-122.32269985347538,47.628236521143876
8fdf7aa0-ae78-4e3c-86b3-95317c4916f3,033-9831200125,53033,18977.050447752335,,false,false,2230.02614732518,25.0,20.0,20.0,-122.3229871912266,47.6252911397071
fddd0047-af57-443b-bafa-079cbc373d53,033-9831200152,53033,3814.627088684568,,false,false,2253.8486628329333,0.0,0.0,0.0,-122.32271357939008,47.62545644954851
857abe2f-b49d-4baf-ba0f-e85802c4bf30,033-9831200153,53033,2999.0273299983583,,false,false,2263.683117358169,0.0,0.0,0.0,-122.32271634960772,47.62555013566312
8a35d71f-3b4e-48c4-8efa-03da2418e28d,033-9831200154,53033,2993.1089044307355,,false,false,2272.4181696487394,0.0,0.0,0.0,-122.32271450903818,47.62563236342448
0f9c801e-90b0-42ef-9078-029b1b78248f,033-9831200155,53033,2976.9584965002377,,false,false,2281.206776207888,0.0,0.0,0.0,-122.32271189720038,47.62571489858315
7c3ade5e-cbea-4063-98e5-aab815f27ed6,033-9831200156,53033,3000.743717437564,,false,false,2289.8920855858464,0.0,0.0,0.0,-122.32271201814989,47.62579702348439
ca102af8-d6ae-4a73-bd1d-fe57031194a8,033-9831200157,53033,2999.5636782192055,,false,false,2298.6337400780862,0.0,0.0,0.0,-122.32271051464113,47.625879295805326
d5840a1a-7eea-492e-a809-25b64acfb3dc,033-9831200158,53033,3383.8967496186483,,false,false,2306.877719280059,0.0,0.0,0.0,-122.32273566515148,47.62596258656318
b967e13a-59d8-4105-8a38-0a10fafc6edc,033-9831200159,53033,3461.1440731071884,,false,false,2315.4479721189905,0.0,0.0,0.0,-122.32273863409665,47.626044119823995
545430c0-3ab1-4863-9cce-1f4a7ff0dc7c,033-9831200171,53033,1352.5722337022182,,false,false,2317.2209518847258,0.0,0.0,0.0,-122.3232039414314,47.626157799754196
5b10e510-247d-4f86-b5fb-15327c642701,033-9831200172,53033,2203.8308429873664,,false,false,2320.223872767488,0.0,0.0,0.0,-122.32305975998928,47.62615657647909
93c1d358-7046-4cac-a78c-34083e30e42d,033-9831200173,53033,2203.516271839928,,false,false,2305.5950277684237,0.0,0.0,0.0,-122.32306221381594,47.626019484444775
650ba67c-ce79-4b25-bfa8-9cd44f1aa3ba,033-9831200174,53033,1352.5493268497244,,false,false,2302.574826210508,0.0,0.0,0.0,-122.32320638296659,47.626020722530974
a3918b0a-81d0-4c8b-96eb-adb8532163f4,033-9831200175,53033,2208.6652049192817,,false,false,2299.596654151811,0.0,0.0,0.0,-122.32335077659509,47.626021960659045
6454c1c6-5689-49b2-9f7b-11911eb45726,033-9831200180,53033,2208.215387116956,,false,false,2314.260467262871,0.0,0.0,0.0,-122.32334831861718,47.6261590231705
42e7b8f4-f8a5-4145-ada8-e0260e0d8391,033-9831200183,53033,1321.205842483853,,false,false,2339.152791928884,0.0,0.0,0.0,-122.32331598126466,47.62638597340708
9208e088-8519-41e7-94fb-4cd9d39d296c,033-9831200184,53033,1321.5948975036215,,false,false,2332.4762993388113,0.0,0.0,0.0,-122.32331710910033,47.626323615301104
5d550065-c490-46a1-bb4d-8df5f261b687,033-9831200185,53033,1379.8164233866055,,false,false,2325.6534452788296,0.0,0.0,0.0,-122.32331825901079,47.62625987503649
109d830d-437f-4f03-ae71-6ea93a64f90f,033-9831200186,53033,1758.8652612625453,,false,false,2351.775081365132,0.0,0.0,0.0,-122.32308095220307,47.626457370405205
f0c0436e-2c45-4448-ae00-7edd60fd7dd2,033-9831200187,53033,1301.075088644618,,false,false,2343.937072376001,,0.0,0.0,-122.32308227079673,47.62638403071267
0c47eaa2-7290-4680-a098-8e5fd0cbb4d9,033-9831200188,53033,1301.2079394083537,,false,false,2337.2729366795757,0.0,0.0,0.0,-122.3230833980077,47.626321660052284
d9157e60-b1c7-44b2-8a4c-311f0c4b99ca,033-9831200189,53033,1358.702221182909,,false,false,2330.4632210448335,0.0,0.0,0.0,-122.32308454046203,47.62625790958128
d636207e-f9ab-46cf-b2cb-3d4da18f371e,033-9831200190,53033,1786.3599936535823,,false,false,2347.0053294024824,0.0,0.0,0.0,-122.32331466178154,47.62645929916111
948db314-7c88-4e1f-87e3-452903e2e833,033-9831200195,53033,4895.359687962882,,false,false,2367.6971636756844,0.0,0.0,20.0,-122.32331740489357,47.626653638937995
767b7959-2cc5-43af-8487-de6a79da770a,033-9831200200,53033,6632.750598414688,,false,false,2369.185551608555,25.0,20.0,20.0,-122.32310549175284,47.62662571251638
b081b496-c6b5-4248-b42c-8d8b8e1a132b,033-9831200215,53033,5766.133835120355,,false,false,2385.5587909728906,25.0,20.0,20.0,-122.32272684443555,47.62670233896593
08f97295-f6c7-4275-b315-927c064599e6,033-9831200220,53033,1441.664357599379,,false,false,2377.0964085068927,0.0,0.0,0.0,-122.3226118461737,47.626598543293106
a37f9af8-6e8f-4023-81b0-c7492044a70e,033-9831200221,53033,1441.7200037772106,,false,false,2369.7946577490084,0.0,0.0,0.0,-122.32261307449944,47.626529973604576
ddc32120-955e-422a-9424-1ba5b749773e,033-9831200222,53033,1441.401556387049,,false,false,2372.1167841522906,,0.0,0.0,-122.32284555099294,47.62660044698383
9ba7358c-2742-4b40-bbb8-2b3683f85052,033-9831200223,53033,1441.4797693275316,,false,false,2364.80098559575,0.0,0.0,0.0,-122.32284678245608,47.62653189050222
8f693498-4209-407b-b38f-c91b5c892b5b,033-9831200225,53033,1441.6880307989466,,false,false,2362.49493373132,0.0,0.0,0.0,-122.32261430368835,47.62646140394349
e393d5bc-5936-4ca0-b378-4c5353d451dd,033-9831200226,53033,1441.7233168413366,,false,false,2355.1973719073244,0.0,0.0,0.0,-122.32261553254929,47.62639283515583
be498bc6-3655-4565-a1c6-8c1c7e570bbb,033-9831200227,53033,1441.4642159099017,,false,false,2357.4870455258083,0.0,0.0,0.0,-122.32284801242984,47.6264633328405
ba02b0d1-ef7f-4238-9321-d6a70bdbd11e,033-9831200228,53033,1441.51163665201,,false,false,2350.1750543684907,0.0,0.0,0.0,-122.32284924568677,47.626394775668004
56d5629f-c223-41f4-ac53-98b57eceb55c,033-9831200230,53033,5766.593307494549,,false,false,2341.7180011954265,25.0,20.0,20.0,-122.32273422432343,47.626290960028854
03c3e567-2f3b-45e3-8196-4931b195f1af,033-9831200233,53033,1413.3457482104332,,false,false,2326.081381380089,0.0,0.0,0.0,-122.32261808322004,47.62611855144753
46a54bfe-4e2c-4c2f-80fc-2e0d086275ac,033-9831200234,53033,1412.152308267818,,false,false,2333.3700531533286,0.0,0.0,0.0,-122.32261687066031,47.626187121066316
013593f0-bd1f-430d-81ac-0e300504b1f1,033-9831200235,53033,1470.969631646083,,false,false,2320.998688859611,0.0,0.0,0.0,-122.32285181710057,47.62612053447583
0bad06b6-d3aa-4d77-895e-d586759dba82,033-9831200236,53033,1470.2635026900966,,false,false,2328.302481488826,0.0,0.0,0.0,-122.32285058206531,47.62618909149774
d1635df3-7812-467c-a02a-85225050c49e,033-9831200275,53033,6968.208455781979,,false,false,2252.798938025843,25.0,20.0,20.0,-122.32205136234826,47.62529397163199
a5b7d30b-4808-4d27-b318-f59a1cd65616,033-9831200285,53033,15001.756713195879,,false,false,2284.565268595118,25.0,20.0,20.0,-122.3220667220731,47.62560045255372
d7a90ce2-cb4d-4694-a7f8-e804029fa21d,033-9831200300,53033,5000.434597242745,,false,false,2313.4887351561756,25.0,20.0,20.0,-122.32206181548442,47.625874581042794
6b90057c-f14b-4a5c-b136-ae879117f6b5,033-9831200305,53033,7000.639222032135,,false,false,2330.861876709473,25.0,20.0,20.0,-122.32205887032937,47.62603905759136
595feeee-437c-4647-a919-17ec4a4ed082,033-9831200315,53033,8000.7341282303905,,false,false,2352.5978958208666,25.0,20.0,20.0,-122.32205518987699,47.62624465389513
6d03a4d9-a666-468b-9028-bd3c41e23cec,033-9831200330,53033,4000.3261456048413,,false,false,2384.515452027311,0.0,0.0,20.0,-122.32204979388614,47.62654619498447
7d9eaf3d-ae10-408f-9d7a-ccd96108a743,033-9831200340,53033,5400.3638889863505,,false,false,2398.5780060031857,25.0,20.0,20.0,-122.32206761550628,47.62668341901898
a128819c-21ed-49e5-bca6-6f592884f6af,033-9831200345,53033,3500.3245900638,,false,false,2411.3054915335533,,0.0,0.0,-122.32158075283321,47.626693291644294
4a1c1f02-4229-487c-8220-4bfa58b7bd4e,033-9831200350,53033,3600.146500021928,,false,false,2399.9531008065924,0.0,0.0,0.0,-122.32179809083263,47.62663559903679
a4132d5e-3793-40e8-8f75-914a18d1745d,033-9831200360,53033,3500.3859515945296,,false,false,2396.8475118264505,0.0,0.0,0.0,-122.32158320291317,47.62655622669666
c47b719a-fcd7-42c6-8692-ba7f4399b4dc,033-9831200365,53033,3300.2877877177125,,false,false,2383.40219740131,0.0,0.0,0.0,-122.32164606639223,47.626442942112206
d5a9be0f-8ce4-4828-9761-3c89ae9fcfef,033-9831200370,53033,3400.2865674916197,,false,false,2373.720472289831,0.0,0.0,0.0,-122.32164770917998,47.6263511095668
0c2d7d1b-94f5-4574-a04d-331e67920b00,033-9831200380,53033,3300.2681350284397,,false,false,2364.0432399676793,0.0,0.0,0.0,-122.32164935008885,47.62625927686366
e2ce6e1f-27aa-4992-9179-ed94e4508094,033-9831200385,53033,4000.3960651629955,,false,false,2353.5043554557806,0.0,0.0,20.0,-122.3216511431342,47.62615921986019
da331a31-f034-4b24-9eb3-ee1b9f56c9e2,033-9831200390,53033,4000.388984576542,,false,false,2341.9612597073397,0.0,0.0,20.0,-122.32165310334379,47.62604956837706
9269eb7a-e52e-44a9-8e2d-45829a9d17eb,033-9831200420,53033,4000.48225873356,,false,false,2307.3719930198204,0.0,0.0,20.0,-122.32165899036463,47.625720614252
dbfa5c2e-be95-4ad5-babb-ea71799fe5fe,033-9831200425,53033,5000.441383735688,,false,false,2294.4169433880156,,20.0,20.0,-122.32166119695854,47.62559725620431
fe053c5c-938a-4b98-8e53-eac0ad0ee426,033-9831200430,53033,12804.34139305711,,false,false,2268.809960641699,25.0,20.0,20.0,-122.3216658559876,47.625353247308375
5f8761de-eb26-479e-84e5-a3d34e953b53,033-9831200445,53033,9996.806559580718,,false,false,2439.742807278264,25.0,20.0,20.0,-122.32204045372674,47.62706698709837
33c2e6c6-fb67-423c-a25f-519f57551920,033-9831200455,53033,4998.178879942862,,false,false,2461.570799479483,0.0,0.0,20.0,-122.32203677398616,47.627272505274505
cf31e311-8e19-42dd-ae80-ea30d39a4bff,033-9831200460,53033,4998.15097582765,,false,false,2476.1327232326407,0.0,0.0,20.0,-122.32203432081137,47.62740951399938
97ea1626-11b2-4fa5-8b44-6ff94349893d,033-9831200465,53033,9996.251429547598,,false,false,2497.9905815688226,25.0,20.0,20.0,-122.32203064247867,47.62761502646245
22c11205-756d-495b-89b4-6dc500b88d87,033-9831200480,53033,14994.141528173299,,false,false,2534.459417298031,25.0,20.0,20.0,-122.32202451192975,47.62795754757932
47351741-57f9-462f-adcd-85a868b198b6,033-9831200490,53033,7498.04159450562,,false,false,2567.3230389404607,25.0,20.0,20.0,-122.32201899788794,47.62826583077737
abbe1bcb-e8ed-45ab-9fad-1b01849a9d78,033-9831200500,53033,7495.905641376638,,false,false,2589.2517688054286,25.0,20.0,20.0,-122.32201531259815,47.62847134362008
a6ff5859-47d4-4e13-be4f-f13de0dbb828,033-9831200510,53033,9999.475723871637,,false,false,2594.361135334658,,20.0,20.0,-122.32161042175947,47.6284344238924
174ba005-d6c5-4316-9e73-5303eb2285d9,033-9831200520,53033,4999.71244054046,,false,false,2572.5015406897105,0.0,0.0,20.0,-122.32161409926421,47.62822883697581
12541aa2-1825-4f83-88d4-25a5a8cd36c9,033-9831200525,53033,4999.870726930518,,false,false,2557.938206337211,0.0,0.0,20.0,-122.32161655116965,47.62809177902462
08bc4adb-0ebe-4e73-9576-8a2176dca6b0,033-9831200530,53033,4999.801264967974,,false,false,2543.382807034651,0.0,0.0,20.0,-122.3216190027542,47.627954720919135
201337b0-af76-4913-8cdc-acf5f7e6ae22,033-9831200535,53033,4999.874735581625,,false,false,2528.8355774225743,0.0,0.0,20.0,-122.3216214540083,47.627817663578
f694382b-68dd-4b8b-8397-7ff57e905360,033-9831200540,53033,4999.811336882007,,false,false,2514.296595713644,0.0,0.0,20.0,-122.32162390513818,47.627680606459585
50b11eb3-2466-4fec-a34a-7ec49b3acd93,033-9831200545,53033,4999.909669932179,,false,false,2499.7658919939104,0.0,0.0,20.0,-122.32162635853737,47.62754354902366
a2daf512-daa9-428f-bbd3-ef7c40d365cd,033-9831200550,53033,4999.964758005151,,false,false,2485.2436769326328,0.0,0.0,20.0,-122.32162881037897,47.62740649102564
4c378e86-6610-4996-9d50-2c5c1c9690ae,033-9831200555,53033,5000.015572652853,,false,false,2470.730093675248,25.0,20.0,20.0,-122.3216312625818,47.627269432826026
96593d9c-900f-4ff6-870f-1a3d3590f8ed,033-9831200560,53033,4999.988947001701,,false,false,2456.2253838660126,0.0,0.0,20.0,-122.32163371639915,47.62713237554671
b9f4059b-d299-45f0-885f-82e1ca9b8a4f,033-9831200565,53033,5000.431242145167,,false,false,2441.729073971639,25.0,20.0,20.0,-122.321636169082,47.62699531257832
971ee69f-262f-4b57-b26d-2924337346cb,033-9831200595,53033,1488.4621862546276,,false,false,2516.64145635118,0.0,0.0,0.0,-122.32105907367136,47.627574003608004
03b2e1b4-928a-4ff5-a8e0-688a00677c15,033-9831200596,53033,1491.836320277509,,false,false,2509.4160074843912,0.0,0.0,0.0,-122.32106002838059,47.62750540804865
039be5a9-85c0-43ea-a901-a7074aeeabda,033-9831200597,53033,2002.1186359759042,,false,false,2517.908504370826,0.0,0.0,0.0,-122.32085771809969,47.627538348883164
653196fd-c2a3-4d23-b5d1-8f48ba66f3b6,033-9831200600,53033,1257.30186443515,,false,false,2528.7372034678106,0.0,0.0,0.0,-122.32086897677603,47.62764434856942
1f99c92d-a780-4b23-b79e-50a441d25db8,033-9831200605,53033,2900.6769416004363,,false,false,2542.4849364406823,0.0,0.0,0.0,-122.32104993000893,47.62781783814724
37eb7777-e90f-4618-b85d-7d2163c64e98,033-9831200606,53033,1084.9327565000283,,false,false,2532.3167241603933,0.0,0.0,0.0,-122.32106942434129,47.62772563548572
7225516b-c60e-4703-b502-0ad0e623485d,033-9831200607,53033,652.6927045877167,,false,false,2527.5862663633957,0.0,0.0,0.0,-122.32107005986038,47.627680769062934
9454e639-264b-4a15-9e57-2d60e750c2ed,033-9831200608,53033,1077.9617767834343,,false,false,2522.887209969385,,0.0,0.0,-122.32107054250869,47.627636156322374
a127d040-a51e-43fd-9e86-bec1eaa4928d,033-9831200609,53033,1692.7277585077354,,false,false,2547.5505334082372,0.0,0.0,0.0,-122.32084895990968,47.62781896823732
caa094c4-2dab-43c0-9b2b-c946d7cf9485,033-9831200610,53033,4962.5444613328,,false,false,2558.3270440144674,0.0,0.0,20.0,-122.32097258882466,47.627950568741994
a1a64e30-65ad-4b86-830e-52a7fe832122,033-9831200611,53033,1252.817923710091,,false,false,2536.587244996516,0.0,0.0,0.0,-122.32086744972618,47.62771884128534
a12df721-9cd7-49df-9ab4-9f308a460b85,033-9831200615,53033,1313.029035586502,,false,false,2575.666183977241,0.0,0.0,0.0,-122.32103519988048,47.62812985332823
657e5486-6504-4040-9e3f-5d293d08ced6,033-9831200616,53033,1618.3460595102586,,false,false,2576.0190071065454,0.0,0.0,0.0,-122.32083589502747,47.62808705767672
f4f5341b-d3a5-4ae3-8d6e-23e99d235179,033-9831200617,53033,830.0789715143131,,false,false,2570.986634575508,0.0,0.0,0.0,-122.32103600922196,47.62808558183655
5cc6e4db-c69b-4428-b017-5006f733d39f,033-9831200618,53033,1177.2392999804483,,false,false,2566.6038590448156,0.0,0.0,0.0,-122.321036767092,47.628044110125984
e6a95ca1-6844-4df0-9a8b-daefbc4b5bd0,033-9831200620,53033,4927.759967817713,,false,false,2587.311317745439,0.0,0.0,20.0,-122.32096838791624,47.628225153626595
fb353c29-e257-4b6c-ba46-3833a8c98c7f,033-9831200640,53033,25746.308390191094,,false,false,2302.488342825525,,20.0,20.0,-122.32086236546172,47.625471373193456
51f192e2-7e33-4fb0-bd96-a0fadd7c1d90,033-9831200660,53033,5231.108790355583,,false,false,2325.5137857679097,25.0,20.0,20.0,-122.32100041458337,47.62572961414692
d1077619-4fcb-43c5-8956-557aad82ada5,033-9831200665,53033,727.2216534969946,,false,false,2341.7762012909106,0.0,0.0,0.0,-122.32105563900114,47.625900265128664
898d878e-4c03-47c1-8229-6e1c34f6e563,033-9831200666,53033,619.6175131283171,,false,false,2339.1051956451493,0.0,0.0,0.0,-122.32116110002174,47.62590133851786
9afe7cc9-fa48-463b-a7ae-4f2cdf0812a5,033-9831200667,53033,1255.446364007253,,false,false,2333.395140473625,0.0,0.0,0.0,-122.3211050748476,47.62583228033004
73079f39-ab2f-4967-9081-37526e93f795,033-9831200668,53033,702.3019479491873,,false,false,2344.8132234437967,0.0,0.0,0.0,-122.32094174406058,47.625900317791206
2d6428ce-1f44-4dcc-a5eb-3417f10be071,033-9831200669,53033,598.1228565817378,,false,false,2347.5323449161874,0.0,0.0,0.0,-122.32083630978649,47.62589924400717
2b87aec0-2871-402a-a7b0-e43574c2fa18,033-9831200670,53033,10333.212060617805,,false,false,2361.1937230071276,25.0,20.0,20.0,-122.32099690849302,47.62607197389471
df53a0c1-e650-4fe0-a443-d6c355d14ac6,033-9831200671,53033,1302.5231591205606,,false,false,2338.9369678572743,0.0,0.0,0.0,-122.32089364594086,47.62583129257432
5bafe0b4-d0ff-4c82-995b-8d1fa498c49a,033-9831200680,53033,4103.803412036916,,false,false,2381.236414202034,0.0,0.0,20.0,-122.32099493079512,47.626263975880086
e4452ff5-8373-476f-9cee-61cc849710db,033-9831200685,53033,4087.298490286411,,false,false,2392.686857019046,0.0,0.0,20.0,-122.32099380683289,47.626373571214124
a2cda8a9-69ec-4d56-b75e-9b5625697627,033-9831200695,53033,4070.7630696575775,,false,false,2404.144427898206,0.0,0.0,20.0,-122.3209926857132,47.62648316619186
52b75f9c-b849-463a-b019-61cb9d8da4ca,033-9831200705,53033,8094.821725504435,,false,false,2421.3358052723756,25.0,20.0,20.0,-122.32099102656991,47.62664748445539
2e22b7dd-e4eb-429b-8e94-da8a0bc47d93,033-9834200005,53033,4063.3089433003775,,false,false,4626.855803253122,0.0,0.0,20.0,-122.29122158657422,47.57503352780265
c07d0d54-d8e0-4736-9fe6-841de5e178f3,033-9834200010,53033,4149.91119014404,,false,false,4633.8431068713535,0.0,0.0,20.0,-122.29127140877884,47.57492009684921
423264a6-6f89-4e43-bcbc-98408258e459,033-9834200015,53033,4065.7457427431227,,false,false,4643.35699252443,0.0,0.0,20.0,-122.29126849832645,47.57480794558784
14a7a4dc-8732-41f0-915f-dbb1ad7f2f7d,033-9834200020,53033,4062.0393556239237,,false,false,4652.449453964386,0.0,0.0,20.0,-122.2912701699176,47.57469829327628
184e369b-6bc7-40d3-a0a1-e731fd619446,033-9834200025,53033,4943.054038140672,,false,false,4659.46317713318,0.0,0.0,20.0,-122.29131899768855,47.574585910499806
d20752cf-b30b-4c97-ae5f-2268f97117bc,033-9834200030,53033,4067.938427278091,,false,false,4670.680800105506,0.0,0.0,20.0,-122.2912737409032,47.574478807372095
16cd4945-32d0-4fad-8120-548b943a4f01,033-9834200035,53033,4037.4826466775266,,false,false,4679.838099763583,0.0,0.0,20.0,-122.29127496126036,47.574369150011684
948fcee3-f752-49e1-9a05-9b78adbb11f5,033-9834200040,53033,4047.035184064366,,false,false,4688.9603713608785,0.0,0.0,20.0,-122.2912768583275,47.57425967925161
06ac37f3-eea5-4161-a2da-f83d1a812d91,033-9834200045,53033,4032.4330711745997,,false,false,4698.119600776425,0.0,0.0,20.0,-122.29127834455872,47.57415017231773
98070301-efea-4d6d-9256-122e8d206e72,033-9834200050,53033,4047.0938003958277,,false,false,4707.276623540478,0.0,0.0,20.0,-122.29128032576803,47.574040567687994
f54398d1-987c-4be7-9c32-2cf42ff4268c,033-9834200055,53033,4039.340288761006,,false,false,4716.482434165501,0.0,0.0,20.0,-122.2912819336228,47.57393076335849
1812ac73-7575-4315-90e7-9077ab279754,033-9834200060,53033,7409.460253217283,,false,false,4678.5123303126775,25.0,20.0,20.0,-122.29019219643808,47.57503168463815
2c42154b-4fc7-4adb-ba30-6061f924f0ef,033-9834200065,53033,7046.175914483289,,false,false,4694.719395535153,25.0,20.0,20.0,-122.29018760594732,47.57483804392447
af50f59e-c326-4ac2-86c2-d95417ae3c61,033-9834200075,53033,4069.496323046377,,false,false,4706.692352322172,0.0,0.0,20.0,-122.29019577227527,47.57468833270978
cf36cd97-84f3-4b18-a53d-60524d693a61,033-9834200080,53033,4065.8741846983826,,false,false,4715.653786633216,0.0,0.0,20.0,-122.2901980593854,47.5745788071489
2a385f2c-b8b0-41b8-8aaa-fdeadb019ee4,033-9834200085,53033,6096.869617861198,,false,false,4726.880970977596,25.0,20.0,20.0,-122.29020092289456,47.57444183545257
61340226-eda5-47e4-b054-1d23388a7e4a,033-9834200095,53033,6077.3613963218895,,false,false,4740.377400883111,25.0,20.0,20.0,-122.29020434506221,47.57427754621108
2b59733f-953d-4b0b-b3a5-0f1e2a7629c7,033-9834200105,53033,4050.330021660984,,false,false,4751.643018393872,0.0,0.0,20.0,-122.29020720749212,47.57414070151759
6fea5770-8046-435c-b2d9-743a6b7b18e6,033-9834200110,53033,4046.53837312137,,false,false,4760.67570751733,0.0,0.0,20.0,-122.29020949360667,47.5740311757958
085e2d10-fcce-4622-a8c2-bcb7a448534c,033-9834200115,53033,4042.6879801998625,,false,false,4769.722563143491,0.0,0.0,20.0,-122.29021177708131,47.5739216495986
94a6a9ee-0f39-441b-84d1-ce5b0df685b3,033-9834200120,53033,4041.8184871966705,,false,false,4746.825305966457,0.0,0.0,20.0,-122.29067024741774,47.573925499112136
be8ce8bb-79ea-4ccf-8356-b194eec030dd,033-9834200125,53033,4045.817542580538,,false,false,4737.716795321137,,0.0,20.0,-122.29066835981634,47.57403500586354
1b56f168-1de1-474a-9069-df174c24a5df,033-9834200130,53033,4049.7452325821587,,false,false,4728.622252847007,0.0,0.0,20.0,-122.29066646612397,47.57414451436026
75d22609-67e0-41ac-8865-780b29039825,033-9834200135,53033,4053.598540762462,,false,false,4719.541600188407,0.0,0.0,20.0,-122.29066457251068,47.574254022882066
43ca0ca5-d47c-435b-b160-c51375b67444,033-9834200140,53033,4057.5035563502306,,false,false,4710.474873816191,0.0,0.0,20.0,-122.29066268150096,47.574363530459706
6eddec4f-ad01-40e3-8268-e0e6ea73702f,033-9834200145,53033,4061.432894099795,,false,false,4701.422242971948,0.0,0.0,20.0,-122.2906607885887,47.57447303869717
eb6accdc-9107-4dd0-ac1b-4df32d321c6d,033-9834200150,53033,4065.242364465053,,false,false,4692.383738555138,0.0,0.0,20.0,-122.29065889747835,47.57458254600166
3db5b697-3b10-4dbd-90d4-735673943514,033-9834200155,53033,4069.247513555524,,false,false,4683.359490912316,0.0,0.0,20.0,-122.29065700463434,47.57469205389443
438da334-aa59-49ab-8a5f-80a7c63624ce,033-9834200160,53033,4073.1349195938537,,false,false,4674.349463755126,0.0,0.0,20.0,-122.29065511224631,47.57480156249825
027e614d-1096-49dd-83b3-74a4db11aaee,033-9834200165,53033,4076.935147566701,,false,false,4665.353896051203,0.0,0.0,20.0,-122.2906532201235,47.57491107004769
380a1f37-9c14-41e5-be24-075b193c3eef,033-9834200170,53033,6016.007232463565,,false,false,4654.320315929784,25.0,20.0,20.0,-122.29064939967115,47.57504653342708
8080feb2-476c-41e6-bb42-53a1ce98526d,033-9834200175,53033,3526.283472229499,,false,false,4727.006446236023,0.0,0.0,0.0,-122.28921085421574,47.57504709391047
c67613a8-1c47-416b-9c90-47abcf0c3dc6,033-9834200178,53033,3450.223556208768,,false,false,4737.566738370348,0.0,0.0,0.0,-122.28900416443301,47.57504709377767
58745662-64a8-447c-9722-1fd8b2f51902,033-9834200180,53033,4078.2172904465683,,false,false,4744.0908036139,0.0,0.0,20.0,-122.28911329125377,47.574898610304125
5fa4ce93-d1bd-45e4-ba1d-1f8560b580ad,033-9834200185,53033,4078.0569811928312,,false,false,4752.910606648587,0.0,0.0,20.0,-122.2891157912104,47.57478905496892
aef659af-3c64-4b48-8587-93ef103ac139,033-9834200190,53033,4077.933822476637,,false,false,4761.7452215100475,0.0,0.0,20.0,-122.28911829032562,47.57467950044971
b1c6cb54-71fd-40c0-afa9-bbb306ea6833,033-9834200195,53033,4077.936399163388,,false,false,4770.594595938516,0.0,0.0,20.0,-122.28912079057481,47.57456994515112
8ef805a7-6d04-4a51-b46f-d8d0d9b099f8,033-9834200200,53033,4077.876056633126,,false,false,4779.458718512065,0.0,0.0,20.0,-122.28912329073117,47.57446038897757
0523508d-9176-4c08-a600-4813966b7e27,033-9834200205,53033,4077.7559131129433,,false,false,4788.337396353363,0.0,0.0,20.0,-122.28912579182695,47.57435083265374
2e0f0883-0f80-49ab-8186-1562be140c6b,033-9834200210,53033,4077.654455936159,,false,false,4797.230546627902,0.0,0.0,20.0,-122.28912829291441,47.57424127678526
8caa5443-c3d3-4231-bc2b-76220cc2898b,033-9834200215,53033,4077.547893431623,,false,false,4806.138115820184,0.0,0.0,20.0,-122.28913079227884,47.57413172208722
3ad0cda7-018d-4caa-bf9c-3b8a68dd1152,033-9834200220,53033,4077.4341609402886,,false,false,4815.0601650972,0.0,0.0,20.0,-122.28913328952324,47.57402216708025
b87219d3-ae8b-4afa-8e44-fbf40364145d,033-9834200225,53033,4078.1202059217717,,false,false,4823.997306915105,0.0,0.0,20.0,-122.28913578776033,47.57391260151412
e3d00c7d-9e8c-4780-bd4a-4d756abe0791,033-9834200230,53033,4077.110659001102,,false,false,4800.608550358071,0.0,0.0,20.0,-122.28959767293247,47.57391647917447
7f6c0055-ecaf-4ce2-bf09-5a1c2bd4f919,033-9834200235,53033,8153.290484418595,,false,false,4787.14515091221,25.0,20.0,20.0,-122.28959394104473,47.574080785055294
96fe9dab-f3b9-45f7-a253-4dcdec597b3c,033-9834200245,53033,4076.9337830483432,,false,false,4773.714496183612,0.0,0.0,20.0,-122.28959020845761,47.57424508196734
794433f7-e309-4da3-b386-5625ec65b9e4,033-9834200250,53033,4076.9024413826182,,false,false,4764.778456145943,0.0,0.0,20.0,-122.28958772044868,47.57435461496353
f06a6896-fe7b-4c6a-82d6-0e298529a0ed,033-9834200255,53033,4077.0194988473895,,false,false,4755.8569037865345,0.0,0.0,20.0,-122.2895852322345,47.574464147113595
f97a1411-7dff-4297-93cb-b093d362de1c,033-9834200260,53033,4077.1028108627343,,false,false,4746.949761289772,,0.0,20.0,-122.289582745627,47.574573679236835
72495e64-b866-429d-9f2e-ca35a8a8106b,033-9834200265,53033,4077.1162668180823,,false,false,4738.057419169931,0.0,0.0,20.0,-122.28958025675526,47.574683209948475
9bc40012-6148-498e-ba39-1978f41cdb0e,033-9834200270,53033,6118.0776679135715,,false,false,4726.9595916995295,25.0,20.0,20.0,-122.28957715577047,47.57482015382471
9bc4bd24-b93d-4ebb-b5e4-29fee46753a6,033-9834200280,53033,4566.9154680070105,,false,false,4715.903000051352,0.0,0.0,20.0,-122.28947305427701,47.575019527207154
81690b9f-a837-42f0-8b2a-567ba1a8e19a,033-9834200285,53033,4158.638467704118,,false,false,4705.405820366784,0.0,0.0,20.0,-122.2896798122633,47.57501953510711
eabb779d-ccd5-4402-af43-c9f2303c2269,033-9834200300,53033,3810.989359252019,,false,false,4783.491524994116,0.0,0.0,0.0,-122.28803070455288,47.575098971214125
6364baf3-d46d-46a1-9b3e-7668650fa6da,033-9834200305,53033,4048.614267888862,,false,false,4791.815813297721,0.0,0.0,20.0,-122.28803439582732,47.574993161497005
c5c33c54-3977-4cc1-9c20-053f26454f71,033-9834200310,53033,4049.363379893639,,false,false,4800.479184531048,0.0,0.0,20.0,-122.28803677573556,47.574884166678174
d33587d7-293a-4e74-85d5-0bdd68cb90a8,033-9834200315,53033,4049.9481664124132,,false,false,4809.1574548873205,0.0,0.0,20.0,-122.28803915558059,47.574775172439175
537de351-b16d-47a6-95c3-b0a44bee81c1,033-9834200320,53033,4050.6781834555995,,false,false,4817.850495602428,0.0,0.0,20.0,-122.28804153583881,47.57466617906739
a9ea9b83-f148-4249-a9f7-1b4a2c9dd755,033-9834200325,53033,4051.4439595942054,,false,false,4826.558392995278,0.0,0.0,20.0,-122.28804391657549,47.574557184463714
ac43f5c1-33e6-4a73-b53d-82197f6617ca,033-9834200330,53033,4052.09323254974,,false,false,4835.281074773832,0.0,0.0,20.0,-122.28804629608956,47.57444818961589
1b4672aa-7a81-4f7a-948f-82966d16c8e7,033-9834200335,53033,4052.854616252667,,false,false,4844.018198539488,0.0,0.0,20.0,-122.28804867845216,47.57433919519406
314d04c4-d07b-405a-9eb6-2c1ebc860b0f,033-9834200340,53033,4053.343247518773,,false,false,4852.770255791992,0.0,0.0,20.0,-122.2880510515688,47.57423020178209
5820d46c-42e1-46fc-b14b-7c037c318354,033-9834200345,53033,4054.224605866245,,false,false,4861.536300353967,0.0,0.0,20.0,-122.28805343484468,47.57412120785848
b5605e99-63b7-4d16-b637-3b5956788ca5,033-9834200350,53033,4054.792637187063,,false,false,4870.3171844037615,0.0,0.0,20.0,-122.28805581240833,47.57401221195535
87c02d34-848e-42a0-9d10-e8866d806582,033-9834200355,53033,4055.4651282546024,,false,false,4879.112148209388,0.0,0.0,20.0,-122.28805819203144,47.57390321757445
3167acc8-9176-4352-aa4d-64a4d7fa24f0,033-9834200360,53033,4045.1213402873414,,false,false,4855.427513028031,0.0,0.0,20.0,-122.28851997152911,47.573906974892935
144147da-6efb-4ab8-bb90-dc45cd88924b,033-9834200365,53033,4044.4238683417716,,false,false,4846.615973275632,0.0,0.0,20.0,-122.28851751941941,47.57401569020234
79574abc-54a1-4992-8e2d-ce8d168da96b,033-9834200370,53033,4043.660007136206,,false,false,4837.818555579936,0.0,0.0,20.0,-122.28851506948192,47.574124404679374
fba71711-dca2-41ac-bbcc-0403f8bdaa1d,033-9834200375,53033,4042.991000096068,,false,false,4829.035455785728,0.0,0.0,20.0,-122.28851261703885,47.574233119766326
9f5ad056-5b11-4328-96d6-fd941a007cf3,033-9834200380,53033,4042.25184616514,,false,false,4820.266579702516,0.0,0.0,20.0,-122.28851016886777,47.574341833362595
0855d07a-8b38-459e-8448-8c10a25c7c84,033-9834200385,53033,4041.6661482557474,,false,false,4811.512133264243,0.0,0.0,20.0,-122.28850771965347,47.57445054720052
54289423-e139-46e8-8baf-675dcfa1c8ed,033-9834200390,53033,4040.936307997665,,false,false,4802.772161247957,0.0,0.0,20.0,-122.28850526859206,47.57455926220523
6b38dd57-9744-496e-b2d9-4a84c0308e89,033-9834200395,53033,4040.395419598608,,false,false,4794.046915104693,0.0,0.0,20.0,-122.2885028140839,47.574667977276754
3a9ac80b-2966-4bc5-8e34-d9ccf47306c4,033-9834200400,53033,4039.491399616235,,false,false,4785.3361545136095,0.0,0.0,20.0,-122.28850036316273,47.574776691929316
9dfffab7-1bf0-4f1e-a222-e7e28132a27a,033-9834200405,53033,4038.889250271508,,false,false,4776.640184978859,0.0,0.0,20.0,-122.28849791128471,47.57488540624459
73cd9030-260c-46e4-90c9-dc3887801667,033-9834200411,53033,3819.762651759962,,false,false,4758.798290026288,,0.0,0.0,-122.28859718259855,47.57504266282051
da10b2e1-0590-46d0-98a1-d009ea4b1b08,033-9834200415,53033,3848.198289598517,,false,false,4769.363273883854,0.0,0.0,0.0,-122.2883909182556,47.57504331314614
ea1cf94b-f0b7-4b7a-a6b4-5a85e172c3c7,033-9834200430,53033,4084.5085842299363,,false,false,4856.707088149182,0.0,0.0,20.0,-122.28695878845419,47.57488132184418
f081d5e2-0a38-4174-bf3d-01aeca903733,033-9834200435,53033,4084.36379180628,,false,false,4865.335258706441,0.0,0.0,20.0,-122.28696117403119,47.57477166977956
b3b5a205-ada3-4ac6-aecc-1e42f5236e18,033-9834200440,53033,4084.104473060009,,false,false,4873.978650013113,0.0,0.0,20.0,-122.286963558296,47.574662018727516
c3cfc97a-d398-430f-b52c-4486a8c84736,033-9834200445,53033,4084.155999183798,,false,false,4882.637279433131,0.0,0.0,20.0,-122.28696594229156,47.57455236677609
00129162-db1a-45df-becf-a807671d4e1b,033-9834200450,53033,4083.8646777473855,,false,false,4891.311048215953,0.0,0.0,20.0,-122.28696832542943,47.57444271453685
cc1a3934-1c87-4884-8d42-dc8acade971c,033-9834200455,53033,4083.839969610626,,false,false,4899.999501918969,,0.0,20.0,-122.28697071176757,47.57433306404985
c71b4b50-f280-4118-aab4-a3987a8483d4,033-9834200460,53033,4083.7263441176365,,false,false,4908.703113278452,0.0,0.0,20.0,-122.28697309612906,47.57422341178409
12d96cde-7017-45ba-926c-9fa04e8bd860,033-9834200465,53033,4083.537454333892,,false,false,4917.421540139724,0.0,0.0,20.0,-122.28697548080224,47.57411375953671
b966e5e6-997f-44e4-b66a-4f852d31b6b3,033-9834200470,53033,4083.345738697649,,false,false,4926.154722302129,0.0,0.0,20.0,-122.28697786408861,47.5740041081616
d80592dd-95dd-498b-9421-dee2c4aef511,033-9834200475,53033,4083.6505799315373,,false,false,4934.902982722307,0.0,0.0,20.0,-122.28698024834596,47.573894451195834
8caf9335-4a63-4fc5-a7d1-f156d595318a,033-9834200480,53033,4083.1573742669048,,false,false,4910.8872302087775,0.0,0.0,20.0,-122.28744238989279,47.573898350389904
6867d66d-5725-4698-8d69-82d67263e2a1,033-9834200485,53033,4082.7009227316735,,false,false,4902.096456354091,0.0,0.0,20.0,-122.28744002170113,47.57400799130284
3df080c3-8a86-444f-9afa-ea4d30ab5cd0,033-9834200490,53033,4082.82056447438,,false,false,4893.320823506156,0.0,0.0,20.0,-122.28743765598333,47.574117623831505
dcd12393-f544-4b4b-98bc-5721f55c1bcf,033-9834200495,53033,10921.381479189899,,false,false,4877.234584003293,25.0,20.0,20.0,-122.28743330701695,47.57431906619595
d3bd3be0-28da-435d-a1f0-f7510aa9bfda,033-9834200507,53033,5411.189205285448,,false,false,4859.781720152688,25.0,20.0,20.0,-122.28742857949467,47.574538330201214
9d726c06-50d8-488f-aa0f-0c0c98813517,033-9834200515,53033,4083.584631005293,,false,false,4849.66430366164,0.0,0.0,20.0,-122.2874258224595,47.57466578846471
ce1c236c-84ab-4e96-bb6d-271a3adb3ac7,033-9834200520,53033,4083.599117770173,,false,false,4840.977871324875,,0.0,20.0,-122.28742345640586,47.57477542095097
4ac5f463-3f62-4c65-965e-397ecb43e652,033-9834200525,53033,4083.776649093432,,false,false,4832.306764792938,0.0,0.0,20.0,-122.28742108703449,47.57488505333342
38b28101-adf2-49ff-9caf-e20a3220e14e,033-9834200530,53033,4083.8775501966056,,false,false,4823.650814331027,0.0,0.0,20.0,-122.28741871850171,47.57499468605956
2ea946d6-ab33-4714-947c-81e143b1a086,033-9834200535,53033,1386.588520492415,,false,false,4822.251561747937,0.0,0.0,0.0,-122.28728025420942,47.57510265112813
61552926-d346-4225-b590-9fc9fb8c1c19,033-9834200540,53033,2569.149343585361,,false,false,4811.495783965044,0.0,0.0,0.0,-122.28748639706181,47.57510256886011
b9e6d443-c8d3-4f13-a485-aac8be2da8a4,033-9834200545,53033,4080.2215814024903,,false,false,4956.882628652136,0.0,0.0,20.0,-122.28698531028502,47.57362031750268
b6220503-0198-4194-b047-6f737799fe78,033-9834200550,53033,4080.0513861335057,,false,false,4965.712627547915,0.0,0.0,20.0,-122.28698708080667,47.57351066414573
9fff9724-a034-4209-88e3-42b47f4f06c6,033-9834200554,53033,4080.1149269341126,,false,false,4974.556632114099,0.0,0.0,20.0,-122.2869888543051,47.57340101149496
28637ec8-33ec-4bec-91ad-1649b6744143,033-9834200555,53033,4080.05875461509,,false,false,4983.414767475268,0.0,0.0,20.0,-122.28699062892171,47.57329135825697
75e98b16-1e2b-4657-9103-62c39c9ce060,033-9834200565,53033,4682.842364673313,,false,false,4994.050620013699,,0.0,20.0,-122.28697631805284,47.57317013682484
9a284eba-12cb-487a-b567-4d7bee288b1a,033-9834200570,53033,4377.7547824835065,,false,false,5008.238236247858,0.0,0.0,20.0,-122.28693736761338,47.57302098730641
240ee250-5b7c-41c7-89e2-55b5719a5976,033-9834200575,53033,4007.7287676397227,,false,false,5026.746621341708,0.0,0.0,20.0,-122.28688642728594,47.57282679363856
adbac0a1-1a49-43d8-b23d-5d8d6f570c19,033-9834200580,53033,4151.871970431185,,false,false,4931.799043387891,0.0,0.0,20.0,-122.28748844936784,47.573613057189064
a4e5eac9-7053-4d57-b7fb-90ec8b42768a,033-9834200585,53033,4131.705918129774,,false,false,4948.262896879779,,0.0,20.0,-122.28734004827179,47.57350397356185
c6f06d69-4880-41e4-a333-1eb129e962d9,033-9834200590,53033,4765.219754476568,,false,false,4963.778674504561,0.0,0.0,20.0,-122.28755064491996,47.57318457606633
a99bc91f-d4ed-458a-9f06-fdd6b0daf0a4,033-9834200595,53033,4953.548265812886,,false,false,4982.582905854565,0.0,0.0,20.0,-122.28749520913603,47.57299015698271
88bab538-5454-479b-8004-74487ef1fae2,033-9834200600,53033,5154.171948259229,,false,false,4996.903115427607,25.0,20.0,20.0,-122.28745568043279,47.57284067598782
91daee90-c381-429e-984d-c824209594bf,033-9834200605,53033,4795.03825135423,,false,false,5008.671830282034,0.0,0.0,20.0,-122.28742323014994,47.572717951908274
a50e157d-9961-4881-8d5c-8e8defcb9fb0,033-9834200610,53033,4303.389035068155,,false,false,5029.21698488166,,0.0,20.0,-122.28725277077145,47.57257288143597
f5308ede-3fd3-439f-adf4-f4c482ff2dc0,033-9834200611,53033,4459.689978546149,,false,false,5015.12876877566,0.0,0.0,20.0,-122.28752808650768,47.57257654764307
1dec6f33-ccbd-4820-baf8-edd94dee6d8e,033-9834200615,53033,4384.213471858956,,false,false,4905.122924852923,0.0,0.0,20.0,-122.28813118307316,47.573541446044466
a34353a5-8181-40a0-892f-08cf3f6e4ab3,033-9834200625,53033,4079.9989741206127,,false,false,4919.126964656697,0.0,0.0,20.0,-122.28806819699425,47.57340998856179
3cac4fbe-a11c-40f4-8f4c-c487fe2600e6,033-9834200630,53033,4080.043308289786,,false,false,4928.115500427847,0.0,0.0,20.0,-122.28806935983334,47.573300330193135
1c8b1d24-3faf-424d-8c0a-552eaf784b52,033-9834200635,53033,4080.0274616730335,,false,false,4937.117688296059,0.0,0.0,20.0,-122.28807052353689,47.5731906725029
6b60d485-ea42-444d-a778-d186c887b8d1,033-9834200640,53033,4080.0987589426413,,false,false,4946.13371503238,0.0,0.0,20.0,-122.28807168385079,47.57308101490066
7393fa6a-0791-48e9-8e7b-e0ee877ff1be,033-9834200645,53033,4080.049453767559,,false,false,4955.163182261348,0.0,0.0,20.0,-122.28807284754494,47.57297135719896
5285b1cd-f4b9-4e0b-ad7d-e2502e71bda1,033-9834200646,53033,4080.1488740411096,,false,false,4964.206364075975,0.0,0.0,20.0,-122.28807400867167,47.57286169878761
475413d4-eed4-4c42-aa84-63b3a76fba1e,033-9834200655,53033,4080.1884954950806,,false,false,4973.262986441244,0.0,0.0,20.0,-122.2880751725322,47.572752038895544
d223207e-c009-40d6-93bc-c04cbf5342ae,033-9834200660,53033,5572.513098182277,,false,false,4983.993108889194,25.0,20.0,20.0,-122.28807654690345,47.57262232633164
5b0a7961-fd68-47c2-b914-002fb6991bd0,033-9834200665,53033,5572.61996061625,,false,false,4960.819696687985,25.0,20.0,20.0,-122.28853778583185,47.572626242437686
2f5014fa-e238-476b-aeec-c339026ca329,033-9834200670,53033,4080.8332819747343,,false,false,4950.053500722877,0.0,0.0,20.0,-122.28853612645177,47.57275596162384
3a3655fc-f7d5-4749-82d2-6791dbb1a7aa,033-9834200675,53033,4080.644974923964,,false,false,4940.965945978193,0.0,0.0,20.0,-122.28853472116946,47.572865632013915
1af5e247-4a29-4c72-82a5-34163eb81b9e,033-9834200680,53033,4080.6625448508844,,false,false,4931.891867589276,0.0,0.0,20.0,-122.28853331805217,47.57297530032224
93ab1784-a0d8-46cf-ac4e-964018b0d0c9,033-9834200685,53033,4080.602613881056,,false,false,4922.831262166777,0.0,0.0,20.0,-122.288531914867,47.57308496880049
6f169be7-ea45-4013-bf8f-f012a3db3ff5,033-9834200690,53033,4080.620177443562,,false,false,4913.784227403197,0.0,0.0,20.0,-122.28853051173763,47.57319463709724
e07caa2e-2fe6-4bba-9252-b0ac8df9cd5e,033-9834200695,53033,4080.622042803343,,false,false,4904.750899578866,0.0,0.0,20.0,-122.28852910616911,47.57330430597582
ec9a6d5d-01e5-4488-9cbc-fa65ea44b703,033-9834200700,53033,4080.6091135668576,,false,false,4895.731003494949,0.0,0.0,20.0,-122.28852770848675,47.57341397344088
8d61df8c-94c8-4340-b210-fbd3293e18b1,033-9834200705,53033,4080.737187172095,,false,false,4886.725127103516,0.0,0.0,20.0,-122.2885263036097,47.573523642412546
b17cae15-6c70-4012-9e6f-90d420b919c6,033-9834200710,53033,4080.5065350489745,,false,false,4877.732945330439,0.0,0.0,20.0,-122.28852490295313,47.573633310838034
6e1b35fe-ea68-4f0d-9abf-4bf1f276cf0f,033-9834200715,53033,4080.3638794018602,,false,false,4846.486339173001,0.0,0.0,20.0,-122.28914064726543,47.57363850512387
27fe9ec0-473a-46d9-98a7-3ad69d8d276e,033-9834200720,53033,4080.535447524718,,false,false,4855.53549189446,0.0,0.0,20.0,-122.28914204766183,47.573528841421684
48fd25ff-d626-480c-a179-518aae91b467,033-9834200725,53033,4080.4849422885413,,false,false,4864.59845845863,0.0,0.0,20.0,-122.28914344834655,47.57341917660672
8c5a1d3c-7817-4107-8f52-8a00f0b78475,033-9834200730,53033,4080.4923588396846,,false,false,4873.675050865547,0.0,0.0,20.0,-122.28914484923236,47.57330951207111
c62ecc73-3454-4ad7-abf1-3f527975a2e9,033-9834200735,53033,4080.4961631779365,,false,false,4882.765028883923,0.0,0.0,20.0,-122.28914625341152,47.57319984794673
3f50928a-dd84-4117-af3a-b176618e5b05,033-9834200740,53033,4080.4643148539717,,false,false,4891.868659461717,0.0,0.0,20.0,-122.28914765525107,47.57309018347222
efdee6c5-0989-4263-af27-5683181fed17,033-9834200745,53033,4080.41857033489,,false,false,4900.985707058223,0.0,0.0,20.0,-122.28914905601985,47.57298051980714
d4a4a774-9a74-44d8-8d1d-a2bbf77757c4,033-9834200750,53033,4335.4632680952955,,false,false,4910.401577061324,0.0,0.0,20.0,-122.28915050135943,47.57286742956739
58d5bda4-7ce9-4bd3-9c1e-e9fe07ac7f93,033-9834200755,53033,4489.079024658601,,false,false,4920.289955454391,0.0,0.0,20.0,-122.28915201396005,47.57274884810602
80e66ba2-e378-477d-bb5f-73647f2fe862,033-9834200760,53033,4909.539223347423,,false,false,4930.838191212395,0.0,0.0,20.0,-122.28915363216521,47.57262255290797
5642cb04-1744-47ed-8327-d1b89fefda74,033-9834200765,53033,5572.536736851858,,false,false,4907.19889981469,25.0,20.0,20.0,-122.28961549832498,47.57263537815754
2ec73dd9-ec1e-463d-86af-29d15c6af3b1,033-9834200768,53033,3804.6086742491148,,false,false,4896.856841342992,0.0,0.0,0.0,-122.28960902589219,47.57276147290799
ab0954cf-be4e-436b-857e-198f64ad7487,033-9834200775,53033,4356.450950523593,,false,false,4887.240506376167,0.0,0.0,20.0,-122.28961670324287,47.572870973903626
87dc0288-7358-4a0d-8740-0477a232aad4,033-9834200780,53033,4080.447232455709,,false,false,4877.958040441826,0.0,0.0,20.0,-122.2896110126998,47.572984421960705
767a9c4c-c763-464e-94ec-a33869d3275c,033-9834200785,53033,4080.4040797631405,,false,false,4868.79851378928,0.0,0.0,20.0,-122.28960960772507,47.57309408505853
a8022833-1bd7-4a97-a939-5da3202449bf,033-9834200790,53033,4080.3577316935975,,false,false,4859.652556966525,,0.0,20.0,-122.2896081988916,47.57320374762578
72d72b37-57ec-401a-838d-b823d5133e1d,033-9834200795,53033,4080.427439241827,,false,false,4850.520011384458,0.0,0.0,20.0,-122.28960679065327,47.57331340984709
d95f23c0-7550-45b5-92cb-b79f1932c7f3,033-9834200800,53033,4080.4603623899025,,false,false,4841.400864860056,0.0,0.0,20.0,-122.28960538327671,47.573423072613686
8d7c2156-a1b6-4f21-a1fe-7126bb35873f,033-9834200805,53033,4080.5591773737115,,false,false,4832.29505198117,0.0,0.0,20.0,-122.28960397775965,47.573532737030504
9c637451-d375-4eb0-9efe-53ee5f9f80a3,033-9834200810,53033,4080.2919383227063,,false,false,4823.203124196774,0.0,0.0,20.0,-122.28960257087842,47.57364239932663
f2bd9958-ebef-4a7b-bdcf-eae0b6158a50,033-9834200821,53033,29943.95232842706,,false,false,4847.864093041896,,20.0,20.0,-122.29072982975053,47.572699624799036
fbd9efd6-3c28-40b4-bc21-ad2a2f1946f0,033-9834200840,53033,4936.581445390794,,false,false,4851.073922857216,0.0,0.0,20.0,-122.29130485062302,47.572343259577536
d5fec4b8-edc7-44bf-88ba-167012102a1d,033-9834200845,53033,3856.6866939586816,,false,false,4862.099259663247,0.0,0.0,0.0,-122.2913020167746,47.57221716356947
4a010f2b-247b-4b6d-b102-5300d4acde5b,033-9834200850,53033,4136.452274764127,,false,false,4870.691859204419,0.0,0.0,20.0,-122.2913185143657,47.57210883367213
e91fb082-34cf-4671-801c-ff46e4fe65c0,033-9834200855,53033,4128.345261322848,,false,false,4880.085164952153,,0.0,20.0,-122.29132072404498,47.571999184362845
a8bad097-7e03-429f-a13d-da31cb2faecc,033-9834200860,53033,4120.038294156586,,false,false,4889.490752073326,0.0,0.0,20.0,-122.29132293459469,47.57188953551945
56c50a01-4dc0-4c12-ac5a-67d63a8be219,033-9834200865,53033,5635.1224375037855,,false,false,4901.699006710493,25.0,20.0,20.0,-122.29130941803228,47.57175624656548
a68b6246-c9d9-4c3c-9c2e-3cfb4f542ce6,033-9834200870,53033,5100.21004097302,,false,false,4902.963709824193,25.0,20.0,20.0,-122.29023517858843,47.57233269020498
19ddc2a1-991c-4a76-a66f-f529ca464057,033-9834200875,53033,4080.3082211981805,,false,false,4913.434227819866,0.0,0.0,20.0,-122.29023675929211,47.5722093269472
899418dc-ef4b-4a9b-b2ec-98256187cdf0,033-9834200880,53033,4080.2081583781924,,false,false,4922.75487690408,0.0,0.0,20.0,-122.29023816205269,47.572099670525745
4aed4710-9c27-4461-a6a5-1f53fd634e9d,033-9834200885,53033,4080.246235414788,,false,false,4932.08772289405,0.0,0.0,20.0,-122.29023957021725,47.57199001500676
42ad820c-6eb5-40b1-a5af-c5e9d26dcfbc,033-9834200890,53033,4080.2591137447316,,false,false,4941.433090923841,0.0,0.0,20.0,-122.29024097895797,47.57188035846984
c0f56d99-10dd-445a-927d-909dccd10953,033-9834200895,53033,2929.074618738841,,false,false,4955.969435621373,0.0,0.0,0.0,-122.29024471616167,47.571709224773876
00640029-047f-4e83-8822-b911e72a896c,033-9834200900,53033,2863.2605396992863,,false,false,4949.394635161814,0.0,0.0,0.0,-122.29024217754238,47.57178705399817
3dd498b6-9cbf-4f23-921b-4f66cb8235a9,033-9834200905,53033,5011.301770758482,,false,false,4931.848401848339,25.0,20.0,20.0,-122.29070320644684,47.57173716532784
01011312-be76-4463-8910-3a5c7b6781dc,033-9834200910,53033,5007.415267281854,,false,false,4920.364777152281,25.0,20.0,20.0,-122.29070022538697,47.571871786431814
b4f5b5c6-c753-4c02-a2a6-add2ba4431d4,033-9834200915,53033,4080.237599696776,,false,false,4909.925336887363,0.0,0.0,20.0,-122.29069834273442,47.571993900510094
083dd082-2bf5-403e-b982-85c6e4497345,033-9834200920,53033,4080.236367455229,,false,false,4900.56414566798,0.0,0.0,20.0,-122.29069665359447,47.57210355450456
4a552e29-3021-4c7c-8420-27a2874d40fe,033-9834200925,53033,4080.3057775112693,,false,false,4891.215260377377,0.0,0.0,20.0,-122.29069496615753,47.57221320960177
c00e01a3-1e71-43ed-ab38-469d6ec802ad,033-9834200930,53033,5100.159099614707,,false,false,4880.712852947773,25.0,20.0,20.0,-122.29069306993374,47.57233656946594
94b48b9f-7ab6-443b-bbf0-882e1005556b,033-9834200935,53033,5100.28198681264,,false,false,4955.879699932906,25.0,20.0,20.0,-122.28915745583785,47.572323560234686
66f69e74-1a6a-4b23-90d0-5820f83ea009,033-9834200940,53033,4080.171694080877,,false,false,4966.239917071501,0.0,0.0,20.0,-122.28915903269183,47.572200196046666
b8f095b0-48d6-4b39-b4e0-805a7b8d5f07,033-9834200945,53033,4080.1948038462183,,false,false,4975.462667173565,0.0,0.0,20.0,-122.28916043230363,47.57209053983896
73ca84e5-ec30-46fb-bba9-771f2083bcd0,033-9834200950,53033,4080.217743517924,,false,false,4984.698183560298,0.0,0.0,20.0,-122.28916183078331,47.57198088425116
40df2f0d-3c2a-4967-97f1-c1de5d35d989,033-9834200955,53033,4079.6875662135535,,false,false,4993.9455176603615,0.0,0.0,20.0,-122.28916323624887,47.57187123498455
ee7cd4b6-856a-4647-884d-42016f323605,033-9834200960,53033,5432.643420063117,,false,false,5004.69849234526,25.0,20.0,20.0,-122.28916576147097,47.57174341424868
78081cc7-0b96-474b-97f8-62cd62a5fd20,033-9834200965,53033,5589.773318481247,,false,false,4982.323224781442,25.0,20.0,20.0,-122.28962779215468,47.571745207545824
5fcb5999-392e-43b7-a5d7-17d71f7295aa,033-9834200970,53033,4080.1122657656847,,false,false,4971.3408866131285,0.0,0.0,20.0,-122.28962525724886,47.57187514488517
f978ef33-f5f5-4948-9fc1-805aa5395b2a,033-9834200975,53033,4080.13113439648,,false,false,4962.0513396522365,,0.0,20.0,-122.289623851883,47.5719847995588
b821c255-707a-4ad0-9214-1221d8e2733a,033-9834200980,53033,4080.2231431587907,,false,false,4952.774472395994,0.0,0.0,20.0,-122.28962244348098,47.572094454967434
8855c6cd-9ac1-424c-a193-946bb626d7b7,033-9834200985,53033,4080.2205128412934,,false,false,4943.510184045411,0.0,0.0,20.0,-122.28962103510524,47.572204111402684
3e57ac97-a5fb-46eb-9fa7-89732f4ac95c,033-9834200990,53033,5100.340286001322,,false,false,4933.103047199767,25.0,20.0,20.0,-122.2896194501184,47.5723274757227
50603afc-92a4-4a56-ad18-6a6b8dd99b27,033-9834200995,53033,5098.6195730461395,,false,false,5009.462995721061,25.0,20.0,20.0,-122.28808130407374,47.57231443467317
f5f17834-a9ab-41e7-9659-20be569e06ca,033-9834201000,53033,4078.6856305695364,,false,false,5019.663829577676,0.0,0.0,20.0,-122.288083874432,47.572191079936104
bf5584da-81aa-49a5-9a44-d08aa23d5bba,033-9834201005,53033,4078.488345891747,,false,false,5028.7453395463435,,0.0,20.0,-122.28808615718613,47.57208143175143
42bf2265-2f7f-4613-9a5b-e50a247d67ff,033-9834201010,53033,4078.2904586383966,,false,false,5037.839792149496,0.0,0.0,20.0,-122.28808844325644,47.57197178399699
35d4b6f9-1e28-43b1-948f-b6fa09cbdc3c,033-9834201020,53033,5062.723808315282,,false,false,5057.123102909114,25.0,20.0,20.0,-122.28809424420437,47.57173925193866
9cdfb799-2f44-458d-9848-6c467505f525,033-9834201025,53033,7262.562826565849,,false,false,5032.169355992475,25.0,20.0,20.0,-122.28855496425135,47.571768482624705
152a77a2-f485-4b88-b4e5-947dafc7ed21,033-9834201035,53033,6116.662277771165,,false,false,5017.17803597018,25.0,20.0,20.0,-122.28855062557925,47.57194834362412
cee515e1-ce7f-4cc7-aa22-0fe504ab929e,033-9834201045,53033,4077.9580713483674,,false,false,5005.755857734098,0.0,0.0,20.0,-122.28854779512429,47.57208538625122
6aa9a5c5-7530-4c67-9c46-1d32eacc7411,033-9834201050,53033,4773.722916928466,,false,false,4995.933688658029,,0.0,20.0,-122.28854374370128,47.57220436804471
fec821cb-589f-4616-bf69-88f5001e5c17,033-9834201055,53033,4402.35429257256,,false,false,4985.52401044026,0.0,0.0,20.0,-122.28854451382864,47.57232771015947
bebfb8ee-97cd-4b55-a4a9-a6f219d1e5f5,033-9834201060,53033,2387.691982686534,,false,false,5058.651593017129,0.0,0.0,0.0,-122.28708724043307,47.572317439141365
2c05496d-6c9b-4bf1-9b39-dafd537cf09e,033-9834201064,53033,2979.0519208692626,,false,false,5069.157385023223,0.0,0.0,0.0,-122.28705858258083,47.5722079780601
17cd23ba-8ec8-496c-a774-c4c5bd687ae8,033-9834201065,53033,4680.469814604023,,false,false,5081.283967812841,0.0,0.0,20.0,-122.28702509897464,47.57208199781457
6586ae16-c832-4ecc-b048-eeece163b8aa,033-9834201070,53033,4152.638654161215,,false,false,5093.534197064562,0.0,0.0,20.0,-122.28698425120659,47.571959073496
7603dc33-bdcd-4c9b-aadc-af3473fec1da,033-9834201075,53033,4483.098792336494,,false,false,5100.758712085122,0.0,0.0,20.0,-122.28711642873398,47.57179343323708
8602c978-7a4f-4509-baa0-49f7e1776603,033-9834201080,53033,6822.267123486653,,false,false,5115.298435576037,25.0,20.0,20.0,-122.286846526941,47.57177985252186
3df7598f-39c6-4726-b903-2d4cb6fdf00f,033-9834201100,53033,4855.286447594653,,false,false,5088.0574144694865,0.0,0.0,20.0,-122.28747116546842,47.571735463793196
ae4354be-055c-4463-9494-22df8dc234ee,033-9834201105,53033,4129.299141308348,,false,false,5078.09365578786,,0.0,20.0,-122.28746830145155,47.57185618419279
6cfd91e9-ddf8-48e8-832c-fd160f2106a4,033-9834201110,53033,4080.280540041714,,false,false,5068.900987920216,0.0,0.0,20.0,-122.28746771855654,47.57196651058472
8ca06a04-e647-4dcf-a315-0feedb93482a,033-9834201115,53033,4080.114250342633,,false,false,5059.805799733208,0.0,0.0,20.0,-122.28746655644176,47.57207616916237
ac54a608-82a8-4b9c-af22-4b82eb0da67d,033-9834201120,53033,4080.2888574688473,,false,false,5050.723817961431,0.0,0.0,20.0,-122.28746539327464,47.57218582661587
6ad922c7-7709-47d8-bd9c-f0766631bf4f,033-9834201125,53033,5100.374574918334,,false,false,5040.522120788231,25.0,20.0,20.0,-122.28746408299396,47.57230919428628
9d7f035a-911f-4c58-bcda-145034bc05ab,033-9834201130,53033,3328.740847537814,,false,false,5162.720648073453,0.0,0.0,0.0,-122.28655681924879,47.57138341518473
4a014ff1-2048-4c90-9a0e-5b7d12e3faf5,033-9834201140,53033,2511.538994118942,,false,false,5177.645101408489,0.0,0.0,0.0,-122.28651731731684,47.57122807121014
dcda79be-bb29-4d9f-a3c7-29775637bdde,033-9834201145,53033,3090.791544681952,,false,false,5188.159235241582,0.0,0.0,0.0,-122.28648949454939,47.571118746239115
cf68630c-9f27-43b2-b4ac-bdb7d0c2465e,033-9834201150,53033,3670.5610310167235,,false,false,5198.69610312642,0.0,0.0,0.0,-122.28646162632468,47.57100927213703
d25b17d8-1b9d-4bed-8a85-e7cb17b882b4,033-9834201155,53033,6113.744223626222,,false,false,5210.989220355943,,20.0,20.0,-122.28644364692968,47.57087312702609
be1d40b5-c896-4a16-aa34-66b1daab2b42,033-9834201160,53033,6072.277829667312,,false,false,5224.660005926701,25.0,20.0,20.0,-122.28644632518196,47.57070866937282
0d30fd87-5b31-4269-b1ae-9d8563a928e1,033-9834201175,53033,7112.286471182271,,false,false,5239.543890966012,25.0,20.0,20.0,-122.28644839601785,47.57053049047472
efb51a0a-4a9e-496c-94c2-7ed17aa11e98,033-9834201180,53033,5051.053667144728,,false,false,5253.27939980197,25.0,20.0,20.0,-122.28645118306183,47.57036589400122
a6cc7c91-3403-4131-904b-33e8a4622f90,033-9834201185,53033,4047.1184854485064,,false,false,5263.611230010456,0.0,0.0,20.0,-122.28645272029516,47.57024262446472
4baa4f0f-36b3-4eff-b9ae-502b5868d2d8,033-9834201187,53033,4043.488457418647,,false,false,5272.810311720292,0.0,0.0,20.0,-122.28645430223956,47.57013290015881
7d6d5868-e16e-439b-a6f0-29efc3ed0c92,033-9834201188,53033,4039.754876253423,,false,false,5282.021569527652,0.0,0.0,20.0,-122.28645588227303,47.57002317680209
027e582f-4221-46f4-ae89-f49369c58a80,033-9834201190,53033,4036.113665835721,,false,false,5291.244494817448,0.0,0.0,20.0,-122.2864574692975,47.569913454540696
7bdf8366-6cf5-4866-abba-56cd4666e379,033-9834201205,53033,1065.3786652347278,,false,false,5259.221577010147,0.0,0.0,0.0,-122.28702437753266,47.569967642569544
75905939-d235-42b5-ac6a-e156bd598a67,033-9834201206,53033,1253.289373225321,,false,false,5265.026354485267,,0.0,0.0,-122.28702515006728,47.56989910327472
39af2724-8f72-4f74-93c9-6d726bcf2657,033-9834201207,53033,792.3016867683968,,false,false,5268.50149308983,0.0,0.0,0.0,-122.28689879394983,47.56992980137626
6f04aa6b-3022-4d1e-a74a-cf97de2fcc7a,033-9834201208,53033,792.3025071597345,,false,false,5271.632864910509,0.0,0.0,0.0,-122.28683461398113,47.569929412448005
259e36ca-7452-4384-82bb-3b9ddb643ecb,033-9834201209,53033,1139.828911389632,,false,false,5275.455123467276,0.0,0.0,0.0,-122.28675635854788,47.56992892986746
476e1786-5b4c-481c-b1e2-2495af4eb4d2,033-9834201210,53033,1694.6377604333609,,false,false,5249.662671604979,0.0,0.0,0.0,-122.287048560171,47.57006618708953
6a051224-ca8b-4f40-8f08-36367c7b10e0,033-9834201211,53033,1704.9139704364281,,false,false,5256.3183526971625,0.0,0.0,0.0,-122.28691057733535,47.57006630885679
3a04f68b-ccdf-4590-9bdb-934705f56fe6,033-9834201212,53033,1648.7320648745542,,false,false,5262.645899569178,0.0,0.0,0.0,-122.2867759778575,47.57006850547163
88f20432-0d35-43d8-8965-eb2446fd15b8,033-9834201215,53033,2655.4893634819136,,false,false,5239.82117978876,0.0,0.0,0.0,-122.28700857810296,47.570204636292026
7d8ed570-c88e-4d58-8164-ff3d0ef2c4c3,033-9834201216,53033,879.7444198975599,,false,false,5246.192534598695,,0.0,0.0,-122.28680335736983,47.57024680175131
c3167f50-a888-478d-912f-a7fac5583105,033-9834201217,53033,639.9098824947708,,false,false,5249.848573913083,0.0,0.0,0.0,-122.28680385572136,47.570203391376765
a9cac8df-7f0d-4778-b8b7-f002d9914a8d,033-9834201218,53033,878.800761971882,,false,false,5253.506245540302,0.0,0.0,0.0,-122.28680435593941,47.57015998298494
46673824-6d96-42b5-8e34-f5f79958db2c,033-9834201219,53033,1495.6870510600045,,false,false,5238.7056095777625,0.0,0.0,0.0,-122.28687273089052,47.57029538859798
e502cdf2-c5cf-4d0c-99a7-100f33f4b1d0,033-9834201220,53033,1123.644855709811,,false,false,5225.182286376002,0.0,0.0,0.0,-122.28699997905922,47.57038203847522
24929c09-a189-490c-8ae6-6b629a6c191c,033-9834201222,53033,1292.5347934079334,,false,false,5236.251147044876,0.0,0.0,0.0,-122.28679513148322,47.570368905529946
526f916d-af70-406b-844e-5fa97cc95d21,033-9834201224,53033,1122.286092092866,,false,false,5229.779700473264,0.0,0.0,0.0,-122.28700045781416,47.570327552209726
2ad99196-29e1-4bd0-bcbe-d887719a2c17,033-9834201230,53033,1801.3615586380422,,false,false,5217.1398388512125,0.0,0.0,0.0,-122.28702234590067,47.57046412107363
73b575c0-87ad-467f-a010-29cb427f8667,033-9834201231,53033,1096.7949015775496,,false,false,5224.829879082088,0.0,0.0,0.0,-122.28681688077856,47.570491421980336
ae1fb2b9-f958-4549-8e29-52183de22e3c,033-9834201232,53033,1148.6925886999086,,false,false,5229.433869604222,,0.0,0.0,-122.28681745078836,47.570436641463914
9105c5a1-1efe-4a9f-b67e-979b81bed2e4,033-9834201235,53033,4054.187502681174,,false,false,5204.316347248175,0.0,0.0,20.0,-122.28690608148543,47.57068276141359
4c2be275-65f8-42a6-b17c-c0bcb21a5ae8,033-9834201240,53033,2024.7659746114625,,false,false,5215.807291709742,0.0,0.0,0.0,-122.28690759539464,47.57054585383235
cb55d903-55b3-4bf6-b630-f565bb64f9ad,033-9834201242,53033,2025.7720473008865,,false,false,5211.208989764961,0.0,0.0,0.0,-122.28690698687672,47.570600614165365
66f5085d-7e70-440f-a798-b2b60dce4333,033-9834201245,53033,4057.855797677208,,false,false,5195.137650514998,0.0,0.0,20.0,-122.28690487461718,47.57079228217966
442aba66-018e-4f03-b2a3-fd19fcc7b1fb,033-9834201250,53033,4061.507032744862,,false,false,5185.971419904621,0.0,0.0,20.0,-122.28690366610236,47.570901802568955
5fc0548e-f57e-4c55-a558-b9ff096c341d,033-9834201253,53033,1055.4899089033493,,false,false,5160.3916673105405,0.0,0.0,0.0,-122.28700437032059,47.571147207228975
60af7d99-208b-4f80-b813-8d0e9260775a,033-9834201254,53033,803.8364949170249,,false,false,5164.581073572721,0.0,0.0,0.0,-122.28700485171805,47.57109707190091
2cf8fb7f-ee35-4f3e-9621-5119a68fb48e,033-9834201255,53033,2200.673180714631,,false,false,5171.358425421887,0.0,0.0,0.0,-122.28700558712272,47.5710160573015
21e809ce-1527-4ed1-9d41-4c902b3e1911,033-9834201256,53033,1328.2360093576865,,false,false,5183.474604902183,0.0,0.0,0.0,-122.28679972635706,47.57099216477669
d0ff94e1-7383-4ebb-aab6-8a671554da7d,033-9834201257,53033,814.1801917065781,,false,false,5178.6620199265835,0.0,0.0,0.0,-122.28679912320767,47.571049828490416
baf11dc6-6479-4502-8886-0320da3748c5,033-9834201258,53033,814.7940812364097,,false,false,5175.009478870097,0.0,0.0,0.0,-122.28679864092594,47.57109363471021
fda07917-607c-456d-9b0f-c34bad3da731,033-9834201259,53033,1116.7667395279886,,false,false,5170.68524084726,0.0,0.0,0.0,-122.28679805515867,47.571145536497646
c6d498a0-7668-4958-a4fc-49b831aff207,033-9834201265,53033,5956.0039599638285,,false,false,5157.108146783574,25.0,20.0,20.0,-122.28688260864637,47.57125778889701
7f2841d3-c805-4933-a371-0377b616b05b,033-9834201270,53033,6367.3451924979745,,false,false,5142.0635167595265,25.0,20.0,20.0,-122.28691347802575,47.57141927821965
49bde713-eecb-474c-9914-beff7a71a50e,033-9834201280,53033,1161.6102739571695,,false,false,5112.9645162174575,0.0,0.0,0.0,-122.28741064704118,47.57147406971283
482c3be3-ee38-4193-829d-dcb35e7020a3,033-9834201281,53033,891.786568379031,,false,false,5117.524709140013,0.0,0.0,0.0,-122.28741147118329,47.571419315858215
b4a34be2-a041-4738-b074-f401648e95e5,033-9834201282,53033,891.6794963312157,,false,false,5121.502676723364,0.0,0.0,0.0,-122.28741190255528,47.57137175137784
1fdfb579-f1f6-410f-a01f-e0119903a2d9,033-9834201283,53033,1148.4203857887353,,false,false,5126.056715024584,0.0,0.0,0.0,-122.28741239441693,47.57131733455948
7d594397-02f1-4792-84f1-3d723cb9c068,033-9834201284,53033,1109.06406673186,,false,false,5115.90264870581,0.0,0.0,0.0,-122.2876173892044,47.57131871282512
550bcfde-bb0b-47ee-897b-faa67154a1cb,033-9834201285,53033,1124.2447345739286,,false,false,5110.752165707368,0.0,0.0,0.0,-122.28761675578541,47.57138018382721
878395fb-d6c2-4f74-b5e1-995ec4446c89,033-9834201286,53033,1709.6582335553617,,false,false,5104.226202416129,0.0,0.0,0.0,-122.28761573907063,47.57145826337949
eb202103-5509-40a4-84b3-84a8d3d30802,033-9834201290,53033,2264.6290653988367,,false,false,5123.736819757223,,0.0,0.0,-122.28760440022424,47.571233373609225
c8cb279a-05ea-4a49-aaab-3630af0a92c8,033-9834201291,53033,1777.6065971534558,,false,false,5133.893303165072,0.0,0.0,0.0,-122.28739932739927,47.571231866258216
35ad786f-9383-4702-a9d1-992b615f9eac,033-9834201293,53033,1113.3178595036204,,false,false,5149.622808763588,0.0,0.0,0.0,-122.28741288962013,47.57103750812372
de4418a7-964b-4188-a5bf-4ee341db5687,033-9834201294,53033,653.707514567472,,false,false,5153.663296203838,0.0,0.0,0.0,-122.28741337192812,47.57098939675543
abec3045-6c02-44c8-8356-7b26065af3d8,033-9834201295,53033,4044.678892266589,,false,false,5137.379716342471,0.0,0.0,20.0,-122.28751536256807,47.57112326419803
4e0df568-ec4c-4a3b-9a35-e561bb842ce0,033-9834201296,53033,1094.0268983723809,,false,false,5157.6603701034755,0.0,0.0,0.0,-122.28741385204405,47.57094182834658
1a87dd92-73ce-434c-b7bd-983b2c87446c,033-9834201297,53033,1094.5224721983536,,false,false,5162.666992747845,0.0,0.0,0.0,-122.28741445227043,47.570882284919826
935d870d-adbf-4759-83df-998ce81983d1,033-9834201298,53033,654.4315608021177,,false,false,5166.669037361261,0.0,0.0,0.0,-122.28741493180755,47.5708347198841
f6191ce1-aed8-4673-a90d-b10a72bbd3ab,033-9834201299,53033,1095.3061678199897,,false,false,5170.6736661803825,0.0,0.0,0.0,-122.28741541152857,47.5707871515372
50644b5d-cf2b-4f02-bab6-0110d748ee3e,033-9834201300,53033,2383.6410284925973,,false,false,5151.130467050383,0.0,0.0,0.0,-122.28761972531177,47.5709006530397
78d4f6ef-b5f7-45b7-b651-c5582b4d188e,033-9834201301,53033,662.6416325434103,,false,false,5144.245624615893,0.0,0.0,0.0,-122.28761880725355,47.570982456678365
c663feb1-8211-474e-a1e1-21e852b3cd86,033-9834201302,53033,1284.2306454128823,,false,false,5139.847716423782,0.0,0.0,0.0,-122.28761822342878,47.571034752340545
d6c71c45-79a3-4872-8211-7cb64aefda2b,033-9834201313,53033,1095.6935547931837,,false,false,5175.689957866313,0.0,0.0,0.0,-122.28741600445208,47.57072760929184
9ae3f4b8-d52c-4f13-8719-503a71192980,033-9834201314,53033,655.1310047794234,,false,false,5179.69922277753,0.0,0.0,0.0,-122.28741648482075,47.57068004708609
87fd7a20-b137-49b7-8f44-ece23109094c,033-9834201315,53033,1096.2694907908192,,false,false,5183.710404095529,0.0,0.0,0.0,-122.28741696920464,47.57063248704867
5b010c7c-a428-4b1d-a645-82bb0b5c7434,033-9834201316,53033,1286.455701745503,,false,false,5173.239466524116,,0.0,0.0,-122.28762265188257,47.57063851615445
83dfc26a-5732-4598-821c-a01bc8968c3a,033-9834201317,53033,663.4228556040231,,false,false,5168.822099474692,0.0,0.0,0.0,-122.28762206125568,47.57069082864641
695e2527-e1aa-4f4a-b2c2-7d57f98fd08f,033-9834201318,53033,2385.0782378849353,,false,false,5161.9190834513665,0.0,0.0,0.0,-122.28762114710662,47.57077263776446
1a626e54-6a4b-4a7b-8fa9-640909600808,033-9834201320,53033,936.610890404887,,false,false,5189.845404262444,0.0,0.0,0.0,-122.28739786724687,47.57057111506309
7d1a1f61-6945-4ecb-89d3-333b686eea02,033-9834201321,53033,1098.5662740762884,,false,false,5195.625325837142,0.0,0.0,0.0,-122.28739851307874,47.570502697642034
8d3e1484-740c-4482-b542-f5728bbcc18a,033-9834201322,53033,1397.553896223422,,false,false,5179.779796193184,0.0,0.0,0.0,-122.2876036719393,47.570572394909505
44a03396-a1fe-4f63-a42a-b9cd61a2bb3c,033-9834201323,53033,1641.2223618493895,,false,false,5185.568822833415,0.0,0.0,0.0,-122.28760440112983,47.570503954156266
17af718d-60dd-4a8b-b3bf-2cb7ceece242,033-9834201325,53033,1240.4654249294024,,false,false,5206.5242221118415,0.0,0.0,0.0,-122.28741812456576,47.57036340338164
accd9a8b-d74f-418d-a903-db0419c67a36,033-9834201327,53033,1295.3533824254253,,false,false,5190.703422427487,0.0,0.0,0.0,-122.28762342810428,47.57043289854849
c85cabf4-7db3-48a3-9736-2540cf8d4fc7,033-9834201329,53033,1241.367406382195,,false,false,5200.74430262282,,0.0,0.0,-122.28741746537929,47.570431704249565
3c75fb94-982f-44b8-84ac-dbd48c6c1825,033-9834201330,53033,5081.654765342132,,false,false,5210.095059219542,25.0,20.0,20.0,-122.28752435794293,47.570261419950455
56a6e0cc-923e-415d-883d-d203ea175d49,033-9834201331,53033,1292.5915756891345,,false,false,5196.49474322019,0.0,0.0,0.0,-122.2876241601832,47.570364553099914
68f7ddf0-5084-48e9-8f2d-1ced0de598d9,033-9834201340,53033,2033.418843602183,,false,false,5222.870944462955,0.0,0.0,0.0,-122.28752592874154,47.57011090345719
21e947e1-1010-4c74-be45-3cd6a04f43a6,033-9834201341,53033,2032.6775451788467,,false,false,5218.223453486014,0.0,0.0,0.0,-122.28752535338035,47.57016562879293
57ff2193-1c20-4219-809c-f502ff135012,033-9834201345,53033,4072.8908059169185,,false,false,5229.52183557884,0.0,0.0,20.0,-122.28763051985368,47.569974602026036
a43476a0-97a0-4841-a7ab-65646346e2d2,033-9834201350,53033,4066.8488738786127,,false,false,5239.500357978509,0.0,0.0,20.0,-122.28742405025034,47.569973549068955
3530ed32-0856-4e71-8961-02925c019a50,033-9834201362,53033,1199.3562882577069,,false,false,5218.413457160881,0.0,0.0,0.0,-122.28790321735195,47.56995236212734
135eee6b-1986-4e40-8fb6-966670d86205,033-9834201363,53033,1171.9900138989399,,false,false,5213.621607163754,0.0,0.0,0.0,-122.2879050889873,47.57000712156193
c34046df-28f5-4bb5-9888-e4b8617e26f4,033-9834201364,53033,1169.392592585074,,false,false,5209.094190834408,,0.0,0.0,-122.28790512716537,47.5700598503946
e3397cee-4781-4b92-84b2-4262424b411d,033-9834201365,53033,1266.1675452986449,,false,false,5223.260912892751,0.0,0.0,0.0,-122.2879038931212,47.569895576834575
9f30dc93-fdd1-4e29-b26d-c183a263f50b,033-9834201366,53033,1283.3104340209325,,false,false,5200.744488878058,0.0,0.0,0.0,-122.2881117640601,47.57004243870083
190ee3df-36d7-4981-87e8-d47c36b39602,033-9834201367,53033,1124.283085565754,,false,false,5207.60669655936,0.0,0.0,0.0,-122.28810957570964,47.56996387180689
2fe1743f-5c0c-4403-a754-74f9a54b6e8f,033-9834201368,53033,932.22729117728,,false,false,5213.281468144018,0.0,0.0,0.0,-122.28811043934559,47.569897476057214
ab472f82-75cf-4d96-87ee-71627b9611de,033-9834201370,53033,1184.622899356616,,false,false,5194.216022040292,0.0,0.0,0.0,-122.28810338866946,47.570123044047406
256317e2-aaa8-43fc-b021-9f8a39df4a62,033-9834201371,53033,1092.3770960868674,,false,false,5199.875513855515,0.0,0.0,0.0,-122.28792344456166,47.5701571420296
067574cc-4e0c-41c2-a701-bde5ed933080,033-9834201372,53033,951.3535229500864,,false,false,5205.905778784892,0.0,0.0,0.0,-122.28787675994931,47.57011281902473
300caee2-aadb-4c07-941f-56a34ff4c6c7,033-9834201375,53033,1079.0237689373525,,false,false,5181.297755265799,0.0,0.0,0.0,-122.2881063507248,47.570271912835054
677f7b9a-fd1f-4978-96e6-b0481029fca0,033-9834201376,53033,1150.2948155650752,,false,false,5188.398007842644,,0.0,0.0,-122.28810070240984,47.5701922944305
fb43cf05-d4a1-41a6-ba5f-6bd534f036c0,033-9834201377,53033,1496.6906539804286,,false,false,5195.736114229751,0.0,0.0,0.0,-122.28790327705164,47.57021670414675
d5a92b93-c6dd-46c2-b23a-dbd66e194d4d,033-9834201378,53033,1182.659099031774,,false,false,5190.894584757028,0.0,0.0,0.0,-122.28789832479683,47.57027602016955
77ec1e4a-2add-476c-94ed-9ea347112238,033-9834201380,53033,4064.5305868494906,,false,false,5179.623205767811,0.0,0.0,20.0,-122.28798405970697,47.57035973931809
887158e4-abcb-46ff-a6dc-75285d7016fa,033-9834201384,53033,483.9327626753975,,false,false,5160.398957363493,,0.0,0.0,-122.2881390788991,47.5704976106634
6f707fba-0764-4757-b752-aa6af2f77b05,033-9834201385,53033,475.4938643642377,,false,false,5165.115801509757,0.0,0.0,0.0,-122.28804170195649,47.57049704756212
13a42f4f-6fd8-4aeb-8043-2344452033ac,033-9834201386,53033,476.9561972670594,,false,false,5169.766582108207,0.0,0.0,0.0,-122.28804239311735,47.57044227338647
04bdd932-ce55-4bfc-81a3-b12fcea77065,033-9834201387,53033,485.4159550432818,,false,false,5165.053262047246,0.0,0.0,0.0,-122.28813980345335,47.57044282619968
edc9e335-71d1-43b4-88a6-2430a9164a5d,033-9834201388,53033,475.36559307652556,,false,false,5169.79851817528,0.0,0.0,0.0,-122.28794515734698,47.57049648630574
256f7b54-6a1b-48e9-a13d-b1a184ac1254,033-9834201389,53033,592.9012887600849,,false,false,5175.068504089065,0.0,0.0,0.0,-122.28783664619884,47.5704958575947
cf876426-0003-4878-9aa2-6288a478bf34,033-9834201390,53033,4059.982292868424,,false,false,5161.033656734547,,0.0,20.0,-122.28798128103143,47.57057880620813
1d0b1e64-3dcb-414f-8f69-c284fa8d6b1a,033-9834201391,53033,595.2460335253959,,false,false,5179.711027387639,0.0,0.0,0.0,-122.28783728541734,47.570441104845656
4c9fba9b-4ed0-406d-a811-ad64eb4c21ef,033-9834201392,53033,477.0989608742602,,false,false,5174.445339335931,0.0,0.0,0.0,-122.2879458248188,47.5704417225825
7e09a161-7de7-47c0-a134-57d8f27f7973,033-9834201400,53033,998.6695783741418,,false,false,5149.16987108623,0.0,0.0,0.0,-122.28808223495464,47.57066093074434
62148e1a-8c49-48e9-b1af-9913925492fe,033-9834201401,53033,1047.6029173087902,,false,false,5144.532014960372,0.0,0.0,0.0,-122.28808147873573,47.570715708941854
9a708105-f330-45e0-bf7c-beaf93fa62d5,033-9834201402,53033,2011.3507303167357,,false,false,5156.810860000506,0.0,0.0,0.0,-122.2878761731057,47.57068769800203
a6f391d6-f685-45de-89da-f4f4a21f11c1,033-9834201405,53033,997.5876483029018,,false,false,5139.895620015121,0.0,0.0,0.0,-122.28808077593065,47.570770475407876
cc54ed71-b5a5-434a-b438-22b6362db71b,033-9834201406,53033,1047.2917931331767,,false,false,5135.261749117604,0.0,0.0,0.0,-122.28808006227486,47.57082525402541
87f99986-0acd-460c-afee-0470e0740e3c,033-9834201407,53033,2010.3757728173964,,false,false,5147.553025286934,,0.0,0.0,-122.28787485720274,47.570797216627476
5b3c639b-236c-4e6d-88ac-2ad309066d90,033-9834201410,53033,1785.6290901385248,,false,false,5138.7707437221325,0.0,0.0,0.0,-122.28786235640875,47.570907655063664
992f0226-37c2-4216-ae69-cebe8b17676a,033-9834201411,53033,1121.191527481043,,false,false,5126.471239632555,0.0,0.0,0.0,-122.28806923310403,47.57093464741633
49eeac07-9997-436f-9c18-508b24d14c7c,033-9834201412,53033,1145.9618882410484,,false,false,5131.251684579837,0.0,0.0,0.0,-122.28806583821519,47.570880399891514
e687d21f-9771-44eb-8e36-dfbef3374230,033-9834201413,53033,1056.4187375937577,,false,false,5116.901741326776,0.0,0.0,0.0,-122.28807270600237,47.57104522661608
911203ba-0a3f-4f1f-882e-44d053a5404e,033-9834201414,53033,1073.9209461112819,,false,false,5121.52334835299,0.0,0.0,0.0,-122.28807341346734,47.57099044893177
29edbd83-19a2-4bea-9e6b-ec17ef4557f1,033-9834201415,53033,1920.1049043809242,,false,false,5129.293944346842,0.0,0.0,0.0,-122.28786775153831,47.571016218606104
2b2a72ef-20fa-465b-98a4-37dbed3d4a6a,033-9834201440,53033,4135.4214889307905,,false,false,5056.465915018282,0.0,0.0,20.0,-122.28860159551527,47.57145528410924
ad823a64-1983-4130-9f19-cb7fb3ad4638,033-9834201445,53033,2502.7878349331927,,false,false,5060.33610835787,0.0,0.0,0.0,-122.28869929295465,47.57135430938909
ede752db-f9d9-47b6-afb6-511b9ab9aa49,033-9834201447,53033,1939.6090381349854,,false,false,5071.813341965796,,0.0,0.0,-122.2884812596278,47.571343197056706
6ded527e-899a-4a56-9cc6-39f1a36299d4,033-9834201450,53033,1069.7765863465174,,false,false,5077.679645382069,0.0,0.0,0.0,-122.28849271242468,47.57126770330064
95a82abe-91f9-4696-8251-400a5e8ff43e,033-9834201451,53033,1152.139363464028,,false,false,5082.306029479251,0.0,0.0,0.0,-122.28849348710312,47.57121290571524
037bdbbb-bdf8-473e-bfbf-1a58a062697a,033-9834201452,53033,1055.8622313564867,,false,false,5066.696063577693,0.0,0.0,0.0,-122.28871782358839,47.57126919103117
5357f750-3a02-440c-b7fa-ddfa24cff506,033-9834201453,53033,1166.0565588708212,,false,false,5071.330639279484,0.0,0.0,0.0,-122.2887186357801,47.57121439352514
ff7d9dab-f034-48ca-b26d-6491511cdd6d,033-9834201455,53033,1144.5530203421456,,false,false,5076.400254031289,0.0,0.0,0.0,-122.2887106649745,47.57115948166766
9eb5d905-8eaf-40da-95e0-f42489f14d26,033-9834201457,53033,1183.5504044605127,,false,false,5080.926410576007,0.0,0.0,0.0,-122.28870812137023,47.57110790792254
ec9daf87-ece1-4cdf-9088-cdb7cca33721,033-9834201459,53033,1013.6722648681133,,false,false,5091.495889540923,0.0,0.0,0.0,-122.28850195384783,47.57110024914308
3d8fd756-e1d8-4677-bc09-8a1121b4d814,033-9834201460,53033,1525.170362395574,,false,false,5088.2262112858325,0.0,0.0,0.0,-122.28868014847464,47.57103818893141
f7fd85de-66b7-4732-a693-ab8bd9288728,033-9834201461,53033,1103.7727157525012,,false,false,5087.7688625865685,0.0,0.0,0.0,-122.28848864225279,47.57115150632886
aa884016-5769-42c4-a6c5-befb830c24d2,033-9834201462,53033,990.9700088331807,,false,false,5097.060342162086,0.0,0.0,0.0,-122.28848115233947,47.57104674077936
dd271293-a677-410f-b85d-25206f093b13,033-9834201464,53033,704.1518946266889,,false,false,5101.12005403773,0.0,0.0,0.0,-122.28848196675368,47.570998698324686
eb414eb4-c4e1-416e-9b2f-44e1b06d903b,033-9834201466,53033,1226.7147340923573,,false,false,5091.538186949623,0.0,0.0,0.0,-122.28869621803811,47.570990432478915
3a5b9156-6fd0-4620-ad3c-2adf86155128,033-9834201467,53033,1255.830574201473,,false,false,5105.13412221754,0.0,0.0,0.0,-122.28870876009876,47.57082460619886
3a803bb4-5818-48da-9744-0f17149acf4a,033-9834201468,53033,1177.8349419740236,,false,false,5095.448231353213,0.0,0.0,0.0,-122.28870019719925,47.57094249761524
92ca0c44-6411-4401-a136-ce6a2e8e23d0,033-9834201470,53033,1095.6833587159822,,false,false,5115.130971074657,0.0,0.0,0.0,-122.28849457078996,47.57082761407003
f65fed02-7bd4-4c4c-a51b-defa2c8b70fe,033-9834201471,53033,936.2534037732289,,false,false,5119.549075605772,0.0,0.0,0.0,-122.28849530458962,47.570775558353695
7d627a92-5ee8-4f37-87d8-6688929f511b,033-9834201472,53033,1318.591333849297,,false,false,5099.780167813482,,0.0,0.0,-122.28869638500653,47.57089402124353
010edf44-d27c-44f1-bd59-293a5f26d273,033-9834201473,53033,1162.243706260671,,false,false,5109.4132353847635,0.0,0.0,0.0,-122.28871228823009,47.57077272210915
e3a12e54-cce7-49e8-995f-10bbfddca76c,033-9834201474,53033,1144.2212739482188,,false,false,5110.137285541298,0.0,0.0,0.0,-122.28849854170883,47.57088379457588
854eb9e1-2386-475c-83ff-35baeafe3f88,033-9834201475,53033,1246.8169974767743,,false,false,5118.257627245421,0.0,0.0,0.0,-122.28871195407483,47.57066982741251
a2f4b70d-34b7-4b37-acae-4df5f2e01c37,033-9834201476,53033,807.9619649481943,,false,false,5106.0771197217955,,0.0,0.0,-122.28849782846959,47.57093171273923
b3f5b987-7d12-4754-ad6c-e52597d8b269,033-9834201477,53033,1151.1160728187756,,false,false,5113.708522448488,0.0,0.0,0.0,-122.28871400965086,47.570721688559175
db880607-d18c-4b5c-a51c-e2a26cf41630,033-9834201479,53033,945.8698897239124,,false,false,5124.497708866193,0.0,0.0,0.0,-122.28849727950825,47.570716645240935
ecbfe8d0-61e3-4256-a874-05df80aa4ecc,033-9834201480,53033,4453.236182657615,,false,false,5130.3863573791605,0.0,0.0,20.0,-122.28861520451113,47.57058228201142
23f0b72b-aace-4093-a6fd-ea2854ec9171,033-9834201481,53033,1108.045617254337,,false,false,5128.923059138929,0.0,0.0,0.0,-122.28849798642787,47.57066458833941
a4eaa34f-18fc-4b52-945c-3f6c7cde2845,033-9834201485,53033,4459.440890178299,,false,false,5167.817995198153,,0.0,20.0,-122.2886215558799,47.57014389645905
5219396b-f074-4d46-8594-182862d2e145,033-9834201490,53033,2228.1842465415193,,false,false,5154.4923616070555,0.0,0.0,0.0,-122.28850549825405,47.5703625269945
5936e8b9-0920-4d4a-bda5-b57d3b0b81f7,033-9834201492,53033,2227.355462909885,,false,false,5145.148487431094,0.0,0.0,0.0,-122.28850394974542,47.57047212168145
9b3bc4b8-8f4d-43fe-b731-c6eb86ecafd3,033-9834201494,53033,2227.4425109942067,,false,false,5134.3126207166915,0.0,0.0,0.0,-122.28872963537545,47.570473250162294
3eae1094-f403-4577-b61c-060dc566e7e5,033-9834201495,53033,4457.957161136313,,false,false,5158.442261550175,0.0,0.0,20.0,-122.28861997000222,47.57025349292194
ef939751-ed45-4f8b-b49d-5107bf9d269c,033-9834201496,53033,2228.2508001936176,,false,false,5143.672747418992,0.0,0.0,0.0,-122.28873126360837,47.5703636521491
2a5c61c2-35c8-46cc-8545-cbe5e5c5d713,033-9834201505,53033,8924.221693834186,,false,false,5181.905088173306,25.0,20.0,20.0,-122.28862393202961,47.56997948520044
1be13867-1435-4926-9dfc-875be2628c42,033-9834201515,53033,343407.75884703355,,false,false,5280.5694198394085,25.0,20.0,20.0,-122.28849998000081,47.56891077360833
0c103979-2542-4a8d-8ab2-7f9726b14267,033-9834201735,53033,4072.146466613419,,false,false,5314.701480960365,0.0,0.0,20.0,-122.28645398185556,47.569639301205214
22bcb618-2b47-45b5-8153-7d9cca3ff1cf,033-9834201740,53033,4072.924024820095,,false,false,5323.961488009224,0.0,0.0,20.0,-122.28645528396798,47.56952978859699
37ba7e98-6143-4ad4-a9e5-b54f9358fb86,033-9834201745,53033,3035.3326190491957,,false,false,5332.042023249798,0.0,0.0,0.0,-122.28645660101212,47.56943423522071
91898cb2-5e66-4605-9dd6-02be448bcdda,033-9834201755,53033,5113.203370102494,,false,false,5341.3383638199475,25.0,20.0,20.0,-122.2864576141453,47.5693247165344
643e7a06-ffe5-4f86-b72c-792453a2e835,033-9834201765,53033,4075.4250213270834,,false,false,5351.812094806889,0.0,0.0,20.0,-122.28645918924381,47.569201245938515
3a324d19-c7e2-49a2-a59e-a0536b992d8a,033-9834201770,53033,4076.3004790782356,,false,false,5361.118768744292,0.0,0.0,20.0,-122.28646049079691,47.56909173222717
1e9a6250-843a-4eb5-a84f-2c2383ab3b2a,033-9834201775,53033,4077.116547248278,,false,false,5370.4369083812935,0.0,0.0,20.0,-122.28646179225048,47.568982218802724
682f3c4b-59cf-4df8-992d-ef180fb0d357,033-9834201780,53033,4078.0197418843054,,false,false,5379.766431236989,0.0,0.0,20.0,-122.28646309589604,47.56887270465538
a1103059-f297-4f5c-9669-c603d9e86a4f,033-9834201785,53033,4078.807050499975,,false,false,5389.107540623887,,0.0,20.0,-122.28646439491446,47.56876319051741
f97e3be7-4ec8-4cae-bb15-3a930112c9c2,033-9834201790,53033,4079.705160363842,,false,false,5398.459793556846,0.0,0.0,20.0,-122.28646569783857,47.56865367612279
7aa2a585-21cf-4cf0-abd7-d48d164a0aa3,033-9834201795,53033,4080.4609354428026,,false,false,5407.823280813141,,0.0,20.0,-122.28646700033356,47.56854416213753
eb049a0b-8bfc-4f93-b634-6f228790cf73,033-9834201800,53033,4081.202865745698,,false,false,5417.197877144826,0.0,0.0,20.0,-122.2864683028506,47.568434649087145
86f3cd78-d298-41ac-8457-b2aef1e47012,033-9834201805,53033,4082.2092707597453,,false,false,5426.583727812753,0.0,0.0,20.0,-122.28646960362623,47.5683251355799
765be79e-4f6e-49f9-b99a-2834ea39f2c3,033-9834201808,53033,4082.948809806021,,false,false,5435.980767279131,0.0,0.0,20.0,-122.28647090318232,47.56821562141836
9262c936-7132-45f6-9249-68379f4acc20,033-9834201810,53033,5270.409494851341,,false,false,5446.751252094884,25.0,20.0,20.0,-122.2864725003771,47.56809019888092
1a79ec2c-d2a7-4e47-a150-ee86087e2381,033-9834201820,53033,5262.88190955015,,false,false,5424.79106761538,25.0,20.0,20.0,-122.28693505816626,47.568092878333644
aed2c019-532b-4db8-bb79-11a57766cacf,033-9834201825,53033,6146.772818400631,,false,false,5411.601450958624,25.0,20.0,20.0,-122.28693309892537,47.56824588016481
0387d956-6cf1-4c85-9d3e-53c120f5fcaa,033-9834201840,53033,6101.39321006894,,false,false,5397.445402654463,25.0,20.0,20.0,-122.28693134995893,47.5684101753767
7ed0dcf5-88db-4b60-837c-4fc695efa5b0,033-9834201845,53033,4081.0797566578995,,false,false,5385.714208414668,0.0,0.0,20.0,-122.28692943758661,47.56854679733401
19d57bb2-84ba-41f0-b632-cb2ec9cd2691,033-9834201855,53033,4080.2471596896166,,false,false,5376.31531569418,0.0,0.0,20.0,-122.28692804250389,47.568656327008874
760045cd-6398-4613-9916-789724dfdac1,033-9834201865,53033,5116.233460342589,,false,false,5365.742324785586,25.0,20.0,20.0,-122.28692632455409,47.56877977553821
8b34b1fd-972b-40b0-b593-4fda854c0cd8,033-9834201870,53033,6110.134714890284,,false,false,5352.834706303185,25.0,20.0,20.0,-122.28692458317846,47.56893051203615
9e108f76-bec0-4dba-8c87-cda77575953b,033-9834201875,53033,5086.275182086349,,false,false,5339.984476670325,25.0,20.0,20.0,-122.2869227395688,47.569080886635966
01c114fa-e739-4311-867c-e172c0936645,033-9834201880,53033,4076.0995478004206,,false,false,5329.48992926303,0.0,0.0,20.0,-122.28692106661128,47.56920397334667
750bb044-4107-43e4-a70a-8087b6125e71,033-9834201885,53033,4075.189058494474,,false,false,5320.159131541697,0.0,0.0,20.0,-122.28691966992315,47.56931350243261
ae54d860-2084-491b-9a70-9ec52979379c,033-9834201895,53033,4074.433329633014,,false,false,5310.839794906732,0.0,0.0,20.0,-122.28691827505965,47.5694230313955
412ad071-f80b-4254-bead-222d3c3c30ca,033-9834201900,53033,4073.6131023703474,,false,false,5301.531932930757,0.0,0.0,20.0,-122.28691688096993,47.56953256137099
24ee1290-5142-4d8e-88a7-fbcc992ec5f3,033-9834201905,53033,4072.710251388874,,false,false,5292.235892752681,0.0,0.0,20.0,-122.28691548463524,47.56964209071029
37812424-7ffc-4c8b-ad32-8e8db670c152,033-9834700005,53033,4059.061402395513,,false,false,4880.939577548513,0.0,0.0,20.0,-122.2861517969395,47.575111204108325
144b06e7-0c98-4a54-b9e9-249e3cc6ecaf,033-9834700010,53033,3893.808989030304,,false,false,4869.935304394612,0.0,0.0,0.0,-122.2864522373611,47.57504954615203
cc4a443a-a68c-4c78-910f-37faec86caa2,033-9834700015,53033,4650.3770615526,,false,false,4890.027035831168,0.0,0.0,20.0,-122.28615657401375,47.574992755041364
c1a6943d-d937-4198-88c4-b884862d495e,033-9834700030,53033,2903.4132355957277,,false,false,4901.985058210521,0.0,0.0,0.0,-122.28610687068802,47.57487458273774
3f2c3e27-180f-44a8-92d1-70e6dc91f06b,033-9834700035,53033,2918.281626575402,,false,false,4886.274129353561,0.0,0.0,0.0,-122.28640166599095,47.574876864356796
2d6c2b69-9710-447d-9001-fac65f118c40,033-9834700040,53033,5792.477844382308,,false,false,4902.58565540484,25.0,20.0,20.0,-122.28625852172836,47.57476609110367
7a1b532a-c977-4402-90a7-e5636f5ec820,033-9834700045,53033,5763.066822033737,,false,false,4911.083694739393,25.0,20.0,20.0,-122.28626239591046,47.57465645622015
ea59fb69-a78c-4657-a809-09da7f70a3e9,033-9834700050,53033,5733.969736257034,,false,false,4919.597051365801,25.0,20.0,20.0,-122.28626627486713,47.57454682106761
207c36cc-59f9-4ed8-81d8-7628213e1a38,033-9834700055,53033,5704.497959674915,,false,false,4928.1262262741075,25.0,20.0,20.0,-122.28627014749554,47.57443718565354
46d9bea6-f93e-4f5e-b431-6db796f66d54,033-9834700060,53033,2845.4230188115657,,false,false,4944.249810985228,0.0,0.0,0.0,-122.28613073316981,47.574326388804224
b9c9298f-964d-42df-a66b-e8690249b4a0,033-9834700065,53033,2829.8360955049325,,false,false,4929.061253815339,0.0,0.0,0.0,-122.28641810480893,47.57432872047739
3d7ced07-e640-4eb6-905f-0bcbc5f380a7,033-9834700070,53033,2645.399462659561,,false,false,4937.220998481845,0.0,0.0,0.0,-122.28642983629652,47.574219144422095
9ddd343b-0024-47ed-b30d-ec8ddc1785f6,033-9834700075,53033,3000.512937426247,,false,false,4952.302140740872,0.0,0.0,0.0,-122.28614395051002,47.57421683384326
0f6464f1-4ba5-409a-8935-ea90bfb04f60,033-9834700080,53033,3000.580624678366,,false,false,4960.785692439193,0.0,0.0,0.0,-122.28614931181365,47.574107217018636
312eea2d-4ce2-465f-80d9-9978d7a6b25f,033-9834700085,53033,2616.1393808313646,,false,false,4945.810694253998,0.0,0.0,0.0,-122.28643371313288,47.574109501282926
857a21f0-7225-4a54-8ea2-e4bd49f7ae53,033-9834700090,53033,5587.236133327876,,false,false,4962.394878447577,25.0,20.0,20.0,-122.28628565614456,47.57399864601709
ade87afa-90d1-4a01-ad34-bf88c6d59bfe,033-9834700100,53033,5558.817963659547,,false,false,4971.001060320034,25.0,20.0,20.0,-122.28628952219253,47.573889003984945
c5a06445-8675-4c0b-bce0-d14698e27842,033-9834700105,53033,5475.118288291943,,false,false,4992.594379230826,,20.0,20.0,-122.28629891672018,47.57361491764099
e8a13235-2638-4da0-b75f-70ea9a7454c9,033-9834700110,53033,5438.449900841649,,false,false,5001.263861084234,,20.0,20.0,-122.28630255708181,47.57350528085976
8e01a8a5-8837-4187-8ac5-ec4b016c8e37,033-9834700115,53033,5401.5290006097,,false,false,5009.947861678658,25.0,20.0,20.0,-122.28630620259118,47.573395642768894
c4035ce8-24b2-48bb-9f24-92d47fbfdb96,033-9834700121,53033,5364.665643335194,,false,false,5018.646534865004,25.0,20.0,20.0,-122.28630984588796,47.573286005212644
10bc5325-2cfe-4e62-a8ef-e82e07346b94,033-9834700130,53033,5327.7857917197525,,false,false,5027.359704841455,25.0,20.0,20.0,-122.28631349037722,47.57317636726499
d610306b-c3f5-475f-92eb-2b8cb6e9d5a1,033-9834700135,53033,5290.866412363488,,false,false,5036.087320681794,,20.0,20.0,-122.2863171342866,47.5730667297448
a1ba3bbf-7652-4646-a3b0-7243e826df1b,033-9834700140,53033,5253.906607691034,,false,false,5044.829176567292,,20.0,20.0,-122.28632077982795,47.57295709286815
6c3b69f7-63b4-4357-9c6f-ffbc13053df7,033-9834700145,53033,5217.178897397636,,false,false,5053.585519627658,25.0,20.0,20.0,-122.28632442265167,47.57284745541058
b9c0ef52-7fd6-4c29-a9fe-32214cfdb1db,033-9834700150,53033,5567.67749428911,,false,false,5062.684942716841,25.0,20.0,20.0,-122.28632819979174,47.57273371187262
54ef30fb-729f-466f-a578-3e7143fe4b7b,033-9834700155,53033,3298.7906890678973,,false,false,5079.797388847777,0.0,0.0,0.0,-122.28620190673979,47.57260295661188
0c658c09-d969-4d02-9032-1cd4108ec90f,033-9834700160,53033,3329.495075052904,,false,false,5066.425532476214,0.0,0.0,0.0,-122.2864619213597,47.57260514121292
811e85d1-e0b3-4421-ac3b-2a0a2fdf100f,033-9834700170,53033,6129.177373973028,,false,false,5093.500545602998,25.0,20.0,20.0,-122.28639735025715,47.57231527788661
89d49bbc-19d9-4dc2-8982-42ffc2696efd,033-9834700175,53033,5491.64113407198,,false,false,5103.865997976611,25.0,20.0,20.0,-122.28637097783903,47.57220552390351
06ea6d98-9a06-493b-9743-8579a54774fd,033-9834700180,53033,4854.037353860466,,false,false,5114.2378389265605,0.0,0.0,20.0,-122.28634461021898,47.57209579725591
8095f434-3098-46c1-a0f9-2644598970ab,033-9834700185,53033,5170.7681408970775,,false,false,5125.83631396741,25.0,20.0,20.0,-122.28631515656926,47.571973200564
d2b95b3d-c046-4eda-902f-a0bcf715696b,033-9834700190,53033,3877.1799929530694,,false,false,5138.313399586717,0.0,0.0,0.0,-122.28628350039489,47.57184144724903
b18d4f6d-f9cf-4c95-9ebe-ff024857cff7,033-9834700195,53033,4013.7154027936285,,false,false,5152.295743491236,0.0,0.0,20.0,-122.28624951922174,47.57169307611944
d135690f-bfcc-4e0b-b5bc-542ddc8ded2c,033-9835200005,53033,31000.81770267408,,false,false,4958.724038279005,25.0,20.0,20.0,-122.29132973330209,47.57109169356409
f1d86a30-a1bf-4a42-9370-b6e303d08837,033-9835200050,53033,35275.663803384385,,false,false,4982.0468632593265,,20.0,20.0,-122.29047974607884,47.57127878049406
0c0ac1d9-c392-4a57-8995-81975af4eec6,033-9835200170,53033,35327.770325106176,,false,false,5045.0961501405745,25.0,20.0,20.0,-122.28964311023722,47.57100594411932
6ef1a5a9-594c-4f47-a699-1fa0b79bc96f,033-9835200200,53033,34474.89368174731,,false,false,5066.3975178162145,25.0,20.0,20.0,-122.28919557203261,47.57100533915746
e3646553-0a27-4519-b748-6b239116cf15,033-9835400010,53033,8158.54637533818,,false,false,37555.804034045235,,20.0,20.0,-122.21031616458963,47.27864962308294
b595b3ee-678a-4e1f-9cb1-af6110f116d9,033-9835400020,53033,7178.089999597763,,false,false,37550.490616196446,25.0,20.0,20.0,-122.21059733111125,47.27865112921629
b62c0da5-04ee-411e-8e06-da48a1e0bbee,033-9835400030,53033,8438.471557253048,,false,false,37578.34631041834,25.0,20.0,20.0,-122.21044638020527,47.278418514598165
50633484-27b7-4ca7-b166-4a5955e34ced,033-9835400040,53033,8437.188155034926,,false,false,37596.07710008122,25.0,20.0,20.0,-122.21044707446592,47.278254027758656
f8de01a3-77e0-4f5b-9be2-0b6995a0315e,033-9835400050,53033,8435.99677437395,,false,false,37613.808502721804,,20.0,20.0,-122.21044776482215,47.27808954086404
a7587be4-9aaf-4a69-aa61-08c566cc5b06,033-9835400060,53033,8485.268757818656,,false,false,37631.60706369715,,20.0,20.0,-122.2104467545215,47.27792472462371
38c0a448-ab88-4776-bf3b-4fc9631bb948,033-9835400070,53033,9019.554020714773,,false,false,37649.74590542219,25.0,20.0,20.0,-122.21042932656374,47.27775954019647
557de20f-555b-4b0f-ad0c-e51965cc0a32,033-9835400080,53033,9699.66991931732,,false,false,37667.86521165545,25.0,20.0,20.0,-122.21040715438257,47.277595342840776
568b314f-2829-4f17-b651-71fba13cdc52,033-9835800010,53033,9515.986169357337,,false,false,26230.173532887577,25.0,20.0,20.0,-122.2870482404937,47.37227898148435
663daa98-aaff-4076-9d56-8a3acd3ef76e,033-9835800020,53033,9189.989551004694,,false,false,26208.01823048138,25.0,20.0,20.0,-122.28703640916018,47.372480944419344
05d425ed-bb31-4f88-b32c-f3178d4636d9,033-9835800030,53033,9321.626942317422,,false,false,26186.074417961867,25.0,20.0,20.0,-122.28703089875869,47.37268043722819
0e86fd04-dc8e-44c9-85b2-2628fb3d5703,033-9835800040,53033,10391.34817906514,,false,false,26164.06646803171,25.0,20.0,20.0,-122.28706204893777,47.37287728304718
9026de15-83ee-45ca-bb99-344c87d752c9,033-9835800050,53033,9409.92318715092,,false,false,26143.772580590703,,20.0,20.0,-122.287024942809,47.37306460482749
8e839a81-a853-45f6-981b-b22696697b41,033-9835800060,53033,11083.306481117279,,false,false,26119.90412849914,25.0,20.0,20.0,-122.28701458695585,47.373281991758276
20456bd0-95ca-4100-833e-f417abc526bf,033-9835800070,53033,11721.202585354029,,false,false,26068.882920435888,25.0,20.0,20.0,-122.28695198727145,47.3737502824203
b181cd55-f9ae-4ff6-97b7-a2abf006e966,033-9835800080,53033,9700.649747180187,,false,false,26042.940370338623,25.0,20.0,20.0,-122.28699267658206,47.37398197288543
bc8e2b87-d062-4456-a55a-b7da694e1d40,033-9835800090,53033,10673.060689663373,,false,false,26022.074967237902,25.0,20.0,20.0,-122.28701201615321,47.37416950735245
e5fc017a-2a57-496c-bc08-7927bbc8e1f7,033-9835800100,53033,9794.781131028474,,false,false,26000.729363952745,25.0,20.0,20.0,-122.28695816799683,47.374367899065284
3c8d624b-5cd1-4583-a312-0829fccff39d,033-9835800110,53033,9515.131544351965,,false,false,25978.08987972863,25.0,20.0,20.0,-122.28694082681126,47.37457479266175
5f120546-e4c9-445d-aeec-b38974b1d0c4,033-9835800120,53033,9196.888907390583,,false,false,25956.005305411843,25.0,20.0,20.0,-122.28694083733832,47.37477511300979
a5b96f4d-0e86-4729-8995-47da38041457,033-9835800130,53033,12761.004713927938,,false,false,25930.380058308638,,20.0,20.0,-122.28688800911912,47.37501226827695
ddf5bce0-bbc6-48c0-9ceb-d747e338a477,033-9835800140,53033,17198.461109175438,,false,false,25902.098922641646,25.0,20.0,20.0,-122.28701411983126,47.37525755368273
3a1aa9e9-029f-40b2-addb-e932a6ceea02,033-9835800150,53033,10938.137672465667,,false,false,25900.00477792772,25.0,20.0,20.0,-122.28746964760498,47.3752361520659
0f993dfe-3bee-4f38-a471-7d47dfb547d4,033-9835800160,53033,7769.098168208227,,false,false,25892.496522545058,25.0,20.0,20.0,-122.28776649926418,47.37527813761462
1ddca2e4-eaa7-4001-9e17-1aa43334fef0,033-9835800170,53033,8408.71581692797,,false,false,25882.182198391776,25.0,20.0,20.0,-122.2881054672579,47.37534206254711
dcf18f94-c934-4cad-8caa-feaa681995ac,033-9835800180,53033,9443.75282513663,,false,false,25858.978452170802,25.0,20.0,20.0,-122.28794738215555,47.37556624789786
5a0a2465-91a8-44d8-af27-28f71958eda6,033-9835800190,53033,9008.640491252994,,false,false,25864.884414772983,25.0,20.0,20.0,-122.28757778775595,47.375545127908936
85e204e0-3778-48f9-97ad-1b2ab910da08,033-9835800200,53033,7498.833835624309,,false,false,25866.918073464785,25.0,20.0,20.0,-122.28724163911741,47.37555641997219
4e1363cd-b7e2-425a-9332-d6d41f2040fb,033-9835800210,53033,11181.75127650868,,false,false,25870.406832406927,25.0,20.0,20.0,-122.28686460645147,47.37555839433317
a4626781-6291-4cfd-a5d1-2b5dbfc874af,033-9835800220,53033,12316.831209923712,,false,false,25850.100701026364,,20.0,20.0,-122.28861234820772,47.375589053854185
aa08338a-4692-4b3d-bae3-5a3db872be4f,033-9835800230,53033,8963.798310803637,,false,false,25841.605561301403,25.0,20.0,20.0,-122.28894633636132,47.375637415132736
6e33cf0f-47a2-4bec-82df-6fbcd2c1fe1b,033-9835800240,53033,7035.113443750057,,false,false,25839.28283891183,25.0,20.0,20.0,-122.28926274856435,47.37563152937696
6867deb2-2a03-4e22-876f-d5abd0bcdd93,033-9835800250,53033,7028.7172134039265,,false,false,25836.73241020829,25.0,20.0,20.0,-122.28954536979764,47.37563074992717
50f4078f-7068-41ab-bcfc-644341dc3aa8,033-9835800260,53033,7028.471301513409,,false,false,25834.214861437842,25.0,20.0,20.0,-122.28982788918732,47.37562983693941
0fb5f83f-4843-4f2d-9e19-01f2d67ea2d1,033-9835800270,53033,7189.013039206915,,false,false,25832.058923480356,25.0,20.0,20.0,-122.29011156716872,47.37562570698745
0f5af5bf-894b-439d-a9c0-5a78ad919b06,033-9835800280,53033,10339.923155614448,,false,false,25826.6657208882,25.0,20.0,20.0,-122.29046819339186,47.37564504455016
0132ef2f-e1e7-4215-8d0a-200f044a46e6,033-9835800290,53033,11373.482233675883,,false,false,25837.600041235804,25.0,20.0,20.0,-122.2907381070307,47.37552381445697
b2499933-4992-4940-b47a-2a6a1cfd7c91,033-9835800300,53033,8762.80492352525,,false,false,25863.40178570516,25.0,20.0,20.0,-122.290752595484,47.375288901406485
0da8c8ad-7237-4534-919b-9134165c488c,033-9835800310,53033,8689.434254956062,,false,false,25883.785661080794,25.0,20.0,20.0,-122.29080328793032,47.37510011643182
d5d665e3-6408-4094-9886-c049727f5133,033-9835800320,53033,8688.469099070775,,false,false,25904.213064314717,25.0,20.0,20.0,-122.29085185971122,47.37491112369286
84777d99-c811-43e7-8a72-57a21aa44d2c,033-9835800330,53033,8687.479842629109,,false,false,25924.641916678473,25.0,20.0,20.0,-122.29090043228136,47.374722130897474
87d4b422-5e88-421c-acf0-415d579b0703,033-9835800340,53033,8686.502292849924,,false,false,25945.072199212605,25.0,20.0,20.0,-122.29094900513327,47.374533138227946
59c9a30c-41cb-4e8e-a7ad-f32bbf61f110,033-9835800350,53033,9526.560000197565,,false,false,25964.38045003827,25.0,20.0,20.0,-122.29105211947504,47.37434990934049
e81787e8-e51d-4b22-9bfa-8cb893488382,033-9835800360,53033,8792.456491400999,,false,false,25983.74394681658,25.0,20.0,20.0,-122.29114236293958,47.37416725285649
baafe04c-bd44-42b8-a423-9b07507371c7,033-9835800370,53033,8685.858313034385,,false,false,26004.198562532,25.0,20.0,20.0,-122.29119416152156,47.373977834413
83c51cff-6a75-4a2d-8be8-8e962df6ef88,033-9835800380,53033,8684.839765180586,,false,false,26024.641929061654,25.0,20.0,20.0,-122.29124274488419,47.373788789925634
4d5181fb-8d79-4ea4-b1bc-eb1c3514ad45,033-9835800390,53033,8683.85866445179,,false,false,26045.086719393566,25.0,20.0,20.0,-122.29129132697211,47.373599745576534
e21a991c-4129-4771-be2c-7e9c8afd636e,033-9835800400,53033,8731.94942989416,,false,false,26065.71586900664,,20.0,20.0,-122.29133519517659,47.373409421501776
d4790d36-e3c2-4bb9-b0a2-e9ff3927dd61,033-9835800410,53033,9806.848499435882,,false,false,26083.876405578554,25.0,20.0,20.0,-122.2914708428585,47.37323414672076
68d17e06-64ca-4184-a905-0703871fa075,033-9835800420,53033,8892.175105562124,,false,false,26104.38393185438,25.0,20.0,20.0,-122.29153558488625,47.37304330156926
aaf64dd9-4ea7-4b23-abcc-7fad6d852d99,033-9835800430,53033,9576.924189834157,,false,false,26125.46951515467,25.0,20.0,20.0,-122.29159943303142,47.372847311675386
cb11f1ef-91e2-44ca-b9f3-51ee741c1da9,033-9835800440,53033,9347.140995127755,,false,false,26147.321101793856,25.0,20.0,20.0,-122.29162830906914,47.37264717042778
fbbbc766-4ce3-455c-adab-bce0658c75e5,033-9835800450,53033,10113.586490651154,,false,false,26168.28401544091,25.0,20.0,20.0,-122.29165043670069,47.372455616330114
437e7ee6-7534-48f2-9d1a-89fe90ded0ed,033-9835800460,53033,10223.327721730113,,false,false,26189.381237345562,25.0,20.0,20.0,-122.29165285721471,47.372264407443474
44ce088e-2098-4e31-8aad-485191d9f693,033-9835800470,53033,8414.654214601484,,false,false,26151.33244788819,25.0,20.0,20.0,-122.29094293044656,47.37266553510021
2d51f2cf-7872-40dd-bea8-60102d3fe30c,033-9835800480,53033,7080.979542119887,,false,false,26153.769933982778,25.0,20.0,20.0,-122.29063353901255,47.372668448470534
0a14159c-5c25-4f8f-a1c6-409bcf9f5832,033-9835800490,53033,7080.348055214211,,false,false,26156.257537652615,25.0,20.0,20.0,-122.29035104398791,47.37266889683861
e557ef30-b2b5-4413-800d-30c0f1f4cc24,033-9835800500,53033,7428.724120005777,,false,false,26158.824135415525,25.0,20.0,20.0,-122.29006158762478,47.37266935558467
4e2868bd-8740-4345-9fd0-b11c6be92d6a,033-9835800510,53033,7428.052830180522,,false,false,26161.470953941083,25.0,20.0,20.0,-122.28976516786727,47.3726698253734
488adb6b-62cf-414e-b6d2-6be997f529eb,033-9835800520,53033,7078.509756190364,,false,false,26164.073708833952,25.0,20.0,20.0,-122.28947570931413,47.37267028361414
f72d7e8c-e0a9-4d5f-8d25-5928371294c7,033-9835800530,53033,7077.86513435484,,false,false,26166.631129222755,25.0,20.0,20.0,-122.28919321332714,47.37267073000951
6733e07c-2591-4228-85b1-95487ede9d8f,033-9835800540,53033,7077.265542299827,,false,false,26169.205651004115,25.0,20.0,20.0,-122.2889107179249,47.372671175133334
6ae42ae4-2947-4596-a792-abc5965c8da7,033-9835800550,53033,7480.993525344921,,false,false,26171.871520513163,25.0,20.0,20.0,-122.28862015090951,47.37267163214315
307a4074-69a6-4ddc-b3d4-8e680b28fe53,033-9835800560,53033,7480.297546777359,,false,false,26174.63018608923,25.0,20.0,20.0,-122.28832151277611,47.37267210137139
b0a44eb4-68a8-477e-8071-35a00bbcf496,033-9835800570,53033,7075.354267843886,,false,false,26177.332557047437,25.0,20.0,20.0,-122.2880309455324,47.37267255721481
b95bb8a9-7aeb-451d-94d6-26505c250141,033-9835800580,53033,8734.451556796252,,false,false,26180.568645112573,25.0,20.0,20.0,-122.28771579958809,47.37267046885859
ff849b20-ec8e-4385-8c80-b84c2261430d,033-9835800590,53033,8642.689550399733,,false,false,26210.61439683868,25.0,20.0,20.0,-122.28771607030934,47.37239803076144
4ac3eac0-387a-4dd2-ac2f-e0c2afd47786,033-9835800600,53033,7077.893956296746,,false,false,26207.913747538827,25.0,20.0,20.0,-122.28803003788207,47.37239539771441
a6d2cded-1570-4884-a6d9-5d846a35dab7,033-9835800610,53033,7483.358486510513,,false,false,26205.21807920057,25.0,20.0,20.0,-122.28832060112067,47.372394909937476
d912d42e-2d8d-4763-8a3a-ecc9c3a72cc9,033-9835800620,53033,7484.494703094314,,false,false,26202.46627548285,25.0,20.0,20.0,-122.28861923472044,47.37239440797985
fa237402-814e-4f5e-85f2-9c6b3d5e31c7,033-9835800630,53033,7080.951344520788,,false,false,26199.80713816026,,20.0,20.0,-122.28890979793886,47.37239391838383
df385910-de79-4623-901b-58cb90f47304,033-9835800640,53033,7081.835195204517,,false,false,26197.23906642243,25.0,20.0,20.0,-122.28919228928952,47.37239344229779
4248032b-d9c1-4535-9de6-11f67aa71422,033-9835800650,53033,7082.859888322752,,false,false,26194.688071955086,25.0,20.0,20.0,-122.2894747801102,47.3723929650799
0cc8c2b0-83d4-4875-a1e9-b60e5170998b,033-9835800660,53033,7433.012215373908,,false,false,26192.09192945657,25.0,20.0,20.0,-122.28976423391074,47.372392474778046
bbe86e78-9826-47ec-bcfa-bdf7f5d7e83d,033-9835800670,53033,7434.022326779985,,false,false,26189.451836491717,25.0,20.0,20.0,-122.29006064830506,47.37239197242538
ca913ad4-a53d-4413-a57d-826fee752176,033-9835800680,53033,7085.855686121693,,false,false,26186.891792709783,25.0,20.0,20.0,-122.29035010011833,47.372391481763046
223a1a0b-482b-4915-bff4-d25aef49c296,033-9835800690,53033,7086.913364091666,,false,false,26184.41057896954,25.0,20.0,20.0,-122.29063259132354,47.37239100207915
1fd1f535-8529-4a51-839a-fd78f480733d,033-9835800700,53033,8519.990419735075,,false,false,26181.55422689763,25.0,20.0,20.0,-122.29094379401658,47.372391765107196
7f1b8364-3dc1-4a58-9fd2-86cb16540255,033-9835800710,53033,11134.985016730245,,false,false,26106.198918869242,25.0,20.0,20.0,-122.29073792702971,47.37309085738042
ee9fb9ca-7b37-492b-86ce-2516cf697974,033-9835800720,53033,7642.834500723499,,false,false,26083.0738730654,25.0,20.0,20.0,-122.29064381562718,47.37330795011428
2f7e2015-ba86-4bc9-a87a-1620756b7f2c,033-9835800730,53033,7624.689385016631,,false,false,26062.632501877277,25.0,20.0,20.0,-122.29059465148107,47.37349710532579
d427242a-cf10-4d9e-89e9-6c1124a2b4a5,033-9835800740,53033,7624.529829447866,,false,false,26042.200411333808,25.0,20.0,20.0,-122.29054604447896,47.373686144262535
22f6b141-0c65-4cee-bd0e-c5b069d906fa,033-9835800750,53033,7624.302786388637,,false,false,26021.76974904048,25.0,20.0,20.0,-122.29049743728582,47.37387518337781
410c1b86-e521-424d-ad99-30fb7e423847,033-9835800760,53033,7682.752561208761,,false,false,26001.47213684141,25.0,20.0,20.0,-122.29044155035142,47.37406362677143
765a47cb-0cc8-4c26-82b9-33f6ef2aa769,033-9835800770,53033,7767.494220343223,,false,false,25981.69896177665,25.0,20.0,20.0,-122.29033274135314,47.37425168304425
f6381b20-f776-45e1-98a5-21d92a779c7a,033-9835800780,53033,8503.940357910575,,false,false,25957.235033893106,,20.0,20.0,-122.29027679987152,47.374477916199645
d4498cfa-f10c-4f0f-bf74-801760737777,033-9835800790,53033,6998.7815006791825,,false,false,25960.203011478065,25.0,20.0,20.0,-122.28995765959343,47.37447742555609
958f6fbf-7668-4328-baf9-804d618d3d06,033-9835800800,53033,7000.004077953457,,false,false,25962.70263974232,25.0,20.0,20.0,-122.28967518088102,47.37447831056584
a39addd8-461d-49fa-a5fa-8cceadf9d96d,033-9835800810,53033,8348.803688673084,,false,false,25965.35565374097,25.0,20.0,20.0,-122.2893641691242,47.37448036239317
4e43303c-f162-4f0d-a671-d904e31ce07d,033-9835800820,53033,7000.307147821404,,false,false,25977.10953196592,25.0,20.0,20.0,-122.28907920268546,47.374397909424985
11a04c9a-9c7b-46c5-9635-ff0253737bff,033-9835800830,53033,7002.19586562074,,false,false,25988.17274454265,25.0,20.0,20.0,-122.28882127599759,47.37431955296007
95b63ed4-831f-4619-8d6d-7c7ebb803754,033-9835800840,53033,6998.551568583195,,false,false,25999.24415388667,,20.0,20.0,-122.2885633547676,47.37424123652927
8bb20b54-7b20-499a-bf90-3d848698d05c,033-9835800850,53033,6999.647560081584,,false,false,26010.329434467363,25.0,20.0,20.0,-122.28830549377268,47.374162903825834
0cf0dd23-a31a-441d-be3a-8a3bc4c0027a,033-9835800860,53033,8914.203462653511,,false,false,26022.466376507055,25.0,20.0,20.0,-122.28800974919713,47.37407843464803
14d769e4-f178-4460-92ab-1008af18be5a,033-9835800870,53033,9773.605523711158,,false,false,26040.30679086396,25.0,20.0,20.0,-122.28773564416605,47.37394051262029
187111d4-b932-44ff-bac9-de0c1496378a,033-9835800880,53033,9030.773233531032,,false,false,26065.578263753534,25.0,20.0,20.0,-122.28766488505643,47.37371753575823
f5f80fac-33ce-4ecd-a58b-6dd227aeaa0a,033-9835800890,53033,8772.440783220227,,false,false,26086.957210451546,25.0,20.0,20.0,-122.28766914961633,47.37352331001278
8c8e731a-1ec6-414b-bb48-85e63d71db15,033-9835800900,53033,7498.736251680966,,false,false,26108.010971090538,25.0,20.0,20.0,-122.28771577029862,47.37332834840888
5072067f-7716-4feb-adba-114ecf92e19a,033-9835800910,53033,8859.036944683718,,false,false,26131.42800978099,25.0,20.0,20.0,-122.28774685985493,47.3731133218746
97612c89-6c4f-43da-97d8-a9a1f3ac4f01,033-9835800920,53033,8574.82958218475,,false,false,26129.622072187736,,20.0,20.0,-122.28814368279622,47.373095374038705
a30c37eb-7a74-462c-a5ca-b98ff7a5c4d0,033-9835800930,53033,6999.501253901013,,false,false,26106.15944921367,25.0,20.0,20.0,-122.28813444094557,47.37330887491226
6c2ce8b7-f40d-49ef-9c64-5e5dc3780170,033-9835800940,53033,6999.27358523203,,false,false,26085.086994779052,25.0,20.0,20.0,-122.28812552696267,47.37350068313103
0e87bc47-dd56-4d7f-87fd-2bc431d59a5c,033-9835800950,53033,8431.307754716909,,false,false,26061.85014112584,25.0,20.0,20.0,-122.28810337832466,47.373713261220075
90bb325a-ac96-4ba4-a276-f41c834aca06,033-9835800960,53033,9185.150362700655,,false,false,26040.7081801735,25.0,20.0,20.0,-122.28832294697071,47.373885998907
d8d28c59-19d8-4358-868c-5407a154b66e,033-9835800970,53033,13592.106880720246,,false,false,26029.437646445887,25.0,20.0,20.0,-122.28871296142351,47.37395475395649
385f68b0-c3f0-4d87-8ca9-972b2525eba6,033-9835800980,53033,8901.289953639165,,false,false,26052.13719753122,25.0,20.0,20.0,-122.28892569566138,47.37373091642282
f19f26bd-f65d-4956-8615-b3736fa103c7,033-9835800990,53033,10394.888058202709,,false,false,26078.040752351033,,20.0,20.0,-122.28890292538405,47.373498072313176
5aee8bc9-5c2e-40db-9a0a-495cb2313bf0,033-9835801000,53033,8415.115302320433,,false,false,26099.75532353607,25.0,20.0,20.0,-122.28878918756412,47.3733109110446
ab286884-bd1d-4066-99b3-50c44291585e,033-9835801010,53033,9613.271489817147,,false,false,26123.613451887697,,20.0,20.0,-122.28878471166473,47.37309505106325
94179e35-cf22-4f19-b51a-352b056d661a,033-9835801020,53033,11425.157018897433,,false,false,26111.207462034243,25.0,20.0,20.0,-122.28916284429692,47.37317553877226
26c1f9f6-7163-472c-bdca-fa8a9eb8daf1,033-9835801030,53033,10363.013854262359,,false,false,26116.633651771765,25.0,20.0,20.0,-122.28957809469028,47.37309160859275
44317c9d-6ee5-4940-9a61-b489b19e274e,033-9835801040,53033,8136.438564126634,,false,false,26093.478607132485,25.0,20.0,20.0,-122.28952312857388,47.3733060022458
290945f4-b70b-4f8e-be32-23ec05b1317a,033-9835801050,53033,8584.766840182048,,false,false,26073.36063492811,25.0,20.0,20.0,-122.2894617308261,47.37349343036457
c736346a-4ed1-4eb5-8c8c-892e09665c14,033-9835801060,53033,9510.279673199728,,false,false,26052.49013818828,25.0,20.0,20.0,-122.28940085142112,47.37368765197849
7d4239aa-5ac3-4869-96b0-2643eb07ec78,033-9835801070,53033,8943.313538557813,,false,false,26031.607038312366,25.0,20.0,20.0,-122.28920327738952,47.37389351179254
5ff96e26-ca55-4917-a4fa-15e01efcebfd,033-9835801080,53033,14834.013616518743,,false,false,26004.68607309838,25.0,20.0,20.0,-122.28924452084739,47.37413400964191
2e08dbd6-04e5-4d51-8744-f1aa046e8407,033-9835801090,53033,10113.569741339326,,false,false,25991.4461129709,25.0,20.0,20.0,-122.28967050207572,47.3742182453397
92d22d0d-c604-4bac-9d6b-9a0f2c86e94a,033-9835801100,53033,10853.595755687844,,false,false,25999.43943862014,25.0,20.0,20.0,-122.28999867690393,47.37411852633312
1d94662f-749f-412d-8ae9-bb0a34603f48,033-9835801110,53033,7376.494219460981,,false,false,26026.179915769913,25.0,20.0,20.0,-122.29005913178672,47.37387125493682
1b5b95f6-a398-4e2b-8081-8a16016bad15,033-9835801120,53033,7625.925593046473,,false,false,26046.54357984543,25.0,20.0,20.0,-122.29010046079571,47.37368335314259
910abde3-2fb3-4f04-986d-b76976f679b8,033-9835801130,53033,7625.68785201736,,false,false,26066.96752978606,25.0,20.0,20.0,-122.29014906892948,47.37349431692377
74446cf7-5cb5-4805-94d1-d088a94b405a,033-9835801140,53033,7625.541684639661,,false,false,26087.392918465088,25.0,20.0,20.0,-122.2901976762343,47.37330528091904
2a1d3421-2801-4608-adb2-9b7f070f1390,033-9835801150,53033,9567.638527612453,,false,false,26110.292406124718,25.0,20.0,20.0,-122.29026178879,47.37309257464997
035d1c02-5aeb-4410-a6d7-744a000ad2dd,033-9835801160,53033,8404.04426869092,,false,false,25881.854074382536,25.0,20.0,20.0,-122.29008846887834,47.37517644971096
bc7866e5-1ce0-49cc-b683-bce1c3c00684,033-9835801170,53033,6998.784196124473,,false,false,25883.180704825423,25.0,20.0,20.0,-122.2897716976979,47.37519082933986
ee537506-bef2-44be-b3e8-5ae51b4156a9,033-9835801180,53033,6998.522470518178,,false,false,25885.696575150036,,20.0,20.0,-122.28948922052909,47.37519174066319
00a2fb8d-a683-4d6b-88e9-dc366363f48d,033-9835801190,53033,7627.9156189870355,,false,false,25887.466513856598,25.0,20.0,20.0,-122.28919087394462,47.37520091378066
ab36829d-ddc4-478a-9d4d-04d879d5d94d,033-9835801200,53033,7001.6989881440295,,false,false,25897.935885575174,25.0,20.0,20.0,-122.28891669228193,47.37512934428926
1ae4f3d1-549d-446e-acfe-f66572ae67a0,033-9835801210,53033,7001.483186772884,,false,false,25909.01278697723,25.0,20.0,20.0,-122.28865876890494,47.37505100448649
541aaadc-e94e-4ad9-afc4-fda9b0a18fd2,033-9835801220,53033,7001.284765457599,,false,false,25920.102421144995,25.0,20.0,20.0,-122.2884008464912,47.37497266421217
4cdc724d-ce1b-4a78-8aef-3372323f8a45,033-9835801230,53033,7001.07525372654,,false,false,25931.204822736196,25.0,20.0,20.0,-122.28814292565906,47.37489432294992
81e05814-60e6-41cf-8f83-3fff313b776e,033-9835801240,53033,7000.883806215207,,false,false,25942.319974359983,25.0,20.0,20.0,-122.28788500562199,47.37481598077658
a82cbad3-dc76-4b87-acd8-f893dad902d2,033-9835801250,53033,8328.265086005877,,false,false,25956.404347343003,25.0,20.0,20.0,-122.28760511354652,47.374712755046545
b0c8edb8-44d3-4484-95ef-40ef513cfda1,033-9835801260,53033,8873.162721858256,,false,false,25986.570702803638,25.0,20.0,20.0,-122.28763832271147,47.37443628680728
91105c45-f234-4604-9ddc-fca15726c1c4,033-9835801270,53033,7499.4978005291,,false,false,25973.148931459127,,20.0,20.0,-122.2879381514919,47.37453181233075
6096cb1b-dd78-451e-9e30-ecab6d4e9707,033-9835801280,53033,6999.243781139336,,false,false,25961.643940502676,25.0,20.0,20.0,-122.28820525730771,47.374612944383685
e849293b-3194-4127-8ba7-6c7325c0eb01,033-9835801290,53033,6999.152885266071,,false,false,25950.548606057855,25.0,20.0,20.0,-122.28846315316392,47.37469127816689
6f6d6b21-b5f8-4688-a664-4051bfa778a8,033-9835801300,53033,6998.950689300603,,false,false,25939.465928566256,25.0,20.0,20.0,-122.28872105096993,47.374769611822494
e0b6223e-7dff-4260-94d4-dd506363c5b3,033-9835801310,53033,7008.986642305799,,false,false,25928.409268999054,,20.0,20.0,-122.28897923101543,47.37484780054464
699c3e95-8fbc-44db-8abf-b98b5e68ae5d,033-9835801320,53033,8364.754343453234,,false,false,25917.481939234243,,20.0,20.0,-122.28926288721965,47.37492277741917
7b904978-83a2-4973-8b02-d5f280deaedd,033-9835801330,53033,7000.997581604623,,false,false,25915.204631577704,25.0,20.0,20.0,-122.28957279700246,47.37491730312929
081f36ca-3d3b-40bd-8207-99ddd76f94ca,033-9835801340,53033,7000.853547236696,,false,false,25912.696527305507,25.0,20.0,20.0,-122.28985531748779,47.374916391346304
fc26c4e9-a3a0-4d64-a581-783cabc98a85,033-9835801350,53033,8647.050258072008,,false,false,25910.23115614591,,20.0,20.0,-122.29017147737662,47.37491246235423
b084eea9-5789-4629-a3e0-8fd54892bd30,033-9836100010,53033,7141.171851637792,,false,false,26254.97983619763,25.0,20.0,20.0,-122.28846056227371,47.37193192287268
19cd1aa0-a18b-4acf-b55b-048797a13ed6,033-9836100020,53033,7145.629179087588,,false,false,26257.232887981998,25.0,20.0,20.0,-122.28820466351321,47.37193332971333
d2b637ec-5b57-49dd-8772-c77a34206482,033-9836100030,53033,7116.9961493172705,,false,false,26259.699334477802,,20.0,20.0,-122.28794929481339,47.37193288229283
ebb7351b-788d-4bd8-9c0c-1ff007b0ba56,033-9836100040,53033,7852.5357386955975,,false,false,26262.39620040547,,20.0,20.0,-122.28768104778959,47.37193158556418
56a55701-44f4-4a16-bed4-68cb13953837,033-9836100050,53033,8603.905737023806,,false,false,26297.356627155692,25.0,20.0,20.0,-122.28768466497671,47.37161431112353
f4f2df3d-1636-4ac7-bd83-18f01f28634e,033-9836100060,53033,7591.047975602289,,false,false,26290.414753217563,,20.0,20.0,-122.28797932979711,47.37165185303009
3cd3caaa-c621-4979-bb69-4cd2f2d88942,033-9836100070,53033,12197.45485917221,,false,false,26290.372649909445,25.0,20.0,20.0,-122.28833718985143,47.37162162476314
fe2a3f7a-d914-4390-a45f-57239a5935fc,033-9836100080,53033,9041.228907984132,,false,false,26317.413064020235,,20.0,20.0,-122.28841680741787,47.3713697617358
afd8d3c1-0563-4193-aaf8-25fa76c06c6e,033-9836100090,53033,12009.727956266195,,false,false,26345.797774210223,25.0,20.0,20.0,-122.28833762560544,47.37111921864182
42e5709b-69e9-4850-9e0f-2182a31c7dc5,033-9836100100,53033,7720.980022768103,,false,false,26352.234649241746,25.0,20.0,20.0,-122.28797981631699,47.37109140900216
4c09b961-fdca-45fb-84b1-5ac922e989eb,033-9836100110,53033,8784.381170575421,,false,false,26350.57677150646,25.0,20.0,20.0,-122.28768141915059,47.37113209517019
bf9b9d5e-241a-43b2-9ded-653e5d612565,033-9836100120,53033,9743.280644262186,,false,false,26363.458227178897,25.0,20.0,20.0,-122.28703684894946,47.37107130913898
d9fb1578-106a-495f-8d03-0917767efdf6,033-9836100130,53033,8872.65472559317,,false,false,26341.00347283588,25.0,20.0,20.0,-122.28704160206448,47.371274513573795
e8401cbd-1351-4b65-b38b-0a22fb8bf522,033-9836100145,53033,9270.563197305288,,false,false,26319.177183618453,25.0,20.0,20.0,-122.28704181698076,47.37147241893051
0da94862-a89f-4b23-9bd8-e73d8373c5d9,033-9836100150,53033,8964.857783908521,,false,false,26297.326695274787,25.0,20.0,20.0,-122.2870414545286,47.37167059709867
56ab0cb6-0225-400f-8d34-08edf7691852,033-9836100160,53033,9142.162828126337,,false,false,26275.692653136186,25.0,20.0,20.0,-122.28704352804432,47.37186660138346
359cbd2a-6668-4c32-b612-a84f2e95969e,033-9836100180,53033,9838.082306954844,,false,false,26253.160760649662,25.0,20.0,20.0,-122.28704313575838,47.37207096698019
7355e925-039d-4070-b5de-285a336ca2ef,033-9836300130,53033,1119766.1423387825,,false,false,17103.94966333879,,20.0,20.0,-122.157267981793,47.70515490879209
9695aae4-c3c3-41c9-89ca-6a75fb386194,033-9836300450,53033,56922.45645792009,,false,false,17421.273947949565,25.0,20.0,20.0,-122.1548362108629,47.70764135802307
07014d64-a29f-4ce9-a217-567eb0cc1482,033-9836300452,53033,508342.45061479567,,false,false,17293.831515891554,25.0,20.0,20.0,-122.15635372265544,47.70707328858463
d0fcd57c-2f76-4c6b-8cba-7fbeda767d70,033-9838900010,53033,7936.499752915445,,false,false,16641.530485357427,,20.0,20.0,-122.16646166528972,47.50668670119199
4515b214-cd0a-4628-8c42-be27147f2929,033-9838900020,53033,7777.195963740792,,false,false,16627.05327692464,25.0,20.0,20.0,-122.16645948582958,47.506884034176764
e024b26e-4cff-4a4e-ada8-6edb43e4e930,033-9838900030,53033,8901.179508289406,,false,false,16653.498600071656,,20.0,20.0,-122.16611810787559,47.50678541433752
9c7871ef-cf80-4403-94c0-6ba0576c594d,033-9838900040,53033,9017.992481830735,,false,false,16667.368667101033,,20.0,20.0,-122.16587147747883,47.506785096939225
7a587a99-256f-4b4c-bc5e-312608195645,033-9838900050,53033,9257.563459512514,,false,false,16681.48206803795,,20.0,20.0,-122.16562199717438,47.50678377416436
65d46064-e012-4aec-8f1a-5f2405850052,033-9838900060,53033,9131.213428241099,,false,false,16695.527115300636,,20.0,20.0,-122.16537264628839,47.50678340289111
4b35685f-e82a-4233-9732-b7d8c2183344,033-9838900070,53033,7110.031130440424,,false,false,16710.24121073108,25.0,20.0,20.0,-122.16498540007854,47.50687951498569
03ee88b0-ff04-46d2-b4a5-85bb67a8b346,033-9838900080,53033,9630.242057431531,,false,false,16718.835461137205,25.0,20.0,20.0,-122.16505716780772,47.50670791274887
1624a0ab-52fe-4a3a-a6b0-cb3910beaf02,033-9839300005,53033,1809.499072374712,,false,false,3155.093784788276,0.0,0.0,0.0,-122.29160290471728,47.613927079518334
8057c0d6-6ef1-4151-a0c2-c1ea73dc8ba2,033-9839300010,53033,2169.9993934878403,,false,false,3145.46805754372,,0.0,0.0,-122.29173669505136,47.613927855816534
f5d8294e-44a2-46a6-acd6-0bd25bbab11b,033-9839300015,53033,2633.409183222566,,false,false,3133.84391720697,0.0,0.0,0.0,-122.29189830371631,47.613928781500654
4b01029c-5369-4414-9f97-c87905ed62de,033-9839300035,53033,6643.413779724575,,false,false,3138.184239146544,25.0,20.0,20.0,-122.29176873279722,47.61376245630163
dd0f0eb7-9bb0-4653-9fd5-414046a9ff01,033-9839300047,53033,4098.644756029015,,false,false,3135.007914750779,0.0,0.0,20.0,-122.29175622087392,47.61362418061051
64c37000-ff93-4252-95de-8f933aeced5e,033-9839300050,53033,5518.947493717434,,false,false,3129.998894085007,25.0,20.0,20.0,-122.29177571717541,47.61350023660333
460d785b-2a3e-4592-87ef-33c20faa3c5f,033-9839300060,53033,4115.7447043228,,false,false,3127.271685017206,0.0,0.0,20.0,-122.29176396238655,47.613374995963056
7548dbd7-b5e8-4ded-8b5b-f7f00805f573,033-9839300070,53033,5550.196739547911,,false,false,3122.4842215929493,25.0,20.0,20.0,-122.29178218072214,47.613251721187936
f30e037c-e9fa-4ce5-87c7-a4d737961f0c,033-9839300080,53033,2050.8186621458767,,false,false,3129.1079140826882,0.0,0.0,0.0,-122.29163262603956,47.61309799035427
1edca75f-304e-43b8-889e-87bcc7b615ca,033-9839300085,53033,2049.392023130328,,false,false,3119.1382566259804,0.0,0.0,0.0,-122.29177044912214,47.61309967540919
cd2eec53-2a39-4ec7-97b6-4d64f1777d64,033-9839300095,53033,2521.0229034615804,,false,false,3108.019679380644,,0.0,0.0,-122.2919241904159,47.613101545741586
66b853b2-cd4a-43bf-b665-81abc074873d,033-9839300120,53033,4409.667320391561,,false,false,3084.9896742555757,0.0,0.0,20.0,-122.2922323104202,47.613077900606406
1cf713b7-9958-4338-bdbf-e76aa9cfdba9,033-9839300125,53033,4408.750554049048,,false,false,3088.257707607338,0.0,0.0,20.0,-122.29222933787777,47.61318791577071
ad686822-c303-49ea-a9be-a1783379b7ef,033-9839300130,53033,4408.030282104911,,false,false,3091.5707612881483,0.0,0.0,20.0,-122.2922263633836,47.613297927843504
5da1b155-06b1-425a-9221-19266160af0c,033-9839300133,53033,3758.5396283023842,,false,false,3095.7842264747333,0.0,0.0,0.0,-122.2922067285018,47.61339573278756
1c9e3448-95c7-417f-99c4-fa6b6f386d07,033-9839300135,53033,3745.8093655381476,,false,false,3097.5294093794223,0.0,0.0,0.0,-122.29221856513965,47.613485819293814
21edaa6d-fa52-4ca8-93b3-6861d9234d18,033-9839300145,53033,3811.142012373392,,false,false,3100.2775650095905,0.0,0.0,0.0,-122.29221871247192,47.613580200894695
063e27f3-a2a8-42e4-8e27-2af1c9afaa67,033-9839300155,53033,4727.151569682299,,false,false,3104.5627487388138,0.0,0.0,20.0,-122.29219982387303,47.61367892063473
9ef36fec-2504-42ac-a083-06f8018847d6,033-9839300160,53033,4419.576273400139,,false,false,3107.040749961709,0.0,0.0,20.0,-122.29221285611968,47.61379297948891
b20ddd03-1a74-4335-9dc6-3d2630704053,033-9839300170,53033,6598.556224919857,,false,false,3111.486043208548,25.0,20.0,20.0,-122.29220929886826,47.61393058718796
ae211bf9-2b34-4490-9f08-1224993ade0a,033-9839300185,53033,3194.9154309954297,,false,false,3065.557857476643,0.0,0.0,0.0,-122.29286065355767,47.613961665782604
b33b0f37-7a82-4a05-bcf5-2d0a3dd1785e,033-9839300190,53033,5579.480182111638,,false,false,3033.5942604267866,25.0,20.0,20.0,-122.29330628610404,47.613964108206176
bb1c8043-0e36-4a7f-b177-7ccae238f219,033-9839300195,53033,4392.499400878632,,false,false,3057.573026709266,0.0,0.0,20.0,-122.29292442563806,47.61385248683587
123d58b3-ce58-4bd8-b38e-50cc4c7eba8e,033-9839300200,53033,4392.43667060665,,false,false,3053.9938519654124,0.0,0.0,20.0,-122.29292741746508,47.613742975514015
08c4416c-f9e4-4dcc-91c1-9daaccab673c,033-9839300205,53033,4392.410639741888,,false,false,3050.458689186246,0.0,0.0,20.0,-122.29293041538571,47.61363346504335
86ced5c6-391d-499a-8145-2ac754641e77,033-9839300210,53033,4392.388506509995,,false,false,3046.968198794771,0.0,0.0,20.0,-122.29293341147947,47.61352395327221
021266a9-fc48-415d-877c-7943eadb3ef4,033-9839300215,53033,4392.370038468883,,false,false,3043.522803371101,0.0,0.0,20.0,-122.29293640274058,47.61341444190186
72e76fad-37fa-44be-a5cc-1e399940db6f,033-9839300220,53033,4392.420884706835,,false,false,3040.121970867101,0.0,0.0,20.0,-122.29293939881471,47.61330493139961
21d97e7a-e2c0-4a1c-99a0-c390374c6931,033-9839300225,53033,4392.510340974436,,false,false,3036.766243476516,0.0,0.0,20.0,-122.29294239356214,47.61319541996092
ee5b3559-91cf-4120-89d8-a01ff89067c5,033-9839300230,53033,4392.532982023671,,false,false,3033.4557658944495,0.0,0.0,20.0,-122.2929453869417,47.6130859072571
0e5992c2-bebb-4194-82cd-7a264e12dbe1,033-9839300235,53033,7680.277720759661,,false,false,3002.5168095348436,25.0,20.0,20.0,-122.29338997249474,47.613131582405295
521cdbc9-5dc6-4720-8265-37b27f13e43d,033-9839300240,53033,5465.6426069262825,,false,false,3007.572415663538,25.0,20.0,20.0,-122.29338539841403,47.613295452869835
ef67ffb9-2728-4783-aafd-5a603c902942,033-9839300250,53033,7664.437590391357,,false,false,3012.7138233162127,25.0,20.0,20.0,-122.2933809641173,47.6134591262885
cf530fd4-7e89-470b-8654-ad5e9f40828b,033-9839300255,53033,5481.452673210751,,false,false,3017.9632263236786,25.0,20.0,20.0,-122.29337651591321,47.61362299595868
22b8ddcc-7103-48d6-8b59-6b67dbb95e84,033-9839300265,53033,4381.871161714016,,false,false,3021.9712071878885,0.0,0.0,20.0,-122.29337313460277,47.61374594797751
9e631a94-1f21-4677-81f4-8e9246c2546a,033-9839300270,53033,4381.875585043231,,false,false,3025.5785174365546,0.0,0.0,20.0,-122.29337014818988,47.61385519446863
8026b8c0-81e0-4469-bffc-a490ba64f72d,033-9839300285,53033,2184.022449433256,,false,false,2986.1083543895943,0.0,0.0,0.0,-122.2939691466092,47.61396774638229
d66d1bf3-8557-46be-9164-c35dc3932e05,033-9839300290,53033,4363.7262690405705,,false,false,2968.2956912756686,,0.0,20.0,-122.29419357508914,47.613914606558
e056d30a-7c57-4e0e-8290-31feacc6b825,033-9839300295,53033,4349.5794802080745,,false,false,2977.0844796449232,0.0,0.0,20.0,-122.2940286380286,47.613818683181876
c82848d9-bb1b-4922-9a2d-06b7d1f49545,033-9839300305,53033,6564.394283216993,,false,false,2968.080984296668,25.0,20.0,20.0,-122.29408873229603,47.61366936146649
3c886244-a164-4c4b-b523-f15f822d9fa5,033-9839300320,53033,4364.668069777711,,false,false,2963.617249075501,0.0,0.0,20.0,-122.29409240342686,47.61353314702513
9b1a9e53-b46e-4f94-a584-42f503831996,033-9839300325,53033,8728.620824538168,,false,false,2958.3593605054057,25.0,20.0,20.0,-122.29409684387096,47.613369944251936
f04276d7-06ad-420a-8e76-dcf878270087,033-9839300335,53033,8727.84949416947,,false,false,2951.5077685526035,25.0,20.0,20.0,-122.29410276308971,47.61315233267106
47660938-dc55-423e-940d-b7206e96c43e,033-9839300345,53033,4352.605523109461,,false,false,2917.7189211716072,0.0,0.0,20.0,-122.29454985612767,47.613102687820316
cb12b452-1da0-41be-9661-95c0c6994b18,033-9839300350,53033,5451.725983226685,,false,false,2921.5567278049743,25.0,20.0,20.0,-122.29454658544681,47.61322491462362
6a3be6fd-594e-4f36-a6a2-13d7204a0a8a,033-9839300355,53033,5452.233342327057,,false,false,2925.894600935621,25.0,20.0,20.0,-122.29454292492102,47.61336084039456
6b928c7e-5db1-4148-866d-94b799997493,033-9839300360,53033,5407.335561798637,,false,false,2930.2912243964943,,20.0,20.0,-122.2945392007314,47.613496200610115
cbe192d7-b44e-4898-94d7-cf928ad3f6ad,033-9839300365,53033,5453.1432875062965,,false,false,2934.7470442272906,25.0,20.0,20.0,-122.29453563587226,47.613631561612806
d5b72e49-b569-4077-9b2f-c74120ed4dfe,033-9839300375,53033,4353.7607575868915,,false,false,2938.8371342935943,0.0,0.0,20.0,-122.2945323275042,47.61375378063923
67aac3a2-3fd3-4770-bf9f-0cf2dcca2497,033-9839300380,53033,4354.055331162482,,false,false,2942.515277071089,0.0,0.0,20.0,-122.29452940652449,47.61386229513314
1237d80f-a256-4433-87b6-74147f2f293f,033-9839300385,53033,4354.329248942449,,false,false,2946.2383109862,0.0,0.0,20.0,-122.29452648522991,47.613970810472765
994f9dcd-72a0-4ebb-8305-61edaefd6b7c,033-9839300390,53033,4434.154590416342,,false,false,2897.2884831292217,0.0,0.0,20.0,-122.29521390781893,47.61397916510242
0626aafa-b5bd-4e18-a4d9-4f898b85f38a,033-9839300395,53033,4415.562865004648,,false,false,2892.979809039613,0.0,0.0,20.0,-122.29521651917868,47.613853999764856
d82bb0aa-050b-485a-bb6a-e902c6130231,033-9839300400,53033,4404.165361291913,,false,false,2888.7242337554744,0.0,0.0,20.0,-122.29521923596738,47.61372883510158
bf5ed0b7-daa6-4027-a0bb-79c7a7f4906f,033-9839300405,53033,4389.143439090698,,false,false,2884.531800547478,0.0,0.0,20.0,-122.29522189911343,47.61360361999048
abfd21bf-7132-4864-9ca8-10dda52069dd,033-9839300415,53033,4359.2790071593845,,false,false,2876.330741690574,,0.0,20.0,-122.2952272261745,47.61335318838845
72536709-76d8-487c-8463-ed4971e36765,033-9839300420,53033,4064.791673641936,,false,false,2876.1669295836705,0.0,0.0,20.0,-122.2951477997555,47.61315876943964
5b6c118f-3797-40a9-a587-29c1b19f7e68,033-9839300421,53033,4071.16150978278,,false,false,2865.026418049402,0.0,0.0,20.0,-122.29531417067096,47.613187689654666
7cb83d60-07dd-4ee3-a37b-7bccc3044b71,033-9839300435,53033,66784.677548257,,false,false,2826.9227160256232,,20.0,20.0,-122.29555809415966,47.612477581513645
0a8d6415-0c5f-4ec7-bb92-65f17ef82bc8,033-9839300485,53033,3786.787017738891,,false,false,2837.2754510746663,0.0,0.0,0.0,-122.29526128845232,47.61205203466838
b22cc3ba-e19c-4cb7-b867-c79d9421cbd1,033-9839300490,53033,3789.3371748507693,,false,false,2834.2939110374678,0.0,0.0,0.0,-122.29526435679995,47.61194283244271
537c66ad-ce87-4cf3-90cc-ef67ca2e38b8,033-9839300498,53033,620.4032687454907,,false,false,2819.6019537690886,0.0,0.0,0.0,-122.29542885164842,47.61183528994247
a0bfc180-3885-4205-8ed1-77c299ef56e7,033-9839300499,53033,494.21633793676443,,false,false,2823.737470973477,0.0,0.0,0.0,-122.29537207599924,47.61183470357065
bd89cef3-f414-4e3c-8d6f-4b980469585b,033-9839300500,53033,494.4963752627132,,false,false,2827.404030505868,0.0,0.0,0.0,-122.29532174264997,47.611834183574835
58b25fe1-f9fc-4e06-b1dd-d53c1cdfcfda,033-9839300501,53033,494.73258645737315,,false,false,2831.0708612288595,0.0,0.0,0.0,-122.29527140957745,47.61183366397281
47ebdd6b-b722-457a-bbd1-571c223c7ef7,033-9839300502,53033,495.020174316723,,false,false,2834.737975409824,0.0,0.0,0.0,-122.29522107647904,47.611833144409246
b34736a0-7233-440d-bdf0-268f99fac86c,033-9839300503,53033,495.2699980051286,,false,false,2838.4053876782928,0.0,0.0,0.0,-122.29517074288466,47.611832624123245
be85b036-368f-4835-8808-86bf9da9f7a5,033-9839300504,53033,698.2961541415452,,false,false,2842.823342963482,,0.0,0.0,-122.29511011377426,47.611831998242
0d066680-a5b9-4fea-a7ba-4301f6169f7e,033-9839300505,53033,4395.656197192879,,false,false,2947.483335019805,0.0,0.0,20.0,-122.2940020343412,47.612751791889096
d6c8aa71-2f7f-45ba-b5af-57b877ec3b92,033-9839300514,53033,4396.483286148961,,false,false,2931.365938885342,0.0,0.0,20.0,-122.29422488749688,47.6127542406538
6b5747cb-1d88-4268-be1f-00b0b8309704,033-9839300515,53033,4397.147452318402,,false,false,2934.639635099629,0.0,0.0,20.0,-122.29411773543488,47.61258863681524
1a68ab7a-46bf-45fd-bd19-9365c29cff49,033-9839300525,53033,7093.291463122467,,false,false,2930.5601390966,25.0,20.0,20.0,-122.29412144661018,47.61244546599877
71a55e42-afee-422e-ae7c-42ce5e6550cb,033-9839300530,53033,5004.329332398903,,false,false,2926.353324284825,,20.0,20.0,-122.29412535410255,47.612294760471
afec33f4-e584-462d-b415-3d1801cfe251,033-9839300545,53033,5498.360819938676,,false,false,2922.774685981863,25.0,20.0,20.0,-122.29412874923212,47.612163952808714
5175e7aa-16ad-443c-9ee2-34627371498a,033-9839300555,53033,4400.706295766627,,false,false,2919.4649523297207,0.0,0.0,20.0,-122.29413194475121,47.61204068570262
cafd0ab2-c940-4cc7-88b0-b74a4e014e61,033-9839300560,53033,2722.1941165498934,,false,false,2922.778465662771,0.0,0.0,0.0,-122.29404966055964,47.61193016372809
e0d39534-ab7e-4e54-a037-954f2872281c,033-9839300565,53033,3358.7440192290696,,false,false,2905.0817687914528,0.0,0.0,0.0,-122.29427422180028,47.61187780468858
b4ee3d54-4dff-44ef-8aad-57e0e6db6fe3,033-9839300575,53033,2723.082784089276,,false,false,2919.940795051061,0.0,0.0,0.0,-122.29405250396447,47.61182057057357
3b70a386-ddc5-4fdd-86c5-3a2a7b10d9fc,033-9839300581,53033,2531.1624830707765,,false,false,2874.249003070911,0.0,0.0,0.0,-122.2946786175736,47.61182637145433
9f621d6b-e257-4db2-a127-7f961a1e5e85,033-9839300585,53033,4274.531844191368,,false,false,2891.040706009276,,0.0,20.0,-122.29446929922366,47.61188735457395
424a8f22-ca85-4f22-bcfc-d2711f1f1d78,033-9839300590,53033,1999.2519286391118,,false,false,2875.187118123975,0.0,0.0,0.0,-122.29470282140053,47.61193731043395
643194ad-b52b-486d-97a8-eceb03ede35a,033-9839300600,53033,4400.885312082254,,false,false,2886.9867197755034,,0.0,20.0,-122.2945781210916,47.61204556912288
62543c0b-aa96-4016-a701-430c1154d7c5,033-9839300605,53033,4400.211858598513,,false,false,2889.964481969899,0.0,0.0,20.0,-122.2945752080847,47.61215516151665
1f3c6893-5fd9-4294-b52d-b953c60e325c,033-9839300610,53033,2198.824515050198,,false,false,2892.2287887862703,0.0,0.0,0.0,-122.29457302900929,47.61223734439868
2191b5de-317e-4af2-a011-9c1742a2cf09,033-9839300615,53033,8029.540336531483,,false,false,2895.7938005622855,25.0,20.0,20.0,-122.29456963388537,47.61236474869105
bf897a9d-cd3c-48d6-bc19-5c2bcafbed20,033-9839300625,53033,6047.53751791168,,false,false,2900.8066292778926,25.0,20.0,20.0,-122.29456496985131,47.61254012948545
103f384a-6841-4b0b-9974-dcde9a57ccaf,033-9839300645,53033,3570.5981749298135,,false,false,2915.8691628095708,0.0,0.0,0.0,-122.29444715179083,47.61277722010396
6503df34-ac4d-4aad-a6d7-8005cf01491b,033-9839300646,53033,6539.374213930138,,false,false,2901.7138753495856,25.0,20.0,20.0,-122.29462101977816,47.612721983993794
7feeb2b0-00a8-4d42-ab1d-f2d1db33be02,033-9839300670,53033,4397.101491646699,,false,false,3024.911465889868,0.0,0.0,20.0,-122.29295309995898,47.61279543359676
d7717237-256b-48ad-b523-6f12ec64d1ce,033-9839300673,53033,4397.513610221983,,false,false,3021.7816862942936,0.0,0.0,20.0,-122.29295585726223,47.61268581547119
603b5b48-9de4-4d1e-b1b4-92aa43f7c6b4,033-9839300675,53033,4397.877071860131,,false,false,3018.6975830287015,,0.0,20.0,-122.29295861864772,47.61257619688944
ae81c96b-8651-427c-af6a-34c0a0fc3e28,033-9839300691,53033,4398.048625400849,,false,false,3015.659623322998,0.0,0.0,20.0,-122.29296138026568,47.61246657962916
67d38cfc-e44d-4bc3-bdef-53dcf72c790c,033-9839300695,53033,4398.451720890982,,false,false,3012.6677195558113,0.0,0.0,20.0,-122.29296414462507,47.612356962015724
672ebdb5-4122-42ec-9d25-ec3740a87b51,033-9839300700,53033,4398.713791843494,,false,false,3009.722513908361,0.0,0.0,20.0,-122.2929669047297,47.61224734377089
cfab335f-3c79-45ca-8d15-533c49f36ab9,033-9839300705,53033,4399.073824271657,,false,false,3006.823645796568,0.0,0.0,20.0,-122.29296966758977,47.612137725472955
03d470d1-2f36-488b-bd45-4e264082c27b,033-9839300710,53033,4399.2613936907155,,false,false,3003.971607349557,0.0,0.0,20.0,-122.2929724289071,47.61202810892634
b8ddbfc3-2abd-4fda-97f1-63dcf9eac642,033-9839300715,53033,2199.7127211225666,,false,false,3009.30718704619,0.0,0.0,0.0,-122.29286369347903,47.61191728144024
8d42cd14-6eee-4ff7-8350-5ba4f126e08b,033-9839300720,53033,4400.508463626421,,false,false,2991.639001140969,0.0,0.0,20.0,-122.29308805078061,47.61186488567031
890c0b89-07b1-4e01-a814-920cd413457b,033-9839300725,53033,2199.899145925742,,false,false,3006.5571289141535,0.0,0.0,0.0,-122.29286644031599,47.611807652643144
0d99f29b-e528-4b07-bbb3-69f4dedeccd1,033-9839300735,53033,3745.5515642579194,,false,false,2961.3697223974496,0.0,0.0,0.0,-122.29348849975464,47.61182542180759
a40ea64c-2455-4011-a56b-634dc2ccfacd,033-9839300740,53033,2559.744123108304,,false,false,2978.7597585330923,0.0,0.0,0.0,-122.29326442556882,47.61186680826222
7acea0e2-9529-4068-88b0-c09607c7486c,033-9839300755,53033,2493.4412976536137,,false,false,2964.165328212435,0.0,0.0,0.0,-122.29348576469299,47.61193502983677
03add651-25ed-4132-88e5-d961ee62b1d1,033-9839300760,53033,4398.5583698959135,,false,false,2971.455287184652,0.0,0.0,20.0,-122.2934183532505,47.61203293216263
29cef093-4ae4-41e7-8a2a-7ef628335485,033-9839300765,53033,4398.326076356683,,false,false,2974.3405072160745,0.0,0.0,20.0,-122.2934155582625,47.61214253254335
219773bd-c813-49e9-9e86-e87111a568cf,033-9839300770,53033,4397.998597613521,,false,false,2977.272557148222,0.0,0.0,20.0,-122.29341276703418,47.61225213294723
2de13773-42c2-4197-8bcc-55a47c45b8af,033-9839300775,53033,4397.742785426356,,false,false,2980.2516503075894,0.0,0.0,20.0,-122.2934099749122,47.61236173384695
fa59865b-0699-4b14-b42b-2d4374d8cfb1,033-9839300780,53033,4397.3653686217,,false,false,2983.277522663891,0.0,0.0,20.0,-122.2934071832816,47.61247133436319
9b58224d-5e2c-439e-b4ab-df19eed49847,033-9839300785,53033,4397.083103745327,,false,false,2986.3502373217007,0.0,0.0,20.0,-122.2934043894459,47.612580934854854
86c823d2-0fe9-4bcb-a8f0-09bd3420d38a,033-9839300790,53033,2958.945086229896,,false,false,2990.8920548386222,,0.0,0.0,-122.29340233212054,47.61274535993866
5baf11bb-a322-470e-b24e-e73ca54dec7d,033-9839300795,53033,2959.16867256392,,false,false,3001.7566985964477,0.0,0.0,0.0,-122.29325234184476,47.612743774497574
336d4d58-1ccc-4107-99c0-22cd32234938,033-9839300800,53033,2875.099197641765,,false,false,2980.1836785430833,0.0,0.0,0.0,-122.29355019944235,47.612746912754055
4b27090a-7922-4305-b633-9e390368cf85,033-9839300825,53033,4393.225875565858,,false,false,3108.909940308721,0.0,0.0,20.0,-122.29179414678242,47.61278159771084
e7bc7e73-acc2-43ab-ac6b-f9a8ec62cfb5,033-9839300830,53033,4073.855454208852,,false,false,3107.050981793204,0.0,0.0,20.0,-122.29178061127318,47.61267188523874
20a78624-cce2-476e-ad73-b5f64a77221f,033-9839300835,53033,959.0920107684692,,false,false,3087.8634048000176,0.0,0.0,0.0,-122.29200618017286,47.61256510986993
8050fd35-2f90-464d-a945-e0528bf619c8,033-9839300840,53033,4074.2882210086236,,false,false,3104.060387680636,0.0,0.0,20.0,-122.29178329585467,47.61256237712516
c584c7a0-98cb-4ad1-a09c-ae7746ec4984,033-9839300845,53033,4074.644461448932,,false,false,3101.1150376268406,0.0,0.0,20.0,-122.29178597664841,47.612452870052834
685a34e6-791c-4789-90ba-7900897078d0,033-9839300850,53033,3294.8188649294234,,false,false,3097.393404284809,0.0,0.0,0.0,-122.29180455193678,47.61235726166007
8e6b69c1-e046-4d20-89b6-ab467102768c,033-9839300851,53033,3294.396133699233,,false,false,3095.244904954288,,0.0,0.0,-122.29180654563321,47.61227516828017
f0a695ce-60a2-47b9-84f1-dd2058a7d097,033-9839300865,53033,6596.488950404814,,false,false,3092.065700303778,25.0,20.0,20.0,-122.29180956864174,47.612151951607764
2a8d6d65-fae1-48b6-a10d-bbf68d94a121,033-9839300875,53033,4396.0908863611785,,false,false,3088.60062531481,0.0,0.0,20.0,-122.29181292249969,47.612015024463126
d10ad382-8af3-491b-9105-ec1bf5947bbb,033-9839300880,53033,4176.345769347073,,false,false,3085.948145995046,0.0,0.0,20.0,-122.29181553788759,47.61190825508467
fc41166f-dc1b-4332-8caa-74645c900758,033-9839300885,53033,4617.404832554954,,false,false,3083.2726772349993,0.0,0.0,20.0,-122.29181821927797,47.611798739803746
1b03e35d-8fc6-4894-865a-110aa133028f,033-9839300895,53033,4400.327208766279,,false,false,3050.5720728523775,0.0,0.0,20.0,-122.2922643951988,47.61180099302781
5378719f-8b46-4b76-a4e5-f2b00348576c,033-9839300900,53033,4399.082940304791,,false,false,3053.2799794955777,0.0,0.0,20.0,-122.29226166904087,47.61191057908425
8660451e-0932-4fa8-bc3e-8de41621aeb8,033-9839300905,53033,4398.699613623005,,false,false,3056.033850414238,0.0,0.0,20.0,-122.29225894298749,47.61202015540172
20f2480f-b252-48c3-82cf-a085ea1ed932,033-9839300910,53033,3298.034235844886,,false,false,3058.480506574649,0.0,0.0,0.0,-122.29225656579968,47.61211602707361
f2c93946-627a-43cc-9531-921187fb6936,033-9839300915,53033,3299.847261563714,,false,false,3060.609712502754,,0.0,0.0,-122.29225447731316,47.61219821697965
5148e875-9fb8-441f-b127-587aa9f04857,033-9839300925,53033,6595.6548090298065,,false,false,3063.843079366969,25.0,20.0,20.0,-122.29225146387896,47.61232149873481
2a8b495e-6fba-43be-bda9-1937efc07469,033-9839300933,53033,4077.2674124156943,,false,false,3066.3297607148993,0.0,0.0,20.0,-122.29226425525017,47.612458658510306
287b399a-7cf9-4000-9768-f2d0d9f07e96,033-9839300935,53033,4076.902867646741,,false,false,3069.3139011598414,0.0,0.0,20.0,-122.29226152936273,47.61256823743123
6d3ea7ed-2634-417a-a64c-60074e03414c,033-9839300945,53033,639.4322041052619,,false,false,3084.0187596401197,0.0,0.0,0.0,-122.29203996020347,47.612510736660106
bfbf1e41-99e0-4c9b-a681-37d44e64818d,033-9839300950,53033,4398.233086487167,,false,false,3066.974436252424,0.0,0.0,20.0,-122.29235261347443,47.612733796012485
13e52ab6-4986-4a06-94f3-3c04ebfa7fc7,033-9839300955,53033,4393.917106007314,,false,false,3083.136190479893,0.0,0.0,20.0,-122.29212974113479,47.612731007913396
a46dcea9-ec32-4451-a148-28137d878fc4,033-9839300960,53033,5482.330911346245,,false,false,3076.0985126102505,25.0,20.0,20.0,-122.2918247489865,47.611492144256914
dcf00648-4ebf-4954-8c35-f0cea480fbed,033-9839300970,53033,5489.04044310787,,false,false,3072.9987006002443,25.0,20.0,20.0,-122.29182798206308,47.61135573629549
73c553a2-3bb6-486c-88b1-072ab118d4f6,033-9839300975,53033,6012.862084611369,,false,false,3069.8317996048513,,20.0,20.0,-122.29183130320055,47.61121276419729
e7475ed6-dfd5-43ca-b5e9-d3a28c45f5e5,033-9839300980,53033,4937.3724625483155,,false,false,3066.89451608643,0.0,0.0,20.0,-122.29183441646768,47.61107667923779
9dad30d2-f6ec-4c40-a467-f0546dd2e09e,033-9839300995,53033,4386.650792712265,,false,false,3064.447637278439,0.0,0.0,20.0,-122.29183710766043,47.61096082872667
4f29f833-d5d2-4b6d-b2bd-593b7684114d,033-9839301000,53033,4387.471888964943,,false,false,3062.193571987073,0.0,0.0,20.0,-122.29183963454796,47.6108518306286
eab7e4db-f571-4a63-acef-2e154b12009c,033-9839301005,53033,4388.239549794658,,false,false,3059.9859679547612,0.0,0.0,20.0,-122.291842159972,47.61074283236413
b375c502-de9c-44b6-a772-ff72fb96967d,033-9839301010,53033,4389.105225526518,,false,false,3057.8247520203627,0.0,0.0,20.0,-122.29184468644537,47.6106338345993
ab287691-2a5e-4842-a7b8-29fa9caf54c4,033-9839301015,53033,4390.1047388474535,,false,false,3055.710030723929,0.0,0.0,20.0,-122.29184721308106,47.610524834076884
f620bcb3-60a1-4aed-a49d-0e9a562e2fb2,033-9839301020,53033,4398.4226433978465,,false,false,3022.636899429573,,0.0,20.0,-122.29229474743931,47.61052791775797
a0b9858e-ce33-47be-99e5-08e45e756da8,033-9839301025,53033,4397.099306666518,,false,false,3024.7841010581374,,0.0,20.0,-122.29229213483114,47.61063712020039
ef81ac80-a6f9-448d-af81-c6ce286b3052,033-9839301030,53033,4396.3178141893,,false,false,3026.978080981042,,0.0,20.0,-122.29228952616367,47.61074631561335
f61d9bdf-ff13-4113-b1ed-fb11828b97f1,033-9839301035,53033,4395.5904107787965,,false,false,3029.2193467217726,,0.0,20.0,-122.29228691479783,47.610855510755
838e1ab1-071c-439f-bb99-88750d36a80f,033-9839301040,53033,4394.73732383551,,false,false,3031.5074173046023,,0.0,20.0,-122.29228430586173,47.610964705766996
7a50b527-b69a-4b27-bba9-274cbb4da20c,033-9839301045,53033,4394.067328254873,,false,false,3033.84257358745,,0.0,20.0,-122.29228169441951,47.611073901803366
43b588a2-8051-4070-acf7-e59b973de2e1,033-9839301050,53033,4393.051685772096,,false,false,3036.2241355375886,0.0,0.0,20.0,-122.29227908758845,47.6111830964857
79efd674-fe84-42c8-b6f9-86477a32f239,033-9839301055,53033,4392.4128446799405,,false,false,3038.65256093669,,0.0,20.0,-122.29227647786469,47.611292290591045
ece383f4-6ad5-41a7-92f2-1c97a8d5934a,033-9839301057,53033,4391.6535387758995,,false,false,3041.1274655509687,,0.0,20.0,-122.29227386954065,47.61140148623469
3c33c9c3-d278-41ee-a078-8f01ec46692d,033-9839301060,53033,4390.706342118181,,false,false,3043.6486690712422,0.0,0.0,20.0,-122.2922712628343,47.61151068096024
3ae18036-0ea7-4d42-82f8-604f813df8db,033-9839301075,53033,2475.869271065835,,false,false,2998.4671262666684,0.0,0.0,0.0,-122.29288779512436,47.611517349570256
228dc850-6a47-43cf-ae99-3f41a05c47f4,033-9839301080,53033,3836.2804030188445,,false,false,2980.836141672027,0.0,0.0,0.0,-122.29311211514255,47.611465032977506
2c520d8a-479e-4a2c-bac3-10d5227a16b0,033-9839301085,53033,2475.851998296531,,false,false,2995.8986672489737,0.0,0.0,0.0,-122.2928904498835,47.61140789336695
0a3ad2cd-5534-41fc-a860-78adcfe5aacc,033-9839301095,53033,4393.713784298661,,false,false,2986.2351851821372,0.0,0.0,20.0,-122.29299043484026,47.61129947145548
2ead92e1-6e83-48ec-8ecc-80f2e32c921d,033-9839301100,53033,4393.562906304676,,false,false,2983.7558959651847,0.0,0.0,20.0,-122.29299308131591,47.611190003997535
3802ae9c-709d-49b5-881c-9cad1ae06255,033-9839301105,53033,4393.354005848089,,false,false,2981.3242163832333,0.0,0.0,20.0,-122.29299572819176,47.61108053609897
fbfaf512-424c-42e0-8e97-3d4abfa2f4d5,033-9839301110,53033,4393.153658532524,,false,false,2978.940513156493,0.0,0.0,20.0,-122.29299837244633,47.61097106910674
1ec66952-8e2d-47db-a299-2f9fad7adfab,033-9839301115,53033,4393.061313334677,,false,false,2976.60444237943,0.0,0.0,20.0,-122.29300101992439,47.61086160165423
5cc95fac-8484-4e8c-bf11-135554aa0f3c,033-9839301120,53033,4392.9141081401995,,false,false,2974.3164376613013,0.0,0.0,20.0,-122.29300366630828,47.61075213383362
55545df9-cacd-411d-8e41-4d75bf15384b,033-9839301125,53033,4392.705802071522,,false,false,2972.0767027668403,0.0,0.0,20.0,-122.29300631046247,47.61064266609607
c0329834-eafa-4f96-826c-48e82b25efbd,033-9839301130,53033,4393.135989741028,,false,false,2969.8848577812632,0.0,0.0,20.0,-122.29300895713651,47.610533190800446
98bd81c3-b71b-43ec-b72e-64f43cc9f080,033-9839301132,53033,4395.1402535250745,,false,false,2936.9890616758676,0.0,0.0,20.0,-122.29345479738281,47.6105375643025
8fd275d3-6454-4a39-807a-5fe9c541ec43,033-9839301135,53033,4394.683284182915,,false,false,2939.2047122940644,0.0,0.0,20.0,-122.29345217120586,47.610647091083095
d5e3c634-4fb6-48e9-942d-4027ff12f77a,033-9839301145,53033,4394.852810441579,,false,false,2941.4691404372493,0.0,0.0,20.0,-122.29344954307113,47.61075661075671
19653bd1-9a68-45a9-bae4-f54d14b76c36,033-9839301150,53033,4395.021012463527,,false,false,2943.7823753678836,0.0,0.0,20.0,-122.29344691285868,47.61086613061736
b3781a94-fa20-4c94-b37a-f4b49544570b,033-9839301155,53033,4395.1171053552125,,false,false,2946.144060366004,0.0,0.0,20.0,-122.29344428334653,47.61097564880673
df20e7fc-b583-460b-9acd-fd8d944b2436,033-9839301160,53033,4395.439066858071,,false,false,2948.5540970906345,0.0,0.0,20.0,-122.29344165502964,47.61108516810431
484fab44-ce37-4248-b511-ef9031cadb92,033-9839301165,53033,4395.547415318208,,false,false,2951.0125871664445,0.0,0.0,20.0,-122.29343902496788,47.611194688610965
7e1890c3-0484-4300-817d-6e07c39ef900,033-9839301170,53033,4395.712180869802,,false,false,2953.519160923081,0.0,0.0,20.0,-122.29343639605773,47.61130420858022
b44ae6ce-744f-402d-b997-6e389262a7d7,033-9839301175,53033,4395.935730503499,,false,false,2956.073633600806,0.0,0.0,20.0,-122.29343376940557,47.61141372891395
5d343ae7-0103-46c1-ac08-8f9935e70499,033-9839301180,53033,4396.051783799307,,false,false,2958.676432678903,,0.0,20.0,-122.29343113715004,47.61152324842642
fb7bebfd-5c2b-438b-ba5e-a05b85da1d6a,033-9839301190,53033,4407.966062383968,,false,false,2906.45127712159,0.0,0.0,20.0,-122.29414478995359,47.61153091116932
91a8ce78-4bd7-4f23-b7d2-22c9a83f8ca7,033-9839301195,53033,4406.419620655784,,false,false,2903.803248876914,0.0,0.0,20.0,-122.2941473242979,47.61142114120939
5d1c16ef-5054-4185-bf3b-7506cc612e73,033-9839301200,53033,4404.506684044016,,false,false,2901.2036252411012,0.0,0.0,20.0,-122.294149865933,47.611311370941785
fb08dd48-9410-43d1-a29f-9f6304360981,033-9839301205,53033,4402.856791858177,,false,false,2898.6534021201664,0.0,0.0,20.0,-122.29415240353387,47.61120160186418
89e79c29-60a8-4bf9-9259-fbb7740741ad,033-9839301210,53033,4401.1048522327965,,false,false,2896.1524766574444,0.0,0.0,20.0,-122.29415493973256,47.61109183216322
039cc5a8-1a2d-45ec-bd5a-bf2898e0267c,033-9839301215,53033,4399.322064556578,,false,false,2893.700741199516,0.0,0.0,20.0,-122.29415747819102,47.61098206348155
2c1bef59-26c4-4709-b49f-75f2857b3bad,033-9839301220,53033,4397.671293718196,,false,false,2891.2986536168273,0.0,0.0,20.0,-122.29416001413637,47.61087229492483
32e6f35d-13b1-4bbe-ae1c-667c66b185c3,033-9839301225,53033,4395.924642972952,,false,false,2888.94603656368,0.0,0.0,20.0,-122.294162551366,47.610762525430474
f41597a4-612f-462c-ab7d-abcf733e3609,033-9839301230,53033,4394.174121607573,,false,false,2886.6430861190324,,0.0,20.0,-122.29416508910164,47.61065275585438
98a39faf-cd9c-4387-89b5-25baa843317e,033-9839301235,53033,4393.091328879047,,false,false,2884.3900835431878,0.0,0.0,20.0,-122.29416762314196,47.610542978216884
56855682-9ac3-4e7d-a4f3-9409acc02b0f,033-9839301240,53033,4396.6076058481185,,false,false,2851.6080896601766,0.0,0.0,20.0,-122.2946122497546,47.61054693195467
b58b79b8-1885-483f-b323-7d4895c4f13c,033-9839301245,53033,4398.00538657128,,false,false,2853.875506295553,0.0,0.0,20.0,-122.29460989148168,47.610656801894415
e48ecea5-857b-4c92-9703-9bbbe1baad0b,033-9839301250,53033,3850.738225022113,,false,false,2856.047329423371,0.0,0.0,0.0,-122.29460767906123,47.6107598135732
2860ab37-e2a8-420d-85fb-7b7023e5aeac,033-9839301255,53033,4950.476641963554,,false,false,2858.4132590363015,0.0,0.0,20.0,-122.29460530897686,47.61086968201531
55ed327c-5f71-4582-92ac-20c7e0028606,033-9839301265,53033,4403.037984547805,,false,false,2860.98123455928,0.0,0.0,20.0,-122.29460279748666,47.610986399925736
316f1d6e-251e-40ee-9bd2-7b5014f7fd9a,033-9839301270,53033,4404.887810503889,,false,false,2863.4498693074784,0.0,0.0,20.0,-122.29460043623645,47.61109626430591
c3e8d661-c736-4283-ad8a-a9b100d84bce,033-9839301275,53033,4406.639846839794,,false,false,2865.96868167178,0.0,0.0,20.0,-122.29459807252704,47.61120613051951
59df0324-1672-4a9b-ae48-b67a1785019a,033-9839301280,53033,4408.316194605706,,false,false,2868.5374516525007,,0.0,20.0,-122.2945957070865,47.61131599688849
375e485a-a0ec-4a57-80ab-5e8663924081,033-9839301285,53033,4410.028192884795,,false,false,2871.1558713861937,0.0,0.0,20.0,-122.29459334203837,47.61142586260674
c3ad3b6f-09c7-43dd-9d65-7e33d59fd2b7,033-9839301290,53033,4411.752895080812,,false,false,2873.8238430842407,0.0,0.0,20.0,-122.29459097719405,47.61153572876529
297c187d-0d54-4943-b1e9-3c3933224739,033-9839301295,53033,3751.6065946301433,,false,false,2824.1313885046097,0.0,0.0,0.0,-122.29527103482936,47.61154305288082
eab89e8a-3183-47f7-8e74-cf0a644af715,033-9839301300,53033,3754.8504663215103,,false,false,2821.406451522417,0.0,0.0,0.0,-122.29527348325061,47.61143303758317
817b89a7-de06-43b3-a00b-308f56e49329,033-9839301305,53033,3758.278331876766,,false,false,2818.7320737968284,0.0,0.0,0.0,-122.29527593062619,47.611323022906085
c3eb3679-b3d7-4558-bc8a-f5f303587808,033-9839301310,53033,3761.6382489224416,,false,false,2816.1082492658006,0.0,0.0,0.0,-122.29527837857268,47.61121300746674
0a315c10-fd49-433c-929f-b9d3f16a4b23,033-9839301315,53033,3765.02470548501,,false,false,2813.535120020007,0.0,0.0,0.0,-122.29528082744352,47.61110299245181
d98201e8-72b5-4f5b-b5c1-43a1e97da9aa,033-9839301320,53033,3768.4204374932933,,false,false,2811.0127702848317,0.0,0.0,0.0,-122.2952832776519,47.61099297672272
aa59ccc0-a370-46b7-8b26-e88751b6df92,033-9839301325,53033,3771.5536731888074,,false,false,2808.5417476969146,,0.0,0.0,-122.2952857243768,47.61088296293186
fe64fc0e-dc04-4a8a-a8f0-c5650664f1a3,033-9839301330,53033,4245.589482840737,,false,false,2805.9727157427556,0.0,0.0,20.0,-122.2952883247735,47.610766094245946
f7bd9bc6-c3b8-4987-adb9-1ab4f7610cca,033-9839301340,53033,7011.856929088274,,false,false,2802.4815856974283,25.0,20.0,20.0,-122.29529175751856,47.610602110646745
dad927e6-62f9-4331-94fc-c7103ae37d9a,033-9840300005,53033,5379.97811256587,,false,false,5847.3625732846685,,20.0,20.0,-122.39580132559294,47.57587384370243
ed547a5e-c360-4486-943f-5ca496ae731c,033-9840300015,53033,5706.596363307561,,false,false,5838.092195097506,25.0,20.0,20.0,-122.39579792112303,47.57601529152642
1ef23583-6982-4313-b6e6-2f506ec900cc,033-9840300055,53033,5053.461105896079,,false,false,5806.394110264288,25.0,20.0,20.0,-122.3951183122595,47.5758614412519
120dec2c-6eb3-46f5-8614-f5817c26369e,033-9840300056,53033,6294.524609227507,,false,false,5797.045738299002,25.0,20.0,20.0,-122.39511482742176,47.57600298518953
6f47c532-b8f9-422d-9c8d-24e3fd46a86b,033-9840300060,53033,103.52016391754178,,false,false,5772.256814388358,0.0,0.0,0.0,-122.39478403554318,47.576073942386735
f2e7dfb2-2715-4f27-b4e8-d06f27aa543f,033-9840300080,53033,6024.9421290421315,,false,false,5778.172065269171,25.0,20.0,20.0,-122.39473231514812,47.57593370791582
97128c2e-c868-4aef-b7d4-8b400c40a38f,033-9841300005,53033,3092.689603437534,,false,false,6759.300061326016,,0.0,0.0,-122.41002465942395,47.575650848858885
d41f46c0-260f-440f-9d89-90bafc4fa390,033-9841300010,53033,3088.8142761975887,,false,false,6751.511336422241,0.0,0.0,0.0,-122.40990311554074,47.57564924336009
fe245d41-7544-4336-95e6-891b360d75e6,033-9841300015,53033,3088.8790697978407,,false,false,6743.733496384824,0.0,0.0,0.0,-122.4097816481975,47.575647591515384
8035ea10-a9cb-4a5c-9164-8f0afb8ed063,033-9841300020,53033,3260.6803278288035,,false,false,6735.74680948142,0.0,0.0,0.0,-122.40965680441961,47.575645824784395
5ed18d4b-332a-45b6-9f3c-5beb13e2a910,033-9841300030,53033,7303.712215244396,,false,false,6765.197543332925,25.0,20.0,20.0,-122.40984832895158,47.57534273727933
54d5dedf-3a15-4e87-83ff-232b026dd0fa,033-9841300040,53033,3652.7001660607443,,false,false,6772.4108015507245,0.0,0.0,0.0,-122.40985206602677,47.57521939930894
2fc1203d-bb75-4ee0-8e14-85b2fc4a0f7c,033-9841300045,53033,3653.2179777307697,,false,false,6777.2306501961375,0.0,0.0,0.0,-122.40985455356962,47.575137172278616
6b16fdf5-2978-4ca8-ba0f-6994c2f75361,033-9841300050,53033,5480.821849837773,,false,false,6783.268278320929,25.0,20.0,20.0,-122.40985766710833,47.5750343879719
3431f42a-20f1-4b7c-b7fc-0d305bdaf018,033-9841300065,53033,5482.374154780272,,false,false,6790.531760390737,25.0,20.0,20.0,-122.40986140287896,47.57491104607559
d4a6ce6b-0b8d-4ae9-bf6c-875c45dd95d9,033-9841300070,53033,3655.4675901102,,false,false,6796.599726498617,,0.0,0.0,-122.40986451398562,47.574808261615125
56b831c0-ac10-4cd2-958f-b5a3c126e524,033-9841300075,53033,7312.536110962149,,false,false,6803.899653515884,25.0,20.0,20.0,-122.40986824882151,47.574684919207044
d09d657e-bce5-4265-b5c7-75af5deb01f8,033-9841300085,53033,3657.2757730568537,,false,false,6811.2191438301315,0.0,0.0,0.0,-122.40987198447341,47.574561581925124
e695ade4-e4f9-4e6c-aa43-860b29bd072c,033-9841300090,53033,7315.993235938614,,false,false,6818.5587906075925,25.0,20.0,20.0,-122.40987571992437,47.57443823719463
57490f77-3dc1-4553-99ae-ac1b9903deb7,033-9841300100,53033,4512.3058725588135,,false,false,6822.190616324589,0.0,0.0,20.0,-122.4097795483999,47.574268704186174
2320234c-a385-4559-ae53-e33585b9af68,033-9841300105,53033,3134.8025372457546,,false,false,6837.819981570418,0.0,0.0,0.0,-122.41002655952907,47.5742720794898
aee45933-d424-4242-b071-c67b5aef23b9,033-9842300005,53033,4260.232810292666,,false,false,9236.86986739895,0.0,0.0,20.0,-122.38173400506231,47.530180291658944
23bf3870-99b3-418d-b071-4097fdb53db5,033-9842300010,53033,4275.925530310938,,false,false,9251.445030347852,0.0,0.0,20.0,-122.38173470992385,47.53003731006714
e7a64d2a-6e83-4d98-bfd0-8f57b0994475,033-9842300025,53033,4164.477414878518,,false,false,9237.437863527291,0.0,0.0,20.0,-122.38148787335712,47.53010178527182
7ded1aa2-e37d-42e7-b212-9753d133de72,033-9842300030,53033,4162.114868110798,,false,false,9233.03973446768,,0.0,20.0,-122.38132615445281,47.53009725344546
66c89fbe-0046-422a-bdfc-9480ee00738b,033-9842300035,53033,4159.818647311048,,false,false,9228.65557860634,0.0,0.0,20.0,-122.3811644359122,47.53009272082916
d9e21307-be8e-4f00-8dfb-ca256dcdd25c,033-9842300036,53033,4157.492149135007,,false,false,9224.285280042739,0.0,0.0,20.0,-122.38100271764813,47.5300881887277
da051fee-78ce-4d0f-958b-696369231d8b,033-9842300045,53033,4155.23544417053,,false,false,9219.929068187996,0.0,0.0,20.0,-122.38084099922135,47.53008365495806
856aaea3-454c-4026-8274-b22b13253207,033-9842300050,53033,4152.875322316016,,false,false,9215.586655293397,0.0,0.0,20.0,-122.38067928106908,47.53007912266074
4a49b64e-537d-4c93-9e1b-3281e8e9fde7,033-9842300055,53033,4150.624498253135,,false,false,9211.258372567261,0.0,0.0,20.0,-122.38051756158714,47.53007458832038
04121f4f-9304-4bd8-89f7-1e958556908f,033-9842300060,53033,5185.0255005165745,,false,false,9206.40695900642,25.0,20.0,20.0,-122.38033562953058,47.53006947621113
9458ef1d-a94b-40c5-a438-309bafa35bc6,033-9842300065,53033,5177.045648207878,,false,false,9201.038146745877,25.0,20.0,20.0,-122.38013356443278,47.53006381113354
2c1c6009-c9d4-4314-9641-1aa734c94b17,033-9842300070,53033,5178.468452957454,,false,false,9195.690099113877,25.0,20.0,20.0,-122.3799314861883,47.530058153381894
89bd6e91-40ef-417f-b4e7-4222971cfed2,033-9842300075,53033,4596.286155760095,,false,false,9195.660045230286,,0.0,20.0,-122.37964472127972,47.529976739137005
53f1d8e1-708d-4e38-8919-98764a85ab38,033-9842300080,53033,4916.570887583327,,false,false,9181.100324982648,0.0,0.0,20.0,-122.37964437494107,47.5301187044299
82085d51-8d11-4731-a3d7-c74c3d7375f3,033-9842300085,53033,4415.0208544947845,,false,false,9283.069482895873,0.0,0.0,20.0,-122.38173642125184,47.52972727628175
ee0ff8f7-697b-41cc-94fa-0b95acbcce5b,033-9842300087,53033,4133.945499174263,,false,false,9297.658599896824,0.0,0.0,20.0,-122.38173719113944,47.52958431152067
2c66cb49-b8d4-4cf3-acab-a71ec7b2e378,033-9842300090,53033,4164.497128609276,,false,false,9283.39706204072,0.0,0.0,20.0,-122.38149002446443,47.529651482471515
fd5d45d2-fdf0-46ae-acdb-3ae527858d65,033-9842300095,53033,4161.7899331108065,,false,false,9279.005384533504,0.0,0.0,20.0,-122.38132827532019,47.529647116259326
1a556d5e-90c6-4f0c-a86d-536f559f637d,033-9842300100,53033,4159.304902677078,,false,false,9274.627444339372,0.0,0.0,20.0,-122.38116652648029,47.52964275097733
a7eb9821-96bc-4304-8f4e-1a73152a7267,033-9842300105,53033,4156.792217421698,,false,false,9270.263529030297,0.0,0.0,20.0,-122.38100477597503,47.52963838342663
ec95ea94-6802-41a4-bd03-1c4aa5d26bc9,033-9842300110,53033,4154.08376054121,,false,false,9265.913270815261,0.0,0.0,20.0,-122.38084302657825,47.529634018209514
957ef8df-65e5-4113-ae41-965ccc9d1e12,033-9842300115,53033,4151.5791227297295,,false,false,9261.57676535833,,0.0,20.0,-122.38068127771969,47.529629654410265
fbb1eefc-82c9-48a8-abba-15d5b6ea89f5,033-9842300118,53033,4148.928705950256,,false,false,9257.254500006695,0.0,0.0,20.0,-122.38051952924248,47.52962528740653
2e766a86-027a-4a01-97dc-7939a228f9c6,033-9842300120,53033,4146.4639659065615,,false,false,9252.946013669816,0.0,0.0,20.0,-122.38035777963862,47.52962092146558
fc262d3a-b5db-402e-8c69-9516d8613939,033-9842300130,53033,4143.868266996413,,false,false,9248.651611940544,0.0,0.0,20.0,-122.38019602904453,47.52961655383316
c4be95dc-a997-4756-a0d0-82f9cddb22c2,033-9842300135,53033,6726.903785090333,,false,false,9243.037792771134,25.0,20.0,20.0,-122.37998377408663,47.52961081985809
1a5f3144-2ed1-43e0-92e1-9d26d1bcf251,033-9842300140,53033,5689.364898232305,,false,false,9236.64884055313,25.0,20.0,20.0,-122.37974114063103,47.529604276638615
7edeb089-9290-4dbe-8b76-571a8f973956,033-9842300150,53033,4344.006168880939,,false,false,9231.504812562789,0.0,0.0,20.0,-122.37954490638892,47.52959898379309
3de8912f-f1ee-4edc-b58c-fb02368d5a69,033-9842300155,53033,4298.350131139835,,false,false,9269.939899306517,0.0,0.0,20.0,-122.37962690457452,47.52924757140851
174fe134-1795-4c52-aeb3-7ef8cfb8b2a6,033-9842300156,53033,4183.737829297449,,false,false,9255.369473564559,0.0,0.0,20.0,-122.37962640875953,47.52938939007117
958e4b2e-69f6-4a86-936a-4953994d0474,033-9842300165,53033,4140.527270022122,,false,false,9269.240459545488,,0.0,20.0,-122.37987344984903,47.52932391349362
82df5a6d-f4c0-4cf2-81ce-257c32af2b8d,033-9842300170,53033,4142.928154463544,,false,false,9273.512308538986,0.0,0.0,20.0,-122.38003526913036,47.52932810230404
a54196bc-e48d-4503-8e0b-eeffa421c203,033-9842300175,53033,5390.373736915334,,false,false,9278.441892935321,25.0,20.0,20.0,-122.38022137757142,47.52933292677433
8e639dbb-cf2d-40db-aaf3-282e701f4dc4,033-9842300181,53033,4979.354157819882,,false,false,9283.82123215859,0.0,0.0,20.0,-122.38042366599407,47.529338167735034
ced6dd57-2fc8-4cc2-8cb9-cd084f6f188f,033-9842300185,53033,6228.141276957423,,false,false,9289.655533207824,25.0,20.0,20.0,-122.38064211564907,47.5293438194994
642159eb-0963-4a60-ad1d-4f842643ab2d,033-9842300190,53033,4155.92372878671,,false,false,9295.078713760766,0.0,0.0,20.0,-122.38084436017797,47.52934906033119
db997b9d-3551-43bf-85b6-528a83eb3c43,033-9842300195,53033,5719.225479451857,,false,false,9300.251997291825,25.0,20.0,20.0,-122.38103654051552,47.529354041021044
bae25d43-d1d8-4dca-b98d-87a62e831d21,033-9842300200,53033,4680.843819181743,,false,false,9305.718929326336,0.0,0.0,20.0,-122.38123878927033,47.52935926734407
60b91fb7-9aed-4596-88d7-f38e1b5ed301,033-9842300210,53033,6249.257153817163,,false,false,9311.480360033634,25.0,20.0,20.0,-122.3814511693277,47.529364780523665
aefe6f90-0d58-4a13-b581-641d29387428,033-9842300220,53033,4117.577977964015,,false,false,9311.746361630632,0.0,0.0,20.0,-122.38173807226941,47.52944634015249
2eedc18f-8e89-4e81-9e43-76ab2e079520,033-9842300225,53033,4433.262602682002,,false,false,9326.343729078138,0.0,0.0,20.0,-122.38173883811638,47.52930337556339
6f19b58a-be48-4760-abd5-58dc9565ba63,033-9842300240,53033,4297.588904586498,,false,false,9372.660721674227,0.0,0.0,20.0,-122.38174210059114,47.52885027087894
1a8fdce7-ce8f-42c7-9731-159cf31f1bdf,033-9842300245,53033,4286.351427314015,,false,false,9358.031204323932,0.0,0.0,20.0,-122.38174080573832,47.528993265003585
ed1c6d4c-3449-496e-a678-ce16d2a3b06e,033-9842300250,53033,4167.242230251239,,false,false,9358.615969147173,0.0,0.0,20.0,-122.38149402458687,47.52891552760917
98065ada-8fbf-4498-b710-53ac4c05cf60,033-9842300255,53033,4164.547370320614,,false,false,9354.225384637732,0.0,0.0,20.0,-122.3813322150076,47.52891151590758
2f37c53b-ac16-4a3e-9c51-34ea68bbf107,033-9842300260,53033,4161.9533777664055,,false,false,9349.848645315908,0.0,0.0,20.0,-122.38117040635294,47.52890750325978
cf958cfe-963c-476c-b201-d7650f3354b5,033-9842300265,53033,8316.107823299031,,false,false,9343.3099023322,25.0,20.0,20.0,-122.38092771741984,47.52890148536957
f82fb715-c192-4f88-abef-a08aee903efe,033-9842300275,53033,4154.1650899832875,,false,false,9336.800881181505,0.0,0.0,20.0,-122.38068497624677,47.528895464770315
9a8171e5-ea00-4b59-b746-f57e79166350,033-9842300280,53033,5708.36531011859,,false,false,9331.669735470405,,20.0,20.0,-122.38049282001215,47.52889070426929
faaab45c-5e2d-417a-bb7b-02cf07e0894c,033-9842300285,53033,6738.296198697705,,false,false,9325.21831754662,25.0,20.0,20.0,-122.38025011326984,47.52888467467545
8169bbeb-03ea-4f44-9f1f-f66a0cc8fe30,033-9842300290,53033,4248.3957541638265,,false,false,9319.543310106399,0.0,0.0,20.0,-122.38003569297507,47.528879361437504
67b1559e-8cdf-445c-b842-f66cd8da8053,033-9842300300,53033,4244.399681798651,,false,false,9315.170330482175,0.0,0.0,20.0,-122.37986981644937,47.52887524602612
f2ce6ff9-d392-4050-83b5-4b2c8e897e55,033-9842300305,53033,4288.615962788474,,false,false,9301.674326374668,0.0,0.0,20.0,-122.379624255941,47.5289377777746
35a53ad6-1bca-442e-918f-1fc11142c313,033-9842300310,53033,4017.7207183895284,,false,false,9316.258508906049,0.0,0.0,20.0,-122.37962470506247,47.52879593462009
ddda7dae-27df-498b-a85f-61df89776118,033-9842300315,53033,5410.844767354144,,false,false,9336.417276529219,25.0,20.0,20.0,-122.37956866240182,47.528584150435
d47ac6cb-7bf0-4d7c-906e-c639f15e59d3,033-9842300320,53033,5178.899087871157,,false,false,9341.851503259468,25.0,20.0,20.0,-122.3797757232448,47.528589042449774
52f1781b-d25c-4ed4-971a-10c163f47375,033-9842300325,53033,5184.584916020234,,false,false,9347.187533713306,25.0,20.0,20.0,-122.37997819771068,47.528593823870324
bb9c0da6-e6d5-4b34-9cba-3f195a2bf1ec,033-9842300330,53033,5705.588823703556,,false,false,9352.809727966265,25.0,20.0,20.0,-122.38019078829191,47.52859888068261
1359a4df-356b-42f3-b35a-377c28378402,033-9842300340,53033,7789.3716637151965,,false,false,9359.806352045549,25.0,20.0,20.0,-122.38045398104914,47.528605110142394
ae8055b5-159b-4bd5-be17-2e76024d551c,033-9842300350,53033,4158.104598480134,,false,false,9366.024800400402,0.0,0.0,20.0,-122.3806867871361,47.52861062790671
0e4369f9-9797-4da5-813b-e959c302cf30,033-9842300355,53033,4160.662541378795,,false,false,9370.367820443467,0.0,0.0,20.0,-122.38084875185149,47.528614466534975
a9f60f37-044c-42e5-af87-f83f0963cfb1,033-9842300360,53033,4163.250914087669,,false,false,9374.724637254714,0.0,0.0,20.0,-122.38101071524302,47.528618304400034
16ae822e-cd81-4dab-84d3-d45ee913edab,033-9842300363,53033,4165.87329618182,,false,false,9379.095376000656,0.0,0.0,20.0,-122.3811726790935,47.528622140599595
755bd192-429b-443e-a6c6-cee2c3c80066,033-9842300365,53033,4168.422372891483,,false,false,9383.479749396653,0.0,0.0,20.0,-122.38133464113533,47.52862597709945
a4edcd9a-22fb-4933-82a0-edba373554fe,033-9842300380,53033,12758.982536219699,,false,false,9392.416476343444,25.0,20.0,20.0,-122.38166324894384,47.528633769698956
2fb6b56a-57bc-43e6-9227-086d36a3aa60,033-9842300390,53033,5157.414014289934,,false,false,9290.102725100807,25.0,20.0,20.0,-122.37890636992566,47.52885093253716
db3b4ab8-6f32-468c-b6b7-2f272fd536c8,033-9842300391,53033,5400.35623308612,,false,false,9295.434952496726,,20.0,20.0,-122.37911334823256,47.52885626571484
0effea1b-909b-48d8-a0be-b072cbebdaff,033-9842300400,53033,4740.515821353662,,false,false,9285.119280171954,0.0,0.0,20.0,-122.37871214820491,47.52884593507724
07fc33fd-3aa2-45d9-bcd5-15f5a2f0c583,033-9842300405,53033,4736.496209242376,,false,false,9280.362326743081,0.0,0.0,20.0,-122.37852602144888,47.528841147863204
7c8acde3-b63f-4c86-8940-7acbdd2d814d,033-9842300410,53033,4732.350100364584,,false,false,9275.624089697196,0.0,0.0,20.0,-122.37833989567866,47.52883635991421
18a5e8ad-1b9d-4e53-a457-54d601e4b4e3,033-9842300415,53033,4725.471438589849,,false,false,9270.906038582185,0.0,0.0,20.0,-122.37815382732624,47.528831572555504
765e5a73-4962-424b-96be-df7368d60f63,033-9842300420,53033,616.7096968316547,,false,false,9268.247103768163,0.0,0.0,0.0,-122.37804866353223,47.52882887255743
e0c4971b-8585-4999-8aff-baed456279ba,033-9842300425,53033,5132.340899142658,,false,false,9265.389763819807,25.0,20.0,20.0,-122.37793541896868,47.5288259724831
72c7b3c9-0c9d-4547-ac58-6fbebc566250,033-9842300435,53033,5009.8174985560745,,false,false,9258.906078694203,25.0,20.0,20.0,-122.3777263304325,47.52883248527821
2e232234-ce88-46a2-bf00-1d71ef94f37c,033-9842300440,53033,5000.851428396959,,false,false,9253.504128696373,25.0,20.0,20.0,-122.37751049482425,47.52882694685734
4c187d46-cacc-4863-a65a-25f4b5a99bd5,033-9842300441,53033,5986.475756784837,,false,false,9281.290299052336,25.0,20.0,20.0,-122.37745793481574,47.52854429049779
00f97073-612f-4db8-acee-6336733848d8,033-9842300450,53033,4996.120050928134,,false,false,9248.12976345556,0.0,0.0,20.0,-122.37729471730623,47.52882140120048
f2b9eba3-d5cb-4e46-9156-4ad477fbe57c,033-9842300455,53033,4445.987273779532,,false,false,9276.53640698193,0.0,0.0,20.0,-122.3772681462807,47.52853987182528
66518ee2-22ca-4392-b029-1ce0c8511180,033-9842300460,53033,4360.471652342253,,false,false,9249.740292677629,0.0,0.0,20.0,-122.37701039847327,47.52873053353028
18bf38f4-2fc8-4256-ad2b-33f10555f33a,033-9842300461,53033,4553.136292224938,,false,false,9235.225179918221,0.0,0.0,20.0,-122.37701055539051,47.52887074418005
b994e18c-3cb1-43ab-8fdb-e92f59974f8b,033-9842300465,53033,4166.57854737926,,false,false,9263.629484619,0.0,0.0,20.0,-122.37701074235477,47.52859653078179
47ba2ebe-f540-4e4b-8ec0-afff74870b29,033-9842300466,53033,4765.1807256465945,,false,false,9278.154274606895,0.0,0.0,20.0,-122.37701053801743,47.528456279889106
a74103ab-9bb1-46b4-913c-bc80047e03b1,033-9842300485,53033,7376.627417256959,,false,false,9287.343169498807,,20.0,20.0,-122.37770073456514,47.52855049647931
98f1e92e-c1e7-411e-8f82-c22d8ca2a5ba,033-9842300490,53033,5142.534177630423,,false,false,9294.516420828148,,20.0,20.0,-122.37793581115952,47.52854409058334
519b46bd-c0db-41da-9022-a55c94b6c8de,033-9842300495,53033,617.9680448280906,,false,false,9297.378825844247,0.0,0.0,0.0,-122.37804907554772,47.52854685018301
6adafb1a-5ffc-47dc-bb71-a860598c291a,033-9842300500,53033,5356.495980451184,,false,false,9300.355163810902,25.0,20.0,20.0,-122.37816644014343,47.528549680227364
0d90f025-283d-470a-ae5a-c7fa7cdb1509,033-9842300505,53033,5364.524596569113,,false,false,9305.7051882042,25.0,20.0,20.0,-122.37837685714514,47.52855479867551
e6e5aca4-f9d3-41de-925a-3d0cc5e5d795,033-9842300510,53033,7225.271046276852,,false,false,9312.001253983597,25.0,20.0,20.0,-122.37862372879631,47.528560911478095
557abdeb-6feb-4e51-a42c-5569a58c1ec3,033-9842300515,53033,5163.0380207507405,,false,false,9318.223721616749,25.0,20.0,20.0,-122.37886655359232,47.528566945444986
7c0d074f-5d17-4ded-8cf4-33abce986b48,033-9842300525,53033,6437.935174727131,,false,false,9324.079468439959,25.0,20.0,20.0,-122.37909385494632,47.528572569017726
e23b2ad3-8468-4ee3-81ec-6f0be361169d,033-9842300530,53033,6406.523191223581,,false,false,9219.720498265071,,20.0,20.0,-122.37909152087752,47.52958654549374
31f4fef9-db97-496a-b1f8-5f93aa2524fd,033-9842300535,53033,4127.724266226136,,false,false,9214.397185865435,0.0,0.0,20.0,-122.37888500909108,47.52958080598184
8f723843-946a-482f-9d4e-b0c572de3dca,033-9842300540,53033,4121.908457184473,,false,false,9210.243372146237,0.0,0.0,20.0,-122.37872318050854,47.52957629285112
9aa2d55b-47fb-42f6-b81d-0004af1fa1e9,033-9842300545,53033,4119.4817525944045,,false,false,9206.104131021635,,0.0,20.0,-122.37856142540517,47.529571796033984
42d4ef6e-2bf7-4fd7-891e-e3599d39c225,033-9842300550,53033,5147.315943880524,,false,false,9201.463499442663,25.0,20.0,20.0,-122.37837943809781,47.52956674255218
5678f098-28dc-417a-8ba2-c2d357933a99,033-9842300560,53033,6683.543731280685,,false,false,9195.325727832816,25.0,20.0,20.0,-122.37813758534848,47.52956001105873
a8792ae6-e0e0-4f1c-b298-ee754968e942,033-9842300565,53033,1029.0603288837008,,false,false,9193.259921745226,0.0,0.0,0.0,-122.37805599008364,47.52955776173269
5522509b-a763-483f-8ca1-667ad5c4686c,033-9842300580,53033,7704.53834419084,,false,false,9187.399055558142,25.0,20.0,20.0,-122.37782342487917,47.529551280016534
85ba6132-c74b-49ea-a800-8de5c8714b2e,033-9842300590,53033,4106.2670480727575,,false,false,9181.566976968683,0.0,0.0,20.0,-122.37759089162503,47.52954481355621
7074ac13-f866-4708-9bee-ea5d49cc0b05,033-9842300595,53033,4103.836547084214,,false,false,9177.527197455138,0.0,0.0,20.0,-122.37742913701159,47.52954031805245
7e4e3291-dcf9-4950-be32-da94bce1d5d6,033-9842300600,53033,6414.236085838399,,false,false,9176.517000471285,25.0,20.0,20.0,-122.37709149820161,47.529459601340385
d0e69a58-0415-4a00-aa02-59c078c383bf,033-9842300605,53033,6605.623162632186,,false,false,9161.975933487416,25.0,20.0,20.0,-122.37709140431038,47.52960020827382
3f2b3907-cb87-48e7-bb24-7fa1edd0b9dc,033-9842300610,53033,6421.003611880124,,false,false,9190.84976710016,25.0,20.0,20.0,-122.37709165867219,47.529321060665666
94b7c6ff-4126-4104-9141-89004f470afa,033-9842300615,53033,6612.683519745927,,false,false,9205.390711723223,25.0,20.0,20.0,-122.37709146397468,47.52918044689282
3582f967-0c19-423c-9dfa-68d92c293e4c,033-9842300620,53033,4099.398227122422,,false,false,9206.626839810495,0.0,0.0,20.0,-122.37742943355863,47.52925874299888
a862a864-8a17-4480-81cd-f0fa7450e2dc,033-9842300625,53033,4107.172605213429,,false,false,9210.659589021254,0.0,0.0,20.0,-122.37759112072115,47.52926314891418
e4be93d9-fe24-420e-8d87-d3303cf6992a,033-9842300630,53033,5137.601046831326,,false,false,9215.224268899612,25.0,20.0,20.0,-122.37777315467756,47.5292680373952
ceb9fd9b-5ac3-4379-9c1c-369b80f6ab04,033-9842300635,53033,617.4247100617748,,false,false,9222.156612623234,0.0,0.0,0.0,-122.3780482171331,47.5292754169569
a8bfe24b-dee9-4051-bb09-cf9bccaeb046,033-9842300636,53033,4112.31784416829,,false,false,9219.806853763062,0.0,0.0,20.0,-122.37795518191163,47.52927292498511
0658c33d-25ba-4990-8ead-594c86a32588,033-9842300640,53033,5141.601250370725,,false,false,9225.021240967691,25.0,20.0,20.0,-122.3781614497511,47.529278465227115
132471db-c832-4e97-90b9-faac01eb25c3,033-9842300645,53033,5147.855683760028,,false,false,9230.155862618507,25.0,20.0,20.0,-122.37836366113126,47.52928389248115
88014789-7c14-475a-8ecb-00b5126d3825,033-9842300650,53033,4519.178079547317,,false,false,9235.011063200674,,0.0,20.0,-122.3785535184024,47.52928885068519
2b004764-4003-4499-b839-36fb86721fa3,033-9842300655,53033,4120.491308970847,,false,false,9239.339448935958,0.0,0.0,20.0,-122.37872309488202,47.52929351836414
e7bb668d-cd8f-4ac7-a20d-31b82c7468c0,033-9842300660,53033,5135.719030825846,,false,false,9239.256679029537,25.0,20.0,20.0,-122.379010709251,47.52937397620372
8424440d-c658-4f98-b497-92c6c31abc25,033-9842300665,53033,5421.952269147678,,false,false,9253.821994400392,25.0,20.0,20.0,-122.37901117991606,47.52923247304457
c1f884bc-dbef-4e63-9364-938b6e79b4f1,033-9842300670,53033,5254.00182675737,,false,false,9164.317009238403,25.0,20.0,20.0,-122.3790095498541,47.530102970154516
7f70dfa0-978d-47fa-95db-560802deb0aa,033-9842300675,53033,5253.441819001993,,false,false,9178.902609574516,25.0,20.0,20.0,-122.37901050324338,47.52996120960286
d9fbeaab-951c-407b-97c7-3872d9fe531e,033-9842300690,53033,4140.301017395496,,false,false,9164.22950419821,0.0,0.0,20.0,-122.37872302631921,47.53002371257938
7ffee297-d42c-435c-ba98-174e2f0498ef,033-9842300695,53033,4122.019330995325,,false,false,9160.06590625487,0.0,0.0,20.0,-122.3785609799769,47.530019143694936
752c3289-8ce6-47ca-9e0b-994cfa7be936,033-9842300700,53033,4119.483240860455,,false,false,9155.934703773128,0.0,0.0,20.0,-122.37839925026617,47.53001448631046
9b3a8249-4c23-4773-8328-6278a2150b95,033-9842300705,53033,4116.859265566209,,false,false,9151.81808908341,,0.0,20.0,-122.37823752395413,47.53000982658973
a375d55c-c11e-4cec-bc5a-b11df73c4125,033-9842300710,53033,5452.776711445263,,false,false,9147.049354924004,25.0,20.0,20.0,-122.37804949163453,47.5300044134192
d4fde3b0-5276-4a00-afac-21107ddf1743,033-9842300715,53033,5440.864431865325,,false,false,9141.643174596897,25.0,20.0,20.0,-122.3778352871022,47.52999821989399
2a7d99d9-7a5b-4eb8-983a-3a9002d53b6a,033-9842300720,53033,5441.527633489181,,false,false,9136.259556854575,25.0,20.0,20.0,-122.37762113254998,47.529992064748896
ac561fde-5137-4359-b646-90e43aa39c94,033-9842300725,53033,5439.25779008951,,false,false,9130.898997167886,25.0,20.0,20.0,-122.37740683745758,47.52998589181583
8a37a37a-9f33-44ef-a28c-560eeec4a7a5,033-9842300730,53033,5431.602497820138,,false,false,9129.267762412133,25.0,20.0,20.0,-122.37704912180845,47.529905323957585
db33cae9-a90c-4723-a9ac-83b79acd9ff8,033-9842300735,53033,6344.71698863396,,false,false,9116.631743388294,25.0,20.0,20.0,-122.37708305142331,47.53003672836012
6c143e05-359f-4fa4-91e3-9949371f1e2a,033-9843300005,53033,8996.055864954245,,false,false,34830.324942805324,25.0,20.0,20.0,-122.22833129625641,47.30092336757623
9a60c095-9277-4236-bae8-e7a8fbe8725b,033-9843300010,53033,3690.256970491635,,false,false,34835.766120279746,0.0,0.0,0.0,-122.227982791827,47.300927408387544
eb45ab25-7bd9-4771-9694-c3b26095987d,033-9843300015,53033,3690.1909469185052,,false,false,34838.35567511225,,0.0,0.0,-122.22781755795988,47.30092929490974
d364fa62-6789-47b8-9cf1-94a0bae3afb8,033-9843300016,53033,7380.448112884367,,false,false,34842.24808290469,25.0,20.0,20.0,-122.22756970757561,47.300932123442706
342e007b-cc6d-44a2-8eb5-cc7c6b7dcd6e,033-9843300030,53033,7380.441041083325,,false,false,34847.452796815756,25.0,20.0,20.0,-122.22723923977816,47.300935894849964
f060d6c1-8ae3-4fe5-adb1-515ed0db665e,033-9843300040,53033,11036.043135325384,,false,false,34782.65560938321,25.0,20.0,20.0,-122.22833202853808,47.30136308112206
f506dbc8-8f9c-460c-b1e6-23a817523f7b,033-9843300050,53033,4039.6588068556543,,false,false,34760.4489203066,0.0,0.0,20.0,-122.22833332897629,47.30156778236864
5c869aec-47ae-4249-bb4a-bcfceeed2406,033-9843300055,53033,8307.588965734612,,false,false,34742.30381718599,25.0,20.0,20.0,-122.22832577364584,47.30173639158878
2bbc6269-58f4-4596-99ab-82c47c03f0ff,033-9843300065,53033,4399.638432270107,,false,false,34750.762714741744,0.0,0.0,20.0,-122.22798471373578,47.30171155788169
ca50ca1c-9079-4f89-913d-2dac5499d83c,033-9843300070,53033,7967.761949497276,,false,false,34754.32348374027,25.0,20.0,20.0,-122.22775817037373,47.30171414429994
59fe5c4a-29f5-4755-8605-0a9de2ddcdd1,033-9843300080,53033,13799.625770163095,,false,false,34761.198190347415,25.0,20.0,20.0,-122.22736172796857,47.30171290714671
9e8b754f-8d24-46a6-bba9-9fe983344765,033-9843300083,53033,5832.050306720935,,false,false,34800.85394851271,,20.0,20.0,-122.22718076919182,47.301375270592644
5d5affaa-17cc-4da0-a428-047e26907e07,033-9843300085,53033,7699.700702239389,,false,false,34796.94176056887,25.0,20.0,20.0,-122.2274286385164,47.301372430583406
fe01aa5b-2aca-42b1-941a-26f10667e1e6,033-9843300100,53033,6710.1421349457,,false,false,34792.78526151681,25.0,20.0,20.0,-122.22769259220172,47.30136941497758
1bc6969f-e5e6-4311-8828-27e65de7ed2a,033-9843300105,53033,6819.827390514186,,false,false,34788.89185944189,25.0,20.0,20.0,-122.22794042855894,47.301366588676906
72814bd7-b56b-4963-a464-3b1a54ac3ee2,033-9843300120,53033,9720.643762868227,,false,false,34857.33741783874,25.0,20.0,20.0,-122.22661457403142,47.30094302230652
c0c24f44-31ad-4d16-867d-ed19b4542d8a,033-9844400005,53033,10089.340419278447,,false,false,16178.25201247535,25.0,20.0,20.0,-122.26848611227945,47.46718840186451
29669ca2-85e7-45c7-9601-b5ed8902b5d6,033-9844400015,53033,29783.260940768876,,false,false,16164.680594566225,25.0,20.0,20.0,-122.26873347799145,47.46726460863077
f7c60a0c-158f-44cf-b67e-9bf152ef3e39,033-9844400020,53033,7467.70560529639,,false,false,16122.73787912891,25.0,20.0,20.0,-122.26934306072967,47.46753289055616
8582afe8-43b1-4a3d-a870-6bfe5d47ebf5,033-9844400021,53033,7031.026835996852,,false,false,16144.990673924343,25.0,20.0,20.0,-122.26934675940281,47.467322911108994
800bfb8a-dc7c-4a93-9243-5b238c5afa5d,033-9844400022,53033,13665.67434937266,,false,false,16177.250776599232,25.0,20.0,20.0,-122.26935183812442,47.46701861160047
cb4aa962-0f14-4e97-907d-c061ab78487a,033-9844400035,53033,69799.4901876532,,false,false,16140.241853536581,,20.0,20.0,-122.27000645939306,47.4672324437324
a9b5df52-b8e1-4262-a9d6-d2a512893428,033-9845500010,53033,20558.59035078806,,false,false,9995.0222623254,25.0,20.0,20.0,-122.21388496044644,47.56470180430216
17517249-41dd-4bfa-a72d-a4e975d35609,033-9845500020,53033,55943.854639081284,,false,false,9916.22248490147,25.0,20.0,20.0,-122.21500597572374,47.564784810457425
34fefb34-5a8d-4f63-adca-63ff310848a6,033-9845500030,53033,33829.09079463724,,false,false,9943.228671637557,25.0,20.0,20.0,-122.21437435759708,47.56507633608447
3eab3083-a854-46ef-87a7-12c650766195,033-9845500040,53033,126683.084644111,,false,false,9879.743250152349,25.0,20.0,20.0,-122.21519179987231,47.56525307974542
661f4986-fb74-4182-bed4-cd5840ea00e9,033-9845700000,53033,8105.275273213721,,false,false,13413.057780316669,,20.0,20.0,-122.30499578429063,47.72543745921369
e91f98b4-0eba-46bb-b09c-7de16d70d548,033-9887950000,53033,4041.0735942942447,,false,false,3811.7287637719874,0.0,0.0,20.0,-122.34520703158658,47.63932180200719
7d6462bf-2bb4-4877-acc1-c12413913553,033-9888000010,53033,34073.99249436324,,false,false,17838.684233609863,25.0,20.0,20.0,-122.11100425827748,47.54711864172544
7fd7292c-4083-4b29-84ec-f456e50d4e41,033-9888000020,53033,34708.50626732771,,false,false,17794.563326742005,25.0,20.0,20.0,-122.111370513143,47.54757161656159
92111390-d80b-4a50-b8b0-10df802bd81f,033-9888000030,53033,35659.03872160425,,false,false,17740.174333450992,,20.0,20.0,-122.1120868794313,47.54767901960802
9ff2a41f-6809-4cea-9645-b3a95020b08f,033-9888000040,53033,22318.592805728334,,false,false,17688.88370603139,25.0,20.0,20.0,-122.11260563864528,47.54804805807554
4de66959-b035-42bc-be6f-bb9242939a42,033-9888000050,53033,12861.713252138692,,false,false,17746.39826094347,25.0,20.0,20.0,-122.11171761999196,47.548158937363056
7568588d-c50f-4d06-aa2d-94a074c9e54d,033-9888000060,53033,35807.47209055705,,false,false,17789.418095883193,25.0,20.0,20.0,-122.11114715370094,47.5480811584341
76a5758b-9c85-4483-be20-4c18d2282a88,033-9888050000,53033,10708.867459797895,,false,false,13823.949562479995,25.0,20.0,20.0,-122.17247588356769,47.66854729332837
75064f20-abc7-46f9-b3a5-506504e1d93b,033-9888100000,53033,15155.304314875659,,false,false,24267.546375810965,25.0,20.0,20.0,-122.32431506724168,47.38802010123291
758ae92e-022c-47ae-933f-3a0b5e117d3c,033-9888200010,53033,5374.6051412943225,,false,false,18645.19291258359,25.0,20.0,20.0,-122.20837601384238,47.46080790147287
7cf23653-e992-4d18-b5e3-458c0bf827ff,033-9888200020,53033,4522.980686517628,,false,false,18659.743999845465,0.0,0.0,20.0,-122.2083728799507,47.460658281917006
49a83a8a-2f30-46a7-9276-5a42b42d1403,033-9888200030,53033,4786.590563984374,,false,false,18673.29690522397,0.0,0.0,20.0,-122.20836319114821,47.46052157843326
0201c2e3-20b6-45db-b2c0-dc7a4f1f111a,033-9888200040,53033,6249.2394481806095,,false,false,18687.503725719827,25.0,20.0,20.0,-122.20835697849033,47.46037678286071
8c54e5d1-2557-4cd0-ac30-34bfdb2af8f4,033-9888200050,53033,5254.4718647788995,,false,false,18701.202261396822,25.0,20.0,20.0,-122.2080279904797,47.4603621858678
e665721c-16da-47cc-8190-6f1fecf76fcc,033-9888200060,53033,5668.126377747708,,false,false,18715.1349668163,25.0,20.0,20.0,-122.20767874272799,47.46035326954304
5fb6d351-2dbd-4fde-ab35-2e74763ea256,033-9888200070,53033,4791.418307295578,,false,false,18704.137555366768,0.0,0.0,20.0,-122.20763479985442,47.460484460416275
341dc9e1-e4c7-421f-b244-00e46d76fa98,033-9888200080,53033,4828.13931150542,,false,false,18690.390410208387,0.0,0.0,20.0,-122.20761336333177,47.46063548043868
4a14628a-e323-4ff2-bf70-e305bae09d14,033-9888200090,53033,5672.782039603732,,false,false,18674.47977148893,25.0,20.0,20.0,-122.20763065346605,47.46079391016888
8dfd3cd8-c2ac-4b06-9e80-fb0240d8cb9f,033-9888200100,53033,2953.835602594599,,false,false,18663.18264143998,0.0,0.0,0.0,-122.20789568989193,47.46080790583515
0671b0f2-1511-426f-b493-c51ab79750c0,033-9890000010,53033,10361.509111211868,,false,false,15657.036818259308,25.0,20.0,20.0,-122.16743293784624,47.6929246074219
3de202e8-13b0-44ef-acbb-93c6c3dfc0b7,033-9890000020,53033,10564.914701990187,,false,false,15675.067439605587,25.0,20.0,20.0,-122.16712899827307,47.692925892284364
46b36bee-e4f4-4bc8-a6a5-eef1bb710b32,033-9890000030,53033,10497.29643274217,,false,false,15693.10381120118,25.0,20.0,20.0,-122.16682313314939,47.69292541333269
e3c32c6b-2529-408b-ac0c-2567b45a32f6,033-9890000040,53033,10490.942403195806,,false,false,15711.151010559408,25.0,20.0,20.0,-122.16651831900205,47.69292581869883
75372cf9-ce71-46f8-a1d0-36c43887df13,033-9890000055,53033,7195.818789651307,,false,false,15756.710299755496,25.0,20.0,20.0,-122.16574365176565,47.692921514955785
5fdf8ffd-b709-45ff-b2cb-a1705685d8c4,033-9890000060,53033,7236.985470229168,,false,false,15744.656405019981,25.0,20.0,20.0,-122.16595047074216,47.692924390983436
f123c8cf-23bb-433a-bbd4-6f2e9cc64133,033-9890000065,53033,7193.736037161501,,false,false,15768.774057244766,25.0,20.0,20.0,-122.1655403458786,47.692921762032775
598ac163-1c66-416b-9780-a9ff5aec7de0,033-9890000070,53033,7191.632765523719,,false,false,15780.843268384233,25.0,20.0,20.0,-122.16533703955604,47.69292200842085
f77b86b4-7a71-48db-a9bd-10331f8bbec8,033-9890000075,53033,7516.093663633629,,false,false,15793.232821497766,,20.0,20.0,-122.16512894014984,47.69292270524797
3247cde0-586f-4119-8ffa-50a14979f4b5,033-9895000010,53033,1330.7694855570724,,false,false,24550.868321572485,0.0,0.0,0.0,-122.01783503977258,47.54454852731784
7b45192b-4752-4b14-9132-6b4fab29b8d5,033-9895000020,53033,981.3458152406478,,false,false,24546.6879461427,,0.0,0.0,-122.01786943507449,47.54460301006963
4ecfd66c-4ff0-45f7-9abc-b8ddce4b2537,033-9895000030,53033,1161.0904848876266,,false,false,24544.974429867634,0.0,0.0,0.0,-122.01786701078697,47.54466347244136
02aa9fbd-5e17-4cb3-b522-ac9c8a03b9a5,033-9895000040,53033,1004.5088886567269,,false,false,24573.486085620243,0.0,0.0,0.0,-122.0175228724827,47.544544321996106
ddce0d10-186d-40f6-b823-5e64964872d1,033-9895000050,53033,899.725648045634,,false,false,24571.689304815587,0.0,0.0,0.0,-122.01752267264766,47.5446023256257
12c015e7-6564-4fe7-839a-4735b4b2df25,033-9895000060,53033,1087.2712434935781,,false,false,24569.816096630067,0.0,0.0,0.0,-122.01752246408861,47.544662850318915
38ab5c7b-e03b-4ca6-bfe0-0c84a34874dd,033-9895000070,53033,1137.3035884860503,,false,false,24562.201695748743,0.0,0.0,0.0,-122.0175805042485,47.54477300697684
cfaf19a8-3c78-441b-83e0-ee0272ad12f3,033-9895000080,53033,1182.3496460109318,,false,false,24554.482727383005,0.0,0.0,0.0,-122.01768758669013,47.54477311062524
30d293f5-9be3-44cd-966a-16dd2d4d61f6,033-9895000090,53033,1183.6228423286743,,false,false,24546.618165463464,0.0,0.0,0.0,-122.01779669125519,47.544773217423916
9b609def-16f3-43aa-90e4-590b307a362d,033-9895000100,53033,1227.0843028720499,,false,false,24538.61305585547,0.0,0.0,0.0,-122.01790773656572,47.54477335397642
84e2368a-6f1e-4688-8c67-4f46373b4001,033-9895000110,53033,4990.505284737837,,false,false,24561.492350508044,,0.0,20.0,-122.01764730215143,47.544641368486694
9e39f4a8-59bf-4382-a0e4-b290964ca7b5,033-9895000120,53033,937.3085331636362,,false,false,24580.7536106368,0.0,0.0,0.0,-122.01740327997067,47.54458748690907
471b65e7-df0f-49af-b8ee-09c0e7625bba,033-9895000130,53033,2371.058583263879,,false,false,24551.132512664597,0.0,0.0,0.0,-122.01769743496024,47.54485793979826
62e8b67c-a2bd-4626-a5a9-f481901f9828,033-9899200010,53033,11169.606017755072,,false,false,19677.01615226398,25.0,20.0,20.0,-122.21332014922983,47.448459888452106
6a09e651-5392-43ac-836c-6d87d407a673,033-9899200020,53033,16971.494121130876,,false,false,19654.183879126824,25.0,20.0,20.0,-122.2132823751992,47.448703173325136
cb112c87-b393-4f9c-b715-6783ebed8d8a,033-9899200030,53033,12277.839568693747,,false,false,19663.47373406661,25.0,20.0,20.0,-122.21283959237546,47.448761965693755
2080dce9-40f8-4d4f-be90-561569e6a999,033-9899200040,53033,13307.46543295399,,false,false,19681.586451561936,25.0,20.0,20.0,-122.21242384504431,47.4487227794016
be2fc746-d900-48dc-949e-93269769e9d9,033-9899200050,53033,10363.76204403139,,false,false,19707.377253693947,25.0,20.0,20.0,-122.21234994298597,47.44848779381391
2c350b43-3da2-4722-b490-d5fbcfb719e4,033-9900000005,53033,6317.558627422808,,false,false,15229.712575118372,25.0,20.0,20.0,-122.3550366824835,47.47011402247811
9bb5f551-51c1-43b0-98ea-779e52f1f2db,033-9900000015,53033,6446.938828851949,,false,false,15250.411197732947,25.0,20.0,20.0,-122.35503876022823,47.46992683831997
7d4989cd-c0ab-4007-9922-06d251cb21b1,033-9900000030,53033,6429.033448278262,,false,false,15237.345903859177,25.0,20.0,20.0,-122.35475335058314,47.47002331576105
2822de0e-ef80-4273-b94f-4ea0de28ec81,033-9900000034,53033,6107.859771529351,,false,false,15235.414242580617,25.0,20.0,20.0,-122.35456734252962,47.470026751088184
cfc4a59f-7013-4e70-b320-8681ea3d2ac6,033-9900000035,53033,8149.164682948033,,false,false,15233.455102960055,25.0,20.0,20.0,-122.35435559135682,47.4700286300526
e901e74c-379b-4a3f-a44b-08aeccf6d487,033-9900000040,53033,8138.40807267346,,false,false,15231.125094470539,25.0,20.0,20.0,-122.35411338297983,47.47003176634543
36239d07-a66b-4a8d-9afa-7273b2b9234c,033-9900000045,53033,8127.511340941431,,false,false,15228.816746920638,25.0,20.0,20.0,-122.3538711775673,47.47003490012853
643fc7d2-c0e5-444b-ad73-827b237c958b,033-9900000050,53033,8117.018927489068,,false,false,15226.529531927665,25.0,20.0,20.0,-122.35362897109825,47.47003803597262
9d4fbcb2-d049-4ef9-ba92-d3d36e4bc2fb,033-9900000060,53033,8095.785981708234,,false,false,15222.019570679577,25.0,20.0,20.0,-122.35314455037059,47.47004430418827
4c979641-f9e2-4d1b-af20-536ab687f68a,033-9900000065,53033,8863.660387677714,,false,false,15219.687375486628,25.0,20.0,20.0,-122.35289067333363,47.470047614361775
30d963e9-929c-491b-b0bb-8e257ae21a9d,033-9900000070,53033,8979.696640461,,false,false,15260.912064936392,25.0,20.0,20.0,-122.35289432233263,47.469675170789735
54a53cb4-ef9d-4568-a0fb-0b5c86bf0473,033-9900000075,53033,8182.691526090187,,false,false,15263.23189271147,25.0,20.0,20.0,-122.35314831096049,47.46967193557313
2a949955-5e20-44de-813f-1e06cec65fff,033-9900000080,53033,8168.745226763449,,false,false,15265.465153210554,25.0,20.0,20.0,-122.3533907221672,47.469668872362185
dc9afc49-9e4f-4d49-93b0-9ddfda3810bb,033-9900000085,53033,8155.036495750737,,false,false,15267.719848553828,25.0,20.0,20.0,-122.3536331332463,47.46966580855686
8093d694-743b-461a-8677-d14c7a4e8f65,033-9900000090,53033,8141.00246383372,,false,false,15269.996178050358,25.0,20.0,20.0,-122.35387554349953,47.46966274221753
423ca99d-1ae8-4fa3-a8f5-710df0f86ed9,033-9900000095,53033,11729.98579675564,,false,false,15272.807316411541,25.0,20.0,20.0,-122.35417171335322,47.46965898674106
363d0516-e20a-4eda-b2aa-0346b34b04aa,033-9900000105,53033,12609.57060419943,,false,false,15276.29839131427,25.0,20.0,20.0,-122.35453531418325,47.469654409249664
ea0e9435-703a-4022-b89a-c8649fe77f7a,033-9900000110,53033,8085.313191723223,,false,false,15279.314812455597,25.0,20.0,20.0,-122.35484517468733,47.46965047697923
0e46d1e0-d6c4-476c-838b-f4118c08f728,033-9900000125,53033,8924.037980470666,,false,false,15215.266930213817,25.0,20.0,20.0,-122.35238225557174,47.47005262259429
4174a454-40a3-4955-9ebb-1ef0afa8beb7,033-9900000130,53033,8131.520963311555,,false,false,15212.992112991218,25.0,20.0,20.0,-122.35212782818955,47.470056016032785
35d715f3-884f-4cd8-9e7c-dd09c0d4b840,033-9900000135,53033,8120.406767601366,,false,false,15210.855858175497,25.0,20.0,20.0,-122.35188504344548,47.4700591420106
3086e23a-9dfa-4f91-a789-b0f8f0e26938,033-9900000140,53033,8109.092743066724,,false,false,15208.741177333015,25.0,20.0,20.0,-122.35164225634934,47.47006226760144
2bf62b40-db6d-4481-ad0a-de468f9cc3d0,033-9900000145,53033,8097.8266287564065,,false,false,15206.648286639098,25.0,20.0,20.0,-122.3513994691831,47.47006539108677
329cdaef-9ab4-4a42-a171-af212d12a14a,033-9900000150,53033,8086.519430946225,,false,false,15204.576895538165,25.0,20.0,20.0,-122.35115668132904,47.470068515133086
0e53b8c5-1b83-4009-bbd2-160a00e619a4,033-9900000155,53033,8075.2631892268655,,false,false,15202.527273070864,25.0,20.0,20.0,-122.35091389521943,47.47007163754463
e3fdcc86-5518-4515-ae67-7e4a6ae3c1a3,033-9900000160,53033,8064.192576047165,,false,false,15200.4990607579,25.0,20.0,20.0,-122.35067110578707,47.47007476131895
2f7381d9-0cd9-460a-bcc3-9d31c4ab5ed1,033-9900000165,53033,8052.745054426494,,false,false,15198.492581869794,25.0,20.0,20.0,-122.35042831533768,47.470077883763906
5aa8fc9f-46a7-4fd4-b591-253b699d8d3f,033-9900000170,53033,8810.926408516563,,false,false,15196.42607039748,25.0,20.0,20.0,-122.35017390922107,47.47008104015489
4aac773c-ee26-4ce6-bd55-c3142800b38f,033-9900000175,53033,8844.542370834166,,false,false,15237.101488970315,25.0,20.0,20.0,-122.35017605685559,47.46971390797891
bc1a5eb7-f61d-4b07-92a6-fb569f05c154,033-9900000180,53033,8052.964905449658,,false,false,15239.227590190694,25.0,20.0,20.0,-122.35043097522176,47.469710205460935
45f3e249-9bfd-4d5d-9402-dfd5a54a7ab8,033-9900000185,53033,8064.2267164862415,,false,false,15241.28685217326,25.0,20.0,20.0,-122.35067377119935,47.46970656891715
61aa8d52-898f-47dc-9b93-8e4d15294277,033-9900000190,53033,8075.445647689318,,false,false,15243.367875904238,25.0,20.0,20.0,-122.35091656619757,47.46970293017714
ac46b17a-758e-4942-a0a8-abe2dcbf7ed7,033-9900000195,53033,8086.689145205096,,false,false,15245.470332191459,25.0,20.0,20.0,-122.35115936051201,47.46969929215066
6f8b8465-21b8-4a1f-bbdf-b10f69ed1f84,033-9900000200,53033,8098.042521665345,,false,false,15247.594283563238,25.0,20.0,20.0,-122.35140215527495,47.46969565426401
36386744-2fac-4ea0-9b3b-e9170e1dffe1,033-9900000205,53033,8109.108838856743,,false,false,15249.739845997374,25.0,20.0,20.0,-122.35164494784456,47.469692015216914
e8ad390f-3703-49ba-9a23-0bf5e0f9028f,033-9900000210,53033,8120.700639921021,,false,false,15251.907232150417,25.0,20.0,20.0,-122.35188774268505,47.46968837329511
74947353-7589-473e-918e-9bcae8f3262d,033-9900000215,53033,8131.595417568651,,false,false,15254.095806596606,25.0,20.0,20.0,-122.35213053699489,47.469684733975384
7567539a-c744-4e94-a70f-4e6d2f5b3e94,033-9900000220,53033,8957.692242376359,,false,false,15256.429731776703,25.0,20.0,20.0,-122.35238547270072,47.46968079698632
248f9ea4-23db-4b00-8cc8-b0b5da4970e0,033-9900000225,53033,8374.360409811052,,false,false,15314.48714575233,25.0,20.0,20.0,-122.35239063050953,47.46915641852363
5fc81ca3-5ac1-4b45-b7c5-36f570937d65,033-9900000235,53033,7953.2803332966005,,false,false,15312.142769906359,25.0,20.0,20.0,-122.35213019033726,47.469160143581135
cfeb75e4-03f4-4635-be60-d89e1f5ae322,033-9900000245,53033,8344.441373526675,,false,false,15309.60948225972,25.0,20.0,20.0,-122.35187030862784,47.46916583475056
c88d2433-8982-492d-a2ca-e8155b324e38,033-9900000255,53033,6155.527799373906,,false,false,15352.688370833994,25.0,20.0,20.0,-122.35183883229453,47.46877453149462
834caeda-3fd9-451f-8091-29d4ea8c5243,033-9900000260,53033,6136.112541520921,,false,false,15354.403658032184,25.0,20.0,20.0,-122.3520357611093,47.46877198834471
fa4ea87c-2920-4a04-8496-fbc8db59fcfa,033-9900000265,53033,12213.742055251883,,false,false,15357.00160912659,25.0,20.0,20.0,-122.35233099793913,47.468768174994565
a3278547-c140-4e70-bfcc-7f067da3a549,033-9900000275,53033,6484.857865472173,,false,false,15325.12687207951,25.0,20.0,20.0,-122.35345437854305,47.46913388907541
15b57173-1b4d-46fc-b099-04ac641ebe90,033-9900000280,53033,6487.0391528572145,,false,false,15323.351947076115,25.0,20.0,20.0,-122.35325796975802,47.469136056272276
b24361a6-440d-4484-a08d-2c6b52ca3d82,033-9900000285,53033,6039.910420542263,,false,false,15309.873142816925,25.0,20.0,20.0,-122.352962029779,47.469237237730624
ffa85ed1-9d16-40ab-a1ed-485ff6bffa41,033-9900000286,53033,6940.4330785435095,,false,false,15330.152090846168,25.0,20.0,20.0,-122.3529644782513,47.46905407664166
41f4cc9a-59ec-455e-941a-19e3dc0d37d8,033-9900000287,53033,12992.33196258243,,false,false,15361.264818803562,25.0,20.0,20.0,-122.3529672008886,47.46877299654568
ebc187b9-7995-488a-860b-2c5796d4eeac,033-9900000292,53033,1398.9762300437894,,false,false,15362.755453213029,0.0,0.0,0.0,-122.35318497228161,47.46877466953323
205227fc-0ff1-4863-9518-898622647e14,033-9900000293,53033,11584.831389135012,,false,false,15364.998252153353,25.0,20.0,20.0,-122.3533815588147,47.468768201406235
11354cb9-df28-47fa-929c-67b44787e643,033-9900000315,53033,52055.24572434366,,false,false,15442.311139807558,25.0,20.0,20.0,-122.35316870598875,47.46805427903066
bd6b6b3f-8bec-4d4e-9d33-65471f3e5800,033-9900000355,53033,6303.928306605126,,false,false,15414.444342343719,25.0,20.0,20.0,-122.35243264407177,47.468255862764025
6b9d7d4d-bd0b-49ed-a4f9-18dc47a50393,033-9900000360,53033,7558.720132449658,,false,false,15412.292981795592,25.0,20.0,20.0,-122.35221148631906,47.46826052805548
7e871872-fe75-4229-9fab-bf3953abdca0,033-9900000365,53033,10802.531620289617,,false,false,15409.971343713612,25.0,20.0,20.0,-122.35191862801484,47.46826218716713
013e870a-387a-4259-9c08-568a5a2900d2,033-9900000380,53033,7810.624907605239,,false,false,15452.834597575436,25.0,20.0,20.0,-122.351874174947,47.46787200976369
500166ca-d82a-4968-bdd9-01137d8657c1,033-9900000385,53033,8237.672660131891,,false,false,15454.912401158279,25.0,20.0,20.0,-122.3521310244787,47.467870079037226
28704b17-bccc-4a2d-9866-4d4af1da1f5d,033-9900000400,53033,8576.322302804967,,false,false,15457.385109488252,25.0,20.0,20.0,-122.35239997883075,47.46786560375
eac45f0a-d36b-4002-8b77-7f89e9354d8f,033-9900000410,53033,6137.878083520375,,false,false,15523.136759066554,25.0,20.0,20.0,-122.35234447578435,47.467267718946474
de031023-cb98-42c4-8dee-1e7d7f1b6f0c,033-9900000415,53033,6271.342681719909,,false,false,15503.913560989144,25.0,20.0,20.0,-122.35234412125244,47.46744140706467
f34272c7-a2e5-47e0-a2a7-62f723631fd4,033-9900000420,53033,6206.713914246833,,false,false,15510.916811824936,25.0,20.0,20.0,-122.35204734693815,47.467358542388766
007feae9-81a6-4858-835d-35e0940c16af,033-9900000425,53033,6410.720942591563,,false,false,15509.185574650453,25.0,20.0,20.0,-122.35184613980509,47.46736107494102
410f5b8f-f589-4b02-b799-807913a31b33,033-9900000427,53033,6145.613407856847,,false,false,15552.348190411823,25.0,20.0,20.0,-122.35184653254399,47.466971154096626
6d23ff0c-da31-4b11-a745-47f87c69f772,033-9900000431,53033,8308.89150091054,,false,false,15554.222672397122,25.0,20.0,20.0,-122.35208020909594,47.46696941332387
a1024d89-fd0d-4099-8198-f7a344920a8b,033-9900000440,53033,10260.645278473232,,false,false,15556.790515716075,25.0,20.0,20.0,-122.35238038731443,47.46696599149763
3fe62a75-d5b9-4f76-a52b-7aaf31a5fb35,033-9900000445,53033,7672.589317179575,,false,false,15522.891858294117,25.0,20.0,20.0,-122.35344393369944,47.46734495480976
21eb8655-b680-4eea-a471-958b7d5a42b0,033-9900000450,53033,7607.834685714961,,false,false,15520.626662234405,25.0,20.0,20.0,-122.35319844353349,47.46734833398729
66cdfc4d-473d-40e1-81fa-0f080c1694e9,033-9900000465,53033,9069.255715948666,,false,false,15518.305270834626,25.0,20.0,20.0,-122.35293055192064,47.46735088347455
7f899b55-ab7b-4681-b40f-74750bca2003,033-9900000470,53033,6092.74397145854,,false,false,15562.656928655055,25.0,20.0,20.0,-122.35308209572919,47.46696036040878
b321afee-cf93-40d4-8225-67aaabdc6416,033-9900000475,53033,6082.286532949138,,false,false,15560.966690660314,25.0,20.0,20.0,-122.35288653224126,47.46696226950708
72ccda47-decf-434b-96e9-943fa7d35431,033-9900000480,53033,6092.408894561022,,false,false,15564.374024574545,25.0,20.0,20.0,-122.35327784037914,47.46695834461835
47e5443c-5a17-46a6-a2ce-af0f0a301d67,033-9900000490,53033,15043.529339550774,,false,false,15565.161609859968,25.0,20.0,20.0,-122.35360390824556,47.46697400269596
564f357c-1739-4655-8b46-1b897d3d0381,033-9902000005,53033,10120.147011679894,,false,false,22984.575439264656,25.0,20.0,20.0,-122.32074610028796,47.39963710260277
9fe2e6ac-480c-4b52-a1f8-824ff01405b7,033-9902000010,53033,9530.164736525958,,false,false,23009.946618999445,25.0,20.0,20.0,-122.32075473393888,47.39940856139563
fc0520da-f48d-4e9e-a192-153e46d227ba,033-9902000015,53033,10045.812481796358,,false,false,23051.992613439474,25.0,20.0,20.0,-122.320743007452,47.399030467778566
4a0c1075-b925-462a-be67-be3377c4db79,033-9902000020,53033,10159.927481984563,,false,false,23077.59437001279,25.0,20.0,20.0,-122.3207419539379,47.39880009494133
d0bcccde-b4d5-486f-b5db-1164ff041fc9,033-9902000025,53033,10608.484967983599,,false,false,23074.352529139756,25.0,20.0,20.0,-122.32032921869869,47.398839774006795
9b638ce3-c39d-4965-b846-7d8d48e78ad2,033-9902000030,53033,12251.121038753847,,false,false,22990.52127248888,25.0,20.0,20.0,-122.32031288450759,47.399594665561224
80ce8d74-292f-47e4-ab43-2b65fa94e59a,033-9902000035,53033,16774.21468675763,,false,false,23003.677348956753,25.0,20.0,20.0,-122.32000773326551,47.39948430613105
b79e0b94-2312-40d6-8e8e-a39eed55be09,033-9902000040,53033,10422.964598544157,,false,false,23035.93059079779,25.0,20.0,20.0,-122.31993273098797,47.399196026259894
252a32a0-4b34-4cd4-b7c3-b7e0b0abb271,033-9902000044,53033,10299.07060624852,,false,false,23064.10951064655,25.0,20.0,20.0,-122.3196007334558,47.39895142485875
58565b4e-1053-418e-bab0-0fef007f462f,033-9902000045,53033,11875.671308249084,,false,false,23084.08319547995,25.0,20.0,20.0,-122.31965705649895,47.39877010347414
747096f6-3f97-452e-956f-d9728afcbcc3,033-9902000055,53033,10357.827279393345,,false,false,23085.97526712041,25.0,20.0,20.0,-122.31895969140274,47.39877269928926
6272cde7-cb7f-4e9c-a664-a4d52a56a479,033-9902000060,53033,10439.244330938867,,false,false,23066.176383378333,25.0,20.0,20.0,-122.31896111361688,47.398950876252606
d4c3e18a-0ec2-4cd2-b2f8-c147f16eb101,033-9903000000,53033,9628.449575127044,,false,false,10036.223180878467,25.0,20.0,20.0,-122.34324697509555,47.69614501968577
d6997266-9186-4dbb-b51d-1ccbd3ab8314,033-9904000005,53033,7137.407543895702,,false,false,12361.856958492528,25.0,20.0,20.0,-122.30216134929283,47.71552889840992
94ed7c27-371f-40be-b317-8990769357a1,033-9904000006,53033,6257.231304279995,,false,false,12343.776035241373,25.0,20.0,20.0,-122.30216542492875,47.71536404724117
9fde0708-7058-4b5f-aceb-2a9ae034ffa8,033-9904000008,53033,5824.949602552596,,false,false,12349.802856413635,25.0,20.0,20.0,-122.30248772813944,47.71545901592942
79437d76-beff-4f79-9ae8-24caf084d669,033-9904000010,53033,6002.390227126431,,false,false,12308.858109444867,25.0,20.0,20.0,-122.30213285197577,47.71504061891788
0758d6ce-a3c2-4818-8e90-40e89b3f8077,033-9904000011,53033,6027.360415114309,,false,false,12326.84369098878,25.0,20.0,20.0,-122.30213577740906,47.715205491343205
541d701f-fb0f-485b-b38d-d80e20bd639a,033-9904000012,53033,7192.163980648315,,false,false,12313.778419030667,25.0,20.0,20.0,-122.30245893932275,47.71512610723681
6ff6b486-292d-481e-88fa-57f6b4be0b8f,033-9904000015,53033,6027.416655598599,,false,false,12290.87345019379,25.0,20.0,20.0,-122.30212992621479,47.71487574546007
ab61dc9b-3770-454c-9bcb-bb1ce7600d14,033-9904000016,53033,7194.612799467884,,false,false,12277.795400034034,25.0,20.0,20.0,-122.3024531277319,47.71479636652888
e8121c75-839f-42ae-9772-2bb2cd886ffa,033-9904000017,53033,6002.282387516177,,false,false,12272.8898701878,25.0,20.0,20.0,-122.30212700285198,47.714710872705304
bfa1a532-f674-4169-b6e2-34ae40ee1987,033-9904000020,53033,9633.226251406879,,false,false,12253.361664369826,25.0,20.0,20.0,-122.3022456106712,47.7145470830861
018f001e-c2be-4d2c-a5dc-ef4eff02c729,033-9904000025,53033,9593.800513976466,,false,false,12235.377359284745,25.0,20.0,20.0,-122.3022427039728,47.71438221068997
5a8390de-8bef-4f71-bbb7-5388de4ffe56,033-9904000030,53033,9659.129310082093,,false,false,12199.468795230305,25.0,20.0,20.0,-122.30223690531865,47.714052988485605
b4b20c00-59dd-4ede-bba6-858cb6e58b6c,033-9904000035,53033,9572.066255194693,,false,false,12217.453921123228,25.0,20.0,20.0,-122.30223970356454,47.71421787383913
8460af6d-02c2-43af-a768-fbf7293ded76,033-9904000037,53033,6621.4294187935,,false,false,12189.561109885723,25.0,20.0,20.0,-122.303029182047,47.71406058217145
fda99f2b-8d60-488a-a8d6-819b90f079ce,033-9904000039,53033,3016.4668897294614,,false,false,12185.57208767691,0.0,0.0,0.0,-122.30335386838935,47.71406360401339
e3f2bedb-80ad-4b3e-8032-746009747ca0,033-9904000040,53033,9553.748792288752,,false,false,12206.278100799738,25.0,20.0,20.0,-122.30313290000564,47.714226020697346
fd982272-fde7-4151-a975-e3db858f6dd8,033-9904000051,53033,7202.134436506689,,false,false,12230.729026333793,25.0,20.0,20.0,-122.30334064279056,47.71447459642151
b9553c0e-34b2-46d9-972b-5e5a632c824b,033-9904000052,53033,6002.437177751485,,false,false,12225.700045615498,25.0,20.0,20.0,-122.30301441036052,47.71438909307887
d5ab6be8-3de8-4127-88d8-2d4c0ada068d,033-9904000053,53033,6027.262489306443,,false,false,12243.700932718864,25.0,20.0,20.0,-122.30301729722267,47.71455396453066
a5d3d2ba-243d-48b3-9c48-a480fed18534,033-9904000055,53033,9634.157843369512,,false,false,12278.213457583794,25.0,20.0,20.0,-122.30314464182055,47.71488479579361
8b4f80ac-048d-415c-91e9-3be4114a1a80,033-9904000060,53033,9594.791514788885,,false,false,12260.207637267426,25.0,20.0,20.0,-122.30314177646744,47.71471992306924
895be6b5-fb57-46fd-ab9e-8ce39bcfb516,033-9904000063,53033,9632.387320456875,,false,false,12314.227906321685,25.0,20.0,20.0,-122.30315036409493,47.715214539309244
eacd5b20-ac92-44d6-8903-237b4d8f4e96,033-9904000064,53033,9593.231014339322,,false,false,12296.220286814387,25.0,20.0,20.0,-122.30314750477896,47.715049668576135
c2227778-b913-4533-9ce7-cbe6548e79e6,033-9904000070,53033,9591.872395145665,,false,false,12332.236473539135,25.0,20.0,20.0,-122.30315322679795,47.71537941031772
4335df0a-0a7c-4d75-bf6c-b253dd33e8bf,033-9904000071,53033,9631.022737116738,,false,false,12350.246059747074,25.0,20.0,20.0,-122.30315609264852,47.71554428226049
d5b9fd6f-30f4-4f66-b8cf-229b6d697e95,033-9904000080,53033,6393.687612193932,,false,false,12320.172209948158,25.0,20.0,20.0,-122.30416160398536,47.7153884166478
26b49242-361d-411f-a790-1a5b73546c98,033-9904000084,53033,6616.315441763496,,false,false,12333.078664832146,25.0,20.0,20.0,-122.30383488294011,47.71546808880874
0307ede2-505f-4ce9-aeb8-58e723946f94,033-9904000085,53033,6430.970740977903,,false,false,12338.198194893805,25.0,20.0,20.0,-122.30416480394271,47.71555329031401
3c879096-dc60-4870-a9fa-f9fc80b39602,033-9904000090,53033,9673.798460946247,,false,false,12285.441816224737,25.0,20.0,20.0,-122.30404348036356,47.71505767023752
1aff06a3-246e-415c-b8dc-511c0e87ea4a,033-9904000091,53033,9724.843682873005,,false,false,12303.463812571901,25.0,20.0,20.0,-122.30404667220847,47.71522254392242
861d6225-74d1-4d30-b3e5-af47e5bd5d5a,033-9904000095,53033,9703.686746366482,,false,false,12267.420765224377,25.0,20.0,20.0,-122.30404028605041,47.7148927964316
f9795a69-d26e-40fe-a323-c9a881a995f7,033-9904000096,53033,9652.960962203648,,false,false,12249.40058453233,25.0,20.0,20.0,-122.30403708947024,47.7147279218045
81bacefa-ac00-459a-8a58-7429004581f0,033-9904000100,53033,12097.529530473554,,false,false,12220.722467965452,25.0,20.0,20.0,-122.30415391941037,47.7144798218491
9137f617-01f8-410c-8761-530aa150260e,033-9904000101,53033,7217.076252699523,,false,false,12225.215548230015,25.0,20.0,20.0,-122.30382844735719,47.71448251476336
c232e17c-5f1d-4b89-a946-59bc485806db,033-9904000105,53033,9623.23057042684,,false,false,12184.479807859638,25.0,20.0,20.0,-122.30418843665178,47.714153021899264
42550970-ca70-46a1-ab7b-9eb12d94b77f,033-9904000106,53033,9602.907463595042,,false,false,12188.347044738988,25.0,20.0,20.0,-122.30386295943534,47.71414993211586
64134f24-b3f2-444e-a806-7e5202a010e8,033-9906000005,53033,5195.334464547533,,false,false,5834.085315602251,25.0,20.0,20.0,-122.35577065003766,47.65618350426464
75449729-9257-4d2a-8d48-f89de0d0ba81,033-9906000006,53033,4200.416271093485,,false,false,5816.883906469588,0.0,0.0,20.0,-122.35576618541499,47.65602205228907
9a8e7bfc-3d76-453a-b4e1-c4efd6ea2173,033-9906000015,53033,4400.773230783591,,false,false,5833.089090149725,0.0,0.0,20.0,-122.35601460713728,47.65612132124181
803f46a4-adaa-466a-bce0-ee1c23a62559,033-9906000020,53033,4402.796561240855,,false,false,5836.801982641241,0.0,0.0,20.0,-122.35617691772258,47.6561209888055
1d7b7f6f-5521-4dd8-b528-2b7b284ae42a,033-9906000025,53033,5004.9817160667835,,false,false,5838.365406310711,25.0,20.0,20.0,-122.35633697036184,47.65610059648535
81246142-2082-451b-94fa-0698b6c8c243,033-9906000030,53033,4406.709253588945,,false,false,5844.2964134464055,0.0,0.0,20.0,-122.35650154007674,47.656120321639904
83411159-097c-4378-a6b4-2bff4fb724c2,033-9906000035,53033,4408.266675417644,,false,false,5848.07629967245,0.0,0.0,20.0,-122.35666385196723,47.65611997205948
4d957a0c-6f2e-4224-9d10-9757596178d8,033-9906000040,53033,4046.1979651342044,,false,false,5862.470607342573,0.0,0.0,20.0,-122.35690770131264,47.65620169735628
510a9818-eb3a-4a90-8495-2b88316b5e33,033-9906000045,53033,4828.118216747942,,false,false,5846.5639018333795,0.0,0.0,20.0,-122.35690883406659,47.65605057386916
19a1edad-f531-4871-aa54-27e10564fe70,033-9906000060,53033,6257.793449262672,,false,false,5873.169739031639,25.0,20.0,20.0,-122.35749036363362,47.65617040854161
c492fa6a-8363-4797-bb24-2cb6a92d0930,033-9906000065,53033,3290.494530853418,,false,false,5857.297971763565,0.0,0.0,0.0,-122.35749142063811,47.656019257206566
78dd3a57-edce-4405-b88b-3b500fc5dbfc,033-9906000080,53033,4410.215615332752,,false,false,5873.915601070423,0.0,0.0,20.0,-122.3577475374441,47.65611782419226
053ca90e-33ec-410b-a287-313df4fa185d,033-9906000090,53033,4417.690552244906,,false,false,5877.875751394137,0.0,0.0,20.0,-122.35790996314856,47.65611750603569
7db158bc-028b-405c-aaac-535f6c405e95,033-9906000100,53033,4245.95560744682,,false,false,5881.784339667032,0.0,0.0,20.0,-122.35806937389293,47.65611719425768
5dd0caf1-09d6-4feb-be58-ba734b9d99e7,WA-KING-SAMPLE-001,53033,14000.0,Downtown Commercial (example),true,true,312.69789424072985,100.0,100.0,100.0,-122.33449999999999,47.60849999999999
6f0c0c6e-79e3-4c34-81c8-91248c3dbc22,WA-KING-SAMPLE-002,53033,4800.0,Lowrise (example),false,false,2670.6156394420195,0.0,0.0,20.0,-122.30150000000002,47.618500000000004
