{
  "type": "FeatureCollection",
  "features": [
    {
      "type": "Feature",
      "geometry": {
        "type": "Polygon",
        "coordinates": [
          [
            [
              -122.20391399977547,
              48.189711000246795
            ],
            [
              -122.20418199956409,
              48.189716999791756
            ],
            [
              -122.20388500036147,
              48.189422999702956
            ],
            [
              -122.20367199992613,
              48.18923199977223
            ],
            [
              -122.20351799994036,
              48.18911100028182
            ],
            [
              -122.20335599955864,
              48.18899600013509
            ],
            [
              -122.20318200037967,
              48.1888890002511
            ],
            [
              -122.20299900008156,
              48.18878799979746
            ],
            [
              -122.20289399960126,
              48.18873799986684
            ],
            [
              -122.20272799991993,
              48.188670999835445
            ],
            [
              -122.20251799985762,
              48.18859400005765
            ],
            [
              -122.20212600022049,
              48.18846400012362
            ],
            [
              -122.2019300004019,
              48.188399000032945
            ],
            [
              -122.20183900016528,
              48.18836400018032
            ],
            [
              -122.20175299995157,
              48.188322999997446
            ],
            [
              -122.20167299958564,
              48.188274999916956
            ],
            [
              -122.20160800018664,
              48.18821800021215
            ],
            [
              -122.20156100033095,
              48.18815399996369
            ],
            [
              -122.20152899964557,
              48.18808399989991
            ],
            [
              -122.20151399957697,
              48.18801300018238
            ],
            [
              -122.20151100010223,
              48.18790700020183
            ],
            [
              -122.20150199988142,
              48.18772000006315
            ],
            [
              -122.20150500025447,
              48.187644999783785
            ],
            [
              -122.20147500011723,
              48.18748800012132
            ],
            [
              -122.20143499993425,
              48.18733399988975
            ],
            [
              -122.20142599971341,
              48.18726200015944
            ],
            [
              -122.20141599966767,
              48.187178000046764
            ],
            [
              -122.20135799994138,
              48.18694600004706
            ],
            [
              -122.201304000413,
              48.1867939997463
            ],
            [
              -122.20123599974264,
              48.186643999961085
            ],
            [
              -122.20106900023636,
              48.18634700024116
            ],
            [
              -122.20092299974819,
              48.18612899979311
            ],
            [
              -122.20075799989174,
              48.18591600000648
            ],
            [
              -122.20051500021748,
              48.18555199974503
            ],
            [
              -122.20015199999435,
              48.18501000015973
            ],
            [
              -122.199833999977,
              48.184658999950905
            ],
            [
              -122.19947300030198,
              48.18425500013248
            ],
            [
              -122.1987769999929,
              48.18347700011325
            ],
            [
              -122.19768499984869,
              48.1822549999948
            ],
            [
              -122.19744299999935,
              48.18198500023295
            ],
            [
              -122.1969679996232,
              48.18145600017722
            ],
            [
              -122.19676500013192,
              48.181229999972366
            ],
            [
              -122.19641500032758,
              48.180840000047894
            ],
            [
              -122.19536599984104,
              48.179673000203024
            ],
            [
              -122.19524100016757,
              48.17953399989789
            ],
            [
              -122.19501900040973,
              48.17928200008577
            ],
            [
              -122.1946360000951,
              48.178847999934966
            ],
            [
              -122.19457800036875,
              48.17877400018855
            ],
            [
              -122.19432999977332,
              48.178455999771074
            ],
            [
              -122.19408000042638,
              48.178134000175305
            ],
            [
              -122.19383600002891,
              48.17777399998882
            ],
            [
              -122.19360900024822,
              48.177407000118556
            ],
            [
              -122.19344799969141,
              48.17710899981898
            ],
            [
              -122.19340500003369,
              48.177029000127064
            ],
            [
              -122.19321900026087,
              48.17664499986836
            ],
            [
              -122.19316400000929,
              48.176501000227965
            ],
            [
              -122.19306299972693,
              48.1762609997288
            ],
            [
              -122.19303599996275,
              48.17618699984247
            ],
            [
              -122.19292299998484,
              48.175870999741356
            ],
            [
              -122.19282400025065,
              48.17553900027453
            ],
            [
              -122.19280599980897,
              48.175479000177596
            ],
            [
              -122.19271200009767,
              48.17508499979359
            ],
            [
              -122.19263500010477,
              48.174694000028836
            ],
            [
              -122.19256399995966,
              48.17429499987633
            ],
            [
              -122.19244500013397,
              48.17367999980296
            ],
            [
              -122.19242099984451,
              48.173496000000426
            ],
            [
              -122.1922509999652,
              48.17253300011871
            ],
            [
              -122.19221300033037,
              48.172316000093375
            ],
            [
              -122.1920740004132,
              48.171529000286654
            ],
            [
              -122.19199499987218,
              48.17108600021465
            ],
            [
              -122.19192799992501,
              48.17070400016991
            ],
            [
              -122.19135899983752,
              48.17069200022279
            ],
            [
              -122.19134499959384,
              48.17060799991514
            ],
            [
              -122.19092100016962,
              48.17060899981264
            ],
            [
              -122.19032299976982,
              48.17061100020665
            ],
            [
              -122.1902650000435,
              48.17061100020665
            ],
            [
              -122.18929300044819,
              48.17061399989886
            ],
            [
              -122.18914899960983,
              48.17061399989886
            ],
            [
              -122.18896100018716,
              48.17028199994272
            ],
            [
              -122.18889599988984,
              48.17016799999261
            ],
            [
              -122.18852500016908,
              48.17027400011216
            ],
            [
              -122.18830300041125,
              48.170337000017234
            ],
            [
              -122.18830400023617,
              48.169117999792434
            ],
            [
              -122.18830500006106,
              48.16885200006723
            ],
            [
              -122.18830599988596,
              48.168204000066154
            ],
            [
              -122.18830599988596,
              48.16779800007444
            ],
            [
              -122.1889839997534,
              48.16779900002673
            ],
            [
              -122.18966199962082,
              48.16779900002673
            ],
            [
              -122.18994500037637,
              48.16779999997896
            ],
            [
              -122.19035000043232,
              48.16779999997896
            ],
            [
              -122.19051799976349,
              48.16779999997896
            ],
            [
              -122.19051799976349,
              48.167059000052504
            ],
            [
              -122.1905189995884,
              48.16702400000786
            ],
            [
              -122.19063699958917,
              48.16700899989583
            ],
            [
              -122.19076800000875,
              48.16702699990989
            ],
            [
              -122.19098800011676,
              48.167059000052504
            ],
            [
              -122.1912860000426,
              48.16706099998583
            ],
            [
              -122.19120900004972,
              48.16663099993839
            ],
            [
              -122.19095899980447,
              48.165215000155065
            ],
            [
              -122.19087599996378,
              48.164742999728645
            ],
            [
              -122.1908430003518,
              48.1645540001363
            ],
            [
              -122.19081800023746,
              48.16441200013022
            ],
            [
              -122.1907429998944,
              48.16399000025627
            ],
            [
              -122.19071000028242,
              48.16380199971708
            ],
            [
              -122.19061700039599,
              48.16328500007387
            ],
            [
              -122.19057700021304,
              48.16305599992617
            ],
            [
              -122.19045199964124,
              48.16235100008887
            ],
            [
              -122.18982200035272,
              48.15880300004139
            ],
            [
              -122.18969500013108,
              48.15808599997921
            ],
            [
              -122.18967800041266,
              48.157998000024186
            ],
            [
              -122.18960600044265,
              48.15762099972725
            ],
            [
              -122.18955000036613,
              48.157331000149014
            ],
            [
              -122.18950900035826,
              48.15712899992886
            ],
            [
              -122.18946800035039,
              48.1569280002761
            ],
            [
              -122.18939100035749,
              48.15655300025002
            ],
            [
              -122.18937999958854,
              48.15650300003947
            ],
            [
              -122.1893500003496,
              48.156352999714635
            ],
            [
              -122.18934000030387,
              48.156304000084845
            ],
            [
              -122.18926400013589,
              48.155764999869646
            ],
            [
              -122.18913400043954,
              48.15492800022631
            ],
            [
              -122.18881499969899,
              48.15309000014787
            ],
            [
              -122.18872400036072,
              48.15256399997645
            ],
            [
              -122.18868199962961,
              48.15237800002001
            ],
            [
              -122.18858299989542,
              48.15177900025708
            ],
            [
              -122.18830400023617,
              48.150195999909805
            ],
            [
              -122.18813099998378,
              48.14925899981783
            ],
            [
              -122.18802300002875,
              48.14861999976385
            ],
            [
              -122.18797199997512,
              48.14833500011745
            ],
            [
              -122.18793699981504,
              48.14813600025038
            ],
            [
              -122.18790800040104,
              48.1479709997544
            ],
            [
              -122.18769900016365,
              48.14677599992647
            ],
            [
              -122.18765099958478,
              48.14650400021225
            ],
            [
              -122.18760600027723,
              48.14624800022213
            ],
            [
              -122.18748699955324,
              48.14556699984354
            ],
            [
              -122.18740500043579,
              48.14509300006377
            ],
            [
              -122.18299699967596,
              48.14520799979417
            ],
            [
              -122.1822050000057,
              48.14519099970948
            ],
            [
              -122.18205400039298,
              48.14518799972926
            ],
            [
              -122.18165299963668,
              48.14518000018062
            ],
            [
              -122.18113600032603,
              48.14516999984396
            ],
            [
              -122.18081699958549,
              48.145163999880836
            ],
            [
              -122.18063300036079,
              48.14516000010481
            ],
            [
              -122.17942099966766,
              48.1451360002433
            ],
            [
              -122.1783109999801,
              48.145113999960785
            ],
            [
              -122.17818499958341,
              48.14511099997602
            ],
            [
              -122.17781999971042,
              48.14510400021068
            ],
            [
              -122.17769699968679,
              48.14510200002065
            ],
            [
              -122.17757399966315,
              48.14509900003523
            ],
            [
              -122.17708199956853,
              48.14508900028219
            ],
            [
              -122.17437900031968,
              48.14503599970057
            ],
            [
              -122.17423399965638,
              48.14503299971123
            ],
            [
              -122.17394999997425,
              48.14502699973205
            ],
            [
              -122.17240599991842,
              48.144996000028286
            ],
            [
              -122.17238500000201,
              48.14616100011742
            ],
            [
              -122.17236800028358,
              48.146795000209636
            ],
            [
              -122.17208299987824,
              48.146788000074565
            ],
            [
              -122.17199699966453,
              48.14678699971273
            ],
            [
              -122.17187700001392,
              48.14678899983705
            ],
            [
              -122.16838899986917,
              48.14671900023354
            ],
            [
              -122.16842400002928,
              48.144916999789835
            ],
            [
              -122.16709599988351,
              48.14488999981701
            ],
            [
              -122.1617990002674,
              48.144784999787746
            ],
            [
              -122.1617940002445,
              48.144955999725475
            ],
            [
              -122.1617819996506,
              48.145390000206476
            ],
            [
              -122.16177599980284,
              48.1456020001431
            ],
            [
              -122.16176900013015,
              48.14581699974716
            ],
            [
              -122.16174999986357,
              48.146463000117066
            ],
            [
              -122.16174800021373,
              48.146564000043966
            ],
            [
              -122.1617459996656,
              48.14663300009338
            ],
            [
              -122.15837700024488,
              48.14660200016081
            ],
            [
              -122.15101099996802,
              48.14653899987286
            ],
            [
              -122.14310400009113,
              48.146474999739006
            ],
            [
              -122.14158799962439,
              48.1464569997057
            ],
            [
              -122.14133599972929,
              48.146463000117066
            ],
            [
              -122.14088299999278,
              48.14647399997041
            ],
            [
              -122.140877000145,
              48.146648000170025
            ],
            [
              -122.14087600032008,
              48.14700800009496
            ],
            [
              -122.14087600032008,
              48.14711999986294
            ],
            [
              -122.1409340000464,
              48.14806699982416
            ],
            [
              -122.14094099971908,
              48.14830300028127
            ],
            [
              -122.14089899988629,
              48.14853999998084
            ],
            [
              -122.140877000145,
              48.14860199988347
            ],
            [
              -122.1408210000685,
              48.14877100024317
            ],
            [
              -122.1407430002507,
              48.148918999916646
            ],
            [
              -122.14064899964103,
              48.14908300004441
            ],
            [
              -122.14063199992262,
              48.14914400017383
            ],
            [
              -122.14062699989974,
              48.14915599976829
            ],
            [
              -122.14059400028776,
              48.14924300019028
            ],
            [
              -122.14057500002119,
              48.149291000256625
            ],
            [
              -122.14055400010479,
              48.14937500011487
            ],
            [
              -122.14053599966316,
              48.14945000004341
            ],
            [
              -122.14051700029489,
              48.14960800022934
            ],
            [
              -122.14051800011981,
              48.14969499988507
            ],
            [
              -122.1405259996174,
              48.150160999746376
            ],
            [
              -122.14053599966316,
              48.15043600013054
            ],
            [
              -122.14054499988397,
              48.150683000032224
            ],
            [
              -122.14054599970889,
              48.150924999736525
            ],
            [
              -122.14054700043211,
              48.151109000209125
            ],
            [
              -122.1405619996024,
              48.15165000012544
            ],
            [
              -122.14056499997545,
              48.15172799992323
            ],
            [
              -122.14056699962529,
              48.151892999727146
            ],
            [
              -122.13994200035961,
              48.151888999876185
            ],
            [
              -122.13924500022561,
              48.151881999836625
            ],
            [
              -122.13900300037628,
              48.151885000024954
            ],
            [
              -122.13877200039761,
              48.151895000251784
            ],
            [
              -122.1385320001981,
              48.15191899994932
            ],
            [
              -122.1383079998921,
              48.15197200001569
            ],
            [
              -122.13808399958612,
              48.152030999787705
            ],
            [
              -122.1378700002242,
              48.15208800017349
            ],
            [
              -122.13748199988665,
              48.15219399990236
            ],
            [
              -122.13743099983304,
              48.152207999895424
            ],
            [
              -122.13726299960352,
              48.15224900019559
            ],
            [
              -122.13720900007517,
              48.15226399982943
            ],
            [
              -122.13710299976998,
              48.152294999937865
            ],
            [
              -122.13611799975588,
              48.15254600028079
            ],
            [
              -122.1356829995627,
              48.15264299983129
            ],
            [
              -122.13543800023862,
              48.15269800024255
            ],
            [
              -122.13516200005411,
              48.15274900021166
            ],
            [
              -122.13474799977732,
              48.15281099982376
            ],
            [
              -122.13451500014882,
              48.152827999781685
            ],
            [
              -122.13427699959915,
              48.15283099991465
            ],
            [
              -122.13404599962045,
              48.15281500020217
            ],
            [
              -122.13339600024042,
              48.152751999749974
            ],
            [
              -122.13269499990848,
              48.15268399978389
            ],
            [
              -122.1325350000749,
              48.15266400023497
            ],
            [
              -122.13230499992113,
              48.152657999949284
            ],
            [
              -122.13194599989593,
              48.15261599972769
            ],
            [
              -122.1318379999409,
              48.15260399974367
            ],
            [
              -122.1316050003124,
              48.15257000027313
            ],
            [
              -122.1313800001815,
              48.15252999988009
            ],
            [
              -122.1310069999126,
              48.152452000102755
            ],
            [
              -122.1303590001824,
              48.15231799979357
            ],
            [
              -122.12981900040724,
              48.152218999716055
            ],
            [
              -122.12981799968401,
              48.152188999818314
            ],
            [
              -122.12981699985909,
              48.15192700024553
            ],
            [
              -122.12992599963901,
              48.14819100009803
            ],
            [
              -122.12976800035361,
              48.14818699995856
            ],
            [
              -122.1268479995731,
              48.14813200010662
            ],
            [
              -122.12497499962932,
              48.1480919998503
            ],
            [
              -122.12459899988565,
              48.14808400015496
            ],
            [
              -122.12217100009808,
              48.148032999745084
            ],
            [
              -122.11934999995012,
              48.14796799993662
            ],
            [
              -122.11668899963571,
              48.1479900001945
            ],
            [
              -122.11319299999337,
              48.14797600024942
            ],
            [
              -122.11312000019842,
              48.14797600024942
            ],
            [
              -122.1127879999374,
              48.147976999988764
            ],
            [
              -122.10854400010743,
              48.14799200027197
            ],
            [
              -122.10854999995522,
              48.14837799997831
            ],
            [
              -122.1085619996508,
              48.14917099970687
            ],
            [
              -122.10856400019892,
              48.14955999986014
            ],
            [
              -122.10856599984872,
              48.14978899971933
            ],
            [
              -122.10856699967364,
              48.14998100007002
            ],
            [
              -122.10856699967364,
              48.150108000206956
            ],
            [
              -122.10856699967364,
              48.15016899971737
            ],
            [
              -122.10856699967364,
              48.15021700011631
            ],
            [
              -122.10705899960284,
              48.15021999980258
            ],
            [
              -122.10585000018108,
              48.150219000106944
            ],
            [
              -122.10586299970153,
              48.15165500026205
            ],
            [
              -122.10828499964133,
              48.151659999798795
            ],
            [
              -122.10839000012163,
              48.15166300000009
            ],
            [
              -122.10842500028177,
              48.151659999798795
            ],
            [
              -122.10842699993155,
              48.15172799992323
            ],
            [
              -122.10840600001518,
              48.152601000196704
            ],
            [
              -122.10840299964212,
              48.152717999778176
            ],
            [
              -122.10835199958849,
              48.155289999992796
            ],
            [
              -122.11121899976723,
              48.15527699983847
            ],
            [
              -122.11381700033242,
              48.15527200005485
            ],
            [
              -122.11382800020309,
              48.154989000000036
            ],
            [
              -122.113829000028,
              48.154955999915316
            ],
            [
              -122.11383200040105,
              48.15489699991072
            ],
            [
              -122.11411299971013,
              48.15482399996352
            ],
            [
              -122.1142869997874,
              48.155203999832615
            ],
            [
              -122.11433399964307,
              48.155301999947966
            ],
            [
              -122.11435399973456,
              48.155341999977935
            ],
            [
              -122.11501800025661,
              48.15670899980277
            ],
            [
              -122.1161020000049,
              48.15891700008578
            ],
            [
              -122.11649299981714,
              48.159713999785076
            ],
            [
              -122.11667899958996,
              48.160102999713054
            ],
            [
              -122.11686899956078,
              48.16047700006195
            ],
            [
              -122.117230999959,
              48.161226999931195
            ],
            [
              -122.11741799955676,
              48.16160600024055
            ],
            [
              -122.11749100025003,
              48.16176099993813
            ],
            [
              -122.11759900020503,
              48.16198799974413
            ],
            [
              -122.11784299970421,
              48.16247900022506
            ],
            [
              -122.11788500043532,
              48.16256400012032
            ],
            [
              -122.11754399995348,
              48.16256400012032
            ],
            [
              -122.11618999986841,
              48.16256300006601
            ],
            [
              -122.11490299973055,
              48.16256500017465
            ],
            [
              -122.11487099994352,
              48.16340499997334
            ],
            [
              -122.11483300030865,
              48.164414000166815
            ],
            [
              -122.11429699983314,
              48.16441200013022
            ],
            [
              -122.11410199983946,
              48.16441200013022
            ],
            [
              -122.11396499957212,
              48.16441200013022
            ],
            [
              -122.11361300011794,
              48.164419000257894
            ],
            [
              -122.11340899990341,
              48.16442299973122
            ],
            [
              -122.11337799994128,
              48.165168000009
            ],
            [
              -122.11337399974333,
              48.16623799985322
            ],
            [
              -122.11337200009352,
              48.166849000025614
            ],
            [
              -122.11335500037507,
              48.167595999728235
            ],
            [
              -122.11335899967473,
              48.16971499979904
            ],
            [
              -122.11335899967473,
              48.169726999974834
            ],
            [
              -122.11335899967473,
              48.16979899977214
            ],
            [
              -122.11335799984981,
              48.16987600022569
            ],
            [
              -122.11418700022828,
              48.16987600022569
            ],
            [
              -122.11536800006095,
              48.16987899996094
            ],
            [
              -122.11610000035506,
              48.169878000049216
            ],
            [
              -122.11617499979982,
              48.169878000049216
            ],
            [
              -122.11629699999855,
              48.169878000049216
            ],
            [
              -122.11685100001743,
              48.169878000049216
            ],
            [
              -122.11714899994327,
              48.16987899996094
            ],
            [
              -122.11747399963326,
              48.16987899996094
            ],
            [
              -122.11772700025158,
              48.16987899996094
            ],
            [
              -122.11798099979646,
              48.16987899996094
            ],
            [
              -122.1182700003998,
              48.16987999987261
            ],
            [
              -122.11852399994468,
              48.16987999987261
            ],
            [
              -122.11874099967964,
              48.16987999987261
            ],
            [
              -122.11884899963468,
              48.16987700013746
            ],
            [
              -122.1188279997183,
              48.1708049997135
            ],
            [
              -122.11880099995413,
              48.17131599974112
            ],
            [
              -122.11879099990838,
              48.17262200015897
            ],
            [
              -122.11877099981689,
              48.17357899993124
            ],
            [
              -122.11876900016708,
              48.1736869998638
            ],
            [
              -122.11875200044865,
              48.17419700009957
            ],
            [
              -122.11870300004483,
              48.176806000102324
            ],
            [
              -122.11870200021994,
              48.17789600024203
            ],
            [
              -122.11869800002196,
              48.17822700027181
            ],
            [
              -122.11868799997622,
              48.17901500003865
            ],
            [
              -122.11868799997622,
              48.17904400009088
            ],
            [
              -122.11868299995335,
              48.17955300003078
            ],
            [
              -122.11875300027354,
              48.17982999984456
            ],
            [
              -122.1185950000898,
              48.179865999851
            ],
            [
              -122.11857499999832,
              48.18085900029573
            ],
            [
              -122.11585699978251,
              48.18085099971937
            ],
            [
              -122.11582599982036,
              48.18082400008593
            ],
            [
              -122.115660000139,
              48.18061400012218
            ],
            [
              -122.11491299977631,
              48.1795460001718
            ],
            [
              -122.11483199958545,
              48.179413000273435
            ],
            [
              -122.11477999970691,
              48.17932699982219
            ],
            [
              -122.11468500017067,
              48.17909599995761
            ],
            [
              -122.11461400002555,
              48.178863999914654
            ],
            [
              -122.11455200010127,
              48.17863299976082
            ],
            [
              -122.11446500006262,
              48.17840500019867
            ],
            [
              -122.11433600019122,
              48.17818999996376
            ],
            [
              -122.11421999984026,
              48.178055000038064
            ],
            [
              -122.114081999748,
              48.1779239999744
            ],
            [
              -122.11393399960998,
              48.177803000144074
            ],
            [
              -122.11368699973778,
              48.17764100028548
            ],
            [
              -122.11339899985768,
              48.17750100009893
            ],
            [
              -122.11309900028202,
              48.17738100023374
            ],
            [
              -122.11280600037905,
              48.177248000109905
            ],
            [
              -122.11263700032468,
              48.17714400016902
            ],
            [
              -122.1125610001567,
              48.177079000098885
            ],
            [
              -122.1124509996535,
              48.17693999994874
            ],
            [
              -122.11237600020876,
              48.176782999843155
            ],
            [
              -122.11232799962987,
              48.17662599985579
            ],
            [
              -122.11224899998714,
              48.17632100010866
            ],
            [
              -122.11217899966695,
              48.17617400019139
            ],
            [
              -122.1120759997348,
              48.176031000217954
            ],
            [
              -122.11195500025929,
              48.175895000204086
            ],
            [
              -122.11127700039184,
              48.175246999940924
            ],
            [
              -122.11094400030592,
              48.17493799992691
            ],
            [
              -122.1104510003864,
              48.174481000050015
            ],
            [
              -122.10833499987005,
              48.174494999952024
            ],
            [
              -122.10833400004515,
              48.173518000096244
            ],
            [
              -122.10795099973049,
              48.17351700025547
            ],
            [
              -122.10238799997559,
              48.173488000072176
            ],
            [
              -122.1023899996254,
              48.173908000009696
            ],
            [
              -122.10239100034865,
              48.174303000277696
            ],
            [
              -122.10239999967116,
              48.17465499993016
            ],
            [
              -122.10238899980051,
              48.17513100002797
            ],
            [
              -122.10239399982338,
              48.17562400009197
            ],
            [
              -122.10239899984622,
              48.17599499991464
            ],
            [
              -122.10239600037151,
              48.17627199978369
            ],
            [
              -122.1023899996254,
              48.17673399995972
            ],
            [
              -122.1023949996483,
              48.17687399984466
            ],
            [
              -122.10240100039438,
              48.17692900003713
            ],
            [
              -122.10239999967116,
              48.1769870000891
            ],
            [
              -122.10239800002132,
              48.17725999972089
            ],
            [
              -122.10240100039438,
              48.17845700011452
            ],
            [
              -122.10240499969403,
              48.17958900023176
            ],
            [
              -122.10240899989198,
              48.18083499976084
            ],
            [
              -122.10236000038651,
              48.18137800005481
            ],
            [
              -122.10228000002058,
              48.182385000105
            ],
            [
              -122.1020919996996,
              48.18467199984624
            ],
            [
              -122.10204700039203,
              48.18520799993897
            ],
            [
              -122.1020420003692,
              48.18526900024013
            ],
            [
              -122.10199700016332,
              48.18581599988286
            ],
            [
              -122.10196299982816,
              48.18623199988136
            ],
            [
              -122.10195600015545,
              48.18631500015656
            ],
            [
              -122.10195500033053,
              48.186328999821725
            ],
            [
              -122.10190900029981,
              48.186854999956644
            ],
            [
              -122.10187800033765,
              48.187159999919174
            ],
            [
              -122.10180200016967,
              48.187903999724575
            ],
            [
              -122.10168800036685,
              48.188799999701665
            ],
            [
              -122.10152099996226,
              48.19012400002354
            ],
            [
              -122.10139200009085,
              48.191140999887565
            ],
            [
              -122.10276000041956,
              48.19080199977999
            ],
            [
              -122.1032819997531,
              48.19066700013035
            ],
            [
              -122.10666399959261,
              48.18980399970239
            ],
            [
              -122.1068460000658,
              48.18975699993423
            ],
            [
              -122.10706399962572,
              48.18796199993662
            ],
            [
              -122.10707899969432,
              48.18795900006149
            ],
            [
              -122.10716800028109,
              48.187945999802075
            ],
            [
              -122.10722900038044,
              48.18793700017337
            ],
            [
              -122.10738699966589,
              48.18792600022577
            ],
            [
              -122.10764600013196,
              48.18791899971344
            ],
            [
              -122.10842000025887,
              48.18791400011688
            ],
            [
              -122.10888999971385,
              48.18790600004275
            ],
            [
              -122.10921699995198,
              48.18790200000523
            ],
            [
              -122.10976699977289,
              48.18788599985197
            ],
            [
              -122.11029300020269,
              48.187882999972395
            ],
            [
              -122.11043100029494,
              48.187882999972395
            ],
            [
              -122.11082799995499,
              48.18788899973136
            ],
            [
              -122.11187300024352,
              48.18787700021273
            ],
            [
              -122.11189099978687,
              48.18787700021273
            ],
            [
              -122.11217000034446,
              48.18787899993304
            ],
            [
              -122.112398999775,
              48.18785999989167
            ],
            [
              -122.1123140002845,
              48.188518999859554
            ],
            [
              -122.11228900017012,
              48.188757999725176
            ],
            [
              -122.11178700002979,
              48.18876200029477
            ],
            [
              -122.1115960002341,
              48.18927600022384
            ],
            [
              -122.1122249996977,
              48.18926799976343
            ],
            [
              -122.11214199985703,
              48.189923999832416
            ],
            [
              -122.11211599991778,
              48.19009599976825
            ],
            [
              -122.11208599978053,
              48.190368000145895
            ],
            [
              -122.1120909998034,
              48.19049499971549
            ],
            [
              -122.11209699965119,
              48.19052399986072
            ],
            [
              -122.11211199971982,
              48.19058999975836
            ],
            [
              -122.11184700030425,
              48.19060600026514
            ],
            [
              -122.11172000008264,
              48.190607999879006
            ],
            [
              -122.11163399986891,
              48.190610000091645
            ],
            [
              -122.11162700019624,
              48.190653999959
            ],
            [
              -122.1116049995566,
              48.1908389999679
            ],
            [
              -122.11158500036345,
              48.19100300023635
            ],
            [
              -122.11156500027194,
              48.19116800007532
            ],
            [
              -122.1115550002262,
              48.19124799986045
            ],
            [
              -122.11153799960947,
              48.19138899972416
            ],
            [
              -122.1115340003098,
              48.19142199972542
            ],
            [
              -122.11154000015759,
              48.19148199972774
            ],
            [
              -122.11185300015204,
              48.191499000044985
            ],
            [
              -122.11199100024429,
              48.1915070001571
            ],
            [
              -122.11198899969615,
              48.191528999710386
            ],
            [
              -122.11197199997773,
              48.19167399974209
            ],
            [
              -122.11192799959679,
              48.19204199995458
            ],
            [
              -122.11190300038075,
              48.19225099973504
            ],
            [
              -122.11190000000771,
              48.192275999789224
            ],
            [
              -122.11188099974115,
              48.1924339998256
            ],
            [
              -122.11186400002269,
              48.19257999975969
            ],
            [
              -122.11184499975612,
              48.19273900012114
            ],
            [
              -122.11183899990833,
              48.19278800027624
            ],
            [
              -122.11181999964177,
              48.19294699999228
            ],
            [
              -122.11180899977111,
              48.19304399979896
            ],
            [
              -122.11179799990046,
              48.19313400022091
            ],
            [
              -122.11177600015914,
              48.19332399992719
            ],
            [
              -122.11102299994866,
              48.19333000024681
            ],
            [
              -122.10979400043539,
              48.193341000232174
            ],
            [
              -122.10977900036679,
              48.193426999927304
            ],
            [
              -122.10977500016881,
              48.19347199982168
            ],
            [
              -122.10971099969639,
              48.19381699989465
            ],
            [
              -122.10967399988648,
              48.19385999995963
            ],
            [
              -122.10965700016804,
              48.193879000171805
            ],
            [
              -122.10958900039599,
              48.19395799987543
            ],
            [
              -122.10940600009789,
              48.1941680002615
            ],
            [
              -122.10922299979977,
              48.194553999861085
            ],
            [
              -122.1091969998605,
              48.194608000218594
            ],
            [
              -122.10796800034726,
              48.19465100021859
            ],
            [
              -122.10784600014854,
              48.195010999847305
            ],
            [
              -122.10791800011854,
              48.19500899980646
            ],
            [
              -122.10859599998597,
              48.19499200005488
            ],
            [
              -122.10859400033614,
              48.19501499992876
            ],
            [
              -122.10859199978802,
              48.19504599995074
            ],
            [
              -122.1085909999631,
              48.19507899999215
            ],
            [
              -122.1085909999631,
              48.19511099999389
            ],
            [
              -122.1085909999631,
              48.19514299997564
            ],
            [
              -122.10859199978802,
              48.19517399992017
            ],
            [
              -122.10859400033614,
              48.19520599986258
            ],
            [
              -122.10859699981089,
              48.19523799978495
            ],
            [
              -122.10860100000886,
              48.19527000028621
            ],
            [
              -122.10860500020681,
              48.195301000153904
            ],
            [
              -122.1086110000546,
              48.195333000016944
            ],
            [
              -122.10861699990235,
              48.19536499986005
            ],
            [
              -122.10862399957507,
              48.19539600026908
            ],
            [
              -122.10863100014606,
              48.19542700006055
            ],
            [
              -122.10864000036689,
              48.19545899984494
            ],
            [
              -122.10865000041265,
              48.19549000019705
            ],
            [
              -122.10865999956007,
              48.19552099993169
            ],
            [
              -122.10867100032904,
              48.19555200024629
            ],
            [
              -122.1086830000246,
              48.195582999943404
            ],
            [
              -122.10869499972017,
              48.19561300021188
            ],
            [
              -122.1087089999639,
              48.19564399987205
            ],
            [
              -122.10872300020758,
              48.195674000104795
            ],
            [
              -122.10873800027618,
              48.19570399972121
            ],
            [
              -122.10875400016971,
              48.195733999918836
            ],
            [
              -122.10877099988815,
              48.19576400009889
            ],
            [
              -122.1087879996066,
              48.19579400026142
            ],
            [
              -122.10880600004826,
              48.19582299980297
            ],
            [
              -122.10882500031482,
              48.19585199992696
            ],
            [
              -122.10884500040632,
              48.19588100003453
            ],
            [
              -122.10886499959948,
              48.195910000125686
            ],
            [
              -122.10888600041419,
              48.19593900020038
            ],
            [
              -122.10890800015548,
              48.195967000256964
            ],
            [
              -122.10892900007191,
              48.19599200029457
            ],
            [
              -122.10901600011054,
              48.19608999972544
            ],
            [
              -122.10908999973036,
              48.19616400022249
            ],
            [
              -122.10914599980687,
              48.19621500009011
            ],
            [
              -122.10917799959392,
              48.196242999995846
            ],
            [
              -122.10922699999774,
              48.19628299983466
            ],
            [
              -122.10928200024932,
              48.19632600022536
            ],
            [
              -122.1093990004252,
              48.196407999728464
            ],
            [
              -122.10945499960336,
              48.19644400006767
            ],
            [
              -122.10954800038809,
              48.19649800022964
            ],
            [
              -122.10964299992433,
              48.196559000266475
            ],
            [
              -122.10972900013807,
              48.196617000263664
            ],
            [
              -122.10985299998663,
              48.19670899977342
            ],
            [
              -122.11003600028472,
              48.196861999991754
            ],
            [
              -122.11008200031549,
              48.19691199978008
            ],
            [
              -122.11026200024052,
              48.197160999807814
            ],
            [
              -122.11026800008833,
              48.197174000124704
            ],
            [
              -122.11040100015772,
              48.19742200010332
            ],
            [
              -122.110499000067,
              48.197691000012185
            ],
            [
              -122.11055599996841,
              48.197982000081666
            ],
            [
              -122.11056699983908,
              48.19824099987268
            ],
            [
              -122.11063499961111,
              48.198672000041704
            ],
            [
              -122.10348599996759,
              48.19887500005444
            ],
            [
              -122.10243499983125,
              48.198911999801986
            ],
            [
              -122.10223499981471,
              48.19890899996909
            ],
            [
              -122.10222399994404,
              48.19896599975777
            ],
            [
              -122.10219999965463,
              48.19911899982228
            ],
            [
              -122.10211099996614,
              48.199696999734606
            ],
            [
              -122.1023660002343,
              48.20021200007039
            ],
            [
              -122.10243599965617,
              48.200352999816445
            ],
            [
              -122.10300999976653,
              48.201201000120676
            ],
            [
              -122.10351699992972,
              48.201950000266145
            ],
            [
              -122.10394200007717,
              48.2023619997133
            ],
            [
              -122.10435100033109,
              48.20260200014834
            ],
            [
              -122.10494200015988,
              48.20277300016892
            ],
            [
              -122.10548100011013,
              48.20287400000045
            ],
            [
              -122.10690299996723,
              48.20304100025719
            ],
            [
              -122.10744899959016,
              48.20336599982347
            ],
            [
              -122.10801500020291,
              48.204003000176144
            ],
            [
              -122.10814300024943,
              48.20455299992483
            ],
            [
              -122.10806399970842,
              48.20506499986487
            ],
            [
              -122.10789399982909,
              48.20533200011615
            ],
            [
              -122.10746299983387,
              48.205752999994345
            ],
            [
              -122.10742900039698,
              48.20584199983551
            ],
            [
              -122.10720900028896,
              48.206410999947735
            ],
            [
              -122.10722799965723,
              48.20664899978525
            ],
            [
              -122.10724199990094,
              48.20682200024331
            ],
            [
              -122.10738400019116,
              48.207107000028095
            ],
            [
              -122.10761500016983,
              48.20734999972005
            ],
            [
              -122.10844399965,
              48.20782400019883
            ],
            [
              -122.10908100040787,
              48.20839299984345
            ],
            [
              -122.1094920003116,
              48.20851500025305
            ],
            [
              -122.10966399984072,
              48.208501000063826
            ],
            [
              -122.10985100033679,
              48.2084310002574
            ],
            [
              -122.11012400014828,
              48.20803199989298
            ],
            [
              -122.1103159997689,
              48.20789200009967
            ],
            [
              -122.11035900032493,
              48.20786100006803
            ],
            [
              -122.110639999634,
              48.207730999924166
            ],
            [
              -122.11167900007474,
              48.207418000250236
            ],
            [
              -122.11221399982703,
              48.207217000130015
            ],
            [
              -122.11260800001236,
              48.20713299980139
            ],
            [
              -122.11316100020632,
              48.20716299989182
            ],
            [
              -122.11362900001146,
              48.20708499997935
            ],
            [
              -122.11408799959575,
              48.20700799973435
            ],
            [
              -122.11455200010127,
              48.20683799987202
            ],
            [
              -122.11510799976996,
              48.20643499988087
            ],
            [
              -122.11642199967203,
              48.20525299998947
            ],
            [
              -122.11677400002453,
              48.20471900026496
            ],
            [
              -122.11695800014755,
              48.20416400009676
            ],
            [
              -122.11695700032263,
              48.203670999705324
            ],
            [
              -122.11695700032263,
              48.203022999714335
            ],
            [
              -122.11689500039836,
              48.20226699994147
            ],
            [
              -122.1168359999488,
              48.201630000153024
            ],
            [
              -122.11697499986596,
              48.20134300003514
            ],
            [
              -122.11699199958441,
              48.19991300009769
            ],
            [
              -122.11721500006549,
              48.19994500007404
            ],
            [
              -122.11777499993215,
              48.20006599972901
            ],
            [
              -122.11810800001807,
              48.20009800020852
            ],
            [
              -122.11854200038634,
              48.20021599974579
            ],
            [
              -122.11886999955108,
              48.2003560001635
            ],
            [
              -122.11902199988707,
              48.2004200001415
            ],
            [
              -122.11911800014651,
              48.200459999712926
            ],
            [
              -122.11905899969699,
              48.20048499995309
            ],
            [
              -122.11899699977269,
              48.20051600025794
            ],
            [
              -122.11885799985552,
              48.200585000193065
            ],
            [
              -122.11874200040289,
              48.20066399973569
            ],
            [
              -122.11869399982399,
              48.200696999751095
            ],
            [
              -122.11946299992805,
              48.200916999709676
            ],
            [
              -122.11970599960227,
              48.20098599970348
            ],
            [
              -122.12156100000273,
              48.20145299994284
            ],
            [
              -122.12216299970216,
              48.20163699998979
            ],
            [
              -122.12277799982039,
              48.20182400023568
            ],
            [
              -122.12450400034943,
              48.202437000007436
            ],
            [
              -122.12512500031545,
              48.202657000276766
            ],
            [
              -122.12586500010717,
              48.20283700012082
            ],
            [
              -122.12637300009528,
              48.20295999986007
            ],
            [
              -122.12665099992962,
              48.20287800006674
            ],
            [
              -122.12700699958178,
              48.202777000243096
            ],
            [
              -122.12723699973556,
              48.20270900013701
            ],
            [
              -122.12763299957066,
              48.20259300009992
            ],
            [
              -122.12785500022684,
              48.20305400027944
            ],
            [
              -122.12819400016055,
              48.2036760001594
            ],
            [
              -122.12842799961393,
              48.203632000098494
            ],
            [
              -122.12850499960686,
              48.203617999771836
            ],
            [
              -122.12878099979136,
              48.20356700008904
            ],
            [
              -122.12922500020538,
              48.20348599992497
            ],
            [
              -122.12961199981967,
              48.20341699970636
            ],
            [
              -122.12988899982912,
              48.20336800013676
            ],
            [
              -122.12993599968478,
              48.203359000222974
            ],
            [
              -122.13024600020448,
              48.203302999792335
            ],
            [
              -122.13154500003795,
              48.20306900002467
            ],
            [
              -122.13289800029804,
              48.2027299998008
            ],
            [
              -122.13350300037057,
              48.20257999996067
            ],
            [
              -122.13388400013707,
              48.2024310001556
            ],
            [
              -122.13511600002337,
              48.20219500023647
            ],
            [
              -122.13615000044126,
              48.201883000145955
            ],
            [
              -122.13671500033077,
              48.20177399985256
            ],
            [
              -122.13678899995062,
              48.20168500012765
            ],
            [
              -122.13714799997581,
              48.201615999877916
            ],
            [
              -122.13722199959565,
              48.201525999985236
            ],
            [
              -122.13863099993229,
              48.20091599980456
            ],
            [
              -122.13899599980527,
              48.20084599980999
            ],
            [
              -122.13899699963018,
              48.20064999979534
            ],
            [
              -122.13895099959942,
              48.199032000158624
            ],
            [
              -122.13894200027691,
              48.19872399975585
            ],
            [
              -122.1389280000332,
              48.198722999807934
            ],
            [
              -122.13874700028323,
              48.198714000275544
            ],
            [
              -122.1385969995971,
              48.198700999750606
            ],
            [
              -122.13851399975643,
              48.19869400011144
            ],
            [
              -122.13827399955692,
              48.19867900028267
            ],
            [
              -122.13803699973045,
              48.19868899976984
            ],
            [
              -122.1378019995538,
              48.19871600017176
            ],
            [
              -122.13756999975023,
              48.19875000019193
            ],
            [
              -122.13710299976998,
              48.19880900005005
            ],
            [
              -122.13686799959333,
              48.19883100006099
            ],
            [
              -122.13663900016279,
              48.198843000008495
            ],
            [
              -122.13635299993254,
              48.19884599984526
            ],
            [
              -122.13582800022597,
              48.198842000062896
            ],
            [
              -122.13479800000603,
              48.198834999844216
            ],
            [
              -122.13428300034523,
              48.1988320000068
            ],
            [
              -122.13418500043596,
              48.19882499978675
            ],
            [
              -122.13410500007001,
              48.19883399989842
            ],
            [
              -122.13365099961024,
              48.19888899988115
            ],
            [
              -122.13351000004324,
              48.1989590001548
            ],
            [
              -122.13331699969939,
              48.199055999956705
            ],
            [
              -122.13306599962924,
              48.19918300014818
            ],
            [
              -122.13298299978855,
              48.199224999963036
            ],
            [
              -122.13285700029017,
              48.19928800021957
            ],
            [
              -122.1326480000528,
              48.19939300007576
            ],
            [
              -122.13235000012696,
              48.1995430002668
            ],
            [
              -122.13198100005603,
              48.19972899984588
            ],
            [
              -122.13181200000163,
              48.19981400026887
            ],
            [
              -122.13145299997645,
              48.19999399992423
            ],
            [
              -122.13110200034716,
              48.20017099978685
            ],
            [
              -122.13082100013976,
              48.20031300016147
            ],
            [
              -122.13037000005305,
              48.20053999995956
            ],
            [
              -122.13016099981569,
              48.20064500024337
            ],
            [
              -122.13005600023368,
              48.200696999751095
            ],
            [
              -122.12982000023214,
              48.20081800002488
            ],
            [
              -122.1296550003757,
              48.20082099974596
            ],
            [
              -122.12929299997744,
              48.200833999732865
            ],
            [
              -122.12930999969589,
              48.20038400020112
            ],
            [
              -122.12931499971876,
              48.20033500012525
            ],
            [
              -122.1293399998331,
              48.19958900010968
            ],
            [
              -122.12936599977238,
              48.19888999982583
            ],
            [
              -122.12937199962016,
              48.19874399990821
            ],
            [
              -122.12947100025266,
              48.19874599980329
            ],
            [
              -122.12953499982677,
              48.19874699975077
            ],
            [
              -122.12964600015486,
              48.19874900024447
            ],
            [
              -122.12990200024791,
              48.19875499992879
            ],
            [
              -122.12993300021004,
              48.19853399971535
            ],
            [
              -122.12994900010357,
              48.19841399998852
            ],
            [
              -122.12997900024081,
              48.19819000022543
            ],
            [
              -122.13003699996713,
              48.19776200009311
            ],
            [
              -122.13003600014221,
              48.19770200025886
            ],
            [
              -122.12995199957831,
              48.19770200025886
            ],
            [
              -122.12961199981967,
              48.19769799978839
            ],
            [
              -122.12952599960596,
              48.1976969998204
            ],
            [
              -122.12941299962806,
              48.197695999852435
            ],
            [
              -122.12927700008392,
              48.197694999884405
            ],
            [
              -122.12926000036549,
              48.19763400000248
            ],
            [
              -122.12925199996957,
              48.19760299975
            ],
            [
              -122.1292059999388,
              48.1974319998358
            ],
            [
              -122.12919800044119,
              48.19740000008611
            ],
            [
              -122.12917999999956,
              48.19731899975089
            ],
            [
              -122.12903199986155,
              48.196658999787
            ],
            [
              -122.12898599983079,
              48.196453999991036
            ],
            [
              -122.12891399986076,
              48.19612800028535
            ],
            [
              -122.12909899980869,
              48.19612200029338
            ],
            [
              -122.12915400006027,
              48.195680000149274
            ],
            [
              -122.12915999990807,
              48.19563699981521
            ],
            [
              -122.12914700038759,
              48.19561100019453
            ],
            [
              -122.12910800002953,
              48.19547600004034
            ],
            [
              -122.12908000044042,
              48.195334000031075
            ],
            [
              -122.12906899967145,
              48.195181000040265
            ],
            [
              -122.1290720000445,
              48.19510899995694
            ],
            [
              -122.12908299991517,
              48.19503999983207
            ],
            [
              -122.12910800002953,
              48.19498399988803
            ],
            [
              -122.12914599966436,
              48.194956999914524
            ],
            [
              -122.12916699958075,
              48.194943000211
            ],
            [
              -122.12924899959651,
              48.19492399979454
            ],
            [
              -122.1293030000232,
              48.194499000015135
            ],
            [
              -122.12934900005392,
              48.193989999978434
            ],
            [
              -122.12904199990729,
              48.193979000132394
            ],
            [
              -122.12885000028665,
              48.19397800009185
            ],
            [
              -122.12884799973851,
              48.193905000072576
            ],
            [
              -122.12883600004297,
              48.19343699984071
            ],
            [
              -122.12883199984499,
              48.19325799995777
            ],
            [
              -122.12878900018727,
              48.19246300007119
            ],
            [
              -122.1287480001794,
              48.192035000004495
            ],
            [
              -122.12873399993572,
              48.191889999796615
            ],
            [
              -122.1287280000879,
              48.19182200021036
            ],
            [
              -122.12872200024015,
              48.19174900011372
            ],
            [
              -122.12870200014866,
              48.191569999723775
            ],
            [
              -122.12868600025513,
              48.19143300012038
            ],
            [
              -122.12876099969988,
              48.19143200003011
            ],
            [
              -122.12881500012656,
              48.19143300012038
            ],
            [
              -122.12925299979449,
              48.191441000242804
            ],
            [
              -122.1303809999237,
              48.19146000015423
            ],
            [
              -122.13040500021316,
              48.19059300007835
            ],
            [
              -122.13045500044187,
              48.190539999789266
            ],
            [
              -122.13065100026044,
              48.190330000105014
            ],
            [
              -122.1310420000727,
              48.18986100003871
            ],
            [
              -122.13109800014918,
              48.18979700004548
            ],
            [
              -122.131247999937,
              48.1896249997049
            ],
            [
              -122.13149099961126,
              48.189348000119175
            ],
            [
              -122.13207499976735,
              48.188746999953786
            ],
            [
              -122.13252900022712,
              48.18827799977358
            ],
            [
              -122.13275600000786,
              48.18814999994554
            ],
            [
              -122.13304600043605,
              48.18797999978258
            ],
            [
              -122.13381899983972,
              48.18798200009778
            ],
            [
              -122.13418399971272,
              48.187990000160056
            ],
            [
              -122.1342089998271,
              48.187990000160056
            ],
            [
              -122.135491999767,
              48.1880050001237
            ],
            [
              -122.13667599997272,
              48.18801799976929
            ],
            [
              -122.13691600017223,
              48.188021000239814
            ],
            [
              -122.13789199996549,
              48.188032000167034
            ],
            [
              -122.13798900004987,
              48.18803299972475
            ],
            [
              -122.13891299996459,
              48.18804400024828
            ],
            [
              -122.1396800004188,
              48.1880529998582
            ],
            [
              -122.13970299998502,
              48.18785500028941
            ],
            [
              -122.13970299998502,
              48.18784099984327
            ],
            [
              -122.13970600035805,
              48.187810999815525
            ],
            [
              -122.13971499968058,
              48.18773200021746
            ],
            [
              -122.1397220002516,
              48.18766299974108
            ],
            [
              -122.13976400008438,
              48.18768000012743
            ],
            [
              -122.13985899962063,
              48.18771099979584
            ],
            [
              -122.14002400037538,
              48.18775300003151
            ],
            [
              -122.14021500017108,
              48.18778400025467
            ],
            [
              -122.14055800030276,
              48.18784200000361
            ],
            [
              -122.1407299998319,
              48.18785899973172
            ],
            [
              -122.14113800026091,
              48.187861000051655
            ],
            [
              -122.14131800018595,
              48.18786299977259
            ],
            [
              -122.14190999983965,
              48.187888000170844
            ],
            [
              -122.14248399995003,
              48.18796400025252
            ],
            [
              -122.14270999990585,
              48.1880050001237
            ],
            [
              -122.14286700026467,
              48.188045999962085
            ],
            [
              -122.1430320001211,
              48.188090000234205
            ],
            [
              -122.14319299977959,
              48.18816199999912
            ],
            [
              -122.14353500008635,
              48.18816799972542
            ],
            [
              -122.14368599969907,
              48.18814800023574
            ],
            [
              -122.14373400027797,
              48.18815100009981
            ],
            [
              -122.14407800023454,
              48.18817299989606
            ],
            [
              -122.14433400032759,
              48.188184999944305
            ],
            [
              -122.1445950004435,
              48.18818899995973
            ],
            [
              -122.14480499960747,
              48.18819999985087
            ],
            [
              -122.14483999976758,
              48.1882020001575
            ],
            [
              -122.14493799967687,
              48.1882119998928
            ],
            [
              -122.14516100015794,
              48.18819000011329
            ],
            [
              -122.14633799979266,
              48.1882810002289
            ],
            [
              -122.14638800002137,
              48.188278999925366
            ],
            [
              -122.14654299983205,
              48.18828000007716
            ],
            [
              -122.14674899969637,
              48.1882810002289
            ],
            [
              -122.14697499965219,
              48.188284000085176
            ],
            [
              -122.14715899977521,
              48.1882899997972
            ],
            [
              -122.14736499963955,
              48.18829700025889
            ],
            [
              -122.14802999998649,
              48.18831799984143
            ],
            [
              -122.14876300010552,
              48.188341999867156
            ],
            [
              -122.14993999974021,
              48.18836999988299
            ],
            [
              -122.15002500012903,
              48.18837100003301
            ],
            [
              -122.15069100030087,
              48.18838400018461
            ],
            [
              -122.15112200029611,
              48.188401999882316
            ],
            [
              -122.15231499982433,
              48.18843699970899
            ],
            [
              -122.15290999985112,
              48.18844900029431
            ],
            [
              -122.15325800000564,
              48.188461000277876
            ],
            [
              -122.15321299979982,
              48.18831200013269
            ],
            [
              -122.15308300010346,
              48.18760099972852
            ],
            [
              -122.15290499982822,
              48.1875769999547
            ],
            [
              -122.15297199977537,
              48.18697400022667
            ],
            [
              -122.15294099981324,
              48.18679199998364
            ],
            [
              -122.15247899985587,
              48.18650900013842
            ],
            [
              -122.15181699988199,
              48.18638500024087
            ],
            [
              -122.15152700035206,
              48.186356000149075
            ],
            [
              -122.15150700026057,
              48.18654100010194
            ],
            [
              -122.15148999964383,
              48.18670499975104
            ],
            [
              -122.15099900027248,
              48.1866870000562
            ],
            [
              -122.15083600006584,
              48.18668800023907
            ],
            [
              -122.15084699993649,
              48.18657499981668
            ],
            [
              -122.15084899958633,
              48.18655400011882
            ],
            [
              -122.15062400035373,
              48.18654700001801
            ],
            [
              -122.15040400024571,
              48.18654700001801
            ],
            [
              -122.1503609996897,
              48.18654700001801
            ],
            [
              -122.14838599963862,
              48.18649399973692
            ],
            [
              -122.14814299996439,
              48.18648700022679
            ],
            [
              -122.14814600033742,
              48.18644999989131
            ],
            [
              -122.14815999968285,
              48.18607200009724
            ],
            [
              -122.14816100040606,
              48.186058999958064
            ],
            [
              -122.14816600042893,
              48.186017999727966
            ],
            [
              -122.14820300023885,
              48.185651000180705
            ],
            [
              -122.1482140001095,
              48.18554899972885
            ],
            [
              -122.14826299961499,
              48.185079000015364
            ],
            [
              -122.14827000018602,
              48.18501099977638
            ],
            [
              -122.14827400038396,
              48.1849639998051
            ],
            [
              -122.14828000023175,
              48.18480999977567
            ],
            [
              -122.14829699995018,
              48.18471299995522
            ],
            [
              -122.14831100019389,
              48.18463900028981
            ],
            [
              -122.14831500039183,
              48.184615999951184
            ],
            [
              -122.14838300016389,
              48.18461700017441
            ],
            [
              -122.14849199994384,
              48.18461900002198
            ],
            [
              -122.14875800008262,
              48.18462399993992
            ],
            [
              -122.1490660000542,
              48.18462899985738
            ],
            [
              -122.14936800017799,
              48.18463499999728
            ],
            [
              -122.14968299982228,
              48.184639999913706
            ],
            [
              -122.150017999558,
              48.18464600005232
            ],
            [
              -122.15035099964395,
              48.184652000190226
            ],
            [
              -122.15041199974333,
              48.18465400003637
            ],
            [
              -122.15075099967703,
              48.184660000173345
            ],
            [
              -122.15093099960207,
              48.18466300024157
            ],
            [
              -122.15101199979293,
              48.18466500008729
            ],
            [
              -122.15118599987022,
              48.18467000000075
            ],
            [
              -122.15152800017698,
              48.18468299989329
            ],
            [
              -122.15163899960673,
              48.18468700018209
            ],
            [
              -122.15175699960753,
              48.18469099987158
            ],
            [
              -122.15180699983624,
              48.18469299971625
            ],
            [
              -122.15187600033154,
              48.18469599978254
            ],
            [
              -122.1519950001572,
              48.18470000007027
            ],
            [
              -122.1521139999829,
              48.18470499998037
            ],
            [
              -122.15223299980859,
              48.1847090002674
            ],
            [
              -122.15235199963428,
              48.18471299995522
            ],
            [
              -122.15246999963506,
              48.18471799986399
            ],
            [
              -122.15258900035906,
              48.184722000150046
            ],
            [
              -122.15282700001042,
              48.18473099974435
            ],
            [
              -122.15296099990472,
              48.18473600025032
            ],
            [
              -122.15324200011213,
              48.184747000283636
            ],
            [
              -122.15338400040233,
              48.184752000189135
            ],
            [
              -122.15340799979349,
              48.184752999810776
            ],
            [
              -122.15354199968779,
              48.18475799971569
            ],
            [
              -122.15348099958841,
              48.18458299975976
            ],
            [
              -122.15347499974062,
              48.184566000142915
            ],
            [
              -122.15346899989287,
              48.18454899992149
            ],
            [
              -122.15333300034872,
              48.18420399974074
            ],
            [
              -122.15239299964216,
              48.183378999918574
            ],
            [
              -122.15175999998058,
              48.182847000298366
            ],
            [
              -122.15139299955945,
              48.1825390002328
            ],
            [
              -122.15127299990885,
              48.182414000047764
            ],
            [
              -122.15133800020618,
              48.1817199998491
            ],
            [
              -122.15135800029768,
              48.18150600002432
            ],
            [
              -122.15136300032056,
              48.18143900012224
            ],
            [
              -122.15138900025981,
              48.18116999994674
            ],
            [
              -122.1514090003513,
              48.180954000231374
            ],
            [
              -122.15138699971166,
              48.18095299993661
            ],
            [
              -122.15018800033565,
              48.18094499997391
            ],
            [
              -122.15006899961165,
              48.18094499997391
            ],
            [
              -122.14987399961797,
              48.18094499997391
            ],
            [
              -122.14990899977808,
              48.18103399978839
            ],
            [
              -122.14994300011327,
              48.181070999840756
            ],
            [
              -122.14996599967948,
              48.18114299988237
            ],
            [
              -122.1500229995809,
              48.18120600021015
            ],
            [
              -122.15003599999969,
              48.18126000025836
            ],
            [
              -122.15006899961165,
              48.181305000055424
            ],
            [
              -122.15013899993185,
              48.18142299974829
            ],
            [
              -122.1501849999626,
              48.181479999822436
            ],
            [
              -122.1502050000541,
              48.18150400005535
            ],
            [
              -122.1502200001227,
              48.18152199977342
            ],
            [
              -122.1502200001227,
              48.1815490002372
            ],
            [
              -122.15025399955958,
              48.18158599991785
            ],
            [
              -122.15027600019918,
              48.181648999701196
            ],
            [
              -122.1502989997654,
              48.181666999967334
            ],
            [
              -122.15031399983405,
              48.18170600012302
            ],
            [
              -122.15031899985689,
              48.181717999888484
            ],
            [
              -122.15034499979619,
              48.18178399974634
            ],
            [
              -122.15036900008562,
              48.18179299985649
            ],
            [
              -122.15039400019998,
              48.181859000216754
            ],
            [
              -122.15041400029146,
              48.18187499985568
            ],
            [
              -122.15046100014715,
              48.18199199975891
            ],
            [
              -122.1504600003222,
              48.18208199982525
            ],
            [
              -122.1504329996597,
              48.18209000020949
            ],
            [
              -122.15034399997127,
              48.182116999775104
            ],
            [
              -122.15017200044213,
              48.18212799977151
            ],
            [
              -122.15010200012193,
              48.182134999876915
            ],
            [
              -122.15004699987036,
              48.182129000043346
            ],
            [
              -122.14993399989243,
              48.18212100026412
            ],
            [
              -122.14982400028757,
              48.18211299988472
            ],
            [
              -122.149444000346,
              48.182057999862955
            ],
            [
              -122.14935999978209,
              48.18204600017703
            ],
            [
              -122.14841499995097,
              48.1818169999429
            ],
            [
              -122.14752799984616,
              48.18182999996001
            ],
            [
              -122.14700999981228,
              48.182088000263306
            ],
            [
              -122.14653899963412,
              48.18230500026051
            ],
            [
              -122.14623800023355,
              48.18244299997412
            ],
            [
              -122.14610699981398,
              48.18247800027642
            ],
            [
              -122.14577399972804,
              48.18253600004031
            ],
            [
              -122.14586099976668,
              48.18163400027323
            ],
            [
              -122.14592299969094,
              48.180996000014375
            ],
            [
              -122.14592400041418,
              48.18091300011048
            ],
            [
              -122.145926000064,
              48.1806640001916
            ],
            [
              -122.1459469999804,
              48.17788700004665
            ],
            [
              -122.14595000035347,
              48.177397000072226
            ],
            [
              -122.146687999597,
              48.17740099973157
            ],
            [
              -122.14685400017667,
              48.177402999860654
            ],
            [
              -122.14693399964433,
              48.177402999860654
            ],
            [
              -122.14708000013248,
              48.177404999989626
            ],
            [
              -122.14722099969951,
              48.17740599975458
            ],
            [
              -122.14750799975467,
              48.177407999883435
            ],
            [
              -122.14779499980985,
              48.17741000001226
            ],
            [
              -122.14790000029014,
              48.177410999777074
            ],
            [
              -122.14808199986503,
              48.17741299990577
            ],
            [
              -122.14836899992021,
              48.17741500003435
            ],
            [
              -122.14865599997538,
              48.17741700016289
            ],
            [
              -122.14872000044781,
              48.17741799992758
            ],
            [
              -122.14894300003056,
              48.17742000005601
            ],
            [
              -122.14922900026082,
              48.17742200018431
            ],
            [
              -122.14952700018665,
              48.17742500007712
            ],
            [
              -122.14970899976151,
              48.1774259998417
            ],
            [
              -122.15054700036086,
              48.177432999990145
            ],
            [
              -122.15077199959343,
              48.177445000156865
            ],
            [
              -122.150979000181,
              48.17743599988233
            ],
            [
              -122.15133599965804,
              48.17744899981246
            ],
            [
              -122.1516219998883,
              48.1774470002842
            ],
            [
              -122.15361600020596,
              48.17750300022408
            ],
            [
              -122.15466499979411,
              48.177531999933585
            ],
            [
              -122.15590099987838,
              48.17756600023309
            ],
            [
              -122.1563870001252,
              48.17757999989179
            ],
            [
              -122.1565789997458,
              48.17758499989735
            ],
            [
              -122.15710299962747,
              48.17759999991102
            ],
            [
              -122.15740800012428,
              48.177607999796734
            ],
            [
              -122.1577040004003,
              48.177622000042994
            ],
            [
              -122.15779599956349,
              48.177619000161705
            ],
            [
              -122.15795700012029,
              48.17766400015979
            ],
            [
              -122.15822599973382,
              48.17773999982727
            ],
            [
              -122.15826400026695,
              48.17775600015274
            ],
            [
              -122.15871000033077,
              48.17797299991852
            ],
            [
              -122.15902900017304,
              48.17808400003432
            ],
            [
              -122.15929600013673,
              48.17798700006506
            ],
            [
              -122.1595549997045,
              48.1779130002739
            ],
            [
              -122.16007299973835,
              48.1779280001916
            ],
            [
              -122.16074800013102,
              48.1779130002739
            ],
            [
              -122.1612440004236,
              48.17797299991852
            ],
            [
              -122.16178800039674,
              48.178225999923875
            ],
            [
              -122.16187299988721,
              48.178251999979146
            ],
            [
              -122.16228499961588,
              48.178375999784976
            ],
            [
              -122.16278900030433,
              48.17857699985724
            ],
            [
              -122.16349599958578,
              48.17892200017358
            ],
            [
              -122.16402399966535,
              48.17921600000161
            ],
            [
              -122.16428300013146,
              48.17945300007197
            ],
            [
              -122.16441899967556,
              48.179673000203024
            ],
            [
              -122.1645540002931,
              48.179947000222334
            ],
            [
              -122.16459399957776,
              48.18009600012748
            ],
            [
              -122.16423899975054,
              48.18045600018135
            ],
            [
              -122.16424399977339,
              48.18081200011118
            ],
            [
              -122.16410200038148,
              48.181039000056025
            ],
            [
              -122.16426399986489,
              48.18134399988749
            ],
            [
              -122.16557600011711,
              48.181345000174616
            ],
            [
              -122.16577199993569,
              48.18135799971248
            ],
            [
              -122.16611500006736,
              48.181403999709495
            ],
            [
              -122.16671099991903,
              48.181435999865315
            ],
            [
              -122.16766699962082,
              48.18142600000597
            ],
            [
              -122.16788000005616,
              48.18142799997799
            ],
            [
              -122.16818200017994,
              48.181435999865315
            ],
            [
              -122.16894200006313,
              48.18144700000789
            ],
            [
              -122.16907500013252,
              48.18129399988238
            ],
            [
              -122.16931399960879,
              48.18114800013938
            ],
            [
              -122.16969600009854,
              48.18097200014257
            ],
            [
              -122.16983400019079,
              48.18094000029603
            ],
            [
              -122.17006900036745,
              48.18088500021364
            ],
            [
              -122.17053299997461,
              48.18070600021221
            ],
            [
              -122.1707260003185,
              48.180610000114555
            ],
            [
              -122.17079599974036,
              48.18054799995594
            ],
            [
              -122.17087699993121,
              48.18044099980531
            ],
            [
              -122.17087699993121,
              48.1804280000349
            ],
            [
              -122.17090000039575,
              48.180108000269826
            ],
            [
              -122.17084099994621,
              48.179933000012035
            ],
            [
              -122.17105000018357,
              48.17928499986979
            ],
            [
              -122.17103500011495,
              48.179030999966216
            ],
            [
              -122.17096899999272,
              48.17861199980418
            ],
            [
              -122.17118400007787,
              48.17805000007834
            ],
            [
              -122.1713330000408,
              48.17781000024105
            ],
            [
              -122.17119999997139,
              48.177808999884945
            ],
            [
              -122.17118599972768,
              48.177808999884945
            ],
            [
              -122.16777399975093,
              48.17777999973309
            ],
            [
              -122.16755700001595,
              48.177778000217785
            ],
            [
              -122.16714799976205,
              48.17777499974659
            ],
            [
              -122.16702399991348,
              48.17777399998882
            ],
            [
              -122.16702300008859,
              48.1776260002838
            ],
            [
              -122.16702200026367,
              48.17741799992758
            ],
            [
              -122.16701999971554,
              48.17724000016802
            ],
            [
              -122.16701899989062,
              48.17705800010468
            ],
            [
              -122.16701600041588,
              48.17658100014466
            ],
            [
              -122.16701499969264,
              48.17651000006755
            ],
            [
              -122.1670389999821,
              48.17644900012527
            ],
            [
              -122.16703800015716,
              48.176377999865366
            ],
            [
              -122.16702800011143,
              48.17563699988246
            ],
            [
              -122.16702700028651,
              48.17561500009681
            ],
            [
              -122.1670259995633,
              48.17536099998183
            ],
            [
              -122.16702399991348,
              48.17502900020788
            ],
            [
              -122.16848799960339,
              48.1750480002132
            ],
            [
              -122.17218900018344,
              48.17505400027651
            ],
            [
              -122.17217099974178,
              48.17414299980027
            ],
            [
              -122.17212499971104,
              48.17144600003302
            ],
            [
              -122.17210899981751,
              48.17054499974389
            ],
            [
              -122.17209100027416,
              48.16952300019982
            ],
            [
              -122.17219699968108,
              48.16947499988813
            ],
            [
              -122.1723549998648,
              48.16942000008738
            ],
            [
              -122.17243500023075,
              48.16940300023503
            ],
            [
              -122.17251100039873,
              48.16935399988912
            ],
            [
              -122.17263400042236,
              48.16927599992652
            ],
            [
              -122.17273200033166,
              48.1692389997492
            ],
            [
              -122.17285700000515,
              48.16919099977077
            ],
            [
              -122.17296900015813,
              48.169160000285096
            ],
            [
              -122.17306299986947,
              48.169133999812985
            ],
            [
              -122.17320199978664,
              48.16911200023277
            ],
            [
              -122.17326500043414,
              48.1690989999862
            ],
            [
              -122.17335300029768,
              48.16907599986447
            ],
            [
              -122.17343699996327,
              48.16905799997041
            ],
            [
              -122.17354099972033,
              48.169034999830295
            ],
            [
              -122.17367200013992,
              48.16900999982262
            ],
            [
              -122.17371200032287,
              48.16900400025032
            ],
            [
              -122.17387600035441,
              48.16896599994724
            ],
            [
              -122.17390700031653,
              48.168956999981695
            ],
            [
              -122.17405799992929,
              48.16890799980873
            ],
            [
              -122.17421799976285,
              48.168861999982774
            ],
            [
              -122.17421500028814,
              48.16879499973266
            ],
            [
              -122.17421600011303,
              48.168627999890745
            ],
            [
              -122.17421600011303,
              48.16849000013478
            ],
            [
              -122.17421500028814,
              48.168410000175726
            ],
            [
              -122.1742139995649,
              48.16835299994898
            ],
            [
              -122.1742139995649,
              48.16832599972488
            ],
            [
              -122.17421199991509,
              48.16823099975535
            ],
            [
              -122.17421199991509,
              48.16818799975546
            ],
            [
              -122.17421000026525,
              48.16799000014053
            ],
            [
              -122.17421199991509,
              48.16794799988796
            ],
            [
              -122.17421299974,
              48.16792499984917
            ],
            [
              -122.17421299974,
              48.16781399990767
            ],
            [
              -122.1742139995649,
              48.167765999793836
            ],
            [
              -122.17421299974,
              48.16774800003913
            ],
            [
              -122.17421299974,
              48.167636999714546
            ],
            [
              -122.17421299974,
              48.16755600026532
            ],
            [
              -122.17421299974,
              48.167468999737956
            ],
            [
              -122.17421199991509,
              48.16742399977918
            ],
            [
              -122.17421299974,
              48.16726699989337
            ],
            [
              -122.17421299974,
              48.16724600007444
            ],
            [
              -122.17421199991509,
              48.16705400021877
            ],
            [
              -122.17421199991509,
              48.16701299976635
            ],
            [
              -122.17422500033388,
              48.166959000289566
            ],
            [
              -122.17484200010195,
              48.166959000289566
            ],
            [
              -122.17523299991419,
              48.16696300016403
            ],
            [
              -122.1753190001279,
              48.16696400013256
            ],
            [
              -122.17592599985021,
              48.166979000257754
            ],
            [
              -122.17603299998035,
              48.16696899997506
            ],
            [
              -122.17816799986495,
              48.166983000130664
            ],
            [
              -122.17835700001086,
              48.16698600003509
            ],
            [
              -122.17867099983023,
              48.166991999843475
            ],
            [
              -122.17887900024269,
              48.16698600003509
            ],
            [
              -122.17892699992325,
              48.16698600003509
            ],
            [
              -122.17969600002728,
              48.16698899993934
            ],
            [
              -122.17995299994521,
              48.166990999875445
            ],
            [
              -122.18016899985528,
              48.166991999843475
            ],
            [
              -122.1801699996802,
              48.16704899978541
            ],
            [
              -122.18016899985528,
              48.167091000175084
            ],
            [
              -122.1801699996802,
              48.167314999875124
            ],
            [
              -122.18017100040345,
              48.16753799983777
            ],
            [
              -122.18017300005326,
              48.16787899974065
            ],
            [
              -122.18017600042631,
              48.168422999997816
            ],
            [
              -122.18018099955087,
              48.16923099975589
            ],
            [
              -122.1803739998947,
              48.169228999907176
            ],
            [
              -122.18287799985028,
              48.169227999982766
            ],
            [
              -122.1828789996752,
              48.1706319998459
            ],
            [
              -122.18423799978308,
              48.17062900015473
            ],
            [
              -122.18527300002589,
              48.17062699976139
            ],
            [
              -122.18527300002589,
              48.17103300012284
            ],
            [
              -122.18558799967015,
              48.171038000167755
            ],
            [
              -122.18558799967015,
              48.1712550002095
            ],
            [
              -122.18605999967326,
              48.1713590001138
            ],
            [
              -122.18608700033577,
              48.17136400012694
            ],
            [
              -122.18686800013535,
              48.171535000162606
            ],
            [
              -122.18716500023626,
              48.17160000007215
            ],
            [
              -122.18724999972677,
              48.17161900014999
            ],
            [
              -122.18807200043254,
              48.17179900000188
            ],
            [
              -122.1883000000382,
              48.1718490002813
            ],
            [
              -122.18926999998367,
              48.17206099994188
            ],
            [
              -122.18935100017453,
              48.17207899998005
            ],
            [
              -122.18943499984012,
              48.172097000011945
            ],
            [
              -122.18946699962714,
              48.1721040002889
            ],
            [
              -122.18959999969655,
              48.17228199990683
            ],
            [
              -122.1897369999639,
              48.17246400014953
            ],
            [
              -122.19004499993548,
              48.172873999758096
            ],
            [
              -122.1902790002872,
              48.17318599977104
            ],
            [
              -122.19048500015154,
              48.173468000246075
            ],
            [
              -122.19066300042677,
              48.17370999971465
            ],
            [
              -122.19067400029742,
              48.17372399982723
            ],
            [
              -122.19052399961127,
              48.17372399982723
            ],
            [
              -122.18971400039767,
              48.1737279997731
            ],
            [
              -122.19007900027067,
              48.17421899989462
            ],
            [
              -122.19007900027067,
              48.17449299970953
            ],
            [
              -122.19052600015941,
              48.174491000065984
            ],
            [
              -122.19052500033449,
              48.17473499973196
            ],
            [
              -122.19052299978635,
              48.175482999986556
            ],
            [
              -122.19052100013654,
              48.176191000195246
            ],
            [
              -122.19074500044253,
              48.176189999807555
            ],
            [
              -122.19178900000784,
              48.176183999877225
            ],
            [
              -122.19184500008431,
              48.17633099976578
            ],
            [
              -122.19212999959137,
              48.176806000102324
            ],
            [
              -122.19310499955972,
              48.178096000048654
            ],
            [
              -122.19333600043672,
              48.178386000239335
            ],
            [
              -122.19333600043672,
              48.178450000105876
            ],
            [
              -122.19345600008734,
              48.17846800029732
            ],
            [
              -122.19347000033102,
              48.17846999978572
            ],
            [
              -122.19369700011174,
              48.17850600014823
            ],
            [
              -122.19369999958649,
              48.17858700027238
            ],
            [
              -122.1936879998909,
              48.178751999951906
            ],
            [
              -122.19370100030972,
              48.17898500023587
            ],
            [
              -122.19370100030972,
              48.1791060002715
            ],
            [
              -122.19371600037833,
              48.18088300022045
            ],
            [
              -122.19371499965511,
              48.180909999822816
            ],
            [
              -122.19370799998238,
              48.181511999930805
            ],
            [
              -122.19371100035545,
              48.18205500024119
            ],
            [
              -122.19372700024896,
              48.18214099970979
            ],
            [
              -122.19372600042406,
              48.18258000025109
            ],
            [
              -122.19372600042406,
              48.18266900022172
            ],
            [
              -122.19373100044693,
              48.182847000298366
            ],
            [
              -122.19371600037833,
              48.18317300004747
            ],
            [
              -122.19373700029472,
              48.1834779997598
            ],
            [
              -122.19374399996741,
              48.184397999926766
            ],
            [
              -122.19375300018825,
              48.18545000029405
            ],
            [
              -122.19374800016539,
              48.18578700006805
            ],
            [
              -122.19374700034047,
              48.18593599976827
            ],
            [
              -122.19376300023399,
              48.18623700024088
            ],
            [
              -122.19377199955652,
              48.18685699971684
            ],
            [
              -122.1937289998988,
              48.18695899996126
            ],
            [
              -122.19360199967718,
              48.18726099998778
            ],
            [
              -122.19354300012594,
              48.18740200004129
            ],
            [
              -122.193214000238,
              48.187735000105825
            ],
            [
              -122.19277300019705,
              48.188002000251096
            ],
            [
              -122.1926090001655,
              48.188071000271066
            ],
            [
              -122.19253399982242,
              48.18810299985823
            ],
            [
              -122.19220599975937,
              48.18824399999079
            ],
            [
              -122.19252100030195,
              48.188235999968164
            ],
            [
              -122.19279999996121,
              48.18822900009709
            ],
            [
              -122.19315399996353,
              48.18821400019895
            ],
            [
              -122.19346899960779,
              48.18820600017165
            ],
            [
              -122.1937849999753,
              48.18819800014309
            ],
            [
              -122.19377599975446,
              48.18834000016491
            ],
            [
              -122.1937849999753,
              48.18854600023099
            ],
            [
              -122.19378300032547,
              48.18886300020079
            ],
            [
              -122.1937849999753,
              48.18905499984681
            ],
            [
              -122.1937859998002,
              48.18907500018029
            ],
            [
              -122.1937930003712,
              48.189178999872226
            ],
            [
              -122.19379699967085,
              48.189871000049195
            ],
            [
              -122.1937980003941,
              48.189961000055334
            ],
            [
              -122.1937980003941,
              48.190064999745864
            ],
            [
              -122.19379900021899,
              48.19017399979963
            ],
            [
              -122.19383299965585,
              48.19017100005399
            ],
            [
              -122.19645499961223,
              48.19007800006664
            ],
            [
              -122.19645700016036,
              48.19027700014281
            ],
            [
              -122.19706899990551,
              48.19026200024526
            ],
            [
              -122.19750999994652,
              48.19025100019781
            ],
            [
              -122.19916100013246,
              48.19020999972798
            ],
            [
              -122.19921300001099,
              48.190209000212725
            ],
            [
              -122.19921200018607,
              48.19012900000333
            ],
            [
              -122.19921200018607,
              48.190110000197244
            ],
            [
              -122.19921200018607,
              48.190090999785234
            ],
            [
              -122.19921100036117,
              48.18993799970947
            ],
            [
              -122.20092699994613,
              48.189878999816585
            ],
            [
              -122.20092699994613,
              48.18982999987417
            ],
            [
              -122.20133399965191,
              48.18982099997742
            ],
            [
              -122.20395899998131,
              48.18975699993423
            ],
            [
              -122.20391399977547,
              48.189711000246795
            ]
          ],
          [
            [
              -122.19612099970136,
              48.18785999989167
            ],
            [
              -122.19614199961777,
              48.18809999999136
            ],
            [
              -122.19604200005865,
              48.18810299985823
            ],
            [
              -122.19601899959413,
              48.18786399993251
            ],
            [
              -122.19612099970136,
              48.18785999989167
            ]
          ]
        ]
      },
      "properties": {
        "AREALAND": "25821332",
        "AREAWATER": "13346",
        "BASENAME": "Arlington",
        "CBSAPCI": "N",
        "CENTLAT": "+48.1697867",
        "CENTLON": "-122.1439257",
        "FUNCSTAT": "A",
        "GEOID": "5302585",
        "INTPTLAT": "+48.1703724",
        "INTPTLON": "-122.1445532",
        "LSADC": "25",
        "MTFCC": "G4110",
        "NAME": "Arlington city",
        "NECTAPCI": "N",
        "OBJECTID": 28260,
        "OID": "27890921610434",
        "PLACE": "02585",
        "PLACECC": "C1",
        "PLACENS": "02409732",
        "STATE": "53",
        "DISP_CLR": 4,
        "slug": "arlington",
        "jurisdiction_key": "arlington_city",
        "county_fips": [
          "53061"
        ]
      }
    }
  ]
}
