{
  "type": "FeatureCollection",
  "features": [
    {
      "type": "Feature",
      "geometry": {
        "type": "Polygon",
        "coordinates": [
          [
            [
              -122.2805780002949,
              47.31431999990371
            ],
            [
              -122.2807819996111,
              47.31413399992802
            ],
            [
              -122.28026600012538,
              47.31392800023212
            ],
            [
              -122.27996400000158,
              47.31377100027059
            ],
            [
              -122.27949100017358,
              47.31345099984362
            ],
            [
              -122.27900900012473,
              47.312999999823106
            ],
            [
              -122.27869899960503,
              47.3125330002981
            ],
            [
              -122.27839900002937,
              47.311800000262586
            ],
            [
              -122.27819200034011,
              47.31129399985553
            ],
            [
              -122.27775200012405,
              47.31017799997721
            ],
            [
              -122.27689299960834,
              47.3086989999017
            ],
            [
              -122.27687900026297,
              47.30867100013243
            ],
            [
              -122.27642200032848,
              47.307768999934474
            ],
            [
              -122.2762330001826,
              47.30742700028769
            ],
            [
              -122.27621800011397,
              47.30739899984458
            ],
            [
              -122.27606099975515,
              47.30714499971585
            ],
            [
              -122.2759100001424,
              47.30695200005136
            ],
            [
              -122.27572400036956,
              47.30677599970201
            ],
            [
              -122.27543099956829,
              47.30657800020744
            ],
            [
              -122.2747900004091,
              47.30622399970565
            ],
            [
              -122.27440100024668,
              47.30594000024253
            ],
            [
              -122.27408700042731,
              47.305516000117784
            ],
            [
              -122.2738670003193,
              47.30462799973205
            ],
            [
              -122.27373699972463,
              47.30432500018566
            ],
            [
              -122.27372199965603,
              47.30430799998674
            ],
            [
              -122.27352900021049,
              47.30434799990855
            ],
            [
              -122.27323700013244,
              47.304406999814155
            ],
            [
              -122.27316799963714,
              47.30427999971891
            ],
            [
              -122.27290499987141,
              47.304325999803034
            ],
            [
              -122.27265399980124,
              47.30436599971122
            ],
            [
              -122.27246999967822,
              47.30439099986688
            ],
            [
              -122.27211499985098,
              47.304431999950424
            ],
            [
              -122.27187700019961,
              47.304461999976546
            ],
            [
              -122.27148700021229,
              47.304501000167754
            ],
            [
              -122.27130700028722,
              47.30451500024503
            ],
            [
              -122.27098599989685,
              47.30453499982681
            ],
            [
              -122.27099000009483,
              47.304223999747876
            ],
            [
              -122.27099099991972,
              47.30410499984087
            ],
            [
              -122.27099699976752,
              47.303539000250545
            ],
            [
              -122.27099900031564,
              47.30326799992431
            ],
            [
              -122.27091700029987,
              47.30328600009472
            ],
            [
              -122.27077300035984,
              47.30331800004407
            ],
            [
              -122.27016099971635,
              47.303453999765026
            ],
            [
              -122.26999099983705,
              47.3034799999854
            ],
            [
              -122.26931200014468,
              47.30345699988482
            ],
            [
              -122.26895700031744,
              47.30342899977537
            ],
            [
              -122.2684259998648,
              47.30338899976736
            ],
            [
              -122.26612600012373,
              47.30322500027085
            ],
            [
              -122.26606800039741,
              47.30322099989047
            ],
            [
              -122.26575600022787,
              47.30321599987146
            ],
            [
              -122.26575700005279,
              47.3029219999928
            ],
            [
              -122.2657579998777,
              47.302620999713994
            ],
            [
              -122.26576100025076,
              47.3020719997787
            ],
            [
              -122.26576500044871,
              47.30114200017841
            ],
            [
              -122.26576700009852,
              47.30080000029863
            ],
            [
              -122.26576600027363,
              47.30064900027647
            ],
            [
              -122.26506599976658,
              47.30064799998037
            ],
            [
              -122.26501499971295,
              47.30064900027647
            ],
            [
              -122.26501499971295,
              47.30046000002428
            ],
            [
              -122.26501499971295,
              47.30031999992082
            ],
            [
              -122.26501600043616,
              47.300270999705624
            ],
            [
              -122.26502499975868,
              47.299601000027906
            ],
            [
              -122.26504099965221,
              47.298829000280904
            ],
            [
              -122.26499200014673,
              47.298108000137105
            ],
            [
              -122.26502899995666,
              47.29700200026825
            ],
            [
              -122.26508000001027,
              47.29546900019153
            ],
            [
              -122.26509300042906,
              47.29334600008189
            ],
            [
              -122.26510199975158,
              47.29202799987886
            ],
            [
              -122.2651100001475,
              47.29089199978656
            ],
            [
              -122.2649770000781,
              47.29089199978656
            ],
            [
              -122.26495500033678,
              47.29086500020619
            ],
            [
              -122.26479299995509,
              47.2906609997495
            ],
            [
              -122.26463099957338,
              47.290455999845
            ],
            [
              -122.26458999956552,
              47.2904049998672
            ],
            [
              -122.26436299978477,
              47.29031400029836
            ],
            [
              -122.2641879998826,
              47.29024300007739
            ],
            [
              -122.26416399959317,
              47.29024200019374
            ],
            [
              -122.26405700036135,
              47.290233999905254
            ],
            [
              -122.26377799980378,
              47.2902139997881
            ],
            [
              -122.26362399981798,
              47.29024499984465
            ],
            [
              -122.26329599975493,
              47.290311000042045
            ],
            [
              -122.26310199958615,
              47.29034899982295
            ],
            [
              -122.26283899982045,
              47.29040200022536
            ],
            [
              -122.26218400041753,
              47.29053300026791
            ],
            [
              -122.26152999994125,
              47.290408000118134
            ],
            [
              -122.26148700028355,
              47.29043999994089
            ],
            [
              -122.26164399974407,
              47.2906370002892
            ],
            [
              -122.26160699993414,
              47.29071600019804
            ],
            [
              -122.26144999957529,
              47.29104699972846
            ],
            [
              -122.26078699977649,
              47.29090199971789
            ],
            [
              -122.26061500024736,
              47.290688000043346
            ],
            [
              -122.2604429998199,
              47.290471999744284
            ],
            [
              -122.26044500036804,
              47.29056500001503
            ],
            [
              -122.2604789998049,
              47.29185599982768
            ],
            [
              -122.26046799993425,
              47.293480000220235
            ],
            [
              -122.25990200021984,
              47.2934849999415
            ],
            [
              -122.2597459996859,
              47.29349499999182
            ],
            [
              -122.25949999963862,
              47.2935099997591
            ],
            [
              -122.25826100007961,
              47.29351800016131
            ],
            [
              -122.25819599978229,
              47.29351800016131
            ],
            [
              -122.25803000010093,
              47.293518999983014
            ],
            [
              -122.25755899992275,
              47.293522999878974
            ],
            [
              -122.25728299973822,
              47.29352500013146
            ],
            [
              -122.2546480002614,
              47.293545000215104
            ],
            [
              -122.25418799995387,
              47.29355900014726
            ],
            [
              -122.25254599998874,
              47.29356600011198
            ],
            [
              -122.25177900043285,
              47.29356799975356
            ],
            [
              -122.24995300034472,
              47.29357499971709
            ],
            [
              -122.24827799986933,
              47.293579000218045
            ],
            [
              -122.24432299974433,
              47.29359799985178
            ],
            [
              -122.2436230001356,
              47.29362000015671
            ],
            [
              -122.2434320003399,
              47.29362099997648
            ],
            [
              -122.24168400006955,
              47.29363000018151
            ],
            [
              -122.24149800029673,
              47.29363400006902
            ],
            [
              -122.24065600039775,
              47.29363799995628
            ],
            [
              -122.24039299973373,
              47.29363799995628
            ],
            [
              -122.24354899961743,
              47.28902100020046
            ],
            [
              -122.24520300017645,
              47.28642699997963
            ],
            [
              -122.24572899970791,
              47.285582000130745
            ],
            [
              -122.24595399983879,
              47.285156000090154
            ],
            [
              -122.24620499990897,
              47.28449000020754
            ],
            [
              -122.24643000003985,
              47.28350899979187
            ],
            [
              -122.24650500038294,
              47.28221200017552
            ],
            [
              -122.24644900030643,
              47.27909199988178
            ],
            [
              -122.24624500009195,
              47.27909299997619
            ],
            [
              -122.24594499961798,
              47.279094000070636
            ],
            [
              -122.24550699995005,
              47.279095000165015
            ],
            [
              -122.24304099962934,
              47.27910700007723
            ],
            [
              -122.23942199996331,
              47.27912600003431
            ],
            [
              -122.23943100018415,
              47.27758000004812
            ],
            [
              -122.2394410002299,
              47.275936999762926
            ],
            [
              -122.23944299987971,
              47.2756299997233
            ],
            [
              -122.23944399970463,
              47.275483999951035
            ],
            [
              -122.23746000033107,
              47.2754829997884
            ],
            [
              -122.23741699977504,
              47.2754820002352
            ],
            [
              -122.2367880003114,
              47.2754820002352
            ],
            [
              -122.23680099983191,
              47.27444600015206
            ],
            [
              -122.2368150000756,
              47.27341500029952
            ],
            [
              -122.2368209999234,
              47.27291999991493
            ],
            [
              -122.23683400034218,
              47.27217099985958
            ],
            [
              -122.23683299961894,
              47.271897000214324
            ],
            [
              -122.23654300008903,
              47.271899000065574
            ],
            [
              -122.23646000024836,
              47.27190000029595
            ],
            [
              -122.23608699997946,
              47.27190200014713
            ],
            [
              -122.23380700032988,
              47.27191399986207
            ],
            [
              -122.23278600033078,
              47.271920000023314
            ],
            [
              -122.23069400010384,
              47.2719310001139
            ],
            [
              -122.23050900015593,
              47.27193199973417
            ],
            [
              -122.2303579996449,
              47.27193299996392
            ],
            [
              -122.23028400002502,
              47.27047200010784
            ],
            [
              -122.23014400028293,
              47.2685020001693
            ],
            [
              -122.23013199968906,
              47.26833700007075
            ],
            [
              -122.23013000003924,
              47.2682980000277
            ],
            [
              -122.23003600032791,
              47.268298999716556
            ],
            [
              -122.22998399955105,
              47.268298999716556
            ],
            [
              -122.22983100028851,
              47.268298999716556
            ],
            [
              -122.22929599963787,
              47.26830099970381
            ],
            [
              -122.22928200029253,
              47.26830099970381
            ],
            [
              -122.22918299965998,
              47.26830099970381
            ],
            [
              -122.22900500028305,
              47.26830099970381
            ],
            [
              -122.2289650001001,
              47.26830099970381
            ],
            [
              -122.22886200016794,
              47.26830099970381
            ],
            [
              -122.2287960000457,
              47.26830099970381
            ],
            [
              -122.22877099993133,
              47.26830099970381
            ],
            [
              -122.22875000001493,
              47.26830200000218
            ],
            [
              -122.22874699964188,
              47.26837499978805
            ],
            [
              -122.22861899959537,
              47.26837499978805
            ],
            [
              -122.22854699962534,
              47.26837600008503
            ],
            [
              -122.2285640002421,
              47.26797300017708
            ],
            [
              -122.22858199978545,
              47.26756099987636
            ],
            [
              -122.22858699980834,
              47.2674430000694
            ],
            [
              -122.22858699980834,
              47.267432000265146
            ],
            [
              -122.22867200019714,
              47.267432000265146
            ],
            [
              -122.22870300015927,
              47.26743299997039
            ],
            [
              -122.22873800031935,
              47.26743299997039
            ],
            [
              -122.22877299958117,
              47.26743299997039
            ],
            [
              -122.22880899956614,
              47.26688599990374
            ],
            [
              -122.22882000033515,
              47.26672400001936
            ],
            [
              -122.22882299980988,
              47.26664100014613
            ],
            [
              -122.22884700009931,
              47.26663000017521
            ],
            [
              -122.22889899997786,
              47.266608000226455
            ],
            [
              -122.22895300040453,
              47.26658499993781
            ],
            [
              -122.22899699988713,
              47.26656700007599
            ],
            [
              -122.22904399974283,
              47.26654799987651
            ],
            [
              -122.22908899994864,
              47.26652599989372
            ],
            [
              -122.22913499997941,
              47.266503000178986
            ],
            [
              -122.22934800041475,
              47.266399000257586
            ],
            [
              -122.22968899999826,
              47.26622600004701
            ],
            [
              -122.2297049998918,
              47.26650800001184
            ],
            [
              -122.22971699958737,
              47.26673000015935
            ],
            [
              -122.22977699986183,
              47.26672899983128
            ],
            [
              -122.23003100030505,
              47.26673000015935
            ],
            [
              -122.23001700006134,
              47.266503999901744
            ],
            [
              -122.23000299981763,
              47.266282999752505
            ],
            [
              -122.2299929997719,
              47.26611500025189
            ],
            [
              -122.22998899957392,
              47.266025999814225
            ],
            [
              -122.22998600009917,
              47.26595600025524
            ],
            [
              -122.22998199990123,
              47.26588699972853
            ],
            [
              -122.22997799970327,
              47.26582100014773
            ],
            [
              -122.22997500022855,
              47.2657540001381
            ],
            [
              -122.22994199971825,
              47.26513000029754
            ],
            [
              -122.22970099969385,
              47.26103199975482
            ],
            [
              -122.22958600006612,
              47.258948999729135
            ],
            [
              -122.22950999989811,
              47.25792299981973
            ],
            [
              -122.22950300022544,
              47.257751999730985
            ],
            [
              -122.22949499982951,
              47.25755599997334
            ],
            [
              -122.22949400000459,
              47.25753800008984
            ],
            [
              -122.22947300008819,
              47.25704999990118
            ],
            [
              -122.22929999983586,
              47.25404299976089
            ],
            [
              -122.22928499976723,
              47.253713999726834
            ],
            [
              -122.22920000027673,
              47.251814999956096
            ],
            [
              -122.2294150003619,
              47.251773999934144
            ],
            [
              -122.23514499962309,
              47.25071199989209
            ],
            [
              -122.23500400005607,
              47.25035100023634
            ],
            [
              -122.23494600032976,
              47.25020600027655
            ],
            [
              -122.2345489997714,
              47.25025299986123
            ],
            [
              -122.2337319999868,
              47.25032900023013
            ],
            [
              -122.2337179997431,
              47.25020899975826
            ],
            [
              -122.23370600004753,
              47.25015399988305
            ],
            [
              -122.23368500013113,
              47.25012100005243
            ],
            [
              -122.23364099975021,
              47.25008300003727
            ],
            [
              -122.2335980000925,
              47.250068000152154
            ],
            [
              -122.23352299974944,
              47.25005699978655
            ],
            [
              -122.23312799973922,
              47.25004499999485
            ],
            [
              -122.23078399961724,
              47.25004499999485
            ],
            [
              -122.22930599968363,
              47.25004499999485
            ],
            [
              -122.22910900004011,
              47.2500340002342
            ],
            [
              -122.22908700029882,
              47.24973500026697
            ],
            [
              -122.22907700025308,
              47.24959600009287
            ],
            [
              -122.22891099967342,
              47.2463829998732
            ],
            [
              -122.22816800040697,
              47.24638000017481
            ],
            [
              -122.2277830004425,
              47.246377999969226
            ],
            [
              -122.22764600017517,
              47.24637699986643
            ],
            [
              -122.22602000010357,
              47.24636999975601
            ],
            [
              -122.22392600022681,
              47.24636100004828
            ],
            [
              -122.22393600027259,
              47.24386999986791
            ],
            [
              -122.22395700018895,
              47.243112999711
            ],
            [
              -122.22395800001387,
              47.24292800006769
            ],
            [
              -122.22395999966369,
              47.24271600002161
            ],
            [
              -122.2238400000131,
              47.242714999849674
            ],
            [
              -122.22322200042011,
              47.242709000037266
            ],
            [
              -122.21868700033701,
              47.242664999766006
            ],
            [
              -122.21869599965952,
              47.24186300017162
            ],
            [
              -122.21869800020767,
              47.24173299996078
            ],
            [
              -122.21697199967862,
              47.24175700025828
            ],
            [
              -122.21250100006796,
              47.241727000037166
            ],
            [
              -122.21188000010194,
              47.241725999846516
            ],
            [
              -122.20834099990356,
              47.24171299980617
            ],
            [
              -122.20833199968271,
              47.241512000089976
            ],
            [
              -122.20832199963696,
              47.241407999867675
            ],
            [
              -122.2083090001165,
              47.24079800021194
            ],
            [
              -122.20830699956836,
              47.24075299997417
            ],
            [
              -122.20674699961901,
              47.240819999907714
            ],
            [
              -122.20400199963899,
              47.2409150000414
            ],
            [
              -122.20345199981811,
              47.24093100028471
            ],
            [
              -122.20326199984731,
              47.240939999695186
            ],
            [
              -122.20326199984731,
              47.2413329997038
            ],
            [
              -122.20326199984731,
              47.24274800002541
            ],
            [
              -122.20313399980077,
              47.2427539998334
            ],
            [
              -122.20113199998555,
              47.242853000226056
            ],
            [
              -122.19946699955588,
              47.24293600019088
            ],
            [
              -122.19803399982814,
              47.243006999859254
            ],
            [
              -122.19709400001989,
              47.243052000012064
            ],
            [
              -122.19668399994107,
              47.24307200027102
            ],
            [
              -122.19650499984093,
              47.24307999976263
            ],
            [
              -122.19637400031968,
              47.24308699969795
            ],
            [
              -122.19631499987013,
              47.243090000192666
            ],
            [
              -122.19625499959567,
              47.24309300007741
            ],
            [
              -122.19620199989221,
              47.243094999797165
            ],
            [
              -122.19613499994507,
              47.24309899984627
            ],
            [
              -122.19599400037806,
              47.24310699994368
            ],
            [
              -122.19588200022508,
              47.24317200023274
            ],
            [
              -122.19569700027715,
              47.24316000010095
            ],
            [
              -122.19554699959102,
              47.24315700022005
            ],
            [
              -122.19540600002402,
              47.24316499969879
            ],
            [
              -122.19538799958237,
              47.24353700004632
            ],
            [
              -122.19536500001612,
              47.24406000000398
            ],
            [
              -122.1953419995516,
              47.24456599978978
            ],
            [
              -122.19532700038131,
              47.24490700028666
            ],
            [
              -122.19526100025907,
              47.24638100027755
            ],
            [
              -122.19477900021022,
              47.24669599999631
            ],
            [
              -122.19468200012584,
              47.24675899995919
            ],
            [
              -122.19436599975835,
              47.24676999979012
            ],
            [
              -122.19375200036333,
              47.24679099996001
            ],
            [
              -122.19249299981455,
              47.24683499985339
            ],
            [
              -122.19126799960094,
              47.246878000226666
            ],
            [
              -122.19004199956242,
              47.24691999986267
            ],
            [
              -122.18988799957663,
              47.24692599980797
            ],
            [
              -122.18986900020839,
              47.24730700012494
            ],
            [
              -122.18985499996468,
              47.24759199987635
            ],
            [
              -122.18984400009404,
              47.247828999984634
            ],
            [
              -122.18983099967522,
              47.24809599993243
            ],
            [
              -122.18980399991104,
              47.24864499974146
            ],
            [
              -122.18979499969022,
              47.248828000039346
            ],
            [
              -122.18978200016974,
              47.249104000292434
            ],
            [
              -122.18976000042844,
              47.24955100001101
            ],
            [
              -122.18973100011611,
              47.25025599995006
            ],
            [
              -122.18972000024546,
              47.25036199993115
            ],
            [
              -122.18971400039767,
              47.25043099996012
            ],
            [
              -122.18963499985666,
              47.25043300001265
            ],
            [
              -122.18922099957986,
              47.25044300027414
            ],
            [
              -122.18901399989063,
              47.25044799979439
            ],
            [
              -122.1886029999869,
              47.25046000010457
            ],
            [
              -122.18840499962018,
              47.250464000207366
            ],
            [
              -122.18800999960996,
              47.250472999827714
            ],
            [
              -122.18781399979139,
              47.25047599990408
            ],
            [
              -122.1876029999042,
              47.250477999954924
            ],
            [
              -122.18749099975119,
              47.25047699992953
            ],
            [
              -122.18718799980248,
              47.250472999827714
            ],
            [
              -122.18718299977961,
              47.25048300008165
            ],
            [
              -122.18709499991606,
              47.25066700014864
            ],
            [
              -122.18707099962663,
              47.25074299992346
            ],
            [
              -122.1870189997481,
              47.25110399995613
            ],
            [
              -122.18699399963373,
              47.25156299992894
            ],
            [
              -122.1868930002497,
              47.25338799999917
            ],
            [
              -122.1868920004248,
              47.25405299995048
            ],
            [
              -122.1875209998884,
              47.25403999988659
            ],
            [
              -122.18762299999567,
              47.25400400016201
            ],
            [
              -122.19215499970574,
              47.253943000200266
            ],
            [
              -122.19227600007956,
              47.25394100028028
            ],
            [
              -122.19479000008087,
              47.25391899993617
            ],
            [
              -122.19490999973146,
              47.25391899993617
            ],
            [
              -122.1952000001597,
              47.25391600005483
            ],
            [
              -122.1964880001225,
              47.253905999839375
            ],
            [
              -122.19712400015713,
              47.25389500027092
            ],
            [
              -122.20166699973785,
              47.25381800017908
            ],
            [
              -122.2022890004271,
              47.25380699998261
            ],
            [
              -122.20839899962986,
              47.253803000132294
            ],
            [
              -122.20839699998005,
              47.253959000167036
            ],
            [
              -122.20839299978208,
              47.25417099972778
            ],
            [
              -122.20839100013227,
              47.254300999901496
            ],
            [
              -122.2083860001094,
              47.254689999781334
            ],
            [
              -122.20838299973634,
              47.25491300004301
            ],
            [
              -122.20837600006364,
              47.255377000202365
            ],
            [
              -122.2083719998657,
              47.25573400003846
            ],
            [
              -122.20836600001792,
              47.25608399986053
            ],
            [
              -122.20836099999505,
              47.25641500023961
            ],
            [
              -122.20835500014726,
              47.256817999733386
            ],
            [
              -122.20835199977421,
              47.257031999845665
            ],
            [
              -122.20834699975134,
              47.2574740002514
            ],
            [
              -122.20742799985948,
              47.25747199985507
            ],
            [
              -122.20578699971925,
              47.25747199985507
            ],
            [
              -122.20228400040422,
              47.25746800028159
            ],
            [
              -122.19751699961921,
              47.25744799997103
            ],
            [
              -122.19713800040084,
              47.257447000077214
            ],
            [
              -122.1914679996175,
              47.25743299973308
            ],
            [
              -122.18682499957933,
              47.25747099996175
            ],
            [
              -122.18665200022525,
              47.257472999748366
            ],
            [
              -122.18512999991076,
              47.25748700008193
            ],
            [
              -122.18256599968072,
              47.2575100000557
            ],
            [
              -122.17723999975229,
              47.25751699991322
            ],
            [
              -122.17664600044877,
              47.25752299987744
            ],
            [
              -122.17612599986678,
              47.257535999695975
            ],
            [
              -122.17499100006484,
              47.25753499980382
            ],
            [
              -122.17453099975732,
              47.25753800008984
            ],
            [
              -122.17272599958555,
              47.25753800008984
            ],
            [
              -122.17089700002269,
              47.257540999765986
            ],
            [
              -122.16575900041524,
              47.25754699972748
            ],
            [
              -122.16524200020628,
              47.25754900012098
            ],
            [
              -122.1603720003874,
              47.25754800022911
            ],
            [
              -122.15588599980978,
              47.2575509999047
            ],
            [
              -122.15490599981855,
              47.257553000297996
            ],
            [
              -122.15117599982446,
              47.257574999742054
            ],
            [
              -122.15045199992628,
              47.25757700013448
            ],
            [
              -122.14914600042016,
              47.25756000014983
            ],
            [
              -122.14892799996196,
              47.257533999911686
            ],
            [
              -122.14565400007743,
              47.25752700005641
            ],
            [
              -122.14464800014696,
              47.257526000164134
            ],
            [
              -122.14462200020769,
              47.257526000164134
            ],
            [
              -122.14449300033627,
              47.25752299987744
            ],
            [
              -122.14439200005391,
              47.25752000020026
            ],
            [
              -122.14433199977947,
              47.25751899969815
            ],
            [
              -122.14419100021247,
              47.25752500027184
            ],
            [
              -122.14397600012731,
              47.257526000164134
            ],
            [
              -122.14388099969274,
              47.25752799994872
            ],
            [
              -122.14358899961469,
              47.25752299987744
            ],
            [
              -122.14343999965179,
              47.25752100009265
            ],
            [
              -122.14363600036867,
              47.25780800013821
            ],
            [
              -122.14364700023933,
              47.25782500004325
            ],
            [
              -122.14365399991205,
              47.25784299982914
            ],
            [
              -122.14369099972197,
              47.25785000025233
            ],
            [
              -122.14381200009579,
              47.25800300029916
            ],
            [
              -122.14384200023301,
              47.25804100011871
            ],
            [
              -122.14397899960204,
              47.258312999795834
            ],
            [
              -122.14402899983075,
              47.258385999944295
            ],
            [
              -122.14414900037968,
              47.25856000004266
            ],
            [
              -122.14438399965799,
              47.25876799999859
            ],
            [
              -122.14454600003968,
              47.258910999951546
            ],
            [
              -122.14464800014696,
              47.25897400001715
            ],
            [
              -122.14478600023921,
              47.25965400015427
            ],
            [
              -122.1449410000499,
              47.259789999987234
            ],
            [
              -122.145665999773,
              47.260426999696456
            ],
            [
              -122.14619499967752,
              47.26083800021505
            ],
            [
              -122.1465179997177,
              47.26107299992485
            ],
            [
              -122.1469100002532,
              47.26144599990892
            ],
            [
              -122.1473060000883,
              47.26173600006492
            ],
            [
              -122.14742200043924,
              47.26227400025911
            ],
            [
              -122.14773700008352,
              47.26267200007766
            ],
            [
              -122.14806799962133,
              47.26301100025779
            ],
            [
              -122.1486729996938,
              47.26336700005049
            ],
            [
              -122.14922800043593,
              47.26338399999953
            ],
            [
              -122.14977599970868,
              47.26333099996108
            ],
            [
              -122.15027100017632,
              47.26328399979054
            ],
            [
              -122.15089200014236,
              47.2630939997265
            ],
            [
              -122.15191899998922,
              47.262928000049314
            ],
            [
              -122.15273599977384,
              47.262784999972496
            ],
            [
              -122.1534019999457,
              47.262887000096626
            ],
            [
              -122.15387399994879,
              47.263144000034096
            ],
            [
              -122.15409099968377,
              47.26343999993655
            ],
            [
              -122.15453799957253,
              47.26372899975826
            ],
            [
              -122.15586499989338,
              47.26406799987561
            ],
            [
              -122.15587099974114,
              47.26403599995016
            ],
            [
              -122.15628800039099,
              47.26430599978128
            ],
            [
              -122.15644700039967,
              47.26452800001967
            ],
            [
              -122.1568380002119,
              47.264812999760025
            ],
            [
              -122.15707599986325,
              47.26514599993204
            ],
            [
              -122.15717999962034,
              47.265574999987614
            ],
            [
              -122.1570850000841,
              47.266050999808435
            ],
            [
              -122.15608599982632,
              47.267174000099594
            ],
            [
              -122.15589199965757,
              47.26756400020377
            ],
            [
              -122.15575299974037,
              47.26797300017708
            ],
            [
              -122.15588599980978,
              47.26874400019615
            ],
            [
              -122.15644700039967,
              47.269782000288814
            ],
            [
              -122.15749000014006,
              47.27112399991986
            ],
            [
              -122.15841599970459,
              47.27196699984037
            ],
            [
              -122.15801499984661,
              47.27196499999169
            ],
            [
              -122.15775600027887,
              47.27196399976255
            ],
            [
              -122.15760899996577,
              47.27196399976255
            ],
            [
              -122.15734899967475,
              47.27195699998656
            ],
            [
              -122.15650099992803,
              47.27196399976255
            ],
            [
              -122.15597299984842,
              47.27196499999169
            ],
            [
              -122.15444999970899,
              47.27196999991807
            ],
            [
              -122.15435599999763,
              47.27196999991807
            ],
            [
              -122.15074200035453,
              47.27196999991807
            ],
            [
              -122.15068999957766,
              47.27196999991807
            ],
            [
              -122.1500949995509,
              47.27196999991807
            ],
            [
              -122.14969500041617,
              47.27196999991807
            ],
            [
              -122.14914899989486,
              47.27196999991807
            ],
            [
              -122.14832000041473,
              47.27196999991807
            ],
            [
              -122.14802499996362,
              47.27196999991807
            ],
            [
              -122.14629500013494,
              47.27197199976661
            ],
            [
              -122.14599300001116,
              47.27197199976661
            ],
            [
              -122.14450900022979,
              47.27197199976661
            ],
            [
              -122.14452000010044,
              47.272246999856925
            ],
            [
              -122.14452599994821,
              47.272408999904
            ],
            [
              -122.14451300042774,
              47.27373300010608
            ],
            [
              -122.14451599990248,
              47.27425000002914
            ],
            [
              -122.1445040002069,
              47.274990999759744
            ],
            [
              -122.14450599985673,
              47.27527500028982
            ],
            [
              -122.14451500007755,
              47.2754679997845
            ],
            [
              -122.14452799959805,
              47.27570200021409
            ],
            [
              -122.14446300019902,
              47.27579299993237
            ],
            [
              -122.14446499984884,
              47.27645699991786
            ],
            [
              -122.14446900004681,
              47.277441999957624
            ],
            [
              -122.14447200041987,
              47.27855600018282
            ],
            [
              -122.14447900009255,
              47.27974099989942
            ],
            [
              -122.14448699959016,
              47.28078100016739
            ],
            [
              -122.14449900018406,
              47.28219999974869
            ],
            [
              -122.14450099983387,
              47.282515999720644
            ],
            [
              -122.14450199965876,
              47.28264200026692
            ],
            [
              -122.144503000382,
              47.28284800001064
            ],
            [
              -122.14451500007755,
              47.28401599986108
            ],
            [
              -122.14451400025266,
              47.28404599989321
            ],
            [
              -122.14451300042774,
              47.28405899990183
            ],
            [
              -122.14485599966108,
              47.28412399989706
            ],
            [
              -122.14517100020367,
              47.28417799983238
            ],
            [
              -122.14583400000252,
              47.28429800010071
            ],
            [
              -122.1459109999954,
              47.28431500003038
            ],
            [
              -122.14621499976901,
              47.284383000303805
            ],
            [
              -122.14653500033447,
              47.28445499985278
            ],
            [
              -122.14717399984383,
              47.28457100013882
            ],
            [
              -122.14749400040927,
              47.28466199983845
            ],
            [
              -122.14773799990844,
              47.28469400009071
            ],
            [
              -122.14876099955737,
              47.284823000282934
            ],
            [
              -122.14904400031291,
              47.28487700011406
            ],
            [
              -122.149256000025,
              47.28491800009578
            ],
            [
              -122.14943000010226,
              47.284919000080066
            ],
            [
              -122.14975300014247,
              47.284942999697456
            ],
            [
              -122.15018199958955,
              47.28497799972929
            ],
            [
              -122.15020400022918,
              47.28497799972929
            ],
            [
              -122.15144699998613,
              47.285275999968036
            ],
            [
              -122.15246499961218,
              47.28558699998928
            ],
            [
              -122.15398699992672,
              47.286041999760975
            ],
            [
              -122.15500399972784,
              47.286311000107375
            ],
            [
              -122.15527700043762,
              47.28632999991476
            ],
            [
              -122.15535799973016,
              47.28633600026946
            ],
            [
              -122.15543999974592,
              47.28635100023915
            ],
            [
              -122.15548800032482,
              47.28635899989628
            ],
            [
              -122.15555299972384,
              47.286359999853325
            ],
            [
              -122.1563729998815,
              47.28634899971532
            ],
            [
              -122.16148200007497,
              47.28635300015356
            ],
            [
              -122.16478400044687,
              47.28635899989628
            ],
            [
              -122.16586900002005,
              47.28636299972435
            ],
            [
              -122.16870100003868,
              47.28637399985944
            ],
            [
              -122.17111700013074,
              47.28637599977294
            ],
            [
              -122.17107600012284,
              47.28787800000197
            ],
            [
              -122.1710739995747,
              47.28811600008402
            ],
            [
              -122.17106799972692,
              47.28917100001311
            ],
            [
              -122.17139900016302,
              47.28930999987818
            ],
            [
              -122.17239500004777,
              47.289725999825485
            ],
            [
              -122.17287700009662,
              47.28992600006499
            ],
            [
              -122.17302299968648,
              47.28998600011126
            ],
            [
              -122.17853100008814,
              47.29001300014032
            ],
            [
              -122.17875000037124,
              47.2903100001597
            ],
            [
              -122.1791279997647,
              47.29043700030109
            ],
            [
              -122.17958700024732,
              47.29070200012253
            ],
            [
              -122.17966000004225,
              47.290950000215005
            ],
            [
              -122.17988500017316,
              47.291069999744
            ],
            [
              -122.17999700032614,
              47.291190000219345
            ],
            [
              -122.18023199960447,
              47.291264999845026
            ],
            [
              -122.1804659999562,
              47.29148900005172
            ],
            [
              -122.18061499991913,
              47.291533999829184
            ],
            [
              -122.1807820003237,
              47.29158499993692
            ],
            [
              -122.1810700002038,
              47.291887000140356
            ],
            [
              -122.18118099963357,
              47.29220899981746
            ],
            [
              -122.1814379995515,
              47.29228699997032
            ],
            [
              -122.18153899983386,
              47.29226499972011
            ],
            [
              -122.18150600022189,
              47.298805999984495
            ],
            [
              -122.18149899965086,
              47.299262000285
            ],
            [
              -122.18149600017614,
              47.29948600012509
            ],
            [
              -122.1814929998031,
              47.299665000103836
            ],
            [
              -122.18148199993243,
              47.30050199980026
            ],
            [
              -122.1827670004205,
              47.3006719997711
            ],
            [
              -122.18291800003323,
              47.3006920001976
            ],
            [
              -122.18449899989899,
              47.3008939997557
            ],
            [
              -122.18475400016715,
              47.300906999887836
            ],
            [
              -122.18605899984834,
              47.30092099969852
            ],
            [
              -122.18689099970156,
              47.300927000225435
            ],
            [
              -122.18695900037196,
              47.300927000225435
            ],
            [
              -122.18956200006171,
              47.300946000265
            ],
            [
              -122.19087599996378,
              47.3009480002367
            ],
            [
              -122.19142999998263,
              47.30095400015134
            ],
            [
              -122.19204799957562,
              47.3009589997751
            ],
            [
              -122.19224599994233,
              47.30097100021046
            ],
            [
              -122.19244500013397,
              47.30099499985456
            ],
            [
              -122.1925680001576,
              47.30102100006591
            ],
            [
              -122.1927289998161,
              47.30106800022807
            ],
            [
              -122.19280699963389,
              47.3010899998619
            ],
            [
              -122.1935180000116,
              47.30133799997436
            ],
            [
              -122.19381699976233,
              47.301434000255796
            ],
            [
              -122.19392700026552,
              47.30144599997414
            ],
            [
              -122.19403000019767,
              47.30145100016056
            ],
            [
              -122.19414400000049,
              47.30144000011533
            ],
            [
              -122.19452700031515,
              47.30137500007811
            ],
            [
              -122.19487299992157,
              47.30133999993122
            ],
            [
              -122.19490200023385,
              47.30133999993122
            ],
            [
              -122.19502600008242,
              47.30133600001741
            ],
            [
              -122.19517300039554,
              47.30135400023645
            ],
            [
              -122.19526100025907,
              47.30137500007811
            ],
            [
              -122.19541400041992,
              47.30141900029949
            ],
            [
              -122.19560799969038,
              47.301490999807406
            ],
            [
              -122.19575599982839,
              47.30156999994998
            ],
            [
              -122.19590700033943,
              47.30167299992004
            ],
            [
              -122.19619500021953,
              47.30187899986737
            ],
            [
              -122.19631499987013,
              47.301954000172245
            ],
            [
              -122.19639400041115,
              47.30199499970915
            ],
            [
              -122.19657500016112,
              47.30206900018949
            ],
            [
              -122.19664700013115,
              47.30208799981865
            ],
            [
              -122.19674800041349,
              47.3021089999779
            ],
            [
              -122.19693599983614,
              47.30214699980982
            ],
            [
              -122.1970589998598,
              47.30217100013846
            ],
            [
              -122.19753599988576,
              47.302244000106484
            ],
            [
              -122.19754299955848,
              47.30278800002364
            ],
            [
              -122.19755000012947,
              47.302969999935456
            ],
            [
              -122.19756000017522,
              47.30369600015013
            ],
            [
              -122.19756100000014,
              47.303730999955555
            ],
            [
              -122.19755699980216,
              47.303871999789806
            ],
            [
              -122.19774500012315,
              47.30389200022401
            ],
            [
              -122.19803399982814,
              47.30397099982457
            ],
            [
              -122.19854600001423,
              47.30411200023696
            ],
            [
              -122.19899999957568,
              47.30428700009183
            ],
            [
              -122.19937799986742,
              47.304600000242836
            ],
            [
              -122.19940100033197,
              47.304619000180686
            ],
            [
              -122.19961499969389,
              47.30472499974055
            ],
            [
              -122.19967699961818,
              47.30475599981878
            ],
            [
              -122.19986300028933,
              47.30511700005925
            ],
            [
              -122.1999169998177,
              47.30538300022985
            ],
            [
              -122.1999109999699,
              47.305706999751635
            ],
            [
              -122.19979999964183,
              47.306090000187716
            ],
            [
              -122.19964999985399,
              47.30625599970392
            ],
            [
              -122.19960899984612,
              47.30630199989597
            ],
            [
              -122.19959200012768,
              47.30639000001932
            ],
            [
              -122.19959899980039,
              47.30640400020541
            ],
            [
              -122.19962599956455,
              47.30645900011745
            ],
            [
              -122.19976000035716,
              47.30650599970893
            ],
            [
              -122.19983300015208,
              47.30656899976978
            ],
            [
              -122.19987199961186,
              47.3066029999261
            ],
            [
              -122.1998959999013,
              47.306628000242085
            ],
            [
              -122.20003900001642,
              47.306678000229425
            ],
            [
              -122.20015500036737,
              47.30671999993861
            ],
            [
              -122.20019600037527,
              47.30673400003729
            ],
            [
              -122.20025800029954,
              47.306758000110854
            ],
            [
              -122.20035200001087,
              47.30681200008417
            ],
            [
              -122.20051799969224,
              47.306873000032795
            ],
            [
              -122.20076700011258,
              47.306987999704575
            ],
            [
              -122.20083800025769,
              47.30703300030254
            ],
            [
              -122.2009939998933,
              47.30716800003916
            ],
            [
              -122.20105400016776,
              47.30724499988343
            ],
            [
              -122.20108299958176,
              47.307275000140464
            ],
            [
              -122.20109400035071,
              47.307287999921684
            ],
            [
              -122.20112399958963,
              47.30745200021394
            ],
            [
              -122.2011639997726,
              47.30756699984423
            ],
            [
              -122.20119399990985,
              47.30756699984423
            ],
            [
              -122.20119200026001,
              47.30820400011889
            ],
            [
              -122.20106699968822,
              47.30820400011889
            ],
            [
              -122.20091799972529,
              47.308202999965744
            ],
            [
              -122.20092699994613,
              47.3088380002117
            ],
            [
              -122.20092299974819,
              47.30953000015814
            ],
            [
              -122.2009379998168,
              47.30966299996626
            ],
            [
              -122.20120999980334,
              47.310324999738576
            ],
            [
              -122.20149100001076,
              47.310630999931746
            ],
            [
              -122.20187799962503,
              47.3110520001463
            ],
            [
              -122.2020020003719,
              47.31118599987555
            ],
            [
              -122.20207400034194,
              47.31125599989901
            ],
            [
              -122.20215800000751,
              47.31133700025423
            ],
            [
              -122.20245500010846,
              47.311624000220306
            ],
            [
              -122.20288600010365,
              47.31186400018801
            ],
            [
              -122.20253299992626,
              47.31185700020944
            ],
            [
              -122.20227799965814,
              47.31185199978914
            ],
            [
              -122.20095799990827,
              47.311828000201416
            ],
            [
              -122.20098700022062,
              47.31133600016036
            ],
            [
              -122.2006340000432,
              47.311341000020406
            ],
            [
              -122.2005589997001,
              47.31106699980558
            ],
            [
              -122.19967699961818,
              47.31044499976276
            ],
            [
              -122.19900700014666,
              47.309588000243835
            ],
            [
              -122.19807599966093,
              47.308585999980636
            ],
            [
              -122.19762799994727,
              47.308574000055685
            ],
            [
              -122.19759899963495,
              47.306460999880585
            ],
            [
              -122.19716299961686,
              47.306097999904814
            ],
            [
              -122.19509300002959,
              47.30605299972908
            ],
            [
              -122.19230500039188,
              47.30622099974289
            ],
            [
              -122.19231899973725,
              47.308162999915496
            ],
            [
              -122.1910950002469,
              47.308166999921895
            ],
            [
              -122.18337800034078,
              47.30809800022604
            ],
            [
              -122.17788199963469,
              47.30805299992565
            ],
            [
              -122.17635199982259,
              47.30804099987969
            ],
            [
              -122.17639299983045,
              47.31168099974791
            ],
            [
              -122.17295400008952,
              47.311666000262875
            ],
            [
              -122.17284799978431,
              47.3118620000202
            ],
            [
              -122.17205799976388,
              47.31166199991222
            ],
            [
              -122.17174399994451,
              47.31158599989199
            ],
            [
              -122.17169700008886,
              47.311574000039066
            ],
            [
              -122.17165199988301,
              47.311659999736776
            ],
            [
              -122.1711730002072,
              47.31258699985294
            ],
            [
              -122.1704879997688,
              47.31242300026727
            ],
            [
              -122.17016200025384,
              47.31235400003697
            ],
            [
              -122.16876600033603,
              47.314790000166674
            ],
            [
              -122.16851500026588,
              47.31523299997618
            ],
            [
              -122.16841300015861,
              47.31541500028026
            ],
            [
              -122.16810000016417,
              47.31592500023569
            ],
            [
              -122.16771600002461,
              47.31650899989509
            ],
            [
              -122.1672030000136,
              47.31720099988763
            ],
            [
              -122.16697899970764,
              47.31750499989881
            ],
            [
              -122.16644700032839,
              47.31811300015501
            ],
            [
              -122.16674799972897,
              47.31823200019281
            ],
            [
              -122.16692299963114,
              47.31830100005616
            ],
            [
              -122.16673400038357,
              47.31851799990401
            ],
            [
              -122.16649199963592,
              47.318786000136264
            ],
            [
              -122.16588699956343,
              47.31944399974869
            ],
            [
              -122.16553900030719,
              47.3198209996962
            ],
            [
              -122.16544700024568,
              47.31992200017021
            ],
            [
              -122.16538199994834,
              47.319989999723376
            ],
            [
              -122.16530599978039,
              47.320070000160314
            ],
            [
              -122.16515599999254,
              47.320229000136194
            ],
            [
              -122.16482299990662,
              47.32058200008812
            ],
            [
              -122.16429999984989,
              47.3211349998411
            ],
            [
              -122.16389599961886,
              47.32156199981401
            ],
            [
              -122.16406600039647,
              47.32163600030416
            ],
            [
              -122.16394599984756,
              47.32176300010549
            ],
            [
              -122.16382199999899,
              47.3218939997869
            ],
            [
              -122.16340299969933,
              47.322338000209484
            ],
            [
              -122.16288600038871,
              47.32288599986511
            ],
            [
              -122.1627580003422,
              47.323023000260925
            ],
            [
              -122.16262100007485,
              47.322962999949084
            ],
            [
              -122.1623850000733,
              47.323218000042665
            ],
            [
              -122.16212999980516,
              47.323523000006695
            ],
            [
              -122.1618910003289,
              47.32384299972311
            ],
            [
              -122.16167200004578,
              47.32417499997561
            ],
            [
              -122.1614009998841,
              47.32466400030385
            ],
            [
              -122.16118800034708,
              47.32514599971404
            ],
            [
              -122.16107000034631,
              47.325483000041984
            ],
            [
              -122.16092600040628,
              47.325938999775104
            ],
            [
              -122.16078999996382,
              47.32637499999943
            ],
            [
              -122.16063599997804,
              47.32777200001088
            ],
            [
              -122.16058400009952,
              47.3283030001352
            ],
            [
              -122.16038999993076,
              47.32860200014583
            ],
            [
              -122.16004199977618,
              47.329370000180305
            ],
            [
              -122.15991100025494,
              47.329588999725516
            ],
            [
              -122.1594779997116,
              47.33011600028621
            ],
            [
              -122.15952899976523,
              47.33015600015909
            ],
            [
              -122.15981300034566,
              47.33038699994364
            ],
            [
              -122.15975800009409,
              47.33059300000891
            ],
            [
              -122.15942400018325,
              47.33055400019711
            ],
            [
              -122.15926400034965,
              47.330780000220635
            ],
            [
              -122.15912999955707,
              47.33097700003681
            ],
            [
              -122.15906500015804,
              47.331075999833914
            ],
            [
              -122.15900599970848,
              47.3311570002494
            ],
            [
              -122.15888100003502,
              47.33134099992738
            ],
            [
              -122.15875800001136,
              47.33139800010454
            ],
            [
              -122.15885400027084,
              47.3314919999419
            ],
            [
              -122.15902099977711,
              47.33165500029959
            ],
            [
              -122.15898499979211,
              47.332132999826015
            ],
            [
              -122.1588659999664,
              47.33222599987435
            ],
            [
              -122.15880099966907,
              47.3322759999963
            ],
            [
              -122.1577400003853,
              47.33309499982173
            ],
            [
              -122.15717600032069,
              47.3327329998305
            ],
            [
              -122.156977999954,
              47.332604999922616
            ],
            [
              -122.15668900024899,
              47.33242200008146
            ],
            [
              -122.15666499995955,
              47.332436000068434
            ],
            [
              -122.15633500024666,
              47.332632999795784
            ],
            [
              -122.15620899984995,
              47.33271600024588
            ],
            [
              -122.15560399977747,
              47.33307100014129
            ],
            [
              -122.15527599971442,
              47.33280899987634
            ],
            [
              -122.15451199963326,
              47.33310299971276
            ],
            [
              -122.15437500026422,
              47.33315999981469
            ],
            [
              -122.15458500032649,
              47.33315999981469
            ],
            [
              -122.1548249996277,
              47.333161000104326
            ],
            [
              -122.1544510004322,
              47.333360000134235
            ],
            [
              -122.15410199955444,
              47.33354600000728
            ],
            [
              -122.15341500036449,
              47.33383400016798
            ],
            [
              -122.1522679999687,
              47.334500000155245
            ],
            [
              -122.15209899991429,
              47.334600999961
            ],
            [
              -122.15181400040724,
              47.3347700001925
            ],
            [
              -122.15167299994194,
              47.3348539999766
            ],
            [
              -122.15125799984025,
              47.3351259999263
            ],
            [
              -122.15136199959731,
              47.33519099985456
            ],
            [
              -122.15122799970301,
              47.3352900002753
            ],
            [
              -122.15109600035684,
              47.335390999787684
            ],
            [
              -122.1509669995871,
              47.335492999961076
            ],
            [
              -122.15069600032376,
              47.3357199997891
            ],
            [
              -122.15067200003432,
              47.33570799993797
            ],
            [
              -122.15037599975832,
              47.33601000013166
            ],
            [
              -122.14991799999889,
              47.336474999907225
            ],
            [
              -122.15020099985612,
              47.3365920001407
            ],
            [
              -122.15006399958877,
              47.33675499997664
            ],
            [
              -122.1497630001882,
              47.33675399975508
            ],
            [
              -122.14911299990986,
              47.33675300014228
            ],
            [
              -122.14895599955103,
              47.336750999699106
            ],
            [
              -122.14887400043358,
              47.336853999900256
            ],
            [
              -122.14881099978608,
              47.336950000202386
            ],
            [
              -122.14862599983817,
              47.33723099979191
            ],
            [
              -122.14841699960078,
              47.33757499994419
            ],
            [
              -122.14824900026959,
              47.33788899977603
            ],
            [
              -122.14811200000226,
              47.33819499983965
            ],
            [
              -122.14717100036908,
              47.34085300001734
            ],
            [
              -122.14700499978942,
              47.34134400021657
            ],
            [
              -122.14684999997876,
              47.341775999988975
            ],
            [
              -122.14667799955129,
              47.34217900009401
            ],
            [
              -122.14649699980133,
              47.342546999916536
            ],
            [
              -122.14611000018701,
              47.34317399995458
            ],
            [
              -122.14581899993387,
              47.34351500006335
            ],
            [
              -122.14638999967119,
              47.34351600015679
            ],
            [
              -122.14691399955284,
              47.343503000157604
            ],
            [
              -122.14956200034676,
              47.34349500001603
            ],
            [
              -122.1509230001045,
              47.34349100024913
            ],
            [
              -122.15342799988497,
              47.3434859997792
            ],
            [
              -122.15485399994002,
              47.343482000011626
            ],
            [
              -122.15688800044062,
              47.34347200028699
            ],
            [
              -122.15737799998708,
              47.34347200028699
            ],
            [
              -122.15837700024488,
              47.34347299977258
            ],
            [
              -122.15876999970693,
              47.34346799990969
            ],
            [
              -122.16010200005066,
              47.343453999804005
            ],
            [
              -122.16022400024941,
              47.34345200022338
            ],
            [
              -122.16070700012315,
              47.34345599999327
            ],
            [
              -122.1625270003635,
              47.343451000128724
            ],
            [
              -122.16550099977405,
              47.343439000208434
            ],
            [
              -122.16550300032219,
              47.34412399991517
            ],
            [
              -122.16549699957608,
              47.34616299979407
            ],
            [
              -122.16553000008638,
              47.34844500000801
            ],
            [
              -122.16553599993414,
              47.348880000076626
            ],
            [
              -122.16588999993648,
              47.348880000076626
            ],
            [
              -122.16604200027244,
              47.348880000076626
            ],
            [
              -122.16630599986308,
              47.348880000076626
            ],
            [
              -122.1665679998039,
              47.348881000068474
            ],
            [
              -122.16679899978257,
              47.348881000068474
            ],
            [
              -122.1668499998362,
              47.348881000068474
            ],
            [
              -122.16713900043952,
              47.3488820000603
            ],
            [
              -122.16736700004515,
              47.3488820000603
            ],
            [
              -122.16742599959638,
              47.3488820000603
            ],
            [
              -122.16771100000174,
              47.3488820000603
            ],
            [
              -122.16776899972807,
              47.3488820000603
            ],
            [
              -122.16782599962946,
              47.3488820000603
            ],
            [
              -122.16796299989682,
              47.348883000052055
            ],
            [
              -122.16830199983052,
              47.3488820000603
            ],
            [
              -122.16840499976269,
              47.3488820000603
            ],
            [
              -122.16852299976347,
              47.348883000052055
            ],
            [
              -122.16869699984076,
              47.34888400004384
            ],
            [
              -122.16913700005679,
              47.34888400004384
            ],
            [
              -122.16916100034625,
              47.34888400004384
            ],
            [
              -122.16921800024764,
              47.34888400004384
            ],
            [
              -122.16929699989036,
              47.34888400004384
            ],
            [
              -122.16935700016481,
              47.34888400004384
            ],
            [
              -122.16956300002914,
              47.34888400004384
            ],
            [
              -122.16969000025075,
              47.34888400004384
            ],
            [
              -122.16996100041241,
              47.34888400004384
            ],
            [
              -122.17041800034688,
              47.34888600002731
            ],
            [
              -122.17078400004479,
              47.34889699993516
            ],
            [
              -122.17613799956233,
              47.34891399978821
            ],
            [
              -122.17686200035884,
              47.34894500011481
            ],
            [
              -122.17797100022149,
              47.34893900017083
            ],
            [
              -122.17860499970796,
              47.348936000198584
            ],
            [
              -122.17867000000531,
              47.348941000152216
            ],
            [
              -122.17939700027654,
              47.34892900026267
            ],
            [
              -122.17958300004938,
              47.34892600028986
            ],
            [
              -122.1807820003237,
              47.348907999840705
            ],
            [
              -122.1807820003237,
              47.348992000261084
            ],
            [
              -122.18078999982133,
              47.34960700009252
            ],
            [
              -122.18078999982133,
              47.34968500014984
            ],
            [
              -122.18079099964622,
              47.34979899979224
            ],
            [
              -122.18079200036946,
              47.349811000092664
            ],
            [
              -122.18094899982998,
              47.34981200006683
            ],
            [
              -122.1809720002945,
              47.34981200006683
            ],
            [
              -122.180992000386,
              47.34981200006683
            ],
            [
              -122.18145000014538,
              47.34981300004101
            ],
            [
              -122.1814509999703,
              47.35026599978238
            ],
            [
              -122.18377400017592,
              47.35026199991991
            ],
            [
              -122.18413400002602,
              47.35026099995422
            ],
            [
              -122.18454400010484,
              47.35026099995422
            ],
            [
              -122.18677299970079,
              47.35025700009141
            ],
            [
              -122.18677299970079,
              47.35071500006779
            ],
            [
              -122.18839299992459,
              47.35073299990067
            ],
            [
              -122.19210100017736,
              47.35077499989253
            ],
            [
              -122.19435400006279,
              47.35082200023507
            ],
            [
              -122.1952000001597,
              47.350803999823924
            ],
            [
              -122.1971149999363,
              47.35081899976124
            ],
            [
              -122.20236100039712,
              47.350827000010035
            ],
            [
              -122.20238800016129,
              47.346091000278314
            ],
            [
              -122.20416700039377,
              47.34609900002648
            ],
            [
              -122.20413999973127,
              47.35086200024754
            ],
            [
              -122.20760799978453,
              47.350908999903986
            ],
            [
              -122.20760100011184,
              47.350840000031404
            ],
            [
              -122.20759500026408,
              47.35062300028521
            ],
            [
              -122.207591999891,
              47.35046100001367
            ],
            [
              -122.20758799969305,
              47.35035299975923
            ],
            [
              -122.20758199984526,
              47.35012800009159
            ],
            [
              -122.20748999978375,
              47.349977999780315
            ],
            [
              -122.20740299974514,
              47.34979999976667
            ],
            [
              -122.20736900030826,
              47.349702999725366
            ],
            [
              -122.20735500006452,
              47.349645999831274
            ],
            [
              -122.20732699957713,
              47.349335999863335
            ],
            [
              -122.20734300036898,
              47.34920900001828
            ],
            [
              -122.20735199969148,
              47.34914500029201
            ],
            [
              -122.20737400033111,
              47.349053000207235
            ],
            [
              -122.20752300029405,
              47.34868800007696
            ],
            [
              -122.20759500026408,
              47.34848299999741
            ],
            [
              -122.20763000042416,
              47.34834499990517
            ],
            [
              -122.2076889999754,
              47.347878999970646
            ],
            [
              -122.20773900020411,
              47.347218000254394
            ],
            [
              -122.2077380003792,
              47.347144999718275
            ],
            [
              -122.20772800033345,
              47.347073999742044
            ],
            [
              -122.20770900006687,
              47.34700300027898
            ],
            [
              -122.20767399990676,
              47.34691999976541
            ],
            [
              -122.20763500044703,
              47.34685200018606
            ],
            [
              -122.20758799969305,
              47.346788000036504
            ],
            [
              -122.20648999970108,
              47.345666000273475
            ],
            [
              -122.20637800044638,
              47.34554000017442
            ],
            [
              -122.2061769997066,
              47.34528700023148
            ],
            [
              -122.20606899975157,
              47.34512800020499
            ],
            [
              -122.20586799991013,
              47.34471800020481
            ],
            [
              -122.20578300041963,
              47.34456899980922
            ],
            [
              -122.20576199960492,
              47.344545999939456
            ],
            [
              -122.20562100003792,
              47.34432999995906
            ],
            [
              -122.20554599969485,
              47.34423499976387
            ],
            [
              -122.20548200012074,
              47.34415700017422
            ],
            [
              -122.20531899991411,
              47.34395200014917
            ],
            [
              -122.20516999995121,
              47.34371899986967
            ],
            [
              -122.2051349997911,
              47.343625999975174
            ],
            [
              -122.20510200017915,
              47.3435379997736
            ],
            [
              -122.2050789997146,
              47.343474999961124
            ],
            [
              -122.20507600023987,
              47.34345900027697
            ],
            [
              -122.20504699992755,
              47.34326499984028
            ],
            [
              -122.20504399955449,
              47.34323899971504
            ],
            [
              -122.20507700006479,
              47.3428199999106
            ],
            [
              -122.205175999799,
              47.34240599978815
            ],
            [
              -122.20545199998352,
              47.341784999908604
            ],
            [
              -122.20563600010651,
              47.34141899991068
            ],
            [
              -122.20585500038963,
              47.34110400023592
            ],
            [
              -122.20602899956859,
              47.34095100002882
            ],
            [
              -122.2062899996845,
              47.340720999726734
            ],
            [
              -122.20651999983828,
              47.340720000189044
            ],
            [
              -122.20691599967341,
              47.340717999896114
            ],
            [
              -122.20658199976258,
              47.34094899974469
            ],
            [
              -122.20585399966642,
              47.34189199991764
            ],
            [
              -122.20566000039598,
              47.34214300006627
            ],
            [
              -122.20565500037308,
              47.342970999972074
            ],
            [
              -122.20565500037308,
              47.343387000116515
            ],
            [
              -122.20565100017514,
              47.34351700025025
            ],
            [
              -122.2060429998123,
              47.34422799981322
            ],
            [
              -122.20621600006466,
              47.344542999717525
            ],
            [
              -122.20623299978311,
              47.34457400017657
            ],
            [
              -122.20640699986038,
              47.34488999990973
            ],
            [
              -122.20652499986116,
              47.34502100005925
            ],
            [
              -122.20708700027593,
              47.345648999983005
            ],
            [
              -122.2072029997286,
              47.34577799997379
            ],
            [
              -122.2074420001032,
              47.34604600007455
            ],
            [
              -122.20861000041539,
              47.347065000115464
            ],
            [
              -122.20897799976309,
              47.34780299970341
            ],
            [
              -122.20934900038218,
              47.3483149998374
            ],
            [
              -122.20943300004777,
              47.348431000005014
            ],
            [
              -122.20959299988132,
              47.34866500017598
            ],
            [
              -122.20966099965338,
              47.34877700020802
            ],
            [
              -122.20971900027804,
              47.348872000141334
            ],
            [
              -122.20978299985212,
              47.34897599981455
            ],
            [
              -122.20982499968493,
              47.34918199979137
            ],
            [
              -122.20985999984502,
              47.34934199976219
            ],
            [
              -122.20984800014945,
              47.3495820000263
            ],
            [
              -122.20984099957845,
              47.349612999960556
            ],
            [
              -122.20979899974566,
              47.34981300004101
            ],
            [
              -122.20975000024018,
              47.350007000149645
            ],
            [
              -122.20969900018655,
              47.35013599983654
            ],
            [
              -122.20967700044525,
              47.35024399992644
            ],
            [
              -122.20963700026225,
              47.35033900026234
            ],
            [
              -122.20960799994995,
              47.350397999942814
            ],
            [
              -122.20951000004067,
              47.35064799985833
            ],
            [
              -122.20915400038851,
              47.350934999903124
            ],
            [
              -122.20867700036253,
              47.351425000113395
            ],
            [
              -122.20855299961565,
              47.35160799982499
            ],
            [
              -122.20859799982149,
              47.35183499974949
            ],
            [
              -122.20852199965351,
              47.35253099980998
            ],
            [
              -122.20865700027102,
              47.35338800021525
            ],
            [
              -122.20917600012982,
              47.353253999803634
            ],
            [
              -122.20945700033721,
              47.353184999953996
            ],
            [
              -122.20947999990345,
              47.35317799997302
            ],
            [
              -122.20967700044525,
              47.35336300011431
            ],
            [
              -122.20998000039393,
              47.353399999699576
            ],
            [
              -122.21196700014055,
              47.35363399974915
            ],
            [
              -122.21266299955134,
              47.35363799996466
            ],
            [
              -122.21268000016808,
              47.35377299990897
            ],
            [
              -122.21269199986364,
              47.35387100027875
            ],
            [
              -122.21296300002531,
              47.35385699988932
            ],
            [
              -122.21317899993535,
              47.35384900009982
            ],
            [
              -122.21482699974828,
              47.35379099991601
            ],
            [
              -122.21609799999264,
              47.353796999916995
            ],
            [
              -122.21830400002239,
              47.35380800001844
            ],
            [
              -122.21941899973281,
              47.35381400001749
            ],
            [
              -122.22058600022008,
              47.35381900011764
            ],
            [
              -122.22117200002602,
              47.35382099991411
            ],
            [
              -122.22514700024246,
              47.353795000119575
            ],
            [
              -122.22917299961422,
              47.35376899970368
            ],
            [
              -122.22995299958892,
              47.353757000303254
            ],
            [
              -122.23119299987114,
              47.35372300006001
            ],
            [
              -122.23214100007529,
              47.35371899985094
            ],
            [
              -122.2322170002433,
              47.3537179999508
            ],
            [
              -122.23270699978974,
              47.353707999730936
            ],
            [
              -122.23293299974556,
              47.353704000129326
            ],
            [
              -122.23362800022973,
              47.35369100020483
            ],
            [
              -122.23527799969246,
              47.35366800004974
            ],
            [
              -122.23640499999678,
              47.35365299970504
            ],
            [
              -122.23861400039955,
              47.35365299970504
            ],
            [
              -122.23876599983721,
              47.35365199980361
            ],
            [
              -122.2390260001282,
              47.35365099990221
            ],
            [
              -122.23910200029619,
              47.3536569999191
            ],
            [
              -122.23925299990893,
              47.3536569999191
            ],
            [
              -122.23991200040808,
              47.35365299970504
            ],
            [
              -122.24151699966497,
              47.35365299970504
            ],
            [
              -122.24317000039906,
              47.35365199980361
            ],
            [
              -122.2434409996624,
              47.35365099990221
            ],
            [
              -122.24343700036275,
              47.35351000022142
            ],
            [
              -122.2434669996017,
              47.353377999932846
            ],
            [
              -122.24356299986114,
              47.353225000001295
            ],
            [
              -122.24403599968915,
              47.352598000063324
            ],
            [
              -122.24416899975856,
              47.35237400015475
            ],
            [
              -122.24424599975143,
              47.35220199988388
            ],
            [
              -122.24427199969072,
              47.35213499973634
            ],
            [
              -122.24431699989654,
              47.35202200020321
            ],
            [
              -122.24436700012525,
              47.35184900006675
            ],
            [
              -122.24440599958503,
              47.35163300014871
            ],
            [
              -122.24464400013473,
              47.3494659999538
            ],
            [
              -122.24466000002822,
              47.347690000024784
            ],
            [
              -122.2446719997238,
              47.34634700013937
            ],
            [
              -122.24468199976954,
              47.34525400007014
            ],
            [
              -122.24468199976954,
              47.34517600016012
            ],
            [
              -122.2446800001197,
              47.34488999990973
            ],
            [
              -122.24497300002267,
              47.344887999774805
            ],
            [
              -122.24532399965196,
              47.34489300011194
            ],
            [
              -122.24538899994927,
              47.34489200004454
            ],
            [
              -122.24974499993225,
              47.344887999774805
            ],
            [
              -122.24973900008446,
              47.345077000014676
            ],
            [
              -122.24970099955132,
              47.3463350002687
            ],
            [
              -122.2496999997264,
              47.34659499969576
            ],
            [
              -122.24968300000796,
              47.34712699987907
            ],
            [
              -122.25494799983706,
              47.34710399990655
            ],
            [
              -122.25656700023596,
              47.34710099983001
            ],
            [
              -122.25899099982558,
              47.34708800010497
            ],
            [
              -122.2602870001843,
              47.34707999989807
            ],
            [
              -122.26284700021634,
              47.347065000115464
            ],
            [
              -122.2653219998596,
              47.34705299979936
            ],
            [
              -122.26548500006622,
              47.34705499985226
            ],
            [
              -122.2654840002413,
              47.346587000022765
            ],
            [
              -122.26550299960958,
              47.346143000141346
            ],
            [
              -122.2655179996782,
              47.34545500029036
            ],
            [
              -122.26551699985328,
              47.34523400007296
            ],
            [
              -122.26609099996362,
              47.34523400007296
            ],
            [
              -122.2660950001616,
              47.34521300000694
            ],
            [
              -122.2661670001316,
              47.34489099997712
            ],
            [
              -122.26620200029171,
              47.344729999834364
            ],
            [
              -122.26624199957638,
              47.34449000002941
            ],
            [
              -122.2662650000409,
              47.34430699998516
            ],
            [
              -122.26625900019312,
              47.34409199971801
            ],
            [
              -122.2662220003832,
              47.34391000020613
            ],
            [
              -122.26617600035244,
              47.343784000176505
            ],
            [
              -122.26606900022232,
              47.343583999772754
            ],
            [
              -122.26594000035088,
              47.34341699994165
            ],
            [
              -122.26674000041707,
              47.34341300016885
            ],
            [
              -122.26761499992797,
              47.3434000001443
            ],
            [
              -122.26822900022131,
              47.34339699985724
            ],
            [
              -122.26869600020156,
              47.343395000274455
            ],
            [
              -122.27012100043169,
              47.343387000116515
            ],
            [
              -122.27080400032197,
              47.34338499992468
            ],
            [
              -122.2707990002991,
              47.34216900012261
            ],
            [
              -122.270800000124,
              47.341849000036774
            ],
            [
              -122.27080299959876,
              47.34107999993438
            ],
            [
              -122.27080599997181,
              47.340312999896305
            ],
            [
              -122.2708050001469,
              47.33878899987812
            ],
            [
              -122.27080400032197,
              47.33849200008546
            ],
            [
              -122.27080400032197,
              47.33761200024826
            ],
            [
              -122.27080400032197,
              47.337562999905785
            ],
            [
              -122.27080400032197,
              47.33670400022024
            ],
            [
              -122.2708050001469,
              47.336396000190895
            ],
            [
              -122.27080799962162,
              47.335529999897716
            ],
            [
              -122.27081400036771,
              47.33489899997997
            ],
            [
              -122.27083500028411,
              47.333153999902976
            ],
            [
              -122.2708410001319,
              47.33270800029617
            ],
            [
              -122.27084699997968,
              47.33220300010674
            ],
            [
              -122.27084899962952,
              47.33199700023297
            ],
            [
              -122.2708620000483,
              47.33096300027196
            ],
            [
              -122.2708620000483,
              47.33092800023463
            ],
            [
              -122.27085600020052,
              47.33050999987531
            ],
            [
              -122.27085600020052,
              47.33015999971854
            ],
            [
              -122.27088799998758,
              47.329463999974024
            ],
            [
              -122.27089399983535,
              47.32919700008386
            ],
            [
              -122.27099199974464,
              47.32699799987618
            ],
            [
              -122.27100199979039,
              47.32623799977201
            ],
            [
              -122.27099799959241,
              47.32588700010584
            ],
            [
              -122.2710029996153,
              47.3248349997389
            ],
            [
              -122.27100400033854,
              47.32473000016208
            ],
            [
              -122.27099599994261,
              47.32363300007078
            ],
            [
              -122.27099799959241,
              47.32225999993638
            ],
            [
              -122.27099000009483,
              47.32123299991039
            ],
            [
              -122.27091200027704,
              47.3186749997687
            ],
            [
              -122.27091399992682,
              47.31800700003894
            ],
            [
              -122.2709180001248,
              47.31771800007859
            ],
            [
              -122.2709099997289,
              47.3168499998588
            ],
            [
              -122.27091599957666,
              47.316386000246844
            ],
            [
              -122.27091899994971,
              47.3152639999819
            ],
            [
              -122.27093400001833,
              47.31519699984846
            ],
            [
              -122.27100099996548,
              47.3150520002869
            ],
            [
              -122.2710670000877,
              47.31496099989262
            ],
            [
              -122.27120400035506,
              47.31482699999048
            ],
            [
              -122.27123399959397,
              47.31480600001139
            ],
            [
              -122.27131200031009,
              47.31475499976635
            ],
            [
              -122.27141000021939,
              47.31470600014141
            ],
            [
              -122.27156400020519,
              47.31463699984671
            ],
            [
              -122.2717359997343,
              47.314587000080024
            ],
            [
              -122.27191400000956,
              47.314554000220234
            ],
            [
              -122.2720529999267,
              47.314545999955854
            ],
            [
              -122.27213400011757,
              47.3145419998232
            ],
            [
              -122.2724739998762,
              47.31453300013268
            ],
            [
              -122.27251400005918,
              47.31453300013268
            ],
            [
              -122.27402799997776,
              47.31454099978998
            ],
            [
              -122.27470599984521,
              47.314545999955854
            ],
            [
              -122.27752799981806,
              47.31456900010371
            ],
            [
              -122.27799099960036,
              47.3145720002017
            ],
            [
              -122.27919300024774,
              47.31448200023322
            ],
            [
              -122.27925699982185,
              47.31447600002684
            ],
            [
              -122.28045600009618,
              47.31436799985011
            ],
            [
              -122.2805780002949,
              47.31431999990371
            ]
          ],
          [
            [
              -122.22887899988639,
              47.280680999916584
            ],
            [
              -122.22887899988639,
              47.280712000075496
            ],
            [
              -122.22887899988639,
              47.28095100015995
            ],
            [
              -122.22882000033515,
              47.28095200021922
            ],
            [
              -122.2280570000789,
              47.28095599984675
            ],
            [
              -122.22803500033758,
              47.28095599984675
            ],
            [
              -122.22803699998741,
              47.2812220002984
            ],
            [
              -122.22803899963725,
              47.281587999966355
            ],
            [
              -122.22804700003314,
              47.281599999922626
            ],
            [
              -122.2280500004062,
              47.28195400014942
            ],
            [
              -122.22805200005604,
              47.28211599973172
            ],
            [
              -122.22804399966012,
              47.282134999827015
            ],
            [
              -122.22804899968298,
              47.282775000077834
            ],
            [
              -122.22791499978868,
              47.28277600010263
            ],
            [
              -122.22753599967197,
              47.2827770001274
            ],
            [
              -122.22725100016496,
              47.28277800015216
            ],
            [
              -122.22572100035282,
              47.28278400030036
            ],
            [
              -122.22562400026844,
              47.28278499971562
            ],
            [
              -122.22561800042068,
              47.28232100027142
            ],
            [
              -122.2256150000476,
              47.2820839997482
            ],
            [
              -122.22561300039779,
              47.2819629999022
            ],
            [
              -122.22481900017941,
              47.28196600002262
            ],
            [
              -122.22482199965414,
              47.28233200002822
            ],
            [
              -122.22482400020228,
              47.2825150003003
            ],
            [
              -122.22482599985209,
              47.28278799978939
            ],
            [
              -122.22473999963837,
              47.28278799978939
            ],
            [
              -122.22401599974019,
              47.282790999863025
            ],
            [
              -122.22406099994602,
              47.280977999925675
            ],
            [
              -122.22408799971022,
              47.279902000084675
            ],
            [
              -122.22409500028122,
              47.27961800001073
            ],
            [
              -122.22409699993104,
              47.27947299974996
            ],
            [
              -122.22480199956264,
              47.27947299974996
            ],
            [
              -122.22480199956264,
              47.279508999830774
            ],
            [
              -122.22480300028589,
              47.27985999979213
            ],
            [
              -122.22561000002476,
              47.27985600008175
            ],
            [
              -122.22722400040077,
              47.2798469999705
            ],
            [
              -122.22722299967755,
              47.27988999974332
            ],
            [
              -122.22723000024855,
              47.28062499993733
            ],
            [
              -122.22723100007347,
              47.280687999757454
            ],
            [
              -122.22734800024934,
              47.280687999757454
            ],
            [
              -122.22803199996454,
              47.28068500017403
            ],
            [
              -122.22870800018214,
              47.28068199998096
            ],
            [
              -122.22887899988639,
              47.280680999916584
            ]
          ],
          [
            [
              -122.2284880000741,
              47.34911100012059
            ],
            [
              -122.2284870002492,
              47.34917999981907
            ],
            [
              -122.22848499970107,
              47.349386000216924
            ],
            [
              -122.22847899985328,
              47.349963000212625
            ],
            [
              -122.22681799962159,
              47.34996500015526
            ],
            [
              -122.22671100038978,
              47.349964000183945
            ],
            [
              -122.22673700032908,
              47.34901100006232
            ],
            [
              -122.22673800015397,
              47.3489910002714
            ],
            [
              -122.2266770000546,
              47.3489910002714
            ],
            [
              -122.22659000001596,
              47.3489910002714
            ],
            [
              -122.22632700025021,
              47.34898900029185
            ],
            [
              -122.22600000001208,
              47.34898699970364
            ],
            [
              -122.22587199996556,
              47.34898299974424
            ],
            [
              -122.22587399961537,
              47.348833999823356
            ],
            [
              -122.22567500032206,
              47.34883199983786
            ],
            [
              -122.2255869995602,
              47.34883299983062
            ],
            [
              -122.22556900001686,
              47.34879400009972
            ],
            [
              -122.22552200016119,
              47.348693000054126
            ],
            [
              -122.22506000020383,
              47.348693000054126
            ],
            [
              -122.22507400044753,
              47.34840399998877
            ],
            [
              -122.22509500036392,
              47.34797000026676
            ],
            [
              -122.22509700001375,
              47.34792999988837
            ],
            [
              -122.22511200008238,
              47.347627999705146
            ],
            [
              -122.22512299995303,
              47.3474029999852
            ],
            [
              -122.22512700015096,
              47.34732500020737
            ],
            [
              -122.22514200021962,
              47.34702100016047
            ],
            [
              -122.22514899989227,
              47.3468670000292
            ],
            [
              -122.22518099967932,
              47.3468670000292
            ],
            [
              -122.2260879998756,
              47.34686399993919
            ],
            [
              -122.22678800038268,
              47.346859999818896
            ],
            [
              -122.22679300040555,
              47.346691999971
            ],
            [
              -122.22679900025334,
              47.346654999943496
            ],
            [
              -122.22680900029908,
              47.34658800005801
            ],
            [
              -122.226810000124,
              47.34657899973989
            ],
            [
              -122.2268469999339,
              47.34647600025035
            ],
            [
              -122.22687299987317,
              47.34639899975021
            ],
            [
              -122.22697499998043,
              47.34639899975021
            ],
            [
              -122.22845200008912,
              47.3463940001644
            ],
            [
              -122.22845399973893,
              47.34655600013722
            ],
            [
              -122.22845600028707,
              47.34668699980427
            ],
            [
              -122.22845600028707,
              47.34670200030297
            ],
            [
              -122.2284599995867,
              47.34700799980709
            ],
            [
              -122.22846399978468,
              47.34731099990731
            ],
            [
              -122.22846799998263,
              47.34761300007827
            ],
            [
              -122.22846899980755,
              47.347639999890525
            ],
            [
              -122.2284720001806,
              47.34793299991779
            ],
            [
              -122.22847600037855,
              47.34821200008347
            ],
            [
              -122.2284799996782,
              47.348507999975524
            ],
            [
              -122.22848100040142,
              47.3485549999023
            ],
            [
              -122.22848399987618,
              47.34880200004688
            ],
            [
              -122.2284880000741,
              47.34911100012059
            ]
          ],
          [
            [
              -122.19874799968059,
              47.24571500022843
            ],
            [
              -122.19875799972633,
              47.24593899997453
            ],
            [
              -122.19844399990696,
              47.24595299969852
            ],
            [
              -122.198299000142,
              47.24595899975331
            ],
            [
              -122.19740500036451,
              47.24599199973776
            ],
            [
              -122.19740100016656,
              47.245265000086334
            ],
            [
              -122.19763399979506,
              47.24511199982581
            ],
            [
              -122.19804899989674,
              47.24483799976953
            ],
            [
              -122.19813000008762,
              47.244833999851686
            ],
            [
              -122.19874799968059,
              47.24571500022843
            ]
          ]
        ]
      },
      "properties": {
        "AREALAND": "77243868",
        "AREAWATER": "748525",
        "BASENAME": "Auburn",
        "CBSAPCI": "Y",
        "CENTLAT": "+47.3041403",
        "CENTLON": "-122.2105668",
        "FUNCSTAT": "A",
        "GEOID": "5303180",
        "INTPTLAT": "+47.3046218",
        "INTPTLON": "-122.2104550",
        "LSADC": "25",
        "MTFCC": "G4110",
        "NAME": "Auburn city",
        "NECTAPCI": "N",
        "OBJECTID": 31495,
        "OID": "27890836057914",
        "PLACE": "03180",
        "PLACECC": "C1",
        "PLACENS": "02409755",
        "STATE": "53",
        "DISP_CLR": 2,
        "slug": "auburn",
        "jurisdiction_key": "auburn_city",
        "county_fips": [
          "53033",
          "53053"
        ]
      }
    }
  ]
}
