{
  "type": "FeatureCollection",
  "features": [
    {
      "type": "Feature",
      "geometry": {
        "type": "MultiPolygon",
        "coordinates": [
          [
            [
              [
                -122.29318900030931,
                47.92990899982936
              ],
              [
                -122.29239099989299,
                47.929900000123155
              ],
              [
                -122.29239599991587,
                47.92945399987992
              ],
              [
                -122.29239699974079,
                47.92932400001897
              ],
              [
                -122.29239699974079,
                47.929272999882436
              ],
              [
                -122.28776899977123,
                47.92924899976536
              ],
              [
                -122.28779800008355,
                47.9285120000026
              ],
              [
                -122.28782300019792,
                47.928104999926546
              ],
              [
                -122.28784499993924,
                47.92775900003187
              ],
              [
                -122.2878569996348,
                47.92755999989642
              ],
              [
                -122.28784699958904,
                47.927390000269234
              ],
              [
                -122.28783499989348,
                47.927326000009884
              ],
              [
                -122.28783200041875,
                47.92717300015989
              ],
              [
                -122.28783300024367,
                47.927147999850284
              ],
              [
                -122.28784599976413,
                47.92710600016964
              ],
              [
                -122.28785199961193,
                47.92697199992878
              ],
              [
                -122.2878270003959,
                47.926596999781346
              ],
              [
                -122.28782999987061,
                47.92636700029603
              ],
              [
                -122.287822000373,
                47.92609099992482
              ],
              [
                -122.28782099964977,
                47.92567299992142
              ],
              [
                -122.28781800017502,
                47.92558700023619
              ],
              [
                -122.28779499971053,
                47.92478999973104
              ],
              [
                -122.28780200028153,
                47.92451499984529
              ],
              [
                -122.2875889998462,
                47.92452300001582
              ],
              [
                -122.28672699985574,
                47.92452600022997
              ],
              [
                -122.28447599962018,
                47.924533999796864
              ],
              [
                -122.2840289997314,
                47.92453600013986
              ],
              [
                -122.28362100020072,
                47.924524999757274
              ],
              [
                -122.2835480004058,
                47.92452300001582
              ],
              [
                -122.28350499984977,
                47.92451700018903
              ],
              [
                -122.28303000037194,
                47.92445899982072
              ],
              [
                -122.28249700026946,
                47.924297999713325
              ],
              [
                -122.28246200010938,
                47.924281000027975
              ],
              [
                -122.28229300005496,
                47.9241999998214
              ],
              [
                -122.28229200023007,
                47.92359700004913
              ],
              [
                -122.28229200023007,
                47.92306699976398
              ],
              [
                -122.28240400038305,
                47.92306699976398
              ],
              [
                -122.28239900036016,
                47.91945000003092
              ],
              [
                -122.28239799963696,
                47.918316000098876
              ],
              [
                -122.28241600007861,
                47.915299999770504
              ],
              [
                -122.28239199978916,
                47.9151400001094
              ],
              [
                -122.28229600042799,
                47.9151400001094
              ],
              [
                -122.28228600038229,
                47.91471899993946
              ],
              [
                -122.28229700025291,
                47.91159099992595
              ],
              [
                -122.27945199981549,
                47.91160400028917
              ],
              [
                -122.27858499980219,
                47.9116080001687
              ],
              [
                -122.27741099964219,
                47.91161300016818
              ],
              [
                -122.2729249999629,
                47.911634000281225
              ],
              [
                -122.27182899962074,
                47.911639000278235
              ],
              [
                -122.27165799991651,
                47.911639000278235
              ],
              [
                -122.27165600026669,
                47.911777999880606
              ],
              [
                -122.27163700000011,
                47.91284399991488
              ],
              [
                -122.27163899964992,
                47.912949999797895
              ],
              [
                -122.27164700004585,
                47.913340999721
              ],
              [
                -122.27165200006871,
                47.91363400026311
              ],
              [
                -122.27166899978714,
                47.9145159999549
              ],
              [
                -122.27167399981003,
                47.91478100002507
              ],
              [
                -122.27167399981003,
                47.91479899988067
              ],
              [
                -122.27167299998511,
                47.91487299995704
              ],
              [
                -122.27167299998511,
                47.915017000176526
              ],
              [
                -122.27167299998511,
                47.91506499975925
              ],
              [
                -122.27167299998511,
                47.91513000018938
              ],
              [
                -122.27167100033527,
                47.915590999970696
              ],
              [
                -122.27167100033527,
                47.91565400025783
              ],
              [
                -122.27114900010349,
                47.91563199992735
              ],
              [
                -122.26678600044781,
                47.91558100013784
              ],
              [
                -122.26656700016468,
                47.915573999832276
              ],
              [
                -122.2665539997459,
                47.91408299985974
              ],
              [
                -122.26624300029958,
                47.91408299985974
              ],
              [
                -122.26586099980987,
                47.91408299985974
              ],
              [
                -122.26499700016957,
                47.91409999988593
              ],
              [
                -122.26412199976035,
                47.914069000046496
              ],
              [
                -122.26412400030851,
                47.910524999971926
              ],
              [
                -122.26339700003727,
                47.91051700004517
              ],
              [
                -122.26307599964692,
                47.91051300008131
              ],
              [
                -122.26307599964692,
                47.910252999961635
              ],
              [
                -122.26307700037012,
                47.909263999712
              ],
              [
                -122.26336299970207,
                47.90926700020894
              ],
              [
                -122.2633640004253,
                47.90907799987448
              ],
              [
                -122.26470799956627,
                47.90909000009787
              ],
              [
                -122.26470799956627,
                47.90801700028906
              ],
              [
                -122.26470799956627,
                47.90757600022856
              ],
              [
                -122.26472000016015,
                47.907486999966835
              ],
              [
                -122.26476399964277,
                47.907486999966835
              ],
              [
                -122.26489800043538,
                47.907486999966835
              ],
              [
                -122.26494299974294,
                47.90748800016681
              ],
              [
                -122.26518200011753,
                47.90748899976463
              ],
              [
                -122.26589900034301,
                47.907494000162124
              ],
              [
                -122.26605199960558,
                47.907494999759784
              ],
              [
                -122.26602800021443,
                47.90566700017222
              ],
              [
                -122.2662359997286,
                47.90567099990842
              ],
              [
                -122.26703300032001,
                47.90567599987935
              ],
              [
                -122.2680609999918,
                47.90568599981972
              ],
              [
                -122.26847100007065,
                47.90569000015665
              ],
              [
                -122.27016599973922,
                47.905708999795664
              ],
              [
                -122.27015300021874,
                47.9056909997892
              ],
              [
                -122.27011600040882,
                47.90563699973212
              ],
              [
                -122.27010399981492,
                47.90561999993669
              ],
              [
                -122.27001099992852,
                47.90548799991814
              ],
              [
                -122.26997199957046,
                47.90543400025152
              ],
              [
                -122.26956999988754,
                47.904881000244366
              ],
              [
                -122.26943699981817,
                47.904697000218164
              ],
              [
                -122.26904199980795,
                47.904155000064385
              ],
              [
                -122.26884500016443,
                47.90388399996706
              ],
              [
                -122.2678690003712,
                47.90252099992035
              ],
              [
                -122.26747900038386,
                47.90197699985637
              ],
              [
                -122.26734600031446,
                47.90179299974537
              ],
              [
                -122.266949999581,
                47.90124400006387
              ],
              [
                -122.26681800023484,
                47.9010610000807
              ],
              [
                -122.26641800020178,
                47.900506999995834
              ],
              [
                -122.26622800023098,
                47.90024399978163
              ],
              [
                -122.26538200013405,
                47.89908299977769
              ],
              [
                -122.26521399990456,
                47.89884899996713
              ],
              [
                -122.26481600041964,
                47.8982949996999
              ],
              [
                -122.2646509996649,
                47.89806600004511
              ],
              [
                -122.26438000040153,
                47.897688999785245
              ],
              [
                -122.26415400044573,
                47.89738199980311
              ],
              [
                -122.26398799986606,
                47.897154999920886
              ],
              [
                -122.26350699964212,
                47.89650000021121
              ],
              [
                -122.26097199972442,
                47.89299599985215
              ],
              [
                -122.26093900011246,
                47.892950999915925
              ],
              [
                -122.26066200010303,
                47.89254500004846
              ],
              [
                -122.2603859999185,
                47.892139999903755
              ],
              [
                -122.25970800005108,
                47.89120900027653
              ],
              [
                -122.25938699966069,
                47.89076699985821
              ],
              [
                -122.25919400021515,
                47.890495000227816
              ],
              [
                -122.25861799955669,
                47.889679999935254
              ],
              [
                -122.25858800031777,
                47.88963700001445
              ],
              [
                -122.25841199969236,
                47.889419000034906
              ],
              [
                -122.25817700041402,
                47.889672999740434
              ],
              [
                -122.25747299970902,
                47.89043900012656
              ],
              [
                -122.2572390002556,
                47.89069400017294
              ],
              [
                -122.25719200039993,
                47.890742000027075
              ],
              [
                -122.25705099993463,
                47.89088599992491
              ],
              [
                -122.25700499990388,
                47.89093500012094
              ],
              [
                -122.25697300011683,
                47.89096699987972
              ],
              [
                -122.25658999980217,
                47.891372000162825
              ],
              [
                -122.25535000041826,
                47.892686000100596
              ],
              [
                -122.25516000044746,
                47.89288699981881
              ],
              [
                -122.25493699996639,
                47.893125000175395
              ],
              [
                -122.25473500030003,
                47.893341999742084
              ],
              [
                -122.25472400042938,
                47.893352000258126
              ],
              [
                -122.25409000004457,
                47.8940369999894
              ],
              [
                -122.25387900015737,
                47.8942659999968
              ],
              [
                -122.2537200001487,
                47.8944379997519
              ],
              [
                -122.2536769995927,
                47.89448300020285
              ],
              [
                -122.25306999987039,
                47.89513299974455
              ],
              [
                -122.252868000204,
                47.895349999931085
              ],
              [
                -122.25278700001316,
                47.895435999886644
              ],
              [
                -122.25254599998874,
                47.895693000275244
              ],
              [
                -122.2524659996228,
                47.89578000008732
              ],
              [
                -122.25234000012442,
                47.89591299998826
              ],
              [
                -122.25196500020567,
                47.89631400028005
              ],
              [
                -122.2518399996339,
                47.89644799982499
              ],
              [
                -122.25083899972628,
                47.89644700001395
              ],
              [
                -122.2485509996808,
                47.89644700001395
              ],
              [
                -122.24783799965327,
                47.89644799982499
              ],
              [
                -122.24779400017064,
                47.89644799982499
              ],
              [
                -122.24777800027711,
                47.89644799982499
              ],
              [
                -122.24774700031497,
                47.896557000192345
              ],
              [
                -122.24736300017543,
                47.897199999817445
              ],
              [
                -122.24671000042235,
                47.8982949996999
              ],
              [
                -122.24616800009905,
                47.89829999978101
              ],
              [
                -122.24557700027026,
                47.8983049998616
              ],
              [
                -122.24500599963461,
                47.899530999995534
              ],
              [
                -122.24477300000612,
                47.90002399980128
              ],
              [
                -122.24444400011815,
                47.90001800014457
              ],
              [
                -122.24440800013315,
                47.90001800014457
              ],
              [
                -122.24436700012525,
                47.90001899988666
              ],
              [
                -122.24436899977509,
                47.900079000034566
              ],
              [
                -122.2443699996,
                47.900137000031116
              ],
              [
                -122.24437200014815,
                47.9004450002741
              ],
              [
                -122.24437299997305,
                47.90052799979735
              ],
              [
                -122.24437299997305,
                47.90061000005913
              ],
              [
                -122.2443760003461,
                47.900948999785065
              ],
              [
                -122.2443760003461,
                47.9009800002568
              ],
              [
                -122.24437899982081,
                47.901350000218955
              ],
              [
                -122.24437899982081,
                47.90143900019292
              ],
              [
                -122.24437999964573,
                47.901515000130814
              ],
              [
                -122.24438100036896,
                47.90171100015296
              ],
              [
                -122.24438300001879,
                47.90188899991107
              ],
              [
                -122.24422300018522,
                47.90189000021926
              ],
              [
                -122.24382999982483,
                47.90189099992515
              ],
              [
                -122.24383499984772,
                47.902853999848794
              ],
              [
                -122.2435539996403,
                47.902855000138295
              ],
              [
                -122.24346999997472,
                47.90294599990709
              ],
              [
                -122.24347900019553,
                47.9030460002825
              ],
              [
                -122.24347800037064,
                47.90309099987652
              ],
              [
                -122.2434769996474,
                47.90313900028357
              ],
              [
                -122.24339800000469,
                47.90313900028357
              ],
              [
                -122.24335699999682,
                47.90313999996538
              ],
              [
                -122.24302100043616,
                47.90314100024941
              ],
              [
                -122.2428280000923,
                47.90314199993118
              ],
              [
                -122.24248800033367,
                47.903143000215124
              ],
              [
                -122.24228999996694,
                47.90314399989686
              ],
              [
                -122.24229499998984,
                47.90343200017244
              ],
              [
                -122.24229900018778,
                47.9037120002759
              ],
              [
                -122.2407860000941,
                47.903718000106714
              ],
              [
                -122.2399049998371,
                47.90372199999352
              ],
              [
                -122.2399049998371,
                47.90367499979851
              ],
              [
                -122.23899500016607,
                47.90366800029112
              ],
              [
                -122.23899500016607,
                47.90369200023274
              ],
              [
                -122.23899500016607,
                47.9037120002759
              ],
              [
                -122.23899599999096,
                47.903736000197114
              ],
              [
                -122.23866999957774,
                47.903738000139846
              ],
              [
                -122.2376949996094,
                47.90374799985244
              ],
              [
                -122.23749399976793,
                47.903749999794705
              ],
              [
                -122.23732899991151,
                47.903749999794705
              ],
              [
                -122.23540800028712,
                47.90375400028126
              ],
              [
                -122.23395499956958,
                47.90375699989319
              ],
              [
                -122.23358600039694,
                47.90375800016529
              ],
              [
                -122.233281999725,
                47.90375800016529
              ],
              [
                -122.23297100027868,
                47.90375800016529
              ],
              [
                -122.23261399990332,
                47.90375400028126
              ],
              [
                -122.23237000040417,
                47.90375400028126
              ],
              [
                -122.23206699955715,
                47.9037549999512
              ],
              [
                -122.23186900008874,
                47.90375600022329
              ],
              [
                -122.23183499975354,
                47.90375600022329
              ],
              [
                -122.23093199975523,
                47.90375800016529
              ],
              [
                -122.22815300033837,
                47.90376700020429
              ],
              [
                -122.2281349998967,
                47.90299300016178
              ],
              [
                -122.22813200042197,
                47.902811000027285
              ],
              [
                -122.22812800022399,
                47.9026460000307
              ],
              [
                -122.22811700035334,
                47.902152000199536
              ],
              [
                -122.22811399998031,
                47.90198800021542
              ],
              [
                -122.22811099960728,
                47.9018769998248
              ],
              [
                -122.22810399993455,
                47.90154400023616
              ],
              [
                -122.22810200028475,
                47.90143300009801
              ],
              [
                -122.22809999973663,
                47.90134400011372
              ],
              [
                -122.22809399988883,
                47.90107699984506
              ],
              [
                -122.22809300006391,
                47.9009890001766
              ],
              [
                -122.2280910004141,
                47.90093999985833
              ],
              [
                -122.22808800004104,
                47.90079699994266
              ],
              [
                -122.22808700021612,
                47.9007489997729
              ],
              [
                -122.22808399984307,
                47.90061799971049
              ],
              [
                -122.22807499962225,
                47.90022900010008
              ],
              [
                -122.22807299997241,
                47.90009900026917
              ],
              [
                -122.2285519996482,
                47.900097000185816
              ],
              [
                -122.22998799974903,
                47.90009200027829
              ],
              [
                -122.23046800014805,
                47.90009099993535
              ],
              [
                -122.23063200017957,
                47.90009000019466
              ],
              [
                -122.23112500009908,
                47.900088999851675
              ],
              [
                -122.23128999995551,
                47.900088999851675
              ],
              [
                -122.23142899987268,
                47.90008800011099
              ],
              [
                -122.23184700034744,
                47.90008600002721
              ],
              [
                -122.2319870000895,
                47.90008600002721
              ],
              [
                -122.23212400035686,
                47.90008500028642
              ],
              [
                -122.23217799988524,
                47.90008500028642
              ],
              [
                -122.23217000038763,
                47.900007999711484
              ],
              [
                -122.23216700001457,
                47.89964499984626
              ],
              [
                -122.23216000034186,
                47.89887799975913
              ],
              [
                -122.23215699996884,
                47.89849399978455
              ],
              [
                -122.23214899957291,
                47.89819300022862
              ],
              [
                -122.23215299977086,
                47.89805899977936
              ],
              [
                -122.23215199994594,
                47.897828000114295
              ],
              [
                -122.23215100012105,
                47.8976909999616
              ],
              [
                -122.23215000029616,
                47.897597999809676
              ],
              [
                -122.23215000029616,
                47.89751199983138
              ],
              [
                -122.23215000029616,
                47.897485999851845
              ],
              [
                -122.23215000029616,
                47.897389999953255
              ],
              [
                -122.23214899957291,
                47.89725800002791
              ],
              [
                -122.23214699992307,
                47.89712100017389
              ],
              [
                -122.23214600009818,
                47.89710499978918
              ],
              [
                -122.23214500027328,
                47.897023999798634
              ],
              [
                -122.23214500027328,
                47.89695000009803
              ],
              [
                -122.23214100007529,
                47.896607000250945
              ],
              [
                -122.23216000034186,
                47.8964880000804
              ],
              [
                -122.23265200043647,
                47.89648999970083
              ],
              [
                -122.23308300043169,
                47.89649199992355
              ],
              [
                -122.23320700028023,
                47.89649199992355
              ],
              [
                -122.23355700008463,
                47.89649299973372
              ],
              [
                -122.23359899991742,
                47.89649299973372
              ],
              [
                -122.2335839998488,
                47.89552099987045
              ],
              [
                -122.23355299988665,
                47.89358300001591
              ],
              [
                -122.23348799958933,
                47.89358200014959
              ],
              [
                -122.2334900001375,
                47.89292099993671
              ],
              [
                -122.2334900001375,
                47.89285900016554
              ],
              [
                -122.22998699992411,
                47.892856999802525
              ],
              [
                -122.22946899989024,
                47.892856999802525
              ],
              [
                -122.22918100001014,
                47.89285199979812
              ],
              [
                -122.22867499967185,
                47.892844000151456
              ],
              [
                -122.22836599987538,
                47.89283199977567
              ],
              [
                -122.22831800019479,
                47.8928280002521
              ],
              [
                -122.22803199996454,
                47.89280599985541
              ],
              [
                -122.22780699983363,
                47.892780999803946
              ],
              [
                -122.22754999991568,
                47.892773000146306
              ],
              [
                -122.22700199974462,
                47.892755999740366
              ],
              [
                -122.22610100029442,
                47.892745999711565
              ],
              [
                -122.22561800042068,
                47.8927420001814
              ],
              [
                -122.2253050004262,
                47.8927420001814
              ],
              [
                -122.22436800009272,
                47.8927420001814
              ],
              [
                -122.22405599992317,
                47.89274300006399
              ],
              [
                -122.22390699996023,
                47.89274300006399
              ],
              [
                -122.22346199972131,
                47.89274300006399
              ],
              [
                -122.22331399958333,
                47.89274300006399
              ],
              [
                -122.2232900001922,
                47.89274300006399
              ],
              [
                -122.22321999987197,
                47.89274300006399
              ],
              [
                -122.22319700030576,
                47.89274300006399
              ],
              [
                -122.22296899980182,
                47.892745999711565
              ],
              [
                -122.22232899956923,
                47.892757000225025
              ],
              [
                -122.22131099994319,
                47.89277499991026
              ],
              [
                -122.22111099992664,
                47.892780999803946
              ],
              [
                -122.22218299997937,
                47.891941999992014
              ],
              [
                -122.22212899955268,
                47.891912000030615
              ],
              [
                -122.22163499980829,
                47.89164300010202
              ],
              [
                -122.22156700003623,
                47.8916019998133
              ],
              [
                -122.22136399964663,
                47.89148099977098
              ],
              [
                -122.22129699969946,
                47.89144099986404
              ],
              [
                -122.22123999979807,
                47.89141399993952
              ],
              [
                -122.22112799964509,
                47.89136000004825
              ],
              [
                -122.22095100009308,
                47.89127499985994
              ],
              [
                -122.22062100038018,
                47.89111799975469
              ],
              [
                -122.2204530001507,
                47.89103799995158
              ],
              [
                -122.22027700042361,
                47.89093099984853
              ],
              [
                -122.22020399973033,
                47.89088900028244
              ],
              [
                -122.21961399972645,
                47.89055300011822
              ],
              [
                -122.21951400016736,
                47.89049899993153
              ],
              [
                -122.21944399984714,
                47.89046699988357
              ],
              [
                -122.21941799990789,
                47.890455000161666
              ],
              [
                -122.2192859996634,
                47.89041699991963
              ],
              [
                -122.219164000363,
                47.89039999994499
              ],
              [
                -122.21895599995054,
                47.89039800008932
              ],
              [
                -122.21862600023763,
                47.89039700016146
              ],
              [
                -122.21833199961146,
                47.89039399977543
              ],
              [
                -122.21812499992221,
                47.89039199991954
              ],
              [
                -122.21787899987493,
                47.8903890001356
              ],
              [
                -122.21735900019124,
                47.89038399989289
              ],
              [
                -122.21714400010609,
                47.890382999964764
              ],
              [
                -122.2168989998837,
                47.890382999964764
              ],
              [
                -122.2167709998372,
                47.89038200003661
              ],
              [
                -122.21644399959904,
                47.89038200003661
              ],
              [
                -122.21639099989561,
                47.89037900025208
              ],
              [
                -122.21636499995631,
                47.89037799972149
              ],
              [
                -122.2162650003972,
                47.89036400012198
              ],
              [
                -122.21594099963379,
                47.890360999734035
              ],
              [
                -122.2151249996741,
                47.89035600009101
              ],
              [
                -122.21497200041156,
                47.89035799994826
              ],
              [
                -122.21482500009844,
                47.89035999980547
              ],
              [
                -122.21476700037215,
                47.89035600009101
              ],
              [
                -122.21465100002119,
                47.89034099995425
              ],
              [
                -122.21456300015761,
                47.890316999846924
              ],
              [
                -122.21444500015686,
                47.890264999877374
              ],
              [
                -122.2143709996387,
                47.890213999787015
              ],
              [
                -122.21414999970577,
                47.89006500015659
              ],
              [
                -122.21359700041012,
                47.88970199985288
              ],
              [
                -122.21344599989905,
                47.88960400009309
              ],
              [
                -122.21339800021848,
                47.889533999806886
              ],
              [
                -122.2133799997768,
                47.88949400020326
              ],
              [
                -122.21339499984545,
                47.88939500010266
              ],
              [
                -122.21339800021848,
                47.88915999992756
              ],
              [
                -122.21360099970975,
                47.88916099987925
              ],
              [
                -122.21365299958828,
                47.88815200020438
              ],
              [
                -122.21372600028155,
                47.88803699977325
              ],
              [
                -122.21377999980989,
                47.88795400010486
              ],
              [
                -122.21388899958986,
                47.887804999996334
              ],
              [
                -122.21396499975783,
                47.887721999956206
              ],
              [
                -122.21397399997868,
                47.88771500009915
              ],
              [
                -122.21408600013166,
                47.887637999801896
              ],
              [
                -122.21411399972077,
                47.88756499992293
              ],
              [
                -122.21411600026889,
                47.887527999953235
              ],
              [
                -122.21409700000231,
                47.88747900014801
              ],
              [
                -122.21406799968999,
                47.88743900016207
              ],
              [
                -122.21403199970497,
                47.887403000088
              ],
              [
                -122.2139689999558,
                47.88736300004336
              ],
              [
                -122.21387400041955,
                47.8873209999933
              ],
              [
                -122.21383199968845,
                47.8873060001823
              ],
              [
                -122.21377800016008,
                47.88728699981313
              ],
              [
                -122.21371500041089,
                47.88727100000407
              ],
              [
                -122.21362800037225,
                47.88725100023582
              ],
              [
                -122.21327000017196,
                47.887186999720726
              ],
              [
                -122.21314899979814,
                47.88715200006449
              ],
              [
                -122.21295800000244,
                47.88708300007043
              ],
              [
                -122.21287599998665,
                47.88704099979337
              ],
              [
                -122.21281800026036,
                47.88700000007807
              ],
              [
                -122.21277200022958,
                47.886951999767774
              ],
              [
                -122.21274000044255,
                47.886894000061325
              ],
              [
                -122.21272500037392,
                47.88684900024438
              ],
              [
                -122.21272000035106,
                47.886772999862345
              ],
              [
                -122.21272200000087,
                47.8859600000619
              ],
              [
                -122.21272299982579,
                47.885877000077194
              ],
              [
                -122.21272600019884,
                47.88563200000712
              ],
              [
                -122.21272700002376,
                47.88558899973756
              ],
              [
                -122.21248299962627,
                47.88555400020632
              ],
              [
                -122.21209799966182,
                47.8855510001421
              ],
              [
                -122.21209900038504,
                47.88546600005837
              ],
              [
                -122.21210500023282,
                47.88520299995042
              ],
              [
                -122.21211100008061,
                47.88489099986816
              ],
              [
                -122.21211399955533,
                47.884745000095556
              ],
              [
                -122.2121179997533,
                47.88456599979218
              ],
              [
                -122.21212000030143,
                47.88444600022183
              ],
              [
                -122.21212699997412,
                47.88411999971448
              ],
              [
                -122.21213600019496,
                47.883724999917334
              ],
              [
                -122.21214399969256,
                47.883299999989845
              ],
              [
                -122.21214799989053,
                47.88307999970668
              ],
              [
                -122.21217200017999,
                47.881912999866366
              ],
              [
                -122.2121820002257,
                47.881433000034484
              ],
              [
                -122.21218499970044,
                47.881266999883515
              ],
              [
                -122.21218999972334,
                47.881055000267395
              ],
              [
                -122.21219800011923,
                47.88066600008508
              ],
              [
                -122.2122109996397,
                47.88002699990883
              ],
              [
                -122.21221400001278,
                47.87987799989147
              ],
              [
                -122.2122220004087,
                47.879487999770205
              ],
              [
                -122.21222400005848,
                47.87938399972406
              ],
              [
                -122.21222999990628,
                47.87909600003605
              ],
              [
                -122.21223499992915,
                47.87882299981396
              ],
              [
                -122.21223800030221,
                47.878695999721366
              ],
              [
                -122.21224099977694,
                47.878543000069286
              ],
              [
                -122.21224499997491,
                47.87835599994787
              ],
              [
                -122.21224900017286,
                47.878180999912395
              ],
              [
                -122.21221300018783,
                47.878180999912395
              ],
              [
                -122.21185599981246,
                47.878180999912395
              ],
              [
                -122.21174200000966,
                47.878180999912395
              ],
              [
                -122.21100800006575,
                47.878180999912395
              ],
              [
                -122.21033100002319,
                47.878180999912395
              ],
              [
                -122.20986099966993,
                47.878180999912395
              ],
              [
                -122.2095560000714,
                47.87817999974867
              ],
              [
                -122.20745700017177,
                47.87821099999492
              ],
              [
                -122.20685600029725,
                47.87817800002373
              ],
              [
                -122.20684700007641,
                47.878279000197885
              ],
              [
                -122.20683299983273,
                47.878923999935765
              ],
              [
                -122.20679799967262,
                47.88047100004379
              ],
              [
                -122.20678799962688,
                47.880895000175855
              ],
              [
                -122.20678699980196,
                47.88092499989177
              ],
              [
                -122.20669700028861,
                47.88092399978102
              ],
              [
                -122.20477199956795,
                47.88090799981391
              ],
              [
                -122.20479500003248,
                47.88044499994267
              ],
              [
                -122.20460099986373,
                47.880442999702666
              ],
              [
                -122.20454499978722,
                47.8804420001851
              ],
              [
                -122.2044719999923,
                47.88044100006502
              ],
              [
                -122.2044719999923,
                47.88090299986084
              ],
              [
                -122.20146500007147,
                47.88085999988287
              ],
              [
                -122.20145099982778,
                47.881705999757564
              ],
              [
                -122.20145000000286,
                47.88177699987354
              ],
              [
                -122.20144499998,
                47.88211800017753
              ],
              [
                -122.20144199960697,
                47.88247899985547
              ],
              [
                -122.20143900013223,
                47.88264400026241
              ],
              [
                -122.2014380003073,
                47.88274699971324
              ],
              [
                -122.20143300028444,
                47.883082999913974
              ],
              [
                -122.20143199956121,
                47.883138000069174
              ],
              [
                -122.20143199956121,
                47.88320499976311
              ],
              [
                -122.20143199956121,
                47.883408999718284
              ],
              [
                -122.20143400010933,
                47.88358899986207
              ],
              [
                -122.20143400010933,
                47.883701999813475
              ],
              [
                -122.20143400010933,
                47.883840000283485
              ],
              [
                -122.20143499993425,
                47.88403599974287
              ],
              [
                -122.20143599975918,
                47.88434299993213
              ],
              [
                -122.2014380003073,
                47.884664000048346
              ],
              [
                -122.20143900013223,
                47.885007000087285
              ],
              [
                -122.20143999995713,
                47.88507899992648
              ],
              [
                -122.20144900017797,
                47.885514999960684
              ],
              [
                -122.20144300033017,
                47.88553599981856
              ],
              [
                -122.20144099978205,
                47.88575999998174
              ],
              [
                -122.20143699958408,
                47.886152999904034
              ],
              [
                -122.20139899994925,
                47.886152999904034
              ],
              [
                -122.20139899994925,
                47.88617100007742
              ],
              [
                -122.20139899994925,
                47.88622499995753
              ],
              [
                -122.20139999977417,
                47.8864530001693
              ],
              [
                -122.20139999977417,
                47.88652699981093
              ],
              [
                -122.20139999977417,
                47.88666499998364
              ],
              [
                -122.20141499984275,
                47.88666499998364
              ],
              [
                -122.2014109996448,
                47.886825999720436
              ],
              [
                -122.2014109996448,
                47.88689100007477
              ],
              [
                -122.20140099959907,
                47.8872630000977
              ],
              [
                -122.20140499979702,
                47.88864999973709
              ],
              [
                -122.20136299996423,
                47.888648999775526
              ],
              [
                -122.20134299987275,
                47.888648999775526
              ],
              [
                -122.20134100022294,
                47.888720000013365
              ],
              [
                -122.2013129997355,
                47.88910099972893
              ],
              [
                -122.2002979995842,
                47.889109999906495
              ],
              [
                -122.20006800032876,
                47.8891119998119
              ],
              [
                -122.20005300026013,
                47.88970199985288
              ],
              [
                -122.19956000034063,
                47.889699000028976
              ],
              [
                -122.19947599977674,
                47.88969800008762
              ],
              [
                -122.19925200036907,
                47.88969500026343
              ],
              [
                -122.1992480001711,
                47.889124999797424
              ],
              [
                -122.19917399965293,
                47.889124999797424
              ],
              [
                -122.19803499965306,
                47.88916399973437
              ],
              [
                -122.19802700015545,
                47.88920799999868
              ],
              [
                -122.19801999958446,
                47.88935299989332
              ],
              [
                -122.19801899975954,
                47.88986500026586
              ],
              [
                -122.19801899975954,
                47.88999100014848
              ],
              [
                -122.19801700010972,
                47.891171999898305
              ],
              [
                -122.19801700010972,
                47.89197299983347
              ],
              [
                -122.19801700010972,
                47.89267600005829
              ],
              [
                -122.19806399996538,
                47.89267600005829
              ],
              [
                -122.19820399970747,
                47.89267699994214
              ],
              [
                -122.19825200028635,
                47.89267799982598
              ],
              [
                -122.19846800019641,
                47.8926789997098
              ],
              [
                -122.19911699975154,
                47.892683999730906
              ],
              [
                -122.19933400038481,
                47.892686000100596
              ],
              [
                -122.19953199985322,
                47.892686999984264
              ],
              [
                -122.20012600005505,
                47.8926920000046
              ],
              [
                -122.2003250002467,
                47.89269399977167
              ],
              [
                -122.20034399961494,
                47.89269399977167
              ],
              [
                -122.20040100041466,
                47.89269399977167
              ],
              [
                -122.20042099960784,
                47.89269500025749
              ],
              [
                -122.20042099960784,
                47.8927410002988
              ],
              [
                -122.2004239999809,
                47.89383199986806
              ],
              [
                -122.20033500029244,
                47.8938340001934
              ],
              [
                -122.19954199989895,
                47.89383199986806
              ],
              [
                -122.19938000041557,
                47.89383199986806
              ],
              [
                -122.19889900019164,
                47.89383100000651
              ],
              [
                -122.19890500003942,
                47.89409000024426
              ],
              [
                -122.19890800041247,
                47.89414900018004
              ],
              [
                -122.19890800041247,
                47.894351000094254
              ],
              [
                -122.19891400026026,
                47.894926999905664
              ],
              [
                -122.19891699973499,
                47.89528800005665
              ],
              [
                -122.19892000010802,
                47.89554899989119
              ],
              [
                -122.198924000306,
                47.89590600003372
              ],
              [
                -122.19892799960566,
                47.89627900016651
              ],
              [
                -122.19959100030276,
                47.89628600007068
              ],
              [
                -122.20093299979393,
                47.89629699983207
              ],
              [
                -122.20159999979069,
                47.896303999733796
              ],
              [
                -122.20163400012588,
                47.89806300010338
              ],
              [
                -122.20174999957851,
                47.89806300010338
              ],
              [
                -122.20187099995233,
                47.89806300010338
              ],
              [
                -122.20223699965024,
                47.89806300010338
              ],
              [
                -122.20235899984898,
                47.89806399988322
              ],
              [
                -122.2025229998805,
                47.89806399988322
              ],
              [
                -122.20258200033005,
                47.89806399988322
              ],
              [
                -122.2030169996249,
                47.89806999976636
              ],
              [
                -122.20318200037967,
                47.89807299970765
              ],
              [
                -122.20365900040565,
                47.89807999997156
              ],
              [
                -122.20383699978257,
                47.898082999912276
              ],
              [
                -122.20509299995831,
                47.89810100015526
              ],
              [
                -122.2054660002272,
                47.898106000255055
              ],
              [
                -122.2054660002272,
                47.89816600021092
              ],
              [
                -122.2054660002272,
                47.898325999954025
              ],
              [
                -122.20546700005212,
                47.89900800024698
              ],
              [
                -122.204121000363,
                47.89901400002072
              ],
              [
                -122.20412899986064,
                47.899445999969885
              ],
              [
                -122.20608299999527,
                47.899484000211146
              ],
              [
                -122.2060760003226,
                47.89998800004399
              ],
              [
                -122.20583100010018,
                47.89998500021362
              ],
              [
                -122.20584000032105,
                47.900067999872135
              ],
              [
                -122.2058450003439,
                47.9004329998531
              ],
              [
                -122.20566100022089,
                47.90043099978269
              ],
              [
                -122.20566700006864,
                47.90065400023421
              ],
              [
                -122.20612800020112,
                47.900661999878764
              ],
              [
                -122.20613499987381,
                47.90089899970391
              ],
              [
                -122.2064289996017,
                47.90090400013574
              ],
              [
                -122.2064160000812,
                47.90124899986018
              ],
              [
                -122.20641799973104,
                47.90132399975785
              ],
              [
                -122.2064150002563,
                47.90141400009391
              ],
              [
                -122.20640699986038,
                47.90175200026653
              ],
              [
                -122.20607999962223,
                47.90175200026653
              ],
              [
                -122.20585899968928,
                47.90175200026653
              ],
              [
                -122.20587600030603,
                47.9027129997825
              ],
              [
                -122.20559400027372,
                47.902708000127596
              ],
              [
                -122.20560299959624,
                47.903160999903285
              ],
              [
                -122.20542699986915,
                47.90315899993822
              ],
              [
                -122.20478499998674,
                47.90314500018081
              ],
              [
                -122.20479300038267,
                47.90360099996874
              ],
              [
                -122.20545799983128,
                47.90361399993024
              ],
              [
                -122.20542600004426,
                47.90434899980714
              ],
              [
                -122.20541799964833,
                47.90452200004779
              ],
              [
                -122.20569399983286,
                47.90453900020383
              ],
              [
                -122.20565000035025,
                47.90543600012864
              ],
              [
                -122.2058090003589,
                47.90544499987593
              ],
              [
                -122.20581900040463,
                47.90590299973608
              ],
              [
                -122.20565000035025,
                47.90589799978707
              ],
              [
                -122.205656000198,
                47.90663500018327
              ],
              [
                -122.205656000198,
                47.90665700012365
              ],
              [
                -122.205656000198,
                47.90679500024816
              ],
              [
                -122.20563600010651,
                47.90679500024816
              ],
              [
                -122.2048729998503,
                47.90674900004683
              ],
              [
                -122.20485500030695,
                47.906747999832525
              ],
              [
                -122.2048319998424,
                47.906747999832525
              ],
              [
                -122.20478599981166,
                47.90674700022039
              ],
              [
                -122.20168500017951,
                47.90668800018804
              ],
              [
                -122.20162200043032,
                47.90450499988616
              ],
              [
                -122.20158399989718,
                47.903595000124405
              ],
              [
                -122.20155499958484,
                47.903593999849164
              ],
              [
                -122.19633300031178,
                47.903471999849835
              ],
              [
                -122.19615000001369,
                47.90346700026823
              ],
              [
                -122.19612499989931,
                47.90153400009784
              ],
              [
                -122.19611300020377,
                47.90056599984666
              ],
              [
                -122.19610700035598,
                47.89988499994766
              ],
              [
                -122.1961380003181,
                47.89987700018303
              ],
              [
                -122.19615800040961,
                47.899872999999126
              ],
              [
                -122.1961850001738,
                47.899866999722704
              ],
              [
                -122.19615900023453,
                47.89978799993272
              ],
              [
                -122.19613599976998,
                47.89963900014564
              ],
              [
                -122.19613300029526,
                47.89947599978228
              ],
              [
                -122.19612400007442,
                47.89906799975981
              ],
              [
                -122.19612099970136,
                47.89893300000534
              ],
              [
                -122.19609800013515,
                47.89797599991142
              ],
              [
                -122.19578500014069,
                47.89798999986219
              ],
              [
                -122.19559900036788,
                47.898011999863236
              ],
              [
                -122.19544200000902,
                47.89804199990432
              ],
              [
                -122.19527299995462,
                47.898085000073394
              ],
              [
                -122.1952079996573,
                47.8980950002757
              ],
              [
                -122.195117000319,
                47.89810999997321
              ],
              [
                -122.19497099983084,
                47.8981280002068
              ],
              [
                -122.19461799965342,
                47.89813499986099
              ],
              [
                -122.19449100033015,
                47.898129999763945
              ],
              [
                -122.19425199995555,
                47.89812199972813
              ],
              [
                -122.19403100002259,
                47.89811599985102
              ],
              [
                -122.19336700039885,
                47.89809999977385
              ],
              [
                -122.19332399984282,
                47.89809899999471
              ],
              [
                -122.19329700007866,
                47.89809800021554
              ],
              [
                -122.1932650002916,
                47.89893399976838
              ],
              [
                -122.19323099995643,
                47.89979099977452
              ],
              [
                -122.19074700009234,
                47.89975200001134
              ],
              [
                -122.19077999970429,
                47.90300600027597
              ],
              [
                -122.19078499972719,
                47.90337499993144
              ],
              [
                -122.19079200029819,
                47.90408900003584
              ],
              [
                -122.18999999972964,
                47.90408399991161
              ],
              [
                -122.18995700007191,
                47.90408399991161
              ],
              [
                -122.18993500033062,
                47.90408399991161
              ],
              [
                -122.18992600010978,
                47.90473200006078
              ],
              [
                -122.19013000032427,
                47.90473299971183
              ],
              [
                -122.19013399962394,
                47.905202999770296
              ],
              [
                -122.18946199960428,
                47.905198999997936
              ],
              [
                -122.18948099987085,
                47.90702099980575
              ],
              [
                -122.18951000018318,
                47.90702099980575
              ],
              [
                -122.18952699990163,
                47.90702099980575
              ],
              [
                -122.18969400030619,
                47.90702099980575
              ],
              [
                -122.19081200038967,
                47.90702099980575
              ],
              [
                -122.19157499974759,
                47.90702000019889
              ],
              [
                -122.19167500020502,
                47.90702000019889
              ],
              [
                -122.19207199986508,
                47.90702000019889
              ],
              [
                -122.19338599976712,
                47.90701899998982
              ],
              [
                -122.19409899979466,
                47.90701899998982
              ],
              [
                -122.1942639996511,
                47.90701899998982
              ],
              [
                -122.19512800018967,
                47.90701899998982
              ],
              [
                -122.19534499992466,
                47.90701899998982
              ],
              [
                -122.19567200016282,
                47.90701899998982
              ],
              [
                -122.19599699985281,
                47.90701799978079
              ],
              [
                -122.19621500031101,
                47.90701799978079
              ],
              [
                -122.19621199993796,
                47.90714599988856
              ],
              [
                -122.19619799969426,
                47.90772000028051
              ],
              [
                -122.19619600004445,
                47.90781200012069
              ],
              [
                -122.19618699982361,
                47.90819799999773
              ],
              [
                -122.1961850001738,
                47.908244000115594
              ],
              [
                -122.19617799960277,
                47.908599000278144
              ],
              [
                -122.19616300043248,
                47.90924200027756
              ],
              [
                -122.19615099983861,
                47.90980999997721
              ],
              [
                -122.196143000341,
                47.910165000236624
              ],
              [
                -122.1961380003181,
                47.91023899971429
              ],
              [
                -122.19613199957203,
                47.910476999790646
              ],
              [
                -122.19612900009729,
                47.91057599992763
              ],
              [
                -122.19612599972423,
                47.91066500029663
              ],
              [
                -122.19674400021555,
                47.91067999996487
              ],
              [
                -122.19884300011515,
                47.910730000232576
              ],
              [
                -122.19884099956701,
                47.910281999988726
              ],
              [
                -122.19884999978783,
                47.910166999930986
              ],
              [
                -122.19885700035886,
                47.90982600004806
              ],
              [
                -122.1988620003817,
                47.90952800002351
              ],
              [
                -122.19886800022951,
                47.909242999841496
              ],
              [
                -122.19887200042746,
                47.90899299986865
              ],
              [
                -122.19887300025236,
                47.90894699981438
              ],
              [
                -122.19887300025236,
                47.908910000068275
              ],
              [
                -122.1997910003193,
                47.908932000245976
              ],
              [
                -122.2002330001852,
                47.90894299972917
              ],
              [
                -122.2002409996828,
                47.908428000178155
              ],
              [
                -122.20076899976239,
                47.90843299988271
              ],
              [
                -122.20075600024192,
                47.908974000230806
              ],
              [
                -122.20090400037992,
                47.90897700014239
              ],
              [
                -122.20159399994293,
                47.90898999995799
              ],
              [
                -122.20158999974495,
                47.90940900004753
              ],
              [
                -122.2020309997859,
                47.90942100019413
              ],
              [
                -122.20202999996101,
                47.909458000177025
              ],
              [
                -122.20364500016194,
                47.909493999972284
              ],
              [
                -122.20372899982753,
                47.90955900017474
              ],
              [
                -122.20372700017771,
                47.909724999969306
              ],
              [
                -122.20372399980467,
                47.90990199971506
              ],
              [
                -122.20372399980467,
                47.90992500022614
              ],
              [
                -122.20703600022232,
                47.910020999761755
              ],
              [
                -122.20703700004722,
                47.910296999768015
              ],
              [
                -122.20703700004722,
                47.91047500010829
              ],
              [
                -122.20703700004722,
                47.91052399983064
              ],
              [
                -122.20703700004722,
                47.91058200016705
              ],
              [
                -122.20703700004722,
                47.91090600001999
              ],
              [
                -122.20703700004722,
                47.910951000006385
              ],
              [
                -122.2042960002652,
                47.910899000286186
              ],
              [
                -122.2042689996027,
                47.91272699993391
              ],
              [
                -122.20438099975568,
                47.91273299992393
              ],
              [
                -122.20437800028097,
                47.91289999986877
              ],
              [
                -122.20437400008299,
                47.913217999726434
              ],
              [
                -122.20435800018947,
                47.91334600015515
              ],
              [
                -122.2043459995956,
                47.913398999910704
              ],
              [
                -122.2043170001816,
                47.91353100022466
              ],
              [
                -122.20430499958773,
                47.913560999701694
              ],
              [
                -122.2042679997778,
                47.913663000201886
              ],
              [
                -122.2041060002944,
                47.914046000173045
              ],
              [
                -122.2037339998504,
                47.91493299974596
              ],
              [
                -122.20366899955307,
                47.91496599978085
              ],
              [
                -122.20359599975815,
                47.91498400017417
              ],
              [
                -122.20312999960282,
                47.91498400017417
              ],
              [
                -122.20291299986783,
                47.91498400017417
              ],
              [
                -122.20260599972119,
                47.91498400017417
              ],
              [
                -122.20260700044439,
                47.9152649998493
              ],
              [
                -122.20261099974408,
                47.91583100019535
              ],
              [
                -122.20262300033792,
                47.916110000020545
              ],
              [
                -122.20263699968332,
                47.91639200023135
              ],
              [
                -122.20287299968489,
                47.91639000017549
              ],
              [
                -122.20302500002084,
                47.91638900014751
              ],
              [
                -122.20317499980867,
                47.91638800011952
              ],
              [
                -122.20418999995998,
                47.91637999989498
              ],
              [
                -122.20457900012244,
                47.9163769998105
              ],
              [
                -122.20464299969652,
                47.9163739997258
              ],
              [
                -122.20483600004037,
                47.91636800015796
              ],
              [
                -122.2049010003377,
                47.91636600010118
              ],
              [
                -122.20505699997328,
                47.91635100027482
              ],
              [
                -122.20537199961757,
                47.916475000073206
              ],
              [
                -122.20542699986915,
                47.916618000025245
              ],
              [
                -122.20537599981554,
                47.91667800019899
              ],
              [
                -122.2053320003329,
                47.916886000222455
              ],
              [
                -122.20533499980765,
                47.91719400014543
              ],
              [
                -122.20534800022644,
                47.91727999993723
              ],
              [
                -122.20535700044725,
                47.91730300017933
              ],
              [
                -122.20544299976268,
                47.917533000231984
              ],
              [
                -122.20557400018224,
                47.917749999844276
              ],
              [
                -122.20578300041963,
                47.91809499987048
              ],
              [
                -122.20585000036677,
                47.91824200013023
              ],
              [
                -122.20591200029105,
                47.91843500006244
              ],
              [
                -122.20465000026752,
                47.92169000026306
              ],
              [
                -122.20467399965865,
                47.92168899973556
              ],
              [
                -122.20465199991736,
                47.9217129997487
              ],
              [
                -122.20459300036612,
                47.921809000291965
              ],
              [
                -122.20457300027465,
                47.921857000195764
              ],
              [
                -122.20416900004359,
                47.921852999904495
              ],
              [
                -122.20219599964237,
                47.92183300024943
              ],
              [
                -122.20147900031517,
                47.92180400007367
              ],
              [
                -122.20145800039879,
                47.92180400007367
              ],
              [
                -122.20063499986809,
                47.92179600008458
              ],
              [
                -122.19695199972966,
                47.92175799996911
              ],
              [
                -122.19049900039522,
                47.92174299989999
              ],
              [
                -122.18915700000575,
                47.92174199997548
              ],
              [
                -122.18694500012825,
                47.92174000012644
              ],
              [
                -122.18513999995649,
                47.92173900020187
              ],
              [
                -122.18241000004514,
                47.9217119998236
              ],
              [
                -122.1814719998867,
                47.921702999895075
              ],
              [
                -122.17433199956568,
                47.92163199973495
              ],
              [
                -122.17415900021163,
                47.921630999808286
              ],
              [
                -122.17414800034098,
                47.92440900017752
              ],
              [
                -122.17416099986146,
                47.9251759999828
              ],
              [
                -122.1741700000823,
                47.92566800007662
              ],
              [
                -122.17418099995292,
                47.9269999997922
              ],
              [
                -122.17418699980071,
                47.92748100023829
              ],
              [
                -122.17419199982359,
                47.9278849997883
              ],
              [
                -122.17419799967138,
                47.92824900003564
              ],
              [
                -122.17420100004443,
                47.92845800028324
              ],
              [
                -122.17420100004443,
                47.92867000026203
              ],
              [
                -122.17420100004443,
                47.92881699996705
              ],
              [
                -122.17420100004443,
                47.929519000289766
              ],
              [
                -122.17421899958777,
                47.9305240001191
              ],
              [
                -122.1742210001359,
                47.93063499986206
              ],
              [
                -122.17423799985436,
                47.93128099972201
              ],
              [
                -122.17432200041826,
                47.934295999796205
              ],
              [
                -122.17430800017455,
                47.9348829998802
              ],
              [
                -122.17426399979362,
                47.93691300006927
              ],
              [
                -122.17135399995719,
                47.93691100020496
              ],
              [
                -122.17133800006367,
                47.93706900008044
              ],
              [
                -122.17133200021588,
                47.93730400004201
              ],
              [
                -122.17133600041385,
                47.93754599987975
              ],
              [
                -122.1713330000408,
                47.93778599995793
              ],
              [
                -122.17135399995719,
                47.93826099995014
              ],
              [
                -122.17141599988146,
                47.93872099983107
              ],
              [
                -122.17146600011017,
                47.93895499991377
              ],
              [
                -122.17152700020952,
                47.939186999762946
              ],
              [
                -122.17160400020245,
                47.939422999910896
              ],
              [
                -122.1716729997994,
                47.93959099994123
              ],
              [
                -122.17114600044304,
                47.94012399991639
              ],
              [
                -122.17081099980896,
                47.94048800007343
              ],
              [
                -122.17106400042728,
                47.940803000189085
              ],
              [
                -122.17162500011885,
                47.94150299999324
              ],
              [
                -122.17181000006676,
                47.94173399970198
              ],
              [
                -122.17189200008252,
                47.94180099999752
              ],
              [
                -122.17193499974023,
                47.94183600001859
              ],
              [
                -122.17237400013137,
                47.94219699976426
              ],
              [
                -122.17409100043955,
                47.943613000134384
              ],
              [
                -122.17478100000258,
                47.94418099979936
              ],
              [
                -122.17603200015543,
                47.94553099985464
              ],
              [
                -122.1774950000204,
                47.94681000025768
              ],
              [
                -122.1787050001654,
                47.94747800024581
              ],
              [
                -122.17972699998941,
                47.94782600001866
              ],
              [
                -122.17978700026389,
                47.9478469998729
              ],
              [
                -122.18076200023222,
                47.94804600016005
              ],
              [
                -122.1817029998654,
                47.948145000008424
              ],
              [
                -122.1876179999728,
                47.94814700003988
              ],
              [
                -122.18802800005162,
                47.948152000118164
              ],
              [
                -122.1880680002346,
                47.948152000118164
              ],
              [
                -122.18949699976439,
                47.9481679997637
              ],
              [
                -122.19054200005291,
                47.94828200017862
              ],
              [
                -122.19144800042432,
                47.948358999926036
              ],
              [
                -122.19151399964822,
                47.94836499999529
              ],
              [
                -122.19152500041719,
                47.94842100000656
              ],
              [
                -122.19152899971685,
                47.94843900019068
              ],
              [
                -122.1916380003951,
                47.94911800015097
              ],
              [
                -122.19156100040222,
                47.94994400002885
              ],
              [
                -122.19129400043855,
                47.950524000156356
              ],
              [
                -122.19051100009078,
                47.95188100020185
              ],
              [
                -122.1899550004221,
                47.95254900022718
              ],
              [
                -122.18924800024237,
                47.95358000013995
              ],
              [
                -122.18843599958234,
                47.95480300023948
              ],
              [
                -122.18748200042866,
                47.9563559998085
              ],
              [
                -122.1868720003333,
                47.95742700024285
              ],
              [
                -122.18639299975919,
                47.95873499975646
              ],
              [
                -122.18635400029945,
                47.95893100020469
              ],
              [
                -122.18615199973478,
                47.959940000176815
              ],
              [
                -122.18672199964716,
                47.96131500009712
              ],
              [
                -122.18745800013923,
                47.96227999975805
              ],
              [
                -122.18799399971644,
                47.96311199994486
              ],
              [
                -122.18892799967689,
                47.9648790000659
              ],
              [
                -122.18895299979127,
                47.96574700024135
              ],
              [
                -122.18897100023293,
                47.96636700020063
              ],
              [
                -122.18897299988274,
                47.9664319999157
              ],
              [
                -122.18872600001053,
                47.96755899990415
              ],
              [
                -122.18817299981657,
                47.96898400021261
              ],
              [
                -122.18788199956346,
                47.97008400006689
              ],
              [
                -122.18758899966048,
                47.97126300018911
              ],
              [
                -122.18748699955324,
                47.97264899978898
              ],
              [
                -122.18742200015423,
                47.97414399998665
              ],
              [
                -122.18707599964948,
                47.97532300002917
              ],
              [
                -122.1861960001157,
                47.976465000077454
              ],
              [
                -122.1860820003129,
                47.97661700012232
              ],
              [
                -122.1851750001166,
                47.97731299992941
              ],
              [
                -122.1841619996151,
                47.9779540002004
              ],
              [
                -122.1838160000087,
                47.97817200008137
              ],
              [
                -122.18373599964275,
                47.978211000266455
              ],
              [
                -122.18365600017512,
                47.97825499999273
              ],
              [
                -122.18259599981796,
                47.97875000019257
              ],
              [
                -122.18221400022654,
                47.9789270000633
              ],
              [
                -122.18139700044193,
                47.97919100021063
              ],
              [
                -122.18085799959336,
                47.97936499973363
              ],
              [
                -122.18081999995854,
                47.97937699988647
              ],
              [
                -122.18070699998064,
                47.97941299972693
              ],
              [
                -122.18065900030005,
                47.979419999809906
              ],
              [
                -122.17712900032251,
                47.97990400023975
              ],
              [
                -122.17340799965095,
                47.98080599994784
              ],
              [
                -122.17097200036577,
                47.981908999815396
              ],
              [
                -122.17008799973569,
                47.98251300013687
              ],
              [
                -122.1691720002169,
                47.98344800018691
              ],
              [
                -122.16914399972949,
                47.98347700006172
              ],
              [
                -122.16909000020114,
                47.98354600021673
              ],
              [
                -122.1690259997287,
                47.98361099995594
              ],
              [
                -122.16895200010886,
                47.983670999966364
              ],
              [
                -122.16886800044328,
                47.983726000265364
              ],
              [
                -122.16877700020669,
                47.98377399981156
              ],
              [
                -122.16874000039677,
                47.98378999985079
              ],
              [
                -122.16866000003081,
                47.98382299984092
              ],
              [
                -122.16857899983997,
                47.98385300003226
              ],
              [
                -122.16807900024777,
                47.98403699990246
              ],
              [
                -122.16756700006168,
                47.984174999825655
              ],
              [
                -122.16702300008859,
                47.984467000198414
              ],
              [
                -122.16693199985198,
                47.984565000097476
              ],
              [
                -122.1665040002298,
                47.98501799978973
              ],
              [
                -122.16632699977949,
                47.9855130000803
              ],
              [
                -122.1662990001904,
                47.985588999766506
              ],
              [
                -122.16621299997666,
                47.985960999843876
              ],
              [
                -122.16598700002085,
                47.98627699984007
              ],
              [
                -122.16566300015575,
                47.986348000216125
              ],
              [
                -122.16530900015341,
                47.986344999982045
              ],
              [
                -122.16473500004308,
                47.986260000091214
              ],
              [
                -122.16442100022371,
                47.986264000209445
              ],
              [
                -122.16400500029711,
                47.986292999704695
              ],
              [
                -122.16364700009682,
                47.986324000142254
              ],
              [
                -122.16324100021595,
                47.98655399983993
              ],
              [
                -122.16302899960553,
                47.98687600022
              ],
              [
                -122.16272800020496,
                47.98741200029249
              ],
              [
                -122.16265799988477,
                47.98754099971784
              ],
              [
                -122.16268499964896,
                47.987689000213386
              ],
              [
                -122.16267499960321,
                47.987862000104336
              ],
              [
                -122.16264000034143,
                47.9880570002072
              ],
              [
                -122.1626029996332,
                47.9882180001685
              ],
              [
                -122.16255099975466,
                47.988468000184774
              ],
              [
                -122.16251499976963,
                47.988650000170736
              ],
              [
                -122.16250999974676,
                47.98885799988422
              ],
              [
                -122.16263799979329,
                47.98938999993893
              ],
              [
                -122.16285500042657,
                47.98986800002102
              ],
              [
                -122.16310599959843,
                47.990359000290326
              ],
              [
                -122.16372800028766,
                47.99084799991462
              ],
              [
                -122.16417500017641,
                47.99149900004319
              ],
              [
                -122.16447499975209,
                47.992192999879805
              ],
              [
                -122.16457600003442,
                47.99298000019783
              ],
              [
                -122.16457600003442,
                47.99299099984146
              ],
              [
                -122.16459299975286,
                47.99312800012529
              ],
              [
                -122.16461700004228,
                47.993545999967566
              ],
              [
                -122.1645559999429,
                47.99446400029266
              ],
              [
                -122.16421100016143,
                47.99532500000607
              ],
              [
                -122.16379600005975,
                47.996087999704045
              ],
              [
                -122.16294099974198,
                47.997365000188516
              ],
              [
                -122.16258400026493,
                47.99796500016752
              ],
              [
                -122.16240400033986,
                47.99846300024287
              ],
              [
                -122.16234900008827,
                47.99891499973957
              ],
              [
                -122.16216699961508,
                47.99933899974782
              ],
              [
                -122.16202100002522,
                47.9997610000415
              ],
              [
                -122.16200599995662,
                47.99980300019808
              ],
              [
                -122.16201799965216,
                47.99986999973306
              ],
              [
                -122.16205600018533,
                47.99999500022078
              ],
              [
                -122.16206700005598,
                48.00005299999317
              ],
              [
                -122.16207499955357,
                48.00013399976312
              ],
              [
                -122.16190100037461,
                48.00032800017178
              ],
              [
                -122.16170899985568,
                48.00054199972058
              ],
              [
                -122.1615680002887,
                48.00077199976828
              ],
              [
                -122.16141900032576,
                48.00094500028091
              ],
              [
                -122.16133999978476,
                48.0010359999911
              ],
              [
                -122.16113800011837,
                48.001250000209446
              ],
              [
                -122.1608019996594,
                48.001553999953906
              ],
              [
                -122.16064199982583,
                48.001750999770834
              ],
              [
                -122.16048299981719,
                48.001948000037615
              ],
              [
                -122.16035099957269,
                48.002180000171286
              ],
              [
                -122.16029299984636,
                48.00241400019735
              ],
              [
                -122.16030500044026,
                48.0026379999369
              ],
              [
                -122.16045799970281,
                48.0030660000187
              ],
              [
                -122.16057499987868,
                48.00354300009508
              ],
              [
                -122.1606109998637,
                48.00395100013815
              ],
              [
                -122.1606240002825,
                48.004367999923346
              ],
              [
                -122.16061900025962,
                48.004802999721655
              ],
              [
                -122.1605620003582,
                48.005068999982115
              ],
              [
                -122.1604419998093,
                48.00527600011691
              ],
              [
                -122.16027100010507,
                48.00543699984778
              ],
              [
                -122.16025600003644,
                48.00544600022482
              ],
              [
                -122.1599930002707,
                48.00553799991519
              ],
              [
                -122.15989600018634,
                48.005556000031426
              ],
              [
                -122.15954600038197,
                48.00562199980279
              ],
              [
                -122.15924199971005,
                48.00568900019459
              ],
              [
                -122.1590140001044,
                48.005835000127966
              ],
              [
                -122.15890100012652,
                48.006063999919654
              ],
              [
                -122.15884500005,
                48.006348000128085
              ],
              [
                -122.15882599978343,
                48.006537000170525
              ],
              [
                -122.15882099976056,
                48.00658500013781
              ],
              [
                -122.15881200043805,
                48.00668500027675
              ],
              [
                -122.15880999988991,
                48.00670600024522
              ],
              [
                -122.15879099962333,
                48.00677199974709
              ],
              [
                -122.15878399995064,
                48.00679399976259
              ],
              [
                -122.15877300007999,
                48.00683500012164
              ],
              [
                -122.1587660004073,
                48.006852999785195
              ],
              [
                -122.15871600017856,
                48.00692899989823
              ],
              [
                -122.1585970003529,
                48.00704600009054
              ],
              [
                -122.15853999955318,
                48.007103000273005
              ],
              [
                -122.15849000022276,
                48.007140000083595
              ],
              [
                -122.15841999990256,
                48.0071919997888
              ],
              [
                -122.15837899989467,
                48.00722200021899
              ],
              [
                -122.15835999962812,
                48.007231000284506
              ],
              [
                -122.15833500041208,
                48.00724400004255
              ],
              [
                -122.15830100007688,
                48.00726100009099
              ],
              [
                -122.15824500000038,
                48.00728899973438
              ],
              [
                -122.15821200038842,
                48.007298999860915
              ],
              [
                -122.15798100040975,
                48.00734899986344
              ],
              [
                -122.15770299967707,
                48.007380999743475
              ],
              [
                -122.15737999963689,
                48.0074140002751
              ],
              [
                -122.15719600041218,
                48.00746899991218
              ],
              [
                -122.15705900014484,
                48.00753699977581
              ],
              [
                -122.15698899982465,
                48.00759700021739
              ],
              [
                -122.15707699968819,
                48.007598000284254
              ],
              [
                -122.16183799972711,
                48.00765100019451
              ],
              [
                -122.16190999969713,
                48.007650000128656
              ],
              [
                -122.1619569995528,
                48.007650000128656
              ],
              [
                -122.16211100043691,
                48.007649000062806
              ],
              [
                -122.16283100013713,
                48.0076439997332
              ],
              [
                -122.16559399966046,
                48.00763000000979
              ],
              [
                -122.16651599992537,
                48.00762500027936
              ],
              [
                -122.168061999631,
                48.00761500021603
              ],
              [
                -122.16857700019015,
                48.007612000016344
              ],
              [
                -122.17166399957858,
                48.00758299988017
              ],
              [
                -122.17270200019442,
                48.00753500024069
              ],
              [
                -122.1739099997913,
                48.007501999786484
              ],
              [
                -122.17424700007517,
                48.00749900018125
              ],
              [
                -122.17453400013035,
                48.007495999974815
              ],
              [
                -122.17465200013112,
                48.01006199978538
              ],
              [
                -122.17468800011615,
                48.010828000298034
              ],
              [
                -122.17468999976596,
                48.0108629998331
              ],
              [
                -122.17494199966103,
                48.010855999807774
              ],
              [
                -122.17508300012636,
                48.01085299979663
              ],
              [
                -122.17526499970124,
                48.01084899978155
              ],
              [
                -122.17529800021151,
                48.01084799977772
              ],
              [
                -122.17529900003643,
                48.01086899985401
              ],
              [
                -122.17530700043235,
                48.01105400015695
              ],
              [
                -122.17519500027937,
                48.0110560001566
              ],
              [
                -122.17494900023203,
                48.01106000015568
              ],
              [
                -122.1746989999868,
                48.01106800015286
              ],
              [
                -122.1748749997139,
                48.01474299983736
              ],
              [
                -122.1750089996082,
                48.017676999859844
              ],
              [
                -122.17506399985979,
                48.01858100007033
              ],
              [
                -122.17506899988265,
                48.0186580001779
              ],
              [
                -122.17506999970757,
                48.01867699977318
              ],
              [
                -122.17511999993629,
                48.01926200001357
              ],
              [
                -122.17520699997492,
                48.01997400002392
              ],
              [
                -122.17532199960264,
                48.02068400018842
              ],
              [
                -122.17566200025959,
                48.022415000284525
              ],
              [
                -122.17584700020753,
                48.02335200027439
              ],
              [
                -122.17589599971299,
                48.023600999729084
              ],
              [
                -122.17592699967513,
                48.02375799971519
              ],
              [
                -122.1759500001397,
                48.02387500017841
              ],
              [
                -122.17595599998745,
                48.023907000017495
              ],
              [
                -122.17597199988097,
                48.0239849997298
              ],
              [
                -122.1761069996002,
                48.02410899970733
              ],
              [
                -122.17632199968534,
                48.024289000054765
              ],
              [
                -122.17667400003788,
                48.024583999749
              ],
              [
                -122.17668300025869,
                48.02476200017137
              ],
              [
                -122.17765599967889,
                48.029761000293064
              ],
              [
                -122.1780850000243,
                48.03177900027606
              ],
              [
                -122.17823300016231,
                48.032322000135615
              ],
              [
                -122.17825800027667,
                48.03238699970437
              ],
              [
                -122.17831500017805,
                48.03244599987962
              ],
              [
                -122.17842800015598,
                48.032526999837145
              ],
              [
                -122.17847900020958,
                48.03256400002747
              ],
              [
                -122.17852299969222,
                48.03262700012817
              ],
              [
                -122.17853500028609,
                48.03272499986464
              ],
              [
                -122.17851299964649,
                48.0328119998546
              ],
              [
                -122.17849599992803,
                48.03292800001317
              ],
              [
                -122.17849199973006,
                48.033028999700385
              ],
              [
                -122.17850000012598,
                48.03311200028837
              ],
              [
                -122.17852299969222,
                48.033206000221156
              ],
              [
                -122.17855000035472,
                48.033280000200925
              ],
              [
                -122.17855899967722,
                48.03330500022688
              ],
              [
                -122.17863400002031,
                48.03337900006452
              ],
              [
                -122.17871100001318,
                48.033437999704695
              ],
              [
                -122.1788099997474,
                48.03348700002646
              ],
              [
                -122.17891900042564,
                48.03351000022269
              ],
              [
                -122.17909699980257,
                48.03351700017594
              ],
              [
                -122.17909599997765,
                48.033604000030095
              ],
              [
                -122.17909699980257,
                48.03371300028222
              ],
              [
                -122.17909799962747,
                48.03375099978137
              ],
              [
                -122.17887699969455,
                48.03374799990099
              ],
              [
                -122.17867900022613,
                48.03374500002038
              ],
              [
                -122.17853100008814,
                48.0338090000378
              ],
              [
                -122.17847599983655,
                48.0338700001024
              ],
              [
                -122.17842700033106,
                48.033967999877696
              ],
              [
                -122.17841499973719,
                48.03403500008269
              ],
              [
                -122.1784390000266,
                48.034137999707866
              ],
              [
                -122.17848199968432,
                48.03429699973402
              ],
              [
                -122.17860999973085,
                48.034777999833054
              ],
              [
                -122.17865300028689,
                48.03497299981173
              ],
              [
                -122.17861599957862,
                48.035064000149866
              ],
              [
                -122.17851900039255,
                48.035150000262306
              ],
              [
                -122.17836000038392,
                48.03519800002519
              ],
              [
                -122.17814699994858,
                48.03524699987464
              ],
              [
                -122.17822899996433,
                48.03542900002311
              ],
              [
                -122.1782540000787,
                48.0355519999739
              ],
              [
                -122.17826999997223,
                48.03563600022575
              ],
              [
                -122.17835700001086,
                48.0360870000016
              ],
              [
                -122.17857700011888,
                48.03609400020541
              ],
              [
                -122.18043900019204,
                48.036090999860754
              ],
              [
                -122.18120999994589,
                48.03608999974581
              ],
              [
                -122.18194700026287,
                48.036089000231534
              ],
              [
                -122.18245799972571,
                48.0360870000016
              ],
              [
                -122.18290700016256,
                48.03608599988659
              ],
              [
                -122.18394800025317,
                48.03592999972843
              ],
              [
                -122.18407299992664,
                48.03589599990849
              ],
              [
                -122.18424700000392,
                48.03585099995333
              ],
              [
                -122.1848579999242,
                48.03569300003975
              ],
              [
                -122.18732400024494,
                48.03525599985419
              ],
              [
                -122.19094999958362,
                48.0345289997117
              ],
              [
                -122.19156700024999,
                48.034349000285864
              ],
              [
                -122.19526799993176,
                48.03329299999968
              ],
              [
                -122.19642200000025,
                48.03296499991562
              ],
              [
                -122.19651700043482,
                48.03295099985824
              ],
              [
                -122.19651499988669,
                48.03310599985231
              ],
              [
                -122.19651400006177,
                48.033202000138004
              ],
              [
                -122.20128299959829,
                48.03279700017752
              ],
              [
                -122.20505399960025,
                48.03247700021954
              ],
              [
                -122.2058379997729,
                48.03239200003748
              ],
              [
                -122.20896100004465,
                48.03205500028912
              ],
              [
                -122.20957199996495,
                48.03197299999555
              ],
              [
                -122.21010500006739,
                48.03193599998155
              ],
              [
                -122.21098299995137,
                48.03187500003035
              ],
              [
                -122.22218899982714,
                48.031068999744505
              ],
              [
                -122.22774900010734,
                48.02960899997105
              ],
              [
                -122.23218000043336,
                48.028439000002344
              ],
              [
                -122.23617200036826,
                48.027390000143484
              ],
              [
                -122.23861100002652,
                48.026748000186515
              ],
              [
                -122.2388289995864,
                48.02668999979277
              ],
              [
                -122.24007399989146,
                48.026393000130625
              ],
              [
                -122.2621459998844,
                48.02112199997953
              ],
              [
                -122.26218299969432,
                48.021084999986066
              ],
              [
                -122.26332900026519,
                48.01997899975882
              ],
              [
                -122.28033499972236,
                48.0035550000363
              ],
              [
                -122.2910529997015,
                47.993211000036894
              ],
              [
                -122.29105699989942,
                47.99020200020781
              ],
              [
                -122.29106699994519,
                47.983109999822375
              ],
              [
                -122.29108399966364,
                47.97091800000391
              ],
              [
                -122.29109399970937,
                47.96387199974059
              ],
              [
                -122.29109899973224,
                47.96067700012768
              ],
              [
                -122.29110499958003,
                47.9565040000693
              ],
              [
                -122.29111100032611,
                47.95205099993586
              ],
              [
                -122.2911099996029,
                47.951969999905856
              ],
              [
                -122.29111200015103,
                47.951078000262164
              ],
              [
                -122.29111299997595,
                47.950848000157286
              ],
              [
                -122.29102900031035,
                47.950871999875986
              ],
              [
                -122.29097300023386,
                47.95088799988282
              ],
              [
                -122.29066299971416,
                47.950977000093665
              ],
              [
                -122.29022300039641,
                47.95108000018012
              ],
              [
                -122.29007799973314,
                47.951110000143316
              ],
              [
                -122.28993299996819,
                47.95114799975086
              ],
              [
                -122.28952200006444,
                47.951289000203644
              ],
              [
                -122.28924800042806,
                47.95138499999735
              ],
              [
                -122.28910000029006,
                47.951423000004304
              ],
              [
                -122.28896700022067,
                47.9514430002501
              ],
              [
                -122.28886099991547,
                47.951453999720144
              ],
              [
                -122.28876100035633,
                47.95145800012849
              ],
              [
                -122.28857999970808,
                47.95145500027349
              ],
              [
                -122.28841999987449,
                47.95143899984054
              ],
              [
                -122.28827799958427,
                47.951432000176055
              ],
              [
                -122.28824699962213,
                47.95143000027172
              ],
              [
                -122.28808000011587,
                47.95139999989263
              ],
              [
                -122.28798700022944,
                47.95137299995767
              ],
              [
                -122.28785400016005,
                47.9513290001895
              ],
              [
                -122.28773600015928,
                47.95128000000699
              ],
              [
                -122.28670500011445,
                47.950948000014755
              ],
              [
                -122.28658799993858,
                47.95088799988282
              ],
              [
                -122.28577600017685,
                47.95128399982719
              ],
              [
                -122.28578200002461,
                47.950729000158994
              ],
              [
                -122.2857889996973,
                47.95012599984848
              ],
              [
                -122.28579299989528,
                47.94968900004971
              ],
              [
                -122.2857939997202,
                47.94963400019601
              ],
              [
                -122.28577100015396,
                47.9496179998009
              ],
              [
                -122.28570900022969,
                47.94958600019926
              ],
              [
                -122.28567900009246,
                47.949570999777464
              ],
              [
                -122.28556600011454,
                47.94952499970033
              ],
              [
                -122.28536299972495,
                47.949523999711296
              ],
              [
                -122.28316500009113,
                47.94951699978738
              ],
              [
                -122.2828599995943,
                47.949518999765736
              ],
              [
                -122.282324999842,
                47.949515999798194
              ],
              [
                -122.28231300014644,
                47.947438000287725
              ],
              [
                -122.28231200032155,
                47.94739600023829
              ],
              [
                -122.28238500011648,
                47.947397000268545
              ],
              [
                -122.28769799962612,
                47.94742099978477
              ],
              [
                -122.28770699984696,
                47.94649199989812
              ],
              [
                -122.28771299969473,
                47.94554099991519
              ],
              [
                -122.28772699993844,
                47.94381199987446
              ],
              [
                -122.28826900026175,
                47.94381500017311
              ],
              [
                -122.28896100037288,
                47.94381699977037
              ],
              [
                -122.28902199957393,
                47.943817999869864
              ],
              [
                -122.28908799969618,
                47.943817999869864
              ],
              [
                -122.28913499955183,
                47.94381899996931
              ],
              [
                -122.28955800004944,
                47.94381000027701
              ],
              [
                -122.29315199960111,
                47.9438349997527
              ],
              [
                -122.2931099997683,
                47.93999099987935
              ],
              [
                -122.2931290000349,
                47.93598800010148
              ],
              [
                -122.29314900012636,
                47.934824000029415
              ],
              [
                -122.2931650000199,
                47.93287199993844
              ],
              [
                -122.29318900030931,
                47.92990899982936
              ]
            ]
          ],
          [
            [
              [
                -121.87678999983169,
                47.96269799979178
              ],
              [
                -121.87677499976306,
                47.96088599983422
              ],
              [
                -121.8765089996243,
                47.96088500006503
              ],
              [
                -121.87610299974342,
                47.96087700010604
              ],
              [
                -121.87594600028292,
                47.960874999965746
              ],
              [
                -121.87540999980737,
                47.960867999774784
              ],
              [
                -121.87387999999527,
                47.96084899993914
              ],
              [
                -121.87190199957115,
                47.96082400027141
              ],
              [
                -121.87190999996707,
                47.95898899980804
              ],
              [
                -121.871918000363,
                47.957138999709876
              ],
              [
                -121.8719259998606,
                47.95533700026082
              ],
              [
                -121.8719259998606,
                47.95531499996338
              ],
              [
                -121.87193300043162,
                47.953547000072184
              ],
              [
                -121.87193300043162,
                47.95349000028839
              ],
              [
                -121.8618020000833,
                47.95336199992196
              ],
              [
                -121.86123600036888,
                47.95335599983121
              ],
              [
                -121.86133599992799,
                47.95046500010466
              ],
              [
                -121.86135199982148,
                47.95000000013416
              ],
              [
                -121.85120799995272,
                47.9500139998502
              ],
              [
                -121.84894199964853,
                47.95001699978884
              ],
              [
                -121.84831200036001,
                47.95001799976834
              ],
              [
                -121.84849999978265,
                47.94675999995988
              ],
              [
                -121.8487140000429,
                47.94303199995997
              ],
              [
                -121.84871800024085,
                47.94294900000374
              ],
              [
                -121.84344300036605,
                47.94296000007811
              ],
              [
                -121.84344099981791,
                47.942880999875015
              ],
              [
                -121.83758000013715,
                47.94279700015887
              ],
              [
                -121.83666799991798,
                47.94278399981094
              ],
              [
                -121.83656900018381,
                47.939425000279854
              ],
              [
                -121.83656099978789,
                47.93916799977812
              ],
              [
                -121.83189299963536,
                47.939104000252975
              ],
              [
                -121.83160399993037,
                47.939100000091955
              ],
              [
                -121.83156100027266,
                47.935744999937874
              ],
              [
                -121.8315579998996,
                47.93548399996127
              ],
              [
                -121.82729999982595,
                47.93542500019445
              ],
              [
                -121.8263340000784,
                47.935352999949124
              ],
              [
                -121.82617199969671,
                47.92997599979997
              ],
              [
                -121.82611899999326,
                47.92820600024567
              ],
              [
                -121.8224049998927,
                47.928288999794155
              ],
              [
                -121.82079399988972,
                47.92831100015979
              ],
              [
                -121.82080899995834,
                47.92649800019895
              ],
              [
                -121.82074100018629,
                47.92459899976847
              ],
              [
                -121.82077499962313,
                47.92396200025682
              ],
              [
                -121.82093199998198,
                47.92101800020336
              ],
              [
                -121.82088299957816,
                47.91742600009649
              ],
              [
                -121.82089900037,
                47.91740799995067
              ],
              [
                -121.82089000014919,
                47.91700199981444
              ],
              [
                -121.82086099983687,
                47.915683000268636
              ],
              [
                -121.82083999992048,
                47.91422900000886
              ],
              [
                -121.8208340000727,
                47.91383999972496
              ],
              [
                -121.8208359997225,
                47.91376900021351
              ],
              [
                -121.82090400039287,
                47.910902000086196
              ],
              [
                -121.82090600004273,
                47.9107129997014
              ],
              [
                -121.82090799969254,
                47.91068399991582
              ],
              [
                -121.82090900041577,
                47.91062600029582
              ],
              [
                -121.82090900041577,
                47.91061499996608
              ],
              [
                -121.82091000024067,
                47.91057700006791
              ],
              [
                -121.82091100006559,
                47.91054099982176
              ],
              [
                -121.82091199989051,
                47.91050100018792
              ],
              [
                -121.82091600008846,
                47.910349000093106
              ],
              [
                -121.8207429998361,
                47.91035400021423
              ],
              [
                -121.81857600016441,
                47.910426999880585
              ],
              [
                -121.81800100022916,
                47.9104460001893
              ],
              [
                -121.81540199983903,
                47.91053500017973
              ],
              [
                -121.81545600026571,
                47.91278199991674
              ],
              [
                -121.81547399980906,
                47.913518999826856
              ],
              [
                -121.81548300002987,
                47.91401100000567
              ],
              [
                -121.81538299957248,
                47.91401400022738
              ],
              [
                -121.81519099995182,
                47.91402000006817
              ],
              [
                -121.814969000194,
                47.91402699998188
              ],
              [
                -121.81489600039905,
                47.914031999747685
              ],
              [
                -121.81130399959892,
                47.91414099981982
              ],
              [
                -121.8107510003033,
                47.91415699975588
              ],
              [
                -121.81014200003283,
                47.914165999793
              ],
              [
                -121.80993000032073,
                47.91418199972128
              ],
              [
                -121.8098459997568,
                47.914788999894796
              ],
              [
                -121.80979200022844,
                47.91516699970306
              ],
              [
                -121.80974399964957,
                47.91553399987418
              ],
              [
                -121.80964599974027,
                47.91619799987125
              ],
              [
                -121.80959399986173,
                47.91703599974935
              ],
              [
                -121.80951900041697,
                47.9202159999656
              ],
              [
                -121.80950599999818,
                47.92071399994603
              ],
              [
                -121.80948300043197,
                47.92263300028649
              ],
              [
                -121.80945300029475,
                47.924734000004186
              ],
              [
                -121.80884800022224,
                47.92473800007267
              ],
              [
                -121.80182300042725,
                47.9248159998416
              ],
              [
                -121.80118300019465,
                47.92482300010062
              ],
              [
                -121.80120699958582,
                47.92543800007207
              ],
              [
                -121.80128500030192,
                47.92780900004837
              ],
              [
                -121.80130399967018,
                47.928415000065165
              ],
              [
                -121.80038800015139,
                47.928427000017656
              ],
              [
                -121.79863099966022,
                47.92844799992777
              ],
              [
                -121.7986509997517,
                47.9289930002313
              ],
              [
                -121.7987350003156,
                47.930777999797876
              ],
              [
                -121.79881499978323,
                47.932441000027836
              ],
              [
                -121.79882800020204,
                47.93273899990378
              ],
              [
                -121.79909699981555,
                47.93231999973945
              ],
              [
                -121.79919600044806,
                47.93226000025251
              ],
              [
                -121.79926400022012,
                47.932239999806185
              ],
              [
                -121.79933600019015,
                47.932213000094194
              ],
              [
                -121.7994049997871,
                47.93218599976622
              ],
              [
                -121.79948199978,
                47.932154999929566
              ],
              [
                -121.79952500033603,
                47.932135999768136
              ],
              [
                -121.79958300006234,
                47.93210900000184
              ],
              [
                -121.79971799978156,
                47.93205200004765
              ],
              [
                -121.79982400008676,
                47.93200199991996
              ],
              [
                -121.79993700006469,
                47.93196899991755
              ],
              [
                -121.80004599984461,
                47.93194200006406
              ],
              [
                -121.80009400042348,
                47.93192299982432
              ],
              [
                -121.80022599976968,
                47.9318899997715
              ],
              [
                -121.80032500040217,
                47.93188299986705
              ],
              [
                -121.80043900020499,
                47.93186000008825
              ],
              [
                -121.80055700020579,
                47.93183399990725
              ],
              [
                -121.80062599980275,
                47.931831999846494
              ],
              [
                -121.8007699997428,
                47.93181899975059
              ],
              [
                -121.80092499955347,
                47.9318000000676
              ],
              [
                -121.80111000039972,
                47.931775999919445
              ],
              [
                -121.80133600035556,
                47.931739000246075
              ],
              [
                -121.80150500040993,
                47.931726999858306
              ],
              [
                -121.80163000008342,
                47.93171000020702
              ],
              [
                -121.80182699972691,
                47.93168300021831
              ],
              [
                -121.80202900029158,
                47.931663999883405
              ],
              [
                -121.80218800030025,
                47.93165299981303
              ],
              [
                -121.80243400034756,
                47.93164300007535
              ],
              [
                -121.80261300044768,
                47.93162900019859
              ],
              [
                -121.8027189998546,
                47.931616000051655
              ],
              [
                -121.80288700008407,
                47.93158999974802
              ],
              [
                -121.80304799974255,
                47.93156199996197
              ],
              [
                -121.80316800029145,
                47.931550000135026
              ],
              [
                -121.80330200018575,
                47.93152900028068
              ],
              [
                -121.80341500016368,
                47.931509999889194
              ],
              [
                -121.80349299998147,
                47.93150500000675
              ],
              [
                -121.80365500036318,
                47.931486999944504
              ],
              [
                -121.80382400041758,
                47.93147599983648
              ],
              [
                -121.80388799999169,
                47.931470000214325
              ],
              [
                -121.80413499986389,
                47.93143800021138
              ],
              [
                -121.8042830000019,
                47.93141599997219
              ],
              [
                -121.80430800011625,
                47.93201600029763
              ],
              [
                -121.80960599955729,
                47.93192999972341
              ],
              [
                -121.80987400024424,
                47.93192600021113
              ],
              [
                -121.80999700026787,
                47.93464700007325
              ],
              [
                -121.81010799969764,
                47.93547100018162
              ],
              [
                -121.81309500042528,
                47.93547300010164
              ],
              [
                -121.81320199965708,
                47.935469999920684
              ],
              [
                -121.81324299966495,
                47.935469000261534
              ],
              [
                -121.81905099964224,
                47.93537400005609
              ],
              [
                -121.82034600017607,
                47.935352999949124
              ],
              [
                -121.82061499978957,
                47.935347999836445
              ],
              [
                -121.82112299977769,
                47.93534000013659
              ],
              [
                -121.82113000034869,
                47.9358000001269
              ],
              [
                -121.82113500037158,
                47.9360800002369
              ],
              [
                -121.82118300005213,
                47.93894899995578
              ],
              [
                -121.82124199960337,
                47.942557999997746
              ],
              [
                -121.821300000228,
                47.94257199992439
              ],
              [
                -121.82146599990939,
                47.9493520001032
              ],
              [
                -121.82147799960494,
                47.94985599982666
              ],
              [
                -121.82133100019014,
                47.949858999774484
              ],
              [
                -121.82058100035269,
                47.949869000201
              ],
              [
                -121.8193279996517,
                47.949886999880796
              ],
              [
                -121.81838899966836,
                47.94989900026551
              ],
              [
                -121.81833799961471,
                47.949900000247325
              ],
              [
                -121.81833699978982,
                47.95000999993171
              ],
              [
                -121.81833000011713,
                47.95091100022242
              ],
              [
                -121.8182999999799,
                47.95363599991506
              ],
              [
                -121.81829199958398,
                47.95419300004639
              ],
              [
                -121.81826200034506,
                47.95701400009439
              ],
              [
                -121.81817000028354,
                47.964507000251594
              ],
              [
                -121.81885300017383,
                47.96450900025126
              ],
              [
                -121.81905400001531,
                47.96450999995036
              ],
              [
                -121.82504000026783,
                47.96434599972118
              ],
              [
                -121.82775699976042,
                47.9642720000488
              ],
              [
                -121.83978399961876,
                47.96394399996449
              ],
              [
                -121.83977899959588,
                47.965057000258305
              ],
              [
                -121.83976900044844,
                47.96553900003142
              ],
              [
                -121.83976000022761,
                47.96624200005598
              ],
              [
                -121.83974000013615,
                47.967673999882805
              ],
              [
                -121.84058899970779,
                47.96768000011522
              ],
              [
                -121.84083700030322,
                47.96768199999208
              ],
              [
                -121.84275399972962,
                47.96769899984425
              ],
              [
                -121.84510500042263,
                47.96771800016777
              ],
              [
                -121.84630799999663,
                47.96772699990703
              ],
              [
                -121.84658699965588,
                47.96772600027023
              ],
              [
                -121.84682100000761,
                47.96772800014531
              ],
              [
                -121.84710600041295,
                47.96773000002027
              ],
              [
                -121.84724299978201,
                47.96772899978206
              ],
              [
                -121.84736400015584,
                47.96773100025845
              ],
              [
                -121.84741600003436,
                47.967731999895186
              ],
              [
                -121.84755099975358,
                47.96783000028661
              ],
              [
                -121.84765299986083,
                47.967881999915505
              ],
              [
                -121.84773200040186,
                47.96791699971722
              ],
              [
                -121.84792200037263,
                47.96791699971722
              ],
              [
                -121.8480439996731,
                47.96793599996054
              ],
              [
                -121.84820500022987,
                47.96802799977353
              ],
              [
                -121.84834199959893,
                47.96813799996247
              ],
              [
                -121.84847100036865,
                47.96818900025491
              ],
              [
                -121.84859400039231,
                47.9682369998119
              ],
              [
                -121.8491579995586,
                47.968337000299485
              ],
              [
                -121.85001299987634,
                47.96851600022565
              ],
              [
                -121.8502270001366,
                47.96854999997689
              ],
              [
                -121.85026899996939,
                47.96855400026457
              ],
              [
                -121.85032599987079,
                47.96856599992282
              ],
              [
                -121.85045700029038,
                47.96857300027354
              ],
              [
                -121.85045599956713,
                47.968914000227215
              ],
              [
                -121.85115400042434,
                47.96902999980762
              ],
              [
                -121.85151199972631,
                47.96946300001522
              ],
              [
                -121.85185099966006,
                47.96969200005885
              ],
              [
                -121.85209800043057,
                47.96985900014374
              ],
              [
                -121.8530089999265,
                47.96999299990064
              ],
              [
                -121.85332799976874,
                47.969918999898354
              ],
              [
                -121.85336200010393,
                47.96993500002163
              ],
              [
                -121.85362200039492,
                47.97011000025682
              ],
              [
                -121.85393500038937,
                47.9701829997947
              ],
              [
                -121.85413299985777,
                47.9701869999559
              ],
              [
                -121.8543539997907,
                47.970148999915665
              ],
              [
                -121.85439700034674,
                47.97010900006467
              ],
              [
                -121.8544080002174,
                47.97009499977872
              ],
              [
                -121.85481499992316,
                47.96972900023588
              ],
              [
                -121.85495700021339,
                47.969732999830796
              ],
              [
                -121.85509500030564,
                47.96973500022956
              ],
              [
                -121.85577900002085,
                47.96974300001959
              ],
              [
                -121.85576200030242,
                47.97171599993414
              ],
              [
                -121.85594999972507,
                47.97170300024511
              ],
              [
                -121.85742199981088,
                47.971733999822
              ],
              [
                -121.8585499999401,
                47.971758000063666
              ],
              [
                -121.85882100010177,
                47.97172299985789
              ],
              [
                -121.8590849996924,
                47.97171199989138
              ],
              [
                -121.8603440002412,
                47.97166399995554
              ],
              [
                -121.86069900006844,
                47.971650000091145
              ],
              [
                -121.86114900033023,
                47.971632000174004
              ],
              [
                -121.8611529996299,
                47.97094699970029
              ],
              [
                -121.86114599995717,
                47.967888999757456
              ],
              [
                -121.8712360002976,
                47.968197999912086
              ],
              [
                -121.8718970004466,
                47.968218999908096
              ],
              [
                -121.8718970004466,
                47.968136999732174
              ],
              [
                -121.87189200042373,
                47.966324999897054
              ],
              [
                -121.8718890000507,
                47.965253000179565
              ],
              [
                -121.8718849998527,
                47.964507000251594
              ],
              [
                -121.87188800022578,
                47.96433000027244
              ],
              [
                -121.87189499989846,
                47.96266599986844
              ],
              [
                -121.87213300044814,
                47.96266199972626
              ],
              [
                -121.87226499979431,
                47.96266300006259
              ],
              [
                -121.87326400005212,
                47.962672000081156
              ],
              [
                -121.87374500027605,
                47.96267800029314
              ],
              [
                -121.87398899977522,
                47.96267900002766
              ],
              [
                -121.87501599962208,
                47.962685999973225
              ],
              [
                -121.87678999983169,
                47.96269799979178
              ]
            ]
          ],
          [
            [
              [
                -121.88272300038078,
                47.95692299976059
              ],
              [
                -121.88272099983264,
                47.95671699981434
              ],
              [
                -121.8827119996118,
                47.95453800004908
              ],
              [
                -121.88269599971828,
                47.95356800000837
              ],
              [
                -121.87997400020282,
                47.95357300016383
              ],
              [
                -121.87992599962395,
                47.95357300016383
              ],
              [
                -121.87807100012178,
                47.953569999829966
              ],
              [
                -121.87729399962186,
                47.95356700009757
              ],
              [
                -121.87729399962186,
                47.954014999719625
              ],
              [
                -121.87729500034507,
                47.95582799989546
              ],
              [
                -121.87729500034507,
                47.95673900011648
              ],
              [
                -121.87729399962186,
                47.957272999982095
              ],
              [
                -121.87741400017076,
                47.95727600010093
              ],
              [
                -121.87750500040734,
                47.95727500026189
              ],
              [
                -121.8804229997414,
                47.95726299978523
              ],
              [
                -121.88233000002039,
                47.95725599970643
              ],
              [
                -121.88266999977901,
                47.9572540000275
              ],
              [
                -121.8827049999391,
                47.9572540000275
              ],
              [
                -121.88272300038078,
                47.9572540000275
              ],
              [
                -121.88272300038078,
                47.95692299976059
              ]
            ]
          ],
          [
            [
              [
                -121.80413300021408,
                47.95245500005399
              ],
              [
                -121.80415400013047,
                47.95129300002311
              ],
              [
                -121.80404500035051,
                47.95054700005623
              ],
              [
                -121.80400799964228,
                47.950071999836624
              ],
              [
                -121.80400599999246,
                47.95003500001878
              ],
              [
                -121.80379199973221,
                47.950038999935295
              ],
              [
                -121.80336900013292,
                47.95004299985154
              ],
              [
                -121.80305399959033,
                47.95004599978851
              ],
              [
                -121.80296499990189,
                47.9500479997464
              ],
              [
                -121.8028539995738,
                47.95004999970421
              ],
              [
                -121.8028539995738,
                47.95008300020015
              ],
              [
                -121.80285199992399,
                47.95019899995308
              ],
              [
                -121.80282199978674,
                47.95062699994234
              ],
              [
                -121.80273700029623,
                47.9511960001018
              ],
              [
                -121.80270499961087,
                47.95133899972989
              ],
              [
                -121.80268299986957,
                47.95144200029814
              ],
              [
                -121.80264199986168,
                47.95162999994738
              ],
              [
                -121.8025780002876,
                47.95186100012562
              ],
              [
                -121.80252600040906,
                47.95200700014326
              ],
              [
                -121.80251100034043,
                47.95204900005548
              ],
              [
                -121.80244299967006,
                47.95216299973102
              ],
              [
                -121.80234099956282,
                47.95229900014441
              ],
              [
                -121.80220500001867,
                47.95248700028577
              ],
              [
                -121.80213499969848,
                47.95262000005908
              ],
              [
                -121.80206299972845,
                47.95292000019527
              ],
              [
                -121.80203400031445,
                47.953194000125514
              ],
              [
                -121.80205600005577,
                47.95373100025413
              ],
              [
                -121.8020519998578,
                47.95399200015996
              ],
              [
                -121.80199099975842,
                47.9543150001798
              ],
              [
                -121.80185100001636,
                47.954682999833516
              ],
              [
                -121.80154800006765,
                47.955191000025806
              ],
              [
                -121.80149100016625,
                47.95526799970666
              ],
              [
                -121.79887400023277,
                47.95526799970666
              ],
              [
                -121.79692699977082,
                47.95526799970666
              ],
              [
                -121.79667999989861,
                47.95526900018621
              ],
              [
                -121.79667999989861,
                47.95559299991609
              ],
              [
                -121.79668200044674,
                47.95725599970643
              ],
              [
                -121.79857700013186,
                47.957253000188025
              ],
              [
                -121.79982900010963,
                47.957247999787086
              ],
              [
                -121.80059300019079,
                47.957247999787086
              ],
              [
                -121.8009260002767,
                47.95724099970626
              ],
              [
                -121.8009680001095,
                47.95721299997499
              ],
              [
                -121.80118599966941,
                47.957038999801036
              ],
              [
                -121.80150500040993,
                47.95671900011567
              ],
              [
                -121.80172700016782,
                47.956439999748426
              ],
              [
                -121.80189200002425,
                47.956300999831164
              ],
              [
                -121.80202799956837,
                47.9562019999651
              ],
              [
                -121.80207600014724,
                47.95616700004606
              ],
              [
                -121.8022200000873,
                47.95606200014666
              ],
              [
                -121.80273899994607,
                47.95568400018593
              ],
              [
                -121.80287500038851,
                47.95558499973926
              ],
              [
                -121.80314400000204,
                47.95543400023011
              ],
              [
                -121.8033730003309,
                47.95508500006642
              ],
              [
                -121.80364500031743,
                47.95466900017911
              ],
              [
                -121.8038100001739,
                47.95420900022821
              ],
              [
                -121.80399900031978,
                47.952673999815005
              ],
              [
                -121.80413300021408,
                47.95245500005399
              ]
            ]
          ],
          [
            [
              [
                -121.79668200044674,
                47.95725599970643
              ],
              [
                -121.79400000021597,
                47.95727600010093
              ],
              [
                -121.79398500014733,
                47.961532999845694
              ],
              [
                -121.79397799957631,
                47.96367100021339
              ],
              [
                -121.79397500010157,
                47.964407999869024
              ],
              [
                -121.79455900025769,
                47.96440399986173
              ],
              [
                -121.79666700037814,
                47.96438900013239
              ],
              [
                -121.79667400005081,
                47.96082200012906
              ],
              [
                -121.79667499987575,
                47.960449000194416
              ],
              [
                -121.79667599970064,
                47.96019599988476
              ],
              [
                -121.79667700042387,
                47.959829000184115
              ],
              [
                -121.79667700042387,
                47.959758000031215
              ],
              [
                -121.79667700042387,
                47.959551999958805
              ],
              [
                -121.79667700042387,
                47.9595390002158
              ],
              [
                -121.79667800024879,
                47.95915000019117
              ],
              [
                -121.79667800024879,
                47.959071999873906
              ],
              [
                -121.79667800024879,
                47.95897800013718
              ],
              [
                -121.79668200044674,
                47.95740699990681
              ],
              [
                -121.79668200044674,
                47.9573900002768
              ],
              [
                -121.79668200044674,
                47.95725599970643
              ]
            ]
          ]
        ]
      },
      "properties": {
        "AREALAND": "87025420",
        "AREAWATER": "40569393",
        "BASENAME": "Everett",
        "CBSAPCI": "Y",
        "CENTLAT": "+47.9629929",
        "CENTLON": "-122.1890106",
        "FUNCSTAT": "A",
        "GEOID": "5322640",
        "INTPTLAT": "+47.9611985",
        "INTPTLON": "-122.1889328",
        "LSADC": "25",
        "MTFCC": "G4110",
        "NAME": "Everett city",
        "NECTAPCI": "N",
        "OBJECTID": 31420,
        "OID": "27890921610438",
        "PLACE": "22640",
        "PLACECC": "C1",
        "PLACENS": "02410469",
        "STATE": "53",
        "DISP_CLR": 1,
        "slug": "everett",
        "jurisdiction_key": "everett_city",
        "county_fips": [
          "53061"
        ]
      }
    }
  ]
}
