{
  "type": "FeatureCollection",
  "features": [
    {
      "type": "Feature",
      "geometry": {
        "type": "MultiPolygon",
        "coordinates": [
          [
            [
              [
                -119.26680200016006,
                46.19514499982613
              ],
              [
                -119.2668470003659,
                46.1950919997882
              ],
              [
                -119.26508300020205,
                46.19441000013638
              ],
              [
                -119.26487599961449,
                46.19431599985621
              ],
              [
                -119.26479199994891,
                46.19427399977168
              ],
              [
                -119.2646299995672,
                46.19418300020388
              ],
              [
                -119.26440500033462,
                46.1940330000134
              ],
              [
                -119.26427800011302,
                46.193934000185706
              ],
              [
                -119.26420199994503,
                46.19386800020153
              ],
              [
                -119.26414000002076,
                46.193810000018104
              ],
              [
                -119.2640799997463,
                46.193750999865195
              ],
              [
                -119.2640239996698,
                46.193690999739566
              ],
              [
                -119.26382100017852,
                46.193453000275
              ],
              [
                -119.2637480003836,
                46.19333200001349
              ],
              [
                -119.2633910000082,
                46.19278000013806
              ],
              [
                -119.26311900002166,
                46.19242499978743
              ],
              [
                -119.26283699998935,
                46.19213200015828
              ],
              [
                -119.26277599988997,
                46.19208100020116
              ],
              [
                -119.26233499984902,
                46.19171399972389
              ],
              [
                -119.26186899969368,
                46.191412999807646
              ],
              [
                -119.26129399975842,
                46.1909930002067
              ],
              [
                -119.26053800007318,
                46.19061500030919
              ],
              [
                -119.25977599964186,
                46.19023499973313
              ],
              [
                -119.25901800030681,
                46.18985600024033
              ],
              [
                -119.25762900006167,
                46.18916099977365
              ],
              [
                -119.25731699989213,
                46.18932100009155
              ],
              [
                -119.25712199989846,
                46.189345999807664
              ],
              [
                -119.25685300028493,
                46.18938000002518
              ],
              [
                -119.25635399961935,
                46.18942400009256
              ],
              [
                -119.25606999993722,
                46.18939999977749
              ],
              [
                -119.25557799984263,
                46.189330999979376
              ],
              [
                -119.25548800032925,
                46.18957899972423
              ],
              [
                -119.25536799978035,
                46.18955000017546
              ],
              [
                -119.2551960002512,
                46.18949799970244
              ],
              [
                -119.2551250001061,
                46.18946400017977
              ],
              [
                -119.25505999980878,
                46.189426000066504
              ],
              [
                -119.25500000043264,
                46.18938299998849
              ],
              [
                -119.25494699983088,
                46.189335999922584
              ],
              [
                -119.25490099980011,
                46.18928599984804
              ],
              [
                -119.25485999979223,
                46.189228999794665
              ],
              [
                -119.25482800000518,
                46.1891679997157
              ],
              [
                -119.25480600026387,
                46.18910600019814
              ],
              [
                -119.25479399966997,
                46.18904299999482
              ],
              [
                -119.25479100019525,
                46.18897899972423
              ],
              [
                -119.25479899969287,
                46.18891500000102
              ],
              [
                -119.25488900010455,
                46.1886519997342
              ],
              [
                -119.25486499981511,
                46.18860900029443
              ],
              [
                -119.25453500010221,
                46.18810500017365
              ],
              [
                -119.2534849997908,
                46.187707999972545
              ],
              [
                -119.25328899997223,
                46.187631999779356
              ],
              [
                -119.25310099965124,
                46.18755900016586
              ],
              [
                -119.25300799976483,
                46.1875230000226
              ],
              [
                -119.25197300042034,
                46.18711999979824
              ],
              [
                -119.25140900035572,
                46.186843999831936
              ],
              [
                -119.25092099956076,
                46.18660399987047
              ],
              [
                -119.25068200008451,
                46.18648700024009
              ],
              [
                -119.2498729997975,
                46.18585599971574
              ],
              [
                -119.2446980003801,
                46.1832329999991
              ],
              [
                -119.24384600043541,
                46.182775999839286
              ],
              [
                -119.24297100002616,
                46.18233000026814
              ],
              [
                -119.24044000030642,
                46.181066000136994
              ],
              [
                -119.23880400018906,
                46.18032499971328
              ],
              [
                -119.2387339998689,
                46.18028800027727
              ],
              [
                -119.23812999962128,
                46.180012000219115
              ],
              [
                -119.23559300005378,
                46.178751000210774
              ],
              [
                -119.23415000028028,
                46.178212000068676
              ],
              [
                -119.23287599966287,
                46.177735999790876
              ],
              [
                -119.23273099989791,
                46.177697000078126
              ],
              [
                -119.23250499994211,
                46.17763699984402
              ],
              [
                -119.23180100013539,
                46.177448000016014
              ],
              [
                -119.2320399996117,
                46.17705500020925
              ],
              [
                -119.23219500032071,
                46.176806999944645
              ],
              [
                -119.2322940000549,
                46.17664600030526
              ],
              [
                -119.23246800013219,
                46.17639099973806
              ],
              [
                -119.23592199994175,
                46.17131900025648
              ],
              [
                -119.23274799961636,
                46.171040999949284
              ],
              [
                -119.22259299987691,
                46.17012100015553
              ],
              [
                -119.22242700019555,
                46.17011799976314
              ],
              [
                -119.22123600031715,
                46.17005700025191
              ],
              [
                -119.22009099957117,
                46.17012599997962
              ],
              [
                -119.21977000007912,
                46.17010600005843
              ],
              [
                -119.21975099981255,
                46.17010100023253
              ],
              [
                -119.21964799988038,
                46.17008200001899
              ],
              [
                -119.21961600009335,
                46.17007700019091
              ],
              [
                -119.21947700017616,
                46.17006699991126
              ],
              [
                -119.21059000030802,
                46.170026000301014
              ],
              [
                -119.21033800041296,
                46.170031999851396
              ],
              [
                -119.21008499979466,
                46.170026000301014
              ],
              [
                -119.20983399972448,
                46.17000799977966
              ],
              [
                -119.20920000023798,
                46.16993800018462
              ],
              [
                -119.20902899963545,
                46.16992300003762
              ],
              [
                -119.2086880000519,
                46.16989299973134
              ],
              [
                -119.20817500004094,
                46.1698600002465
              ],
              [
                -119.20775599974125,
                46.16984300001404
              ],
              [
                -119.20766000038012,
                46.16983899988538
              ],
              [
                -119.20714399999608,
                46.169829999905915
              ],
              [
                -119.20602699973749,
                46.16982500005492
              ],
              [
                -119.20551799992448,
                46.169822000268496
              ],
              [
                -119.2054910001603,
                46.169822000268496
              ],
              [
                -119.20541499999231,
                46.16975300015947
              ],
              [
                -119.20502599982989,
                46.16937800021715
              ],
              [
                -119.20435499963516,
                46.16889299985956
              ],
              [
                -119.20404800038682,
                46.16857700013865
              ],
              [
                -119.20395399977718,
                46.16848099973792
              ],
              [
                -119.20350199986555,
                46.1681070002079
              ],
              [
                -119.20303300023548,
                46.167826999703635
              ],
              [
                -119.20255700003442,
                46.16763400008827
              ],
              [
                -119.20196100018275,
                46.16754099981907
              ],
              [
                -119.20096600012293,
                46.16760700030727
              ],
              [
                -119.20054699982327,
                46.16772000001666
              ],
              [
                -119.20009699956145,
                46.16784199980011
              ],
              [
                -119.19855099985581,
                46.168652999922344
              ],
              [
                -119.19817799958692,
                46.16892599992455
              ],
              [
                -119.19759000013117,
                46.16935700029406
              ],
              [
                -119.19666600021644,
                46.17007199974026
              ],
              [
                -119.19636900011552,
                46.170073999796166
              ],
              [
                -119.19578499995943,
                46.17008600012997
              ],
              [
                -119.1954870000336,
                46.17009200029591
              ],
              [
                -119.19396800009214,
                46.17010199994891
              ],
              [
                -119.19351000033271,
                46.17010600005843
              ],
              [
                -119.19097500041502,
                46.170134999910665
              ],
              [
                -119.19085700041425,
                46.170138000302074
              ],
              [
                -119.19086099971389,
                46.16981499972945
              ],
              [
                -119.19091500014055,
                46.16519399977484
              ],
              [
                -119.19095500032353,
                46.16273400000136
              ],
              [
                -119.18857199984348,
                46.16273499985164
              ],
              [
                -119.18367799973518,
                46.162738999874705
              ],
              [
                -119.18038200010933,
                46.1627420000474
              ],
              [
                -119.17689599961442,
                46.162664999711666
              ],
              [
                -119.16747099962095,
                46.16245900004508
              ],
              [
                -119.16515300033653,
                46.162408999792255
              ],
              [
                -119.16497599988621,
                46.16240300003258
              ],
              [
                -119.16398699967417,
                46.16238100007877
              ],
              [
                -119.163446999899,
                46.162362000309514
              ],
              [
                -119.16125500011296,
                46.16232099993369
              ],
              [
                -119.15851099995787,
                46.16228000014949
              ],
              [
                -119.14804099967587,
                46.16212500008223
              ],
              [
                -119.14579500036149,
                46.16209800008609
              ],
              [
                -119.14547599962094,
                46.16208599987614
              ],
              [
                -119.1448039996013,
                46.162075000148015
              ],
              [
                -119.14283000027346,
                46.16204199970615
              ],
              [
                -119.14145100007407,
                46.162022999819825
              ],
              [
                -119.13799899991434,
                46.161975000143265
              ],
              [
                -119.13796700012729,
                46.15835900013711
              ],
              [
                -119.13731500019911,
                46.15835499979556
              ],
              [
                -119.13280600005528,
                46.158277000233355
              ],
              [
                -119.12767799959525,
                46.15818299976843
              ],
              [
                -119.12767900031847,
                46.15453800011437
              ],
              [
                -119.1216000001795,
                46.15439900004705
              ],
              [
                -119.12211300019051,
                46.15479999990904
              ],
              [
                -119.12251300022359,
                46.15531200029159
              ],
              [
                -119.12300899961784,
                46.15582400026644
              ],
              [
                -119.12331099974162,
                46.15602200010728
              ],
              [
                -119.1235209998039,
                46.156159999839005
              ],
              [
                -119.12438500034246,
                46.15651199988722
              ],
              [
                -119.12476899958372,
                46.15665600002164
              ],
              [
                -119.12493699981322,
                46.15682400001334
              ],
              [
                -119.12498500039209,
                46.15706299995844
              ],
              [
                -119.12515699992123,
                46.15721099969821
              ],
              [
                -119.12536100013574,
                46.15729900026289
              ],
              [
                -119.125639999795,
                46.15739900005495
              ],
              [
                -119.12594799976657,
                46.157571000043816
              ],
              [
                -119.12693899962844,
                46.15814200001179
              ],
              [
                -119.12753000035556,
                46.15844099991866
              ],
              [
                -119.12778200025063,
                46.15850899997868
              ],
              [
                -119.12798100044225,
                46.158628999806446
              ],
              [
                -119.1280850001993,
                46.15871300027682
              ],
              [
                -119.12814100027582,
                46.158796999996774
              ],
              [
                -119.12819700035232,
                46.15892499979748
              ],
              [
                -119.1283010001094,
                46.15906899983959
              ],
              [
                -119.12841699956202,
                46.15917399972344
              ],
              [
                -119.1285129998215,
                46.159281999768304
              ],
              [
                -119.12863599984514,
                46.15939800013342
              ],
              [
                -119.12879999987668,
                46.15948200005206
              ],
              [
                -119.12901999998472,
                46.15953000003687
              ],
              [
                -119.12931100023785,
                46.159505999738606
              ],
              [
                -119.12942699969048,
                46.159449999831516
              ],
              [
                -119.1296030003159,
                46.159421999856605
              ],
              [
                -119.12975899995148,
                46.15943800028843
              ],
              [
                -119.12994899992229,
                46.159491999767184
              ],
              [
                -119.13009299986233,
                46.15957799997981
              ],
              [
                -119.13012100034975,
                46.15968599985392
              ],
              [
                -119.13010299990809,
                46.159756000050805
              ],
              [
                -119.13006699992309,
                46.15988799971763
              ],
              [
                -119.13006299972511,
                46.159996000227665
              ],
              [
                -119.13009000038761,
                46.16007700015995
              ],
              [
                -119.13012999967225,
                46.16012500024793
              ],
              [
                -119.13031399979529,
                46.160248999866575
              ],
              [
                -119.13058599978183,
                46.160421000279904
              ],
              [
                -119.1309769995941,
                46.1606959998454
              ],
              [
                -119.13109399976994,
                46.16073399990578
              ],
              [
                -119.13127799989299,
                46.16077799987741
              ],
              [
                -119.13119000002943,
                46.16105900005423
              ],
              [
                -119.13146100019108,
                46.16123599981199
              ],
              [
                -119.13087799985988,
                46.16174999977914
              ],
              [
                -119.13080599988984,
                46.16180900005767
              ],
              [
                -119.13074899998847,
                46.16180900005767
              ],
              [
                -119.12846400031601,
                46.161818000105164
              ],
              [
                -119.12782900010629,
                46.16181999983895
              ],
              [
                -119.12767699977033,
                46.16182099970583
              ],
              [
                -119.12763599976246,
                46.16181999983895
              ],
              [
                -119.11689600004199,
                46.16167100018247
              ],
              [
                -119.11689500021707,
                46.16171099992944
              ],
              [
                -119.11686099988188,
                46.163131000104194
              ],
              [
                -119.11683900014057,
                46.164071000099646
              ],
              [
                -119.11682999991974,
                46.16445600019397
              ],
              [
                -119.1167820002392,
                46.16445499975279
              ],
              [
                -119.11676299997261,
                46.16445499975279
              ],
              [
                -119.11660999981173,
                46.16445499975279
              ],
              [
                -119.11660899998681,
                46.16313900009251
              ],
              [
                -119.11660999981173,
                46.163035000153876
              ],
              [
                -119.11657800002467,
                46.163034000309054
              ],
              [
                -119.1160020002645,
                46.16302600030552
              ],
              [
                -119.11551199981973,
                46.16317699970992
              ],
              [
                -119.11515600016757,
                46.16328599982594
              ],
              [
                -119.11508599984738,
                46.16330999971972
              ],
              [
                -119.11478299989868,
                46.16343000027599
              ],
              [
                -119.11465999987504,
                46.16347899976416
              ],
              [
                -119.11406300019844,
                46.1637639997824
              ],
              [
                -119.11364800009676,
                46.16401899979153
              ],
              [
                -119.113453999928,
                46.16413800022085
              ],
              [
                -119.11330800033812,
                46.16421600018482
              ],
              [
                -119.11012599961681,
                46.16421600018482
              ],
              [
                -119.11010999972329,
                46.16606300002321
              ],
              [
                -119.11009200017995,
                46.16624400024835
              ],
              [
                -119.11020599998277,
                46.16624400024835
              ],
              [
                -119.11014900008136,
                46.16741800022497
              ],
              [
                -119.1087990001943,
                46.16741800022497
              ],
              [
                -119.10829700005394,
                46.16743799987927
              ],
              [
                -119.1081949999467,
                46.16745199969519
              ],
              [
                -119.10782599987576,
                46.167477999788176
              ],
              [
                -119.10776499977638,
                46.16749899980649
              ],
              [
                -119.10720499990974,
                46.167707999788746
              ],
              [
                -119.1067320000817,
                46.1678959997403
              ],
              [
                -119.10629100004077,
                46.168065000005406
              ],
              [
                -119.1062240000936,
                46.16809099980868
              ],
              [
                -119.10616399981913,
                46.168113999720106
              ],
              [
                -119.10553500035553,
                46.168354999890845
              ],
              [
                -119.10528599993518,
                46.168450000143004
              ],
              [
                -119.10501499977352,
                46.1685369997847
              ],
              [
                -119.10486900018364,
                46.168575999772465
              ],
              [
                -119.10457499955749,
                46.16864799996436
              ],
              [
                -119.10383599959067,
                46.168650000072006
              ],
              [
                -119.1035989997642,
                46.168648999707145
              ],
              [
                -119.10332500012784,
                46.168645999856594
              ],
              [
                -119.10313500015704,
                46.168647000221554
              ],
              [
                -119.10313500015704,
                46.168664000201595
              ],
              [
                -119.10314199982973,
                46.169043999957275
              ],
              [
                -119.10314299965462,
                46.16952599980302
              ],
              [
                -119.10314199982973,
                46.169575999808494
              ],
              [
                -119.10294000016337,
                46.169575999808494
              ],
              [
                -119.1029350001405,
                46.16984599979926
              ],
              [
                -119.10292300044492,
                46.17065700023491
              ],
              [
                -119.10292000007186,
                46.1709280002194
              ],
              [
                -119.10291300039918,
                46.17156000007049
              ],
              [
                -119.10293299959237,
                46.171670999748336
              ],
              [
                -119.10297500032345,
                46.17177900014458
              ],
              [
                -119.10303700024774,
                46.171882000042686
              ],
              [
                -119.10308400010341,
                46.171937000054236
              ],
              [
                -119.10311900026352,
                46.17197800010625
              ],
              [
                -119.10321899982263,
                46.17206600006911
              ],
              [
                -119.10333500017359,
                46.172143000309894
              ],
              [
                -119.10451400035643,
                46.172763000137905
              ],
              [
                -119.10457899975543,
                46.17280200023959
              ],
              [
                -119.10476200005355,
                46.17292599990059
              ],
              [
                -119.10492600008507,
                46.17306099992599
              ],
              [
                -119.10502499981926,
                46.17315800008068
              ],
              [
                -119.10559200025693,
                46.17379600019502
              ],
              [
                -119.10629299969058,
                46.17458300029563
              ],
              [
                -119.10657300007306,
                46.174901999854775
              ],
              [
                -119.10725900033643,
                46.17568399973839
              ],
              [
                -119.10730600019208,
                46.17576099988994
              ],
              [
                -119.10733200013135,
                46.17584299986014
              ],
              [
                -119.10733600032933,
                46.1759000001087
              ],
              [
                -119.10733799997914,
                46.17592700017312
              ],
              [
                -119.10735100039793,
                46.1763249998377
              ],
              [
                -119.10734499965183,
                46.17639099973806
              ],
              [
                -119.10734200017708,
                46.17644099972293
              ],
              [
                -119.10734100035216,
                46.176589999806374
              ],
              [
                -119.10734100035216,
                46.17660199996252
              ],
              [
                -119.10734100035216,
                46.17665700022993
              ],
              [
                -119.10733899980403,
                46.176964999715814
              ],
              [
                -119.10733600032933,
                46.17789200023129
              ],
              [
                -119.10733499960608,
                46.178200999833045
              ],
              [
                -119.10733299995624,
                46.178467000277436
              ],
              [
                -119.10733200013135,
                46.178567999720954
              ],
              [
                -119.10732999958321,
                46.17926500010986
              ],
              [
                -119.1073289997583,
                46.179531999927995
              ],
              [
                -119.10732299991051,
                46.179995000014756
              ],
              [
                -119.11000900033928,
                46.18001600022987
              ],
              [
                -119.11129599957884,
                46.18002599994443
              ],
              [
                -119.11236699980667,
                46.18003699981495
              ],
              [
                -119.11241899968519,
                46.18003699981495
              ],
              [
                -119.1126360003185,
                46.18003699981495
              ],
              [
                -119.11279399960391,
                46.18014399979781
              ],
              [
                -119.1130730001615,
                46.18027199968975
              ],
              [
                -119.1137019996251,
                46.180663999993115
              ],
              [
                -119.11451900030804,
                46.181275000189245
              ],
              [
                -119.11566300033077,
                46.18202100023555
              ],
              [
                -119.11594399963987,
                46.182593000306575
              ],
              [
                -119.11598999967062,
                46.18330199998846
              ],
              [
                -119.11584599973057,
                46.18370199994231
              ],
              [
                -119.11579499967694,
                46.18411700010683
              ],
              [
                -119.11583900005789,
                46.18439699977427
              ],
              [
                -119.11593500031736,
                46.184616999800824
              ],
              [
                -119.11611900044036,
                46.18484899979101
              ],
              [
                -119.11627699972578,
                46.18496200014742
              ],
              [
                -119.11672399961456,
                46.18515800009914
              ],
              [
                -119.11642099966585,
                46.18515599996991
              ],
              [
                -119.11627800044903,
                46.185154999905244
              ],
              [
                -119.11454699989714,
                46.185154999905244
              ],
              [
                -119.11429800037509,
                46.185154999905244
              ],
              [
                -119.11430500004778,
                46.185505999713186
              ],
              [
                -119.11529799955949,
                46.185511000004325
              ],
              [
                -119.11528400021412,
                46.18732599977129
              ],
              [
                -119.11622300019744,
                46.18733199992195
              ],
              [
                -119.11621700034965,
                46.18815400006863
              ],
              [
                -119.1153629998568,
                46.18814900001785
              ],
              [
                -119.1148339999523,
                46.18814699999744
              ],
              [
                -119.11482999975433,
                46.189142999918616
              ],
              [
                -119.11481800005879,
                46.18996800027715
              ],
              [
                -119.11486499991442,
                46.18996900025426
              ],
              [
                -119.11567900022432,
                46.18997300016242
              ],
              [
                -119.11567500002636,
                46.190098000255816
              ],
              [
                -119.11567400020142,
                46.19061800020509
              ],
              [
                -119.11712199999779,
                46.190622000066014
              ],
              [
                -119.11712100017287,
                46.19077700005055
              ],
              [
                -119.11712000034795,
                46.19096200024222
              ],
              [
                -119.11697999970761,
                46.19096100028318
              ],
              [
                -119.11655999958302,
                46.190959999702294
              ],
              [
                -119.11642099966585,
                46.190959999702294
              ],
              [
                -119.11591699987568,
                46.19095799978412
              ],
              [
                -119.11591500022587,
                46.1912900001236
              ],
              [
                -119.11591400040095,
                46.19133200000117
              ],
              [
                -119.11697999970761,
                46.19133499985793
              ],
              [
                -119.11711699997493,
                46.19133200000117
              ],
              [
                -119.1171139996019,
                46.19163700014806
              ],
              [
                -119.11711299977698,
                46.19175699984383
              ],
              [
                -119.11710600010427,
                46.192437000218575
              ],
              [
                -119.11486999993731,
                46.19241299997548
              ],
              [
                -119.11486699956427,
                46.19250799971045
              ],
              [
                -119.11486300026463,
                46.19294199971652
              ],
              [
                -119.11483300012739,
                46.19294199971652
              ],
              [
                -119.11483200030247,
                46.19302500010241
              ],
              [
                -119.11483099957927,
                46.19316199974597
              ],
              [
                -119.11482899992941,
                46.19332300014789
              ],
              [
                -119.11482899992941,
                46.19339399973882
              ],
              [
                -119.11490799957214,
                46.19339399973882
              ],
              [
                -119.11490699974725,
                46.19346499985988
              ],
              [
                -119.1149040002725,
                46.19374000025126
              ],
              [
                -119.11465900005012,
                46.19373899972092
              ],
              [
                -119.11442100039874,
                46.19373899972092
              ],
              [
                -119.11418299984906,
                46.193737999812406
              ],
              [
                -119.11346999982153,
                46.19373699990392
              ],
              [
                -119.11319299981209,
                46.193735999995376
              ],
              [
                -119.11259000028772,
                46.1937350000868
              ],
              [
                -119.1125099999218,
                46.1937350000868
              ],
              [
                -119.11250400007398,
                46.194032000110234
              ],
              [
                -119.1125020004242,
                46.19416699992947
              ],
              [
                -119.11249999987606,
                46.19425300002826
              ],
              [
                -119.11249800022622,
                46.194513999822384
              ],
              [
                -119.11249800022622,
                46.19460099989282
              ],
              [
                -119.1124970004013,
                46.19465199999875
              ],
              [
                -119.11249599967809,
                46.19480599992157
              ],
              [
                -119.11249599967809,
                46.19485799972541
              ],
              [
                -119.11249400002828,
                46.19498000024384
              ],
              [
                -119.11249099965522,
                46.19534899981184
              ],
              [
                -119.1124899998303,
                46.19547199973905
              ],
              [
                -119.11236000013398,
                46.19546999998511
              ],
              [
                -119.11197000014663,
                46.195466999732204
              ],
              [
                -119.11174099981777,
                46.19546800023109
              ],
              [
                -119.11173400014509,
                46.19639100023409
              ],
              [
                -119.11148800009778,
                46.19639100023409
              ],
              [
                -119.11140899955674,
                46.19639100023409
              ],
              [
                -119.11117599992824,
                46.19639100023409
              ],
              [
                -119.11109800011045,
                46.19639100023409
              ],
              [
                -119.11093099970584,
                46.19638999975201
              ],
              [
                -119.11043000028876,
                46.19638899989173
              ],
              [
                -119.11026299988417,
                46.19638899989173
              ],
              [
                -119.109651000139,
                46.196388000031476
              ],
              [
                -119.10781500000509,
                46.1963849998287
              ],
              [
                -119.10720400008483,
                46.1963849998287
              ],
              [
                -119.10719999988686,
                46.1967440001304
              ],
              [
                -119.10719200038926,
                46.19782100002082
              ],
              [
                -119.10718999984113,
                46.198181000095374
              ],
              [
                -119.10701699958877,
                46.19818000026773
              ],
              [
                -119.10649799973,
                46.19817899981822
              ],
              [
                -119.10641300023948,
                46.19817899981822
              ],
              [
                -119.10584599980184,
                46.19754600015387
              ],
              [
                -119.10417700007254,
                46.19605600001973
              ],
              [
                -119.103760000321,
                46.19576799983073
              ],
              [
                -119.10346400004501,
                46.195564000156786
              ],
              [
                -119.10324200028715,
                46.19545199970897
              ],
              [
                -119.10257600011529,
                46.19511500022156
              ],
              [
                -119.10191900016427,
                46.194781000201694
              ],
              [
                -119.10163799995688,
                46.19463900015909
              ],
              [
                -119.10138400041197,
                46.194510000244655
              ],
              [
                -119.10068800010289,
                46.19415800020056
              ],
              [
                -119.10034499997121,
                46.19398399976294
              ],
              [
                -119.10013200043417,
                46.19387600007193
              ],
              [
                -119.09970800011166,
                46.193660999963114
              ],
              [
                -119.0995630003467,
                46.19358800027285
              ],
              [
                -119.09940299961482,
                46.19349800010384
              ],
              [
                -119.09904000028997,
                46.19334099987767
              ],
              [
                -119.09898199966534,
                46.19331600011316
              ],
              [
                -119.0977120001442,
                46.192767999781765
              ],
              [
                -119.09673499962773,
                46.19234700003022
              ],
              [
                -119.0961699997382,
                46.19204799972816
              ],
              [
                -119.09522800028012,
                46.19155100030857
              ],
              [
                -119.09498999973042,
                46.190886000195114
              ],
              [
                -119.09494200004987,
                46.19075199974159
              ],
              [
                -119.09472799978961,
                46.19015100013494
              ],
              [
                -119.09448500011536,
                46.18945700027546
              ],
              [
                -119.09435200004599,
                46.1890769997779
              ],
              [
                -119.09150400013382,
                46.189029000078044
              ],
              [
                -119.09142899979074,
                46.192187999751845
              ],
              [
                -119.09137299971427,
                46.194513999822384
              ],
              [
                -119.089919999895,
                46.19450699993935
              ],
              [
                -119.08721300044817,
                46.194513999822384
              ],
              [
                -119.08727299982434,
                46.194555999723484
              ],
              [
                -119.08741799958926,
                46.19465799997149
              ],
              [
                -119.08830200021936,
                46.195275999876536
              ],
              [
                -119.08866600026741,
                46.19553000003387
              ],
              [
                -119.08957000009066,
                46.196134000109076
              ],
              [
                -119.09104100035155,
                46.196999000191376
              ],
              [
                -119.09132400020879,
                46.19716600024354
              ],
              [
                -119.09138500030816,
                46.19720300013432
              ],
              [
                -119.09137600008732,
                46.19733299978823
              ],
              [
                -119.09135199979787,
                46.1977279998151
              ],
              [
                -119.09134299957702,
                46.19804900030045
              ],
              [
                -119.09134099992721,
                46.198120999832206
              ],
              [
                -119.09134099992721,
                46.19816600019117
              ],
              [
                -119.09134099992721,
                46.198235999916335
              ],
              [
                -119.09114299956049,
                46.19823699974302
              ],
              [
                -119.09084499963467,
                46.198235000089696
              ],
              [
                -119.09132000001081,
                46.198594000118845
              ],
              [
                -119.0910029998184,
                46.19854600002565
              ],
              [
                -119.09080299980185,
                46.198515999790644
              ],
              [
                -119.08962399961901,
                46.198339999823055
              ],
              [
                -119.08956300041797,
                46.1987310001802
              ],
              [
                -119.08954699962611,
                46.19872800010534
              ],
              [
                -119.0895309997326,
                46.198725000030336
              ],
              [
                -119.08952999990768,
                46.19901799995024
              ],
              [
                -119.08952800025787,
                46.20034400011851
              ],
              [
                -119.08952900008276,
                46.20043100028536
              ],
              [
                -119.08976900028227,
                46.20049200029876
              ],
              [
                -119.09017099996518,
                46.20059499988223
              ],
              [
                -119.09067300010553,
                46.20077100008786
              ],
              [
                -119.09141899974503,
                46.20112599999543
              ],
              [
                -119.0927979999444,
                46.20180499970281
              ],
              [
                -119.09277000035532,
                46.20180499970281
              ],
              [
                -119.09176900044771,
                46.201801000034045
              ],
              [
                -119.09143499963854,
                46.201800000272215
              ],
              [
                -119.09143100033887,
                46.202524000252744
              ],
              [
                -119.09142299994298,
                46.20469600014689
              ],
              [
                -119.09142299994298,
                46.204792999822416
              ],
              [
                -119.09141999956992,
                46.20502800017856
              ],
              [
                -119.09141799992011,
                46.205234000174464
              ],
              [
                -119.09141600027029,
                46.20542100020503
              ],
              [
                -119.0918110002805,
                46.20542100020503
              ],
              [
                -119.09298200006741,
                46.20542399991442
              ],
              [
                -119.09337299987968,
                46.20542500023197
              ],
              [
                -119.09386800034731,
                46.20542700024533
              ],
              [
                -119.09529400040236,
                46.20543599999371
              ],
              [
                -119.09523099975486,
                46.20363900026583
              ],
              [
                -119.09606099995827,
                46.2036440001508
              ],
              [
                -119.09663900026656,
                46.203649000035334
              ],
              [
                -119.09666000018296,
                46.2037269999156
              ],
              [
                -119.09665900035804,
                46.203961000135564
              ],
              [
                -119.09665799963483,
                46.205072000152
              ],
              [
                -119.09665799963483,
                46.205442999727914
              ],
              [
                -119.09665500016007,
                46.20588100015125
              ],
              [
                -119.09664900031231,
                46.207006000197
              ],
              [
                -119.09664699976418,
                46.20719799997383
              ],
              [
                -119.09664599993926,
                46.207266999719984
              ],
              [
                -119.09396399970845,
                46.207242000074274
              ],
              [
                -119.09278000040105,
                46.207231999715404
              ],
              [
                -119.09140700004944,
                46.207223999924395
              ],
              [
                -119.09141799992011,
                46.206063999864334
              ],
              [
                -119.09141700009519,
                46.20587999984196
              ],
              [
                -119.08922000028629,
                46.20587399985115
              ],
              [
                -119.08920199984463,
                46.20587399985115
              ],
              [
                -119.08920100001971,
                46.206097000002515
              ],
              [
                -119.0892000001948,
                46.20627499997267
              ],
              [
                -119.0892000001948,
                46.20653100023873
              ],
              [
                -119.08920199984463,
                46.207153999838155
              ],
              [
                -119.08885799988802,
                46.20715100022327
              ],
              [
                -119.0887220003439,
                46.207149999937116
              ],
              [
                -119.0887220003439,
                46.207184999993935
              ],
              [
                -119.0887220003439,
                46.20729099969247
              ],
              [
                -119.0887220003439,
                46.207326999942396
              ],
              [
                -119.08872099962068,
                46.20735499977507
              ],
              [
                -119.08872099962068,
                46.20744099974917
              ],
              [
                -119.08872099962068,
                46.207469999804076
              ],
              [
                -119.08871999979576,
                46.207618999716054
              ],
              [
                -119.08871800014596,
                46.20776299971422
              ],
              [
                -119.08890700029184,
                46.207762000060896
              ],
              [
                -119.09140700004944,
                46.207787999744504
              ],
              [
                -119.0914100004225,
                46.20894400030628
              ],
              [
                -119.09180500043271,
                46.20907900016747
              ],
              [
                -119.09210500000835,
                46.209181000187925
              ],
              [
                -119.09243300007142,
                46.209291999757234
              ],
              [
                -119.09355600017777,
                46.209674999825225
              ],
              [
                -119.09407599986146,
                46.209853000012565
              ],
              [
                -119.09475200007907,
                46.210084999782
              ],
              [
                -119.09477299999543,
                46.210090999934515
              ],
              [
                -119.09488699979826,
                46.210121000065655
              ],
              [
                -119.09501999986766,
                46.210156000094386
              ],
              [
                -119.09502300024072,
                46.210175999745516
              ],
              [
                -119.09547799962706,
                46.210332000131494
              ],
              [
                -119.0953169999686,
                46.21056900024059
              ],
              [
                -119.09618200033206,
                46.21085699993307
              ],
              [
                -119.09635399986121,
                46.21062200026931
              ],
              [
                -119.09653899980914,
                46.210686999800764
              ],
              [
                -119.09656399992349,
                46.210694000109115
              ],
              [
                -119.09662300037304,
                46.21071600000684
              ],
              [
                -119.09661300032728,
                46.21129699987994
              ],
              [
                -119.09656700029653,
                46.213912999954196
              ],
              [
                -119.09655999972554,
                46.214357000280586
              ],
              [
                -119.09665299961193,
                46.21442400005033
              ],
              [
                -119.09673899982566,
                46.214473000099225
              ],
              [
                -119.09729799986741,
                46.214792000046494
              ],
              [
                -119.09758099972464,
                46.21496400019224
              ],
              [
                -119.09796800023724,
                46.21520600028013
              ],
              [
                -119.09827700003375,
                46.215397999986806
              ],
              [
                -119.09854300017253,
                46.21558199982682
              ],
              [
                -119.09910300003916,
                46.21597199980069
              ],
              [
                -119.1000989999239,
                46.216494000040356
              ],
              [
                -119.10119600009098,
                46.21712200028535
              ],
              [
                -119.10242200012952,
                46.217592000166235
              ],
              [
                -119.10263700021466,
                46.217691000255044
              ],
              [
                -119.10371699976498,
                46.21818900014192
              ],
              [
                -119.10450199976253,
                46.218487999911005
              ],
              [
                -119.10513899962208,
                46.218743999816496
              ],
              [
                -119.10578800007549,
                46.21897100021048
              ],
              [
                -119.10650000027813,
                46.2192199998864
              ],
              [
                -119.10711100019842,
                46.2193999997203
              ],
              [
                -119.1077659996013,
                46.21959499985856
              ],
              [
                -119.10929499958851,
                46.22019099976193
              ],
              [
                -119.11044199998433,
                46.220599000066
              ],
              [
                -119.11213400017814,
                46.22117799973989
              ],
              [
                -119.11323700019304,
                46.22156400027384
              ],
              [
                -119.11496299982372,
                46.222055999751234
              ],
              [
                -119.11621499980153,
                46.22238799988843
              ],
              [
                -119.11767699984158,
                46.22274699994531
              ],
              [
                -119.11792899973668,
                46.22281400004401
              ],
              [
                -119.11982000012213,
                46.22330100016847
              ],
              [
                -119.12152499983644,
                46.22362199976685
              ],
              [
                -119.1229519997164,
                46.223972999996576
              ],
              [
                -119.12425599957274,
                46.22421200023033
              ],
              [
                -119.12574899957492,
                46.22447499996638
              ],
              [
                -119.1260359996301,
                46.22454599969805
              ],
              [
                -119.12624099966952,
                46.224553000104294
              ],
              [
                -119.12676299990135,
                46.224612000119045
              ],
              [
                -119.1277749996796,
                46.22475099986102
              ],
              [
                -119.12908799975675,
                46.22495899976541
              ],
              [
                -119.13085100009572,
                46.22525300017435
              ],
              [
                -119.13279000016176,
                46.22553600016723
              ],
              [
                -119.1334630000063,
                46.22559900016918
              ],
              [
                -119.13469200041787,
                46.22571399990731
              ],
              [
                -119.13490699960472,
                46.22573600000269
              ],
              [
                -119.13506999981132,
                46.22575500024748
              ],
              [
                -119.13523899986572,
                46.22577699970494
              ],
              [
                -119.13532400025454,
                46.22578399995422
              ],
              [
                -119.13543200020958,
                46.225794999988956
              ],
              [
                -119.13589900018982,
                46.22584900018418
              ],
              [
                -119.1360039997718,
                46.2258610001513
              ],
              [
                -119.13654899956983,
                46.22592399978022
              ],
              [
                -119.13785900017226,
                46.22607299996637
              ],
              [
                -119.13874499955382,
                46.22617400017951
              ],
              [
                -119.13936600041816,
                46.22624500019971
              ],
              [
                -119.1415659997018,
                46.22645399997113
              ],
              [
                -119.14298199971111,
                46.226560999700745
              ],
              [
                -119.1438189995872,
                46.22662399976926
              ],
              [
                -119.14547700034416,
                46.22674099970466
              ],
              [
                -119.14830599998973,
                46.22687100030713
              ],
              [
                -119.14859200022002,
                46.22688399997754
              ],
              [
                -119.14901700036744,
                46.22688399997754
              ],
              [
                -119.15162699972991,
                46.226883000050826
              ],
              [
                -119.1518590004318,
                46.226883000050826
              ],
              [
                -119.15311100040958,
                46.22688200012404
              ],
              [
                -119.15496599991174,
                46.226738999845956
              ],
              [
                -119.15644300002043,
                46.22667300011781
              ],
              [
                -119.15793000017486,
                46.226706000302514
              ],
              [
                -119.15904999990815,
                46.22668799969575
              ],
              [
                -119.15937499959817,
                46.22668300004405
              ],
              [
                -119.15980099957049,
                46.226706000302514
              ],
              [
                -119.16136999974071,
                46.22679099987719
              ],
              [
                -119.16242300042515,
                46.226876999868544
              ],
              [
                -119.16291399979653,
                46.22691799996154
              ],
              [
                -119.16448299996672,
                46.22702799980204
              ],
              [
                -119.16501299969613,
                46.22706500008867
              ],
              [
                -119.16547999967638,
                46.22712800020017
              ],
              [
                -119.16667300010293,
                46.22729099971918
              ],
              [
                -119.16800399972342,
                46.22741099984873
              ],
              [
                -119.16966400013021,
                46.227747000183115
              ],
              [
                -119.17189100007634,
                46.22822399978314
              ],
              [
                -119.17329700003992,
                46.22856399969717
              ],
              [
                -119.17486799985993,
                46.229053000166914
              ],
              [
                -119.17633300027303,
                46.22956600019007
              ],
              [
                -119.17637500010584,
                46.22957999972134
              ],
              [
                -119.1764930001066,
                46.229611000268655
              ],
              [
                -119.17813400024683,
                46.23003800017239
              ],
              [
                -119.1798289999154,
                46.23056100015194
              ],
              [
                -119.18048800041456,
                46.23077399969214
              ],
              [
                -119.18066999998943,
                46.23083299985623
              ],
              [
                -119.18121700033561,
                46.23101200029241
              ],
              [
                -119.18238800012256,
                46.23139800003772
              ],
              [
                -119.18364199975015,
                46.23184600000558
              ],
              [
                -119.18477999992513,
                46.23218400019366
              ],
              [
                -119.18584500030515,
                46.23248799992319
              ],
              [
                -119.18713200044303,
                46.232804999965396
              ],
              [
                -119.18812900015268,
                46.23293799994749
              ],
              [
                -119.18894500011238,
                46.23304599990136
              ],
              [
                -119.18979899970691,
                46.23315899994783
              ],
              [
                -119.19081100038349,
                46.23331500028953
              ],
              [
                -119.19144999989285,
                46.233410999944795
              ],
              [
                -119.19159700020595,
                46.23342699997458
              ],
              [
                -119.19301599968999,
                46.233594999694965
              ],
              [
                -119.19384199969542,
                46.23368200001384
              ],
              [
                -119.19515700032072,
                46.23378399969779
              ],
              [
                -119.19673200033868,
                46.23398199971271
              ],
              [
                -119.19883500043626,
                46.23427100005904
              ],
              [
                -119.19937600003635,
                46.23439399983288
              ],
              [
                -119.20014599996527,
                46.234566000089984
              ],
              [
                -119.20127900011735,
                46.23481900024351
              ],
              [
                -119.20178299990752,
                46.23492800000418
              ],
              [
                -119.20228000002498,
                46.235052999725426
              ],
              [
                -119.20336299994838,
                46.235341000251346
              ],
              [
                -119.20413700007528,
                46.23560999995339
              ],
              [
                -119.2042940004341,
                46.2356689998896
              ],
              [
                -119.20451500036704,
                46.23575099995888
              ],
              [
                -119.20454399978104,
                46.23576199986031
              ],
              [
                -119.20502099980702,
                46.235939999992794
              ],
              [
                -119.20606000024779,
                46.23643699987527
              ],
              [
                -119.20703000019327,
                46.23681700027189
              ],
              [
                -119.20777599983275,
                46.237251000063246
              ],
              [
                -119.20809100037535,
                46.23739999994744
              ],
              [
                -119.20828399982086,
                46.23749199973644
              ],
              [
                -119.20835099976803,
                46.23752399989705
              ],
              [
                -119.20850899995177,
                46.23762799997946
              ],
              [
                -119.20885499955817,
                46.23785700003357
              ],
              [
                -119.21044800001782,
                46.23893399970813
              ],
              [
                -119.21147400003979,
                46.239857999735435
              ],
              [
                -119.21169699962253,
                46.24019400029312
              ],
              [
                -119.21199600027158,
                46.24049900006432
              ],
              [
                -119.21203999975423,
                46.24053500029006
              ],
              [
                -119.21166099963753,
                46.23646100014822
              ],
              [
                -119.2116249996525,
                46.23606100023493
              ],
              [
                -119.21148400008552,
                46.23455599973575
              ],
              [
                -119.21155699988044,
                46.23454899998382
              ],
              [
                -119.21150699965173,
                46.23249499993803
              ],
              [
                -119.21156600010129,
                46.23222400022158
              ],
              [
                -119.2116299996754,
                46.23194099991023
              ],
              [
                -119.21164700029213,
                46.231943000200815
              ],
              [
                -119.21181899982126,
                46.2319609997057
              ],
              [
                -119.21202499968558,
                46.23198199994914
              ],
              [
                -119.21281200023128,
                46.23205399974628
              ],
              [
                -119.21320499969336,
                46.232071000003906
              ],
              [
                -119.21354600017523,
                46.23209200020526
              ],
              [
                -119.21371500022961,
                46.23209699998571
              ],
              [
                -119.21719099978048,
                46.23221300023235
              ],
              [
                -119.21849399981187,
                46.23223799969625
              ],
              [
                -119.21933499988593,
                46.23225499989694
              ],
              [
                -119.21957400026054,
                46.232249000301884
              ],
              [
                -119.21984500042218,
                46.23222199994123
              ],
              [
                -119.22010900001284,
                46.23217600030886
              ],
              [
                -119.22036500010589,
                46.232110000282646
              ],
              [
                -119.22041100013662,
                46.23210000010231
              ],
              [
                -119.22117299966965,
                46.23211299977717
              ],
              [
                -119.22237899961668,
                46.23131600029961
              ],
              [
                -119.2229850004124,
                46.23091200013459
              ],
              [
                -119.22326900009453,
                46.23091600016927
              ],
              [
                -119.22338700009529,
                46.23091799987576
              ],
              [
                -119.22339799996594,
                46.23075199975167
              ],
              [
                -119.22343800014892,
                46.230354000209346
              ],
              [
                -119.22345400004245,
                46.23012700027243
              ],
              [
                -119.22350500009608,
                46.22944599980025
              ],
              [
                -119.22351500014182,
                46.2293209997366
              ],
              [
                -119.22351900033976,
                46.229219999720826
              ],
              [
                -119.22370299956447,
                46.229219999720826
              ],
              [
                -119.22427300037519,
                46.229219999720826
              ],
              [
                -119.22601700044756,
                46.229223999878826
              ],
              [
                -119.22653700013124,
                46.22922600026839
              ],
              [
                -119.22678499982835,
                46.22922700015247
              ],
              [
                -119.22729199999156,
                46.22920799986656
              ],
              [
                -119.22949700019639,
                46.22940299996955
              ],
              [
                -119.22963799976337,
                46.22942599970976
              ],
              [
                -119.23011599961427,
                46.229505000149004
              ],
              [
                -119.23100100006923,
                46.2297260003018
              ],
              [
                -119.23120000026088,
                46.229796000204004
              ],
              [
                -119.23194800044851,
                46.23005999977766
              ],
              [
                -119.23343600042783,
                46.230740000232345
              ],
              [
                -119.23617499966171,
                46.232041999890185
              ],
              [
                -119.23830399969856,
                46.23305500009504
              ],
              [
                -119.23939199964482,
                46.233559999692055
              ],
              [
                -119.24053099964469,
                46.23409000009765
              ],
              [
                -119.2426560003819,
                46.235077999759795
              ],
              [
                -119.24367999985574,
                46.23555399988158
              ],
              [
                -119.24374500015306,
                46.235583999771805
              ],
              [
                -119.24374500015306,
                46.23533300020535
              ],
              [
                -119.243749000351,
                46.234581999783046
              ],
              [
                -119.24375000017592,
                46.23433199977422
              ],
              [
                -119.24375000017592,
                46.234297000241334
              ],
              [
                -119.24375000017592,
                46.23419500026813
              ],
              [
                -119.24375100000084,
                46.23416099982067
              ],
              [
                -119.24375299965067,
                46.234057999798644
              ],
              [
                -119.24376199987151,
                46.23375300026467
              ],
              [
                -119.24376500024457,
                46.23365099990173
              ],
              [
                -119.24391400020747,
                46.23365099990173
              ],
              [
                -119.2443610000962,
                46.2336519997052
              ],
              [
                -119.24451099988403,
                46.23365300013
              ],
              [
                -119.24470400022788,
                46.23365300013
              ],
              [
                -119.24528599983586,
                46.23365300013
              ],
              [
                -119.2454800000046,
                46.23365399993338
              ],
              [
                -119.24568000002112,
                46.23365399993338
              ],
              [
                -119.24628099989566,
                46.23365399993338
              ],
              [
                -119.24648199973713,
                46.23365399993338
              ],
              [
                -119.24667300043114,
                46.23365399993338
              ],
              [
                -119.24724699964321,
                46.23365399993338
              ],
              [
                -119.24743900016212,
                46.23365399993338
              ],
              [
                -119.24763599980562,
                46.23365399993338
              ],
              [
                -119.24823000000747,
                46.23365399993338
              ],
              [
                -119.24842800037419,
                46.23365399993338
              ],
              [
                -119.2489659996012,
                46.233644000034374
              ],
              [
                -119.24896099957833,
                46.23317999973283
              ],
              [
                -119.24895899992852,
                46.232999999716824
              ],
              [
                -119.2490019995862,
                46.231611000058145
              ],
              [
                -119.24903000007363,
                46.230689999928416
              ],
              [
                -119.24904500014223,
                46.23022899972787
              ],
              [
                -119.24905900038594,
                46.22976800000525
              ],
              [
                -119.24908500032521,
                46.229172000288074
              ],
              [
                -119.24908600015013,
                46.22901199980431
              ],
              [
                -119.24911999958701,
                46.22792299977419
              ],
              [
                -119.24913800002867,
                46.227348999980265
              ],
              [
                -119.24914200022664,
                46.22721400028503
              ],
              [
                -119.24908799979995,
                46.22721400028503
              ],
              [
                -119.24805900030324,
                46.22721899988841
              ],
              [
                -119.24497200001649,
                46.227235999779246
              ],
              [
                -119.24394400034468,
                46.22724199992229
              ],
              [
                -119.24394299962144,
                46.22717700009883
              ],
              [
                -119.24395199984231,
                46.22698300009164
              ],
              [
                -119.24402499963723,
                46.22545499970344
              ],
              [
                -119.24402800001026,
                46.22539400006549
              ],
              [
                -119.24405300012464,
                46.22398799969077
              ],
              [
                -119.24405899997242,
                46.22361999979456
              ],
              [
                -119.24407099966798,
                46.22300299988166
              ],
              [
                -119.2441209998967,
                46.221211000120284
              ],
              [
                -119.24423899989749,
                46.21802300005993
              ],
              [
                -119.24424700029341,
                46.21779299982085
              ],
              [
                -119.24426099963878,
                46.217410999900174
              ],
              [
                -119.2442630001869,
                46.21736300008671
              ],
              [
                -119.24427800025555,
                46.216737999824744
              ],
              [
                -119.24428599975312,
                46.21637400028877
              ],
              [
                -119.244290999776,
                46.21617299979103
              ],
              [
                -119.24429400014907,
                46.216025999712656
              ],
              [
                -119.24432799958595,
                46.21455799996618
              ],
              [
                -119.24433599998186,
                46.213508999758126
              ],
              [
                -119.24433900035488,
                46.21303400008988
              ],
              [
                -119.24435100005047,
                46.21276300002336
              ],
              [
                -119.24435699989823,
                46.21262099983079
              ],
              [
                -119.24403499968295,
                46.21261200001632
              ],
              [
                -119.24372300041176,
                46.21260499995243
              ],
              [
                -119.24364600041886,
                46.21262499995506
              ],
              [
                -119.24329900008921,
                46.21262200001727
              ],
              [
                -119.24326099955607,
                46.21262200001727
              ],
              [
                -119.24297900042208,
                46.21262000026588
              ],
              [
                -119.24278500025333,
                46.212619000079364
              ],
              [
                -119.24278600007823,
                46.2123709998778
              ],
              [
                -119.24278899955299,
                46.21181599981847
              ],
              [
                -119.24279199992601,
                46.21112399984666
              ],
              [
                -119.24279699994888,
                46.2101220002977
              ],
              [
                -119.24279899959872,
                46.209640000111655
              ],
              [
                -119.2428470001776,
                46.209067999891865
              ],
              [
                -119.24280299979668,
                46.208483000259314
              ],
              [
                -119.24462600041007,
                46.20804300014965
              ],
              [
                -119.24589299955817,
                46.20773700001878
              ],
              [
                -119.24777999974567,
                46.20729399992144
              ],
              [
                -119.24812399970224,
                46.20719299979063
              ],
              [
                -119.2487460003915,
                46.207047999875265
              ],
              [
                -119.24970100026839,
                46.20682000025895
              ],
              [
                -119.25339699992726,
                46.20592900005343
              ],
              [
                -119.2540039996496,
                46.20578199990963
              ],
              [
                -119.25446499978203,
                46.20566500007234
              ],
              [
                -119.25492000006669,
                46.20553700024652
              ],
              [
                -119.25539000041998,
                46.2053919996901
              ],
              [
                -119.25580999964623,
                46.20524900001421
              ],
              [
                -119.2562449998394,
                46.205089999763615
              ],
              [
                -119.25667099981176,
                46.20491999981167
              ],
              [
                -119.25708799956327,
                46.20474100009457
              ],
              [
                -119.25749699981719,
                46.20455200019095
              ],
              [
                -119.25787900030693,
                46.204353999712936
              ],
              [
                -119.25892399969716,
                46.20382800020189
              ],
              [
                -119.25916499972158,
                46.20361600029173
              ],
              [
                -119.25938900002757,
                46.20346900017578
              ],
              [
                -119.25973399980907,
                46.20322600023818
              ],
              [
                -119.26006699989499,
                46.202975999799804
              ],
              [
                -119.26038800028537,
                46.2027180002635
              ],
              [
                -119.26069600025693,
                46.20245200027315
              ],
              [
                -119.2609909998097,
                46.20217999984405
              ],
              [
                -119.2612720000171,
                46.201900999748936
              ],
              [
                -119.26153999980569,
                46.201614999881215
              ],
              [
                -119.26178500002808,
                46.20131900019816
              ],
              [
                -119.26235999996337,
                46.200816999921514
              ],
              [
                -119.26267600033086,
                46.20040399981951
              ],
              [
                -119.26375300040644,
                46.19891400008326
              ],
              [
                -119.26406499967767,
                46.19840800030128
              ],
              [
                -119.26443000044898,
                46.19796900015735
              ],
              [
                -119.26552699971775,
                46.19665400015554
              ],
              [
                -119.26575100002374,
                46.19638700017116
              ],
              [
                -119.26589699961359,
                46.19622000023875
              ],
              [
                -119.2660869995844,
                46.19599299969928
              ],
              [
                -119.26665900004494,
                46.19531500017772
              ],
              [
                -119.26674199988561,
                46.195216000172266
              ],
              [
                -119.26680200016006,
                46.19514499982613
              ]
            ],
            [
              [
                -119.26402799986778,
                46.19701600011191
              ],
              [
                -119.26402299984488,
                46.19822999971247
              ],
              [
                -119.26402299984488,
                46.1982890000309
              ],
              [
                -119.2640239996698,
                46.19845100015795
              ],
              [
                -119.26401600017219,
                46.19845899998298
              ],
              [
                -119.26386800003418,
                46.19862399968948
              ],
              [
                -119.2638129997826,
                46.1986790003106
              ],
              [
                -119.26370999985043,
                46.1987839998173
              ],
              [
                -119.26354400016908,
                46.19894100003775
              ],
              [
                -119.26327399983235,
                46.199169000022486
              ],
              [
                -119.26310300012813,
                46.19930100023572
              ],
              [
                -119.2629669996857,
                46.199398000110236
              ],
              [
                -119.2629259996778,
                46.19942900029041
              ],
              [
                -119.26274199955479,
                46.19955199978999
              ],
              [
                -119.26265899971409,
                46.19960400007696
              ],
              [
                -119.2625530003072,
                46.19967099981211
              ],
              [
                -119.26246299989553,
                46.19972299998648
              ],
              [
                -119.26235800031353,
                46.199785999761076
              ],
              [
                -119.26202000020473,
                46.199965999873804
              ],
              [
                -119.26185399962509,
                46.200038999796355
              ],
              [
                -119.261645000286,
                46.200133000235155
              ],
              [
                -119.2615029999958,
                46.20019600016143
              ],
              [
                -119.2614820000794,
                46.20020599993583
              ],
              [
                -119.26130700017721,
                46.20027900016124
              ],
              [
                -119.26107500037361,
                46.200374999765
              ],
              [
                -119.26093300008338,
                46.20043500005391
              ],
              [
                -119.26091700018989,
                46.20044000023042
              ],
              [
                -119.26086899961096,
                46.2004520001549
              ],
              [
                -119.26085400044067,
                46.20046600027077
              ],
              [
                -119.26064400037839,
                46.200460000310365
              ],
              [
                -119.26001699966628,
                46.20044399999831
              ],
              [
                -119.25980800032723,
                46.20043899982212
              ],
              [
                -119.25957099960245,
                46.20044499978477
              ],
              [
                -119.25900999991089,
                46.200461000096574
              ],
              [
                -119.25886099994796,
                46.2004679998429
              ],
              [
                -119.25882599978787,
                46.200470000036724
              ],
              [
                -119.25866599995427,
                46.20059100012537
              ],
              [
                -119.25855799999927,
                46.2005540000289
              ],
              [
                -119.25842699957968,
                46.200527000245266
              ],
              [
                -119.25841300023431,
                46.20052400026847
              ],
              [
                -119.25829400040863,
                46.200511999738
              ],
              [
                -119.25768699978799,
                46.20053100000682
              ],
              [
                -119.2574409997407,
                46.2005399999355
              ],
              [
                -119.25684499988901,
                46.20055799978846
              ],
              [
                -119.25505800015897,
                46.2006129997172
              ],
              [
                -119.2544630001322,
                46.20063199995109
              ],
              [
                -119.25277299958819,
                46.20068699980572
              ],
              [
                -119.2520689997815,
                46.200709999762495
              ],
              [
                -119.25064000025169,
                46.200683999837665
              ],
              [
                -119.24874300001845,
                46.20053300019835
              ],
              [
                -119.24704999999969,
                46.200397999852385
              ],
              [
                -119.24661599963143,
                46.20022699989136
              ],
              [
                -119.24618800000927,
                46.19989400027251
              ],
              [
                -119.24583900002979,
                46.19979900024837
              ],
              [
                -119.24549099987526,
                46.19885899969737
              ],
              [
                -119.24549099987526,
                46.19849499980291
              ],
              [
                -119.2455159999896,
                46.197446999815156
              ],
              [
                -119.24594699998482,
                46.19743400001493
              ],
              [
                -119.24630000016225,
                46.19742299989457
              ],
              [
                -119.24669000014958,
                46.19741199977201
              ],
              [
                -119.24809600011316,
                46.19736899972407
              ],
              [
                -119.24823599985523,
                46.19721500014395
              ],
              [
                -119.24832500044202,
                46.1971170002995
              ],
              [
                -119.24834700018332,
                46.197122000156206
              ],
              [
                -119.24836399990177,
                46.19712499969694
              ],
              [
                -119.24838399999324,
                46.1971289997061
              ],
              [
                -119.248430000024,
                46.1971359998769
              ],
              [
                -119.24845299959021,
                46.197139000038675
              ],
              [
                -119.2484710000319,
                46.19714200020028
              ],
              [
                -119.2484850002756,
                46.197143000046864
              ],
              [
                -119.2485079998418,
                46.19714600020821
              ],
              [
                -119.24852200008552,
                46.19714700005471
              ],
              [
                -119.24853999962886,
                46.197147999901205
              ],
              [
                -119.24855399987257,
                46.19714899974763
              ],
              [
                -119.24857499978896,
                46.19715100006228
              ],
              [
                -119.24858999985757,
                46.19715100006228
              ],
              [
                -119.2486209998197,
                46.19715299975508
              ],
              [
                -119.25112700032341,
                46.19715299975508
              ],
              [
                -119.25161600004495,
                46.19723900015538
              ],
              [
                -119.25242299978382,
                46.197228999840995
              ],
              [
                -119.26011200010083,
                46.19708299989384
              ],
              [
                -119.26096099967248,
                46.19705899981432
              ],
              [
                -119.26262600010214,
                46.19703600019461
              ],
              [
                -119.26402799986778,
                46.19701600011191
              ]
            ],
            [
              [
                -119.23259899965343,
                46.195890000194325
              ],
              [
                -119.23251499998784,
                46.19802800013424
              ],
              [
                -119.23250999996498,
                46.19822999971247
              ],
              [
                -119.23250800031516,
                46.198318999768055
              ],
              [
                -119.23250599976703,
                46.19839200001346
              ],
              [
                -119.23246399993424,
                46.199613999959055
              ],
              [
                -119.23244700021579,
                46.20011500024293
              ],
              [
                -119.23174500005892,
                46.200049000221064
              ],
              [
                -119.22964199996134,
                46.199853999693346
              ],
              [
                -119.22894099962937,
                46.19978899977817
              ],
              [
                -119.22880599991015,
                46.19977599991024
              ],
              [
                -119.22840099985423,
                46.199738999886705
              ],
              [
                -119.2282669999599,
                46.199726999806515
              ],
              [
                -119.22814300011134,
                46.199714999723696
              ],
              [
                -119.22780300035271,
                46.199683999704895
              ],
              [
                -119.22781599987319,
                46.19961900021033
              ],
              [
                -119.227821999721,
                46.19958999974144
              ],
              [
                -119.22782300044422,
                46.199541000093625
              ],
              [
                -119.22785000020839,
                46.1994450002763
              ],
              [
                -119.22786000025414,
                46.19939599987739
              ],
              [
                -119.22788100017053,
                46.19923600028813
              ],
              [
                -119.22788600019341,
                46.19919400023324
              ],
              [
                -119.22788600019341,
                46.1991509997145
              ],
              [
                -119.22788100017053,
                46.199109000216424
              ],
              [
                -119.22785000020839,
                46.19895000022688
              ],
              [
                -119.22834800015077,
                46.19687199992365
              ],
              [
                -119.2283859997856,
                46.19670900026135
              ],
              [
                -119.22848399969487,
                46.19671199982463
              ],
              [
                -119.22863199983287,
                46.19667900026697
              ],
              [
                -119.2287299997422,
                46.19662000008521
              ],
              [
                -119.22884199989518,
                46.19652999990729
              ],
              [
                -119.22889499959864,
                46.19638899989173
              ],
              [
                -119.22896599974375,
                46.19629400002566
              ],
              [
                -119.22907100022404,
                46.19620800001184
              ],
              [
                -119.22918800039992,
                46.19617000020865
              ],
              [
                -119.229215999989,
                46.19616200005038
              ],
              [
                -119.22902000017041,
                46.19604799984486
              ],
              [
                -119.2289640000939,
                46.196014999888455
              ],
              [
                -119.22903100004106,
                46.19562999996958
              ],
              [
                -119.22909399979025,
                46.19564400007039
              ],
              [
                -119.22915400006471,
                46.19537399989519
              ],
              [
                -119.2291959998975,
                46.1952100002604
              ],
              [
                -119.22921400033916,
                46.19514399994319
              ],
              [
                -119.22986500044242,
                46.19534399979382
              ],
              [
                -119.23065200008979,
                46.195424999905526
              ],
              [
                -119.23101399958973,
                46.195484000126676
              ],
              [
                -119.23127800007867,
                46.19554800028445
              ],
              [
                -119.23177199982308,
                46.19572499973991
              ],
              [
                -119.23259899965343,
                46.195890000194325
              ]
            ],
            [
              [
                -119.21846399967467,
                46.22985799979425
              ],
              [
                -119.21846399967467,
                46.23017799971313
              ],
              [
                -119.21846399967467,
                46.230355000072834
              ],
              [
                -119.21837499998621,
                46.230355000072834
              ],
              [
                -119.21810999967232,
                46.230355000072834
              ],
              [
                -119.21802199980878,
                46.230355000072834
              ],
              [
                -119.21797699960294,
                46.23038799990825
              ],
              [
                -119.2179749999531,
                46.23043500027984
              ],
              [
                -119.21796800028042,
                46.230744000279564
              ],
              [
                -119.2179669995572,
                46.23084700030715
              ],
              [
                -119.21795999988451,
                46.23090700024619
              ],
              [
                -119.2179530002118,
                46.23097200000258
              ],
              [
                -119.2179029999831,
                46.23097799973719
              ],
              [
                -119.21779900022601,
                46.23099600017997
              ],
              [
                -119.21728899968979,
                46.23111499981704
              ],
              [
                -119.21698099971819,
                46.23113499991351
              ],
              [
                -119.21568699990762,
                46.23122099993451
              ],
              [
                -119.21527000015611,
                46.231249000013385
              ],
              [
                -119.21527500017898,
                46.23133099985159
              ],
              [
                -119.21529600009535,
                46.23147200028732
              ],
              [
                -119.21516200020105,
                46.23149300009645
              ],
              [
                -119.21380800011603,
                46.23175800004529
              ],
              [
                -119.21378399982659,
                46.23176100018042
              ],
              [
                -119.21363200038894,
                46.23178599985022
              ],
              [
                -119.2135660002667,
                46.23179600008781
              ],
              [
                -119.21317499955612,
                46.23180199973234
              ],
              [
                -119.21274299973601,
                46.23173000022603
              ],
              [
                -119.21266800029125,
                46.23172499979074
              ],
              [
                -119.21241100037328,
                46.23169600011561
              ],
              [
                -119.21190900023298,
                46.231642000079745
              ],
              [
                -119.21164100044437,
                46.2316039999306
              ],
              [
                -119.21142200016125,
                46.23155699993865
              ],
              [
                -119.21117399956582,
                46.23150500007253
              ],
              [
                -119.21109599974803,
                46.23149200025365
              ],
              [
                -119.21081100024097,
                46.23144500016579
              ],
              [
                -119.21047099958403,
                46.23141800003102
              ],
              [
                -119.21018600007697,
                46.231362999876524
              ],
              [
                -119.2097280003176,
                46.231187999978495
              ],
              [
                -119.20944299991221,
                46.23118200026684
              ],
              [
                -119.20911900004714,
                46.23120400003495
              ],
              [
                -119.20887399982475,
                46.23117699978162
              ],
              [
                -119.20869999974748,
                46.231094999713335
              ],
              [
                -119.2084400003548,
                46.230874999955454
              ],
              [
                -119.20821000020102,
                46.23079300005739
              ],
              [
                -119.20800199978855,
                46.230783000258455
              ],
              [
                -119.20796499997863,
                46.23078199978135
              ],
              [
                -119.20770499968764,
                46.23081000008419
              ],
              [
                -119.20744399957172,
                46.230798999811554
              ],
              [
                -119.20688799990303,
                46.23062499983807
              ],
              [
                -119.20694399997956,
                46.23045199979615
              ],
              [
                -119.20694300015461,
                46.23038299997212
              ],
              [
                -119.20680300041252,
                46.23038299997212
              ],
              [
                -119.20621900025645,
                46.23038499969807
              ],
              [
                -119.20614100043863,
                46.230388999771165
              ],
              [
                -119.2059830002549,
                46.23038499969807
              ],
              [
                -119.20586500025411,
                46.23037200023534
              ],
              [
                -119.20582800044419,
                46.23036800016101
              ],
              [
                -119.2056750002833,
                46.23033499969218
              ],
              [
                -119.20552899979512,
                46.230288999721076
              ],
              [
                -119.20539400007591,
                46.23022899972787
              ],
              [
                -119.2050979997999,
                46.230110000034074
              ],
              [
                -119.20495800005783,
                46.2300639998744
              ],
              [
                -119.20484000005703,
                46.230039000041636
              ],
              [
                -119.20468600007126,
                46.23002400013655
              ],
              [
                -119.20370199988209,
                46.22995100029118
              ],
              [
                -119.2036109996455,
                46.22994800005711
              ],
              [
                -119.2034280002457,
                46.229933999998316
              ],
              [
                -119.20324699959743,
                46.229910999849544
              ],
              [
                -119.20306800039559,
                46.22987900022092
              ],
              [
                -119.2023650004138,
                46.229716000308485
              ],
              [
                -119.20172199980816,
                46.229552000033834
              ],
              [
                -119.20150900027113,
                46.22950699990689
              ],
              [
                -119.20129199963786,
                46.22947199978269
              ],
              [
                -119.20107200042813,
                46.22944700030172
              ],
              [
                -119.20076399955823,
                46.229427000211594
              ],
              [
                -119.19923700011918,
                46.229329000037545
              ],
              [
                -119.19916099995118,
                46.2293209997366
              ],
              [
                -119.1990990000269,
                46.22929899983512
              ],
              [
                -119.19907499973746,
                46.22952100007464
              ],
              [
                -119.19845399977144,
                46.229454999962854
              ],
              [
                -119.19830800018156,
                46.22943999989813
              ],
              [
                -119.19802299977623,
                46.229351999808756
              ],
              [
                -119.19773099969818,
                46.22921500029974
              ],
              [
                -119.19747799997819,
                46.229132999785925
              ],
              [
                -119.19722500025819,
                46.22907799982734
              ],
              [
                -119.19693999985286,
                46.22905099977105
              ],
              [
                -119.19667200006423,
                46.22905599982847
              ],
              [
                -119.19613399993888,
                46.22900200030235
              ],
              [
                -119.19539900017006,
                46.22889200006759
              ],
              [
                -119.19527899962112,
                46.22888399970295
              ],
              [
                -119.19500599980967,
                46.228864000029134
              ],
              [
                -119.19460900014963,
                46.22883699986752
              ],
              [
                -119.1941920003981,
                46.22877100017615
              ],
              [
                -119.19392200006138,
                46.228728999709766
              ],
              [
                -119.19337899991318,
                46.22864300013419
              ],
              [
                -119.19314700010958,
                46.22860700018514
              ],
              [
                -119.19287799959774,
                46.228547000217574
              ],
              [
                -119.19175399966647,
                46.22836600002164
              ],
              [
                -119.19140600041024,
                46.22826600001449
              ],
              [
                -119.19123099960973,
                46.228227000111445
              ],
              [
                -119.1910669995782,
                46.228206000295614
              ],
              [
                -119.19066499989529,
                46.22816800025332
              ],
              [
                -119.1902149996335,
                46.228101999757556
              ],
              [
                -119.18994600002,
                46.228069999695734
              ],
              [
                -119.18908999987734,
                46.22792999974979
              ],
              [
                -119.18768599956357,
                46.227701999819274
              ],
              [
                -119.1867850001134,
                46.22753799974158
              ],
              [
                -119.18615300027673,
                46.2274010000551
              ],
              [
                -119.18570999968762,
                46.22732400015383
              ],
              [
                -119.18545799979255,
                46.22726300010691
              ],
              [
                -119.1842800003329,
                46.227006000224456
              ],
              [
                -119.18346600002306,
                46.22684700019038
              ],
              [
                -119.18318999983853,
                46.226770000133406
              ],
              [
                -119.18275899984332,
                46.22668000025277
              ],
              [
                -119.181490999972,
                46.22641899976452
              ],
              [
                -119.1812459997496,
                46.22637500011239
              ],
              [
                -119.1810320003877,
                46.22631999987619
              ],
              [
                -119.18079899986088,
                46.22626899995818
              ],
              [
                -119.18065400009593,
                46.2262370000707
              ],
              [
                -119.17980700017411,
                46.22605100000605
              ],
              [
                -119.17955500027901,
                46.225979999734925
              ],
              [
                -119.17885200029723,
                46.22584000005175
              ],
              [
                -119.17881200011425,
                46.22583199986376
              ],
              [
                -119.17520099994584,
                46.22503599987672
              ],
              [
                -119.17494800022588,
                46.22498699993135
              ],
              [
                -119.17449700013917,
                46.22486099969348
              ],
              [
                -119.17398400012819,
                46.22474000023853
              ],
              [
                -119.1734500002008,
                46.224631000131374
              ],
              [
                -119.17333600039798,
                46.22460800024644
              ],
              [
                -119.1732800003215,
                46.22461400005524
              ],
              [
                -119.17298800024342,
                46.22456399976426
              ],
              [
                -119.17251399969219,
                46.22446600023017
              ],
              [
                -119.17228500026164,
                46.22441099994576
              ],
              [
                -119.17194499960472,
                46.22431200016502
              ],
              [
                -119.17181099971042,
                46.224219000057666
              ],
              [
                -119.17171899964892,
                46.22411400006789
              ],
              [
                -119.1716759999912,
                46.22406499992107
              ],
              [
                -119.17153399970096,
                46.22396600013788
              ],
              [
                -119.17131000029327,
                46.223839000060416
              ],
              [
                -119.17102900008588,
                46.2237910002727
              ],
              [
                -119.17079899993213,
                46.2237630001182
              ],
              [
                -119.17023800024057,
                46.22364800002199
              ],
              [
                -119.16984900007812,
                46.223576999750414
              ],
              [
                -119.16974199994803,
                46.22355700000746
              ],
              [
                -119.16943700034948,
                46.22350200005536
              ],
              [
                -119.16944900004506,
                46.223438000143396
              ],
              [
                -119.16982599961362,
                46.22333599987701
              ],
              [
                -119.16978600032895,
                46.22330500013631
              ],
              [
                -119.16984099968222,
                46.22304599975388
              ],
              [
                -119.16986699962149,
                46.222932000018936
              ],
              [
                -119.16990699980447,
                46.22273399991673
              ],
              [
                -119.16995700003318,
                46.22250500015099
              ],
              [
                -119.17001200028476,
                46.22221499998883
              ],
              [
                -119.17003200037624,
                46.22221700001229
              ],
              [
                -119.1702340000426,
                46.222238000254784
              ],
              [
                -119.17044099973184,
                46.22225999987862
              ],
              [
                -119.17049699980835,
                46.22226499993319
              ],
              [
                -119.17066500003781,
                46.22228300012572
              ],
              [
                -119.17072100011431,
                46.22228900018861
              ],
              [
                -119.17098499970497,
                46.22231599984194
              ],
              [
                -119.17177700027352,
                46.22239699996524
              ],
              [
                -119.17204199968909,
                46.222424000186976
              ],
              [
                -119.1723039996299,
                46.222449999766454
              ],
              [
                -119.1730929998254,
                46.222530999692054
              ],
              [
                -119.17335599959114,
                46.22255899985338
              ],
              [
                -119.17361800043028,
                46.222584999990445
              ],
              [
                -119.17393100042473,
                46.22261800014661
              ],
              [
                -119.17440599990258,
                46.222665999716874
              ],
              [
                -119.17466899966828,
                46.22269399980935
              ],
              [
                -119.17488100027872,
                46.222714999869375
              ],
              [
                -119.17551700031335,
                46.22277800000115
              ],
              [
                -119.17572999985036,
                46.222800000030155
              ],
              [
                -119.17615099979984,
                46.22283100005602
              ],
              [
                -119.17631999985424,
                46.222839000059885
              ],
              [
                -119.17657199974934,
                46.222852000063604
              ],
              [
                -119.17699500024695,
                46.222862000064424
              ],
              [
                -119.17741799984624,
                46.222863000064386
              ],
              [
                -119.17784100034386,
                46.22285300006379
              ],
              [
                -119.17809300023893,
                46.22284100006062
              ],
              [
                -119.17826300011825,
                46.22283300005709
              ],
              [
                -119.1786840000677,
                46.222803000033416
              ],
              [
                -119.17906900003219,
                46.22276599998163
              ],
              [
                -119.17914199982714,
                46.22275699996526
              ],
              [
                -119.17945200034684,
                46.22272099988502
              ],
              [
                -119.17983300011335,
                46.22266799972395
              ],
              [
                -119.18021100040514,
                46.22260600009212
              ],
              [
                -119.18050699978282,
                46.22254999980313
              ],
              [
                -119.18058600032384,
                46.2225359997219
              ],
              [
                -119.18095799986953,
                46.22245699981845
              ],
              [
                -119.18102399999178,
                46.222380999827635
              ],
              [
                -119.1814850001242,
                46.22228100010465
              ],
              [
                -119.18220900002238,
                46.22284200006101
              ],
              [
                -119.18236300000818,
                46.22294100000662
              ],
              [
                -119.1825549996288,
                46.22303799978018
              ],
              [
                -119.18272700005625,
                46.22310600014075
              ],
              [
                -119.18290899963115,
                46.223161999862654
              ],
              [
                -119.18309799977703,
                46.22320500023181
              ],
              [
                -119.18329199994578,
                46.22323400004264
              ],
              [
                -119.1834889995893,
                46.22324899993875
              ],
              [
                -119.18423099992911,
                46.223252999910365
              ],
              [
                -119.18449799989278,
                46.223252999910365
              ],
              [
                -119.1852989997839,
                46.22325599988891
              ],
              [
                -119.18550800002126,
                46.2232569998817
              ],
              [
                -119.18562699984695,
                46.22325799987446
              ],
              [
                -119.18688499967251,
                46.223259999859984
              ],
              [
                -119.18709200026007,
                46.22326099985274
              ],
              [
                -119.187341999607,
                46.22326099985274
              ],
              [
                -119.18767600041615,
                46.22326299983815
              ],
              [
                -119.18774300036331,
                46.22326299983815
              ],
              [
                -119.18771800024895,
                46.22364500006486
              ],
              [
                -119.18771200040118,
                46.22379900013662
              ],
              [
                -119.18808899996971,
                46.22380000011956
              ],
              [
                -119.18809099961955,
                46.22369299998022
              ],
              [
                -119.18822700006199,
                46.22369299998022
              ],
              [
                -119.18866300008007,
                46.22369000002561
              ],
              [
                -119.18866200025518,
                46.22384799989936
              ],
              [
                -119.18866200025518,
                46.22399500016817
              ],
              [
                -119.18866100043026,
                46.224059000052314
              ],
              [
                -119.18866100043026,
                46.224249999903776
              ],
              [
                -119.18866100043026,
                46.224315000085646
              ],
              [
                -119.1886580000572,
                46.22452900021709
              ],
              [
                -119.18864800001145,
                46.22517299987234
              ],
              [
                -119.18864600036162,
                46.2253879997205
              ],
              [
                -119.18850999991919,
                46.2253879997205
              ],
              [
                -119.18810499986326,
                46.22539000024986
              ],
              [
                -119.1880739999011,
                46.22539100020382
              ],
              [
                -119.18797099996894,
                46.2253879997205
              ],
              [
                -119.18796900031913,
                46.2254610000411
              ],
              [
                -119.18796500012115,
                46.22567999979907
              ],
              [
                -119.18796400029623,
                46.22575299973137
              ],
              [
                -119.18804899978673,
                46.22576099993087
              ],
              [
                -119.18804100028915,
                46.22612100024464
              ],
              [
                -119.18803399971813,
                46.2264649998716
              ],
              [
                -119.1880300004185,
                46.22662399976926
              ],
              [
                -119.18977600014068,
                46.22688599983096
              ],
              [
                -119.19033500018243,
                46.22697099974838
              ],
              [
                -119.19142099958053,
                46.22714899980699
              ],
              [
                -119.19155500037314,
                46.2271719998702
              ],
              [
                -119.19155600019806,
                46.227114999966076
              ],
              [
                -119.19156100022094,
                46.22699299996145
              ],
              [
                -119.19155700002298,
                46.22694599974974
              ],
              [
                -119.19155399964991,
                46.22689000015901
              ],
              [
                -119.19155500037314,
                46.22674099970466
              ],
              [
                -119.19156200004583,
                46.22629700007742
              ],
              [
                -119.1915650004189,
                46.22614999975808
              ],
              [
                -119.19156600024381,
                46.226008000001634
              ],
              [
                -119.19157299991649,
                46.225581999771336
              ],
              [
                -119.19157600028954,
                46.22544099974158
              ],
              [
                -119.19158799998512,
                46.2251259999668
              ],
              [
                -119.19158999963494,
                46.225079000021026
              ],
              [
                -119.19172199987942,
                46.225084999778346
              ],
              [
                -119.19438099964569,
                46.22508800027823
              ],
              [
                -119.19437899999585,
                46.225451999845056
              ],
              [
                -119.19437700034604,
                46.225593999796814
              ],
              [
                -119.19437599962282,
                46.2257120000112
              ],
              [
                -119.19437200032317,
                46.226022999761284
              ],
              [
                -119.19437099959995,
                46.22616699998002
              ],
              [
                -119.19436899995011,
                46.22631199975811
              ],
              [
                -119.19436399992725,
                46.226749999689325
              ],
              [
                -119.19436300010233,
                46.22689700026635
              ],
              [
                -119.19480800034125,
                46.226898000192854
              ],
              [
                -119.19614499980953,
                46.22690099997217
              ],
              [
                -119.19659099987335,
                46.22690299982497
              ],
              [
                -119.19773499989613,
                46.22690500029917
              ],
              [
                -119.20117100016235,
                46.226914000256954
              ],
              [
                -119.20231600001001,
                46.22691700003544
              ],
              [
                -119.20338200021496,
                46.22691899988762
              ],
              [
                -119.20657999993148,
                46.226925000065314
              ],
              [
                -119.20764699996133,
                46.22692799984315
              ],
              [
                -119.20871300016627,
                46.22692999969497
              ],
              [
                -119.21191400025585,
                46.22693699979721
              ],
              [
                -119.21298100028568,
                46.22694000019586
              ],
              [
                -119.21404699959231,
                46.226942000047245
              ],
              [
                -119.21724500020716,
                46.22694800022237
              ],
              [
                -119.2183110004121,
                46.22695099999896
              ],
              [
                -119.2183110004121,
                46.22712100012233
              ],
              [
                -119.2183110004121,
                46.22763099981924
              ],
              [
                -119.2183110004121,
                46.22780099970101
              ],
              [
                -119.2183110004121,
                46.22796600014286
              ],
              [
                -119.2183110004121,
                46.22846099973539
              ],
              [
                -119.2183110004121,
                46.22862699995261
              ],
              [
                -119.21839900027565,
                46.22862699995261
              ],
              [
                -119.21839900027565,
                46.22869199992336
              ],
              [
                -119.21840000010056,
                46.229080000222275
              ],
              [
                -119.21842199984187,
                46.229167000241176
              ],
              [
                -119.21843699991048,
                46.229223999878826
              ],
              [
                -119.21843299971253,
                46.229259000161164
              ],
              [
                -119.21842100001695,
                46.22936699989753
              ],
              [
                -119.21841799964389,
                46.22940299996955
              ],
              [
                -119.21834999987183,
                46.22940299996955
              ],
              [
                -119.21814599965735,
                46.22940299996955
              ],
              [
                -119.21807899971019,
                46.22940299996955
              ],
              [
                -119.21807899971019,
                46.22949900025333
              ],
              [
                -119.21807899971019,
                46.22978700009731
              ],
              [
                -119.21807899971019,
                46.22988299970946
              ],
              [
                -119.21825500033559,
                46.22987100000015
              ],
              [
                -119.21846399967467,
                46.22985799979425
              ]
            ],
            [
              [
                -119.17946700041547,
                46.199504999715444
              ],
              [
                -119.17944999979869,
                46.2000410000058
              ],
              [
                -119.17943899992805,
                46.20040899999889
              ],
              [
                -119.17840299986032,
                46.20036599980924
              ],
              [
                -119.1784070000583,
                46.20023500007954
              ],
              [
                -119.17843100034774,
                46.19945900002693
              ],
              [
                -119.17844899989109,
                46.19945999983135
              ],
              [
                -119.17851800038638,
                46.19946400029231
              ],
              [
                -119.17908699957556,
                46.19948799994318
              ],
              [
                -119.17931400025459,
                46.199497999846436
              ],
              [
                -119.17946700041547,
                46.199504999715444
              ]
            ]
          ],
          [
            [
              [
                -119.14051299991564,
                46.154731000248006
              ],
              [
                -119.1404879998013,
                46.152737000049555
              ],
              [
                -119.138089000326,
                46.15234799993779
              ],
              [
                -119.13787400024087,
                46.152310999726325
              ],
              [
                -119.13793500034024,
                46.15474700017711
              ],
              [
                -119.14051299991564,
                46.154731000248006
              ]
            ]
          ]
        ]
      },
      "properties": {
        "AREALAND": "73995822",
        "AREAWATER": "3605509",
        "BASENAME": "Kennewick",
        "CBSAPCI": "Y",
        "CENTLAT": "+46.1972328",
        "CENTLON": "-119.1751077",
        "FUNCSTAT": "A",
        "GEOID": "5335275",
        "INTPTLAT": "+46.1976218",
        "INTPTLON": "-119.1759227",
        "LSADC": "25",
        "MTFCC": "G4110",
        "NAME": "Kennewick city",
        "NECTAPCI": "N",
        "OBJECTID": 31821,
        "OID": "27890228642480",
        "PLACE": "35275",
        "PLACECC": "C1",
        "PLACENS": "02410184",
        "STATE": "53",
        "DISP_CLR": 4,
        "slug": "kennewick",
        "jurisdiction_key": "kennewick_city",
        "county_fips": [
          "53005"
        ]
      }
    }
  ]
}
