{
  "type": "FeatureCollection",
  "features": [
    {
      "type": "Feature",
      "geometry": {
        "type": "MultiPolygon",
        "coordinates": [
          [
            [
              [
                -122.83935699988193,
                47.03915700017749
              ],
              [
                -122.8393629997297,
                47.03900800018463
              ],
              [
                -122.8392770004143,
                47.03890599986745
              ],
              [
                -122.83924800010197,
                47.03886900012432
              ],
              [
                -122.83921200011697,
                47.03788199983879
              ],
              [
                -122.83919399967529,
                47.037403999785425
              ],
              [
                -122.83916100006334,
                47.03729799981853
              ],
              [
                -122.83917100010908,
                47.03591400013806
              ],
              [
                -122.83917699995683,
                47.03514300006022
              ],
              [
                -122.83903700021477,
                47.03461499976966
              ],
              [
                -122.83894400032837,
                47.03426500018115
              ],
              [
                -122.83900000040485,
                47.03426500018115
              ],
              [
                -122.8389970000318,
                47.033850000064795
              ],
              [
                -122.83899500038198,
                47.032690000259684
              ],
              [
                -122.83899399965874,
                47.03199399990723
              ],
              [
                -122.83899200000893,
                47.030954000236356
              ],
              [
                -122.83900500042772,
                47.02886799999577
              ],
              [
                -122.83896600006966,
                47.024752000134974
              ],
              [
                -122.83897299974238,
                47.02157200009916
              ],
              [
                -122.83836500019515,
                47.021582000012934
              ],
              [
                -122.83610499973872,
                47.021613999846906
              ],
              [
                -122.8343420002981,
                47.02163899991437
              ],
              [
                -122.8340979999006,
                47.020654000158906
              ],
              [
                -122.83398099972474,
                47.01947400016581
              ],
              [
                -122.83389399968611,
                47.016865000136306
              ],
              [
                -122.83385500022636,
                47.01433200030152
              ],
              [
                -122.83369700004262,
                47.011130999794084
              ],
              [
                -122.83368199997402,
                47.01080600019534
              ],
              [
                -122.83361599985177,
                47.00814399975454
              ],
              [
                -122.83341800038336,
                47.00755800020203
              ],
              [
                -122.83298900003797,
                47.00671899992599
              ],
              [
                -122.8322109997131,
                47.00519700020603
              ],
              [
                -122.83216700023051,
                47.004474999867405
              ],
              [
                -122.8322109997131,
                47.003979000052
              ],
              [
                -122.83268100006639,
                47.00307000020246
              ],
              [
                -122.83319900010025,
                47.002070000228024
              ],
              [
                -122.83341800038336,
                47.00151299977189
              ],
              [
                -122.83351600029263,
                47.00087100025177
              ],
              [
                -122.83353499966093,
                47.00074900029515
              ],
              [
                -122.83354800007972,
                47.00066700007737
              ],
              [
                -122.8335609996002,
                47.0005809997885
              ],
              [
                -122.83356499979814,
                47.000352999962566
              ],
              [
                -122.8336119996538,
                46.99722600012251
              ],
              [
                -122.83361699967666,
                46.996959000271744
              ],
              [
                -122.83362800044564,
                46.99626199980344
              ],
              [
                -122.83363400029343,
                46.99595299974619
              ],
              [
                -122.83358599971453,
                46.995225999803665
              ],
              [
                -122.8335820004149,
                46.99516300028603
              ],
              [
                -122.83347699993458,
                46.99468500000918
              ],
              [
                -122.8333720003526,
                46.99436200011878
              ],
              [
                -122.83316300011525,
                46.99368000013855
              ],
              [
                -122.83293600033451,
                46.99317800014788
              ],
              [
                -122.8325689999134,
                46.99255600002406
              ],
              [
                -122.8325139996618,
                46.99248499993281
              ],
              [
                -122.83160399999079,
                46.99131500013744
              ],
              [
                -122.82998799996493,
                46.98923900007853
              ],
              [
                -122.8296120002213,
                46.988754999799944
              ],
              [
                -122.82959899980251,
                46.98873800009664
              ],
              [
                -122.8295279996574,
                46.98864699993477
              ],
              [
                -122.82903499973791,
                46.988014000252356
              ],
              [
                -122.82816000022699,
                46.98688800029127
              ],
              [
                -122.82681799983752,
                46.98516399973475
              ],
              [
                -122.82662399966877,
                46.98491799987994
              ],
              [
                -122.82656799959226,
                46.9848470000601
              ],
              [
                -122.82530100044417,
                46.98324500023021
              ],
              [
                -122.8251349998645,
                46.98303499982203
              ],
              [
                -122.82506600026753,
                46.98294700024618
              ],
              [
                -122.82443100005779,
                46.98214500005465
              ],
              [
                -122.82408000042852,
                46.981633999733546
              ],
              [
                -122.82394700035915,
                46.981484000171605
              ],
              [
                -122.82372899990092,
                46.981236999734776
              ],
              [
                -122.82333300006582,
                46.98083099986724
              ],
              [
                -122.82307799979766,
                46.98059900013466
              ],
              [
                -122.82296599964468,
                46.980496999754
              ],
              [
                -122.82288399962891,
                46.980443000086545
              ],
              [
                -122.82245500018186,
                46.98015699993981
              ],
              [
                -122.82171299984199,
                46.97974900000542
              ],
              [
                -122.82127099997611,
                46.97958300012052
              ],
              [
                -122.82052000031376,
                46.97934900002767
              ],
              [
                -122.81811900029035,
                46.98048899992022
              ],
              [
                -122.81781700016657,
                46.9806159999749
              ],
              [
                -122.81631400011862,
                46.98138599979738
              ],
              [
                -122.8073719999989,
                46.98549999972519
              ],
              [
                -122.79650500005685,
                46.990500000201884
              ],
              [
                -122.7942410003008,
                46.99153199989953
              ],
              [
                -122.79226000040194,
                46.99246800019037
              ],
              [
                -122.79151899988702,
                46.99281699994584
              ],
              [
                -122.79012600034224,
                46.99342899981355
              ],
              [
                -122.78831799979744,
                46.994312000166154
              ],
              [
                -122.7873360001564,
                46.99472099980206
              ],
              [
                -122.78702399998687,
                46.994878999729494
              ],
              [
                -122.7860969996991,
                46.99534900004827
              ],
              [
                -122.78484800009437,
                46.995927999907344
              ],
              [
                -122.78442600031998,
                46.99613999973852
              ],
              [
                -122.78462700016144,
                46.99614200018377
              ],
              [
                -122.78550599987032,
                46.99614900020981
              ],
              [
                -122.78569900021415,
                46.99615399979023
              ],
              [
                -122.78559000043423,
                46.99636599995019
              ],
              [
                -122.78560100030488,
                46.9963889997609
              ],
              [
                -122.78562600041923,
                46.9964200000762
              ],
              [
                -122.7856599998561,
                46.99647199971478
              ],
              [
                -122.78568300032062,
                46.996511999779365
              ],
              [
                -122.78570400023705,
                46.996551999814024
              ],
              [
                -122.78572299960528,
                46.99659400024706
              ],
              [
                -122.78574799971965,
                46.99664999995618
              ],
              [
                -122.78575199991761,
                46.996669000019196
              ],
              [
                -122.78575500029065,
                46.99669099979352
              ],
              [
                -122.78576000031352,
                46.996722999839
              ],
              [
                -122.78576600016132,
                46.99674099997103
              ],
              [
                -122.78578100022995,
                46.99676400023303
              ],
              [
                -122.78579899977329,
                46.99678500006402
              ],
              [
                -122.78583300010845,
                46.99681899986042
              ],
              [
                -122.78585499984976,
                46.9968420000888
              ],
              [
                -122.78587900013922,
                46.99687099972341
              ],
              [
                -122.7858780003143,
                46.99688299977887
              ],
              [
                -122.78586599972043,
                46.9968879999033
              ],
              [
                -122.78586400007059,
                46.996899000052814
              ],
              [
                -122.78587999996414,
                46.996905999979745
              ],
              [
                -122.78589300038293,
                46.99691200000388
              ],
              [
                -122.78590900027643,
                46.996918000027335
              ],
              [
                -122.78593100001774,
                46.99692400005012
              ],
              [
                -122.78595299975906,
                46.99693099997374
              ],
              [
                -122.78596700000274,
                46.99693600009367
              ],
              [
                -122.78598600026933,
                46.99694300001571
              ],
              [
                -122.78600299998777,
                46.99694999993683
              ],
              [
                -122.78602200025433,
                46.99696199997455
              ],
              [
                -122.78603800014788,
                46.99697300010887
              ],
              [
                -122.78605200039156,
                46.99698400024093
              ],
              [
                -122.78606499991204,
                46.996993999857736
              ],
              [
                -122.78607800033083,
                46.99700400008537
              ],
              [
                -122.7860880003766,
                46.997012999798436
              ],
              [
                -122.78610300044521,
                46.99702599972173
              ],
              [
                -122.78613299968413,
                46.99705599976832
              ],
              [
                -122.78614000025513,
                46.99706400018634
              ],
              [
                -122.78615100012578,
                46.99707700009722
              ],
              [
                -122.78616100017153,
                46.997090999903484
              ],
              [
                -122.78616700001929,
                46.99710100011291
              ],
              [
                -122.78617299986708,
                46.99711499991288
              ],
              [
                -122.78617799988994,
                46.99712799981135
              ],
              [
                -122.78618600028587,
                46.99715299970148
              ],
              [
                -122.78618899976061,
                46.997162999899345
              ],
              [
                -122.78619299995859,
                46.99717300009534
              ],
              [
                -122.78619799998143,
                46.997186999876405
              ],
              [
                -122.786209999677,
                46.99720499985213
              ],
              [
                -122.78621499969987,
                46.99721400014408
              ],
              [
                -122.78622899994359,
                46.997234999798195
              ],
              [
                -122.78625200040811,
                46.997268999920955
              ],
              [
                -122.78626300027877,
                46.997281999781954
              ],
              [
                -122.78627699962416,
                46.99729799993647
              ],
              [
                -122.78629500006582,
                46.9973159998748
              ],
              [
                -122.78631699980714,
                46.99733499970101
              ],
              [
                -122.78636600021093,
                46.99736299978732
              ],
              [
                -122.78639700017307,
                46.99737499973228
              ],
              [
                -122.78643099960996,
                46.99738800018018
              ],
              [
                -122.78645900009737,
                46.997397999721386
              ],
              [
                -122.78650000010524,
                46.99741200005619
              ],
              [
                -122.78653600009027,
                46.997423000097875
              ],
              [
                -122.78660100038756,
                46.99744199988607
              ],
              [
                -122.78668500005314,
                46.997467000241976
              ],
              [
                -122.78669799957365,
                46.99746999991627
              ],
              [
                -122.78671900038836,
                46.997476999768395
              ],
              [
                -122.78674000030475,
                46.99748299972842
              ],
              [
                -122.78675299982523,
                46.99748699990559
              ],
              [
                -122.7867650004191,
                46.997491000082505
              ],
              [
                -122.78680700025188,
                46.997504999780254
              ],
              [
                -122.7868299998181,
                46.99751300013104
              ],
              [
                -122.78684599971166,
                46.997519999977534
              ],
              [
                -122.78686499997823,
                46.99752699982307
              ],
              [
                -122.78688000004682,
                46.99753299977748
              ],
              [
                -122.78689000009258,
                46.99754100012407
              ],
              [
                -122.78690000013832,
                46.997553000029065
              ],
              [
                -122.78690900035916,
                46.99756900010243
              ],
              [
                -122.78691600003184,
                46.99757799972039
              ],
              [
                -122.7869269999025,
                46.997586999949476
              ],
              [
                -122.78694100014619,
                46.997590000229714
              ],
              [
                -122.78695799986464,
                46.99759100011891
              ],
              [
                -122.78697299993324,
                46.99759100011891
              ],
              [
                -122.78698800000187,
                46.99759600017704
              ],
              [
                -122.7869899996517,
                46.997604999790454
              ],
              [
                -122.78698499962883,
                46.9976180001824
              ],
              [
                -122.78699399984964,
                46.99762599990363
              ],
              [
                -122.78701200029133,
                46.99763199984692
              ],
              [
                -122.7870259996367,
                46.99763600001294
              ],
              [
                -122.78705800032206,
                46.99764600012041
              ],
              [
                -122.78706900019273,
                46.99765100017345
              ],
              [
                -122.78708500008625,
                46.997658999889694
              ],
              [
                -122.78709699978181,
                46.99766800010518
              ],
              [
                -122.7871150002235,
                46.99768099986911
              ],
              [
                -122.7871439996375,
                46.9977050002262
              ],
              [
                -122.78716000042931,
                46.997717000094354
              ],
              [
                -122.78717100029996,
                46.99772800007326
              ],
              [
                -122.78715899970607,
                46.99773599977798
              ],
              [
                -122.7871799996225,
                46.99774099982259
              ],
              [
                -122.78719600041434,
                46.99774400009417
              ],
              [
                -122.78722499982834,
                46.99775000002422
              ],
              [
                -122.78724300027,
                46.997754000181445
              ],
              [
                -122.78726099981334,
                46.99775900022438
              ],
              [
                -122.78727400023213,
                46.99776799981029
              ],
              [
                -122.7872780004301,
                46.99777899977869
              ],
              [
                -122.78728299955466,
                46.997796000282385
              ],
              [
                -122.78729199977548,
                46.99781599982285
              ],
              [
                -122.78730500019427,
                46.997825000011886
              ],
              [
                -122.78732000026287,
                46.997831999817464
              ],
              [
                -122.7873410001793,
                46.99784100000381
              ],
              [
                -122.78736299992059,
                46.99785199995714
              ],
              [
                -122.78737100031651,
                46.99786100014012
              ],
              [
                -122.78737499961616,
                46.99786999970889
              ],
              [
                -122.78738200018716,
                46.99788499980367
              ],
              [
                -122.78738800003495,
                46.99789599974798
              ],
              [
                -122.78739899990559,
                46.99790800018594
              ],
              [
                -122.78741099960116,
                46.99791900012551
              ],
              [
                -122.78742200037014,
                46.99793000006279
              ],
              [
                -122.7874330002408,
                46.99794099999784
              ],
              [
                -122.78744499993635,
                46.997952999812995
              ],
              [
                -122.7874540001572,
                46.99796199997897
              ],
              [
                -122.78746699967768,
                46.99797299990743
              ],
              [
                -122.78747800044663,
                46.99798299995179
              ],
              [
                -122.78749299961694,
                46.99799700013332
              ],
              [
                -122.78751299970841,
                46.99801399995497
              ],
              [
                -122.7875329997999,
                46.9980309997712
              ],
              [
                -122.78755799991428,
                46.99805199971696
              ],
              [
                -122.78757399980779,
                46.99806300023953
              ],
              [
                -122.78759100042456,
                46.998076999787465
              ],
              [
                -122.78760700031805,
                46.99808800030489
              ],
              [
                -122.7876859999608,
                46.998141000037165
              ],
              [
                -122.78781900003017,
                46.99821799984355
              ],
              [
                -122.78795999959718,
                46.998297999779446
              ],
              [
                -122.78811100010819,
                46.998397000269506
              ],
              [
                -122.78815200011609,
                46.99842700015901
              ],
              [
                -122.7881870002762,
                46.998456000158725
              ],
              [
                -122.78821900006325,
                46.998485000142665
              ],
              [
                -122.78824199962946,
                46.99850900013862
              ],
              [
                -122.78825199967523,
                46.998519000082716
              ],
              [
                -122.78826000007112,
                46.99852900002494
              ],
              [
                -122.78827400031484,
                46.99854399993472
              ],
              [
                -122.78828699983531,
                46.99855999971134
              ],
              [
                -122.78830500027698,
                46.99858400028624
              ],
              [
                -122.78831899962236,
                46.9986059998848
              ],
              [
                -122.78832899966811,
                46.99862700021721
              ],
              [
                -122.78833500041421,
                46.99864299996898
              ],
              [
                -122.78833899971384,
                46.99865699997758
              ],
              [
                -122.78834100026198,
                46.99867299972037
              ],
              [
                -122.7883420000869,
                46.99868599985246
              ],
              [
                -122.78833899971384,
                46.99870200019924
              ],
              [
                -122.7883360002391,
                46.998713999843496
              ],
              [
                -122.78832399964523,
                46.99874199981982
              ],
              [
                -122.78831899962236,
                46.998755999802476
              ],
              [
                -122.78830199990395,
                46.99880800023116
              ],
              [
                -122.78827099994179,
                46.99892999971857
              ],
              [
                -122.7882729995916,
                46.998949000196205
              ],
              [
                -122.78828600001039,
                46.998968000054425
              ],
              [
                -122.78827599996465,
                46.998981000114746
              ],
              [
                -122.78825900024623,
                46.99899099997051
              ],
              [
                -122.78824699965233,
                46.99900200029976
              ],
              [
                -122.78824199962946,
                46.99901499973919
              ],
              [
                -122.78823599978168,
                46.99903699977292
              ],
              [
                -122.78823599978168,
                46.99906799977727
              ],
              [
                -122.78823900015473,
                46.99909200012404
              ],
              [
                -122.78824599982744,
                46.999106999875764
              ],
              [
                -122.78824300035271,
                46.99912200023594
              ],
              [
                -122.78823900015473,
                46.99915999982263
              ],
              [
                -122.78824800037557,
                46.99919799999486
              ],
              [
                -122.78827099994179,
                46.99924100004437
              ],
              [
                -122.78829799970597,
                46.99927599997365
              ],
              [
                -122.78833500041421,
                46.999310999879945
              ],
              [
                -122.7883760004221,
                46.99934199972532
              ],
              [
                -122.78842800030061,
                46.99937999976816
              ],
              [
                -122.78868199984552,
                46.999381000236475
              ],
              [
                -122.78870299976192,
                46.999381000236475
              ],
              [
                -122.78872700005137,
                46.99942000010651
              ],
              [
                -122.78876399986129,
                46.99947999994525
              ],
              [
                -122.7893060001846,
                46.999497999761154
              ],
              [
                -122.7898769999219,
                46.999529999963556
              ],
              [
                -122.78987400044717,
                46.99947100003498
              ],
              [
                -122.78987100007411,
                46.99939199987282
              ],
              [
                -122.78987400044717,
                46.999369999985205
              ],
              [
                -122.78988399959461,
                46.999310999879945
              ],
              [
                -122.78993200017348,
                46.99933400026105
              ],
              [
                -122.79005099999918,
                46.99936299976844
              ],
              [
                -122.79122000013629,
                46.99936699980491
              ],
              [
                -122.79133999978687,
                46.99934999980106
              ],
              [
                -122.79153499978055,
                46.99935100026994
              ],
              [
                -122.79178099982784,
                46.99935200012618
              ],
              [
                -122.79177900017804,
                46.99913600011907
              ],
              [
                -122.79177800035312,
                46.999106000014976
              ],
              [
                -122.7920739997308,
                46.999107999736516
              ],
              [
                -122.7921089998909,
                46.999107999736516
              ],
              [
                -122.79215999994454,
                46.999107999736516
              ],
              [
                -122.79247299993898,
                46.999110000070694
              ],
              [
                -122.79298500012504,
                46.99911400012606
              ],
              [
                -122.79306299994288,
                46.99938200009211
              ],
              [
                -122.79325000043892,
                46.999813999694744
              ],
              [
                -122.79332400005876,
                46.9999849996957
              ],
              [
                -122.79392699958312,
                47.001340000122354
              ],
              [
                -122.79409700036074,
                47.00172299987573
              ],
              [
                -122.79494599993241,
                47.00210200011521
              ],
              [
                -122.79606400001587,
                47.00235499973558
              ],
              [
                -122.79802099962527,
                47.00279799996503
              ],
              [
                -122.7981150002349,
                47.00269700007832
              ],
              [
                -122.79815500041789,
                47.002653999747174
              ],
              [
                -122.79826500002275,
                47.002536999782095
              ],
              [
                -122.79840399993992,
                47.0023900000754
              ],
              [
                -122.79844999997069,
                47.00234100008332
              ],
              [
                -122.79859899993359,
                47.00198800019981
              ],
              [
                -122.79881999986652,
                47.00174700025512
              ],
              [
                -122.79888699981366,
                47.00167300007175
              ],
              [
                -122.79907299958651,
                47.00146800007986
              ],
              [
                -122.79921099967876,
                47.001472999775245
              ],
              [
                -122.79920700037914,
                47.00079199970907
              ],
              [
                -122.79921099967876,
                46.99980700014881
              ],
              [
                -122.79940300019773,
                46.99980799999647
              ],
              [
                -122.79994200014798,
                46.9998100003044
              ],
              [
                -122.80067899956664,
                46.9998100003044
              ],
              [
                -122.80066199984819,
                47.00329299993607
              ],
              [
                -122.80066100002327,
                47.00337400001815
              ],
              [
                -122.79945599990118,
                47.00336699971337
              ],
              [
                -122.79926400028053,
                47.00337100006269
              ],
              [
                -122.79921400005182,
                47.003365999932306
              ],
              [
                -122.7992130002269,
                47.003595999931235
              ],
              [
                -122.79920999985384,
                47.0052999997568
              ],
              [
                -122.79915999962513,
                47.00526500009827
              ],
              [
                -122.79901800023325,
                47.005185999927065
              ],
              [
                -122.79872299978213,
                47.00504200002006
              ],
              [
                -122.79840899996279,
                47.004906000193905
              ],
              [
                -122.7979179996931,
                47.00473700013919
              ],
              [
                -122.79759300000312,
                47.004641000254246
              ],
              [
                -122.7970799999921,
                47.00451500006685
              ],
              [
                -122.79690699973976,
                47.004482000027004
              ],
              [
                -122.79671199974608,
                47.00445100010093
              ],
              [
                -122.79661800003475,
                47.00444199980284
              ],
              [
                -122.79636199994172,
                47.00441599988614
              ],
              [
                -122.7961850003897,
                47.00440299992302
              ],
              [
                -122.79592199972566,
                47.004387999820345
              ],
              [
                -122.79535699983614,
                47.004356000077195
              ],
              [
                -122.7933190000359,
                47.00428399997242
              ],
              [
                -122.79273900007777,
                47.004260999884465
              ],
              [
                -122.79232399997605,
                47.00425700021444
              ],
              [
                -122.7919110004225,
                47.00426899983628
              ],
              [
                -122.7917080000329,
                47.00428399997242
              ],
              [
                -122.79134999983262,
                47.00432299993913
              ],
              [
                -122.79135900005346,
                47.00493899997183
              ],
              [
                -122.79136400007633,
                47.005668999907286
              ],
              [
                -122.79141599995485,
                47.01016400025918
              ],
              [
                -122.79142699982552,
                47.010555999723685
              ],
              [
                -122.7907780002704,
                47.01055399981811
              ],
              [
                -122.78626300027877,
                47.010532999886124
              ],
              [
                -122.7861179996155,
                47.010532999886124
              ],
              [
                -122.78611900033873,
                47.010466000222976
              ],
              [
                -122.78612000016363,
                47.01015999980604
              ],
              [
                -122.78614199990494,
                47.00646100030432
              ],
              [
                -122.78484399989641,
                47.00645500012732
              ],
              [
                -122.78484399989641,
                47.006364999842084
              ],
              [
                -122.7848430000715,
                47.006210999710106
              ],
              [
                -122.78484100042166,
                47.00588400010964
              ],
              [
                -122.78483899987353,
                47.00572600025611
              ],
              [
                -122.78483800004864,
                47.00541300021312
              ],
              [
                -122.78464800007784,
                47.005396000295256
              ],
              [
                -122.78455000016854,
                47.0053870001564
              ],
              [
                -122.78450999998556,
                47.0053800001154
              ],
              [
                -122.78425399989251,
                47.005335999749256
              ],
              [
                -122.78408300018832,
                47.00531000026763
              ],
              [
                -122.78386999975297,
                47.00527099979633
              ],
              [
                -122.78366399988863,
                47.00522699995297
              ],
              [
                -122.78186100026505,
                47.00480900024601
              ],
              [
                -122.78090499966495,
                47.00460100014916
              ],
              [
                -122.78054099961687,
                47.00452099984915
              ],
              [
                -122.78034999982118,
                47.00447900013376
              ],
              [
                -122.77894999970539,
                47.00417299972288
              ],
              [
                -122.77859599970306,
                47.00409599992206
              ],
              [
                -122.77745199968031,
                47.00386499985362
              ],
              [
                -122.77704300032471,
                47.003788000221434
              ],
              [
                -122.77608099987684,
                47.003609999867244
              ],
              [
                -122.77540100035958,
                47.00350200000337
              ],
              [
                -122.77494900044798,
                47.00344999985494
              ],
              [
                -122.77483300009702,
                47.00344199978049
              ],
              [
                -122.77472199976893,
                47.00343500009724
              ],
              [
                -122.77426599965936,
                47.00342400006801
              ],
              [
                -122.7738179999457,
                47.00342499984803
              ],
              [
                -122.7722549996233,
                47.00340299978324
              ],
              [
                -122.7718250003513,
                47.00340299978324
              ],
              [
                -122.77161799976375,
                47.00341099986353
              ],
              [
                -122.77142100012024,
                47.00342400006801
              ],
              [
                -122.77123100014946,
                47.003441000000834
              ],
              [
                -122.77055499993183,
                47.003520000302196
              ],
              [
                -122.77027600027257,
                47.003543000096556
              ],
              [
                -122.77012999978442,
                47.00354899998798
              ],
              [
                -122.77016300029467,
                47.005673000084236
              ],
              [
                -122.77007299988301,
                47.0060390003028
              ],
              [
                -122.77005000031677,
                47.006133999783934
              ],
              [
                -122.76998900021742,
                47.006344000100846
              ],
              [
                -122.77014900005099,
                47.00649099995393
              ],
              [
                -122.77021799964797,
                47.00654800003817
              ],
              [
                -122.7703409996716,
                47.006675000050144
              ],
              [
                -122.77044399960377,
                47.00675199980905
              ],
              [
                -122.77053700038849,
                47.00684699985985
              ],
              [
                -122.77057699967315,
                47.006895000292005
              ],
              [
                -122.77062600007697,
                47.00692199994184
              ],
              [
                -122.77081600004774,
                47.007147999878775
              ],
              [
                -122.7709659998356,
                47.00726199980942
              ],
              [
                -122.7710799996384,
                47.0073840002072
              ],
              [
                -122.77112300019441,
                47.007438000224
              ],
              [
                -122.7711430002859,
                47.007482999787946
              ],
              [
                -122.77115900017944,
                47.00751700012755
              ],
              [
                -122.77132499986078,
                47.00762800016682
              ],
              [
                -122.7714169999223,
                47.007665999829264
              ],
              [
                -122.77152099967938,
                47.007691000301705
              ],
              [
                -122.77164700007607,
                47.007753999749774
              ],
              [
                -122.77177799959732,
                47.00782699977566
              ],
              [
                -122.77216000008706,
                47.00799999985822
              ],
              [
                -122.77226399984411,
                47.00803799986855
              ],
              [
                -122.77234800040802,
                47.0080899998389
              ],
              [
                -122.77242600022582,
                47.008180000280554
              ],
              [
                -122.77254500005154,
                47.00835499982032
              ],
              [
                -122.77256599996792,
                47.00845499973749
              ],
              [
                -122.77256199976995,
                47.00865399994055
              ],
              [
                -122.7725509998993,
                47.00871999974567
              ],
              [
                -122.7724449995941,
                47.0088300000564
              ],
              [
                -122.77208999976685,
                47.00922200012344
              ],
              [
                -122.77189899997114,
                47.0095620000519
              ],
              [
                -122.77257099999078,
                47.00965100018743
              ],
              [
                -122.77325300005616,
                47.00975199978988
              ],
              [
                -122.77332800039922,
                47.00974599998261
              ],
              [
                -122.77345600044576,
                47.00969100018625
              ],
              [
                -122.77353799956322,
                47.00963599972075
              ],
              [
                -122.77363999967045,
                47.00959899989917
              ],
              [
                -122.77369599974696,
                47.00955800016624
              ],
              [
                -122.7737130003637,
                47.00950100023127
              ],
              [
                -122.77364499969335,
                47.00942699976288
              ],
              [
                -122.77361399973121,
                47.009168000072535
              ],
              [
                -122.77361399973121,
                47.00914000004735
              ],
              [
                -122.77361600027935,
                47.00911599992658
              ],
              [
                -122.77374799962551,
                47.00920100028027
              ],
              [
                -122.77395199984001,
                47.00934300005056
              ],
              [
                -122.77451099988176,
                47.0097279999441
              ],
              [
                -122.77452099992749,
                47.00983099994627
              ],
              [
                -122.77497500038723,
                47.01002900026666
              ],
              [
                -122.77502100041798,
                47.01001000005432
              ],
              [
                -122.7750840001672,
                47.009995999957994
              ],
              [
                -122.77514400044164,
                47.00998899990844
              ],
              [
                -122.77517000038091,
                47.00998599971192
              ],
              [
                -122.77525800024446,
                47.009981999858
              ],
              [
                -122.77576100020968,
                47.00998599971192
              ],
              [
                -122.77623400003772,
                47.009997000227514
              ],
              [
                -122.7763870001986,
                47.009999999810866
              ],
              [
                -122.77637700015283,
                47.01062799995008
              ],
              [
                -122.77625199958106,
                47.01062499978946
              ],
              [
                -122.77620700027353,
                47.0106260000472
              ],
              [
                -122.77560100037616,
                47.01062499978946
              ],
              [
                -122.77538000044319,
                47.011135999810136
              ],
              [
                -122.77544800021525,
                47.01140799985666
              ],
              [
                -122.77560800004883,
                47.012048000302634
              ],
              [
                -122.77565999992737,
                47.012253000120545
              ],
              [
                -122.77528500000862,
                47.01304500028275
              ],
              [
                -122.77522800010723,
                47.01316699972161
              ],
              [
                -122.774684999959,
                47.01316600012397
              ],
              [
                -122.77465499982179,
                47.01316699972161
              ],
              [
                -122.77438200001032,
                47.01316600012397
              ],
              [
                -122.77427300023037,
                47.01316600012397
              ],
              [
                -122.77427400005529,
                47.01317899979195
              ],
              [
                -122.77429199959863,
                47.01321999980768
              ],
              [
                -122.77431000004029,
                47.01326200000036
              ],
              [
                -122.77440600029975,
                47.01326099979199
              ],
              [
                -122.77465900001974,
                47.01326200000036
              ],
              [
                -122.77538000044319,
                47.01326300020871
              ],
              [
                -122.77538000044319,
                47.01342900023539
              ],
              [
                -122.77538000044319,
                47.01378499983687
              ],
              [
                -122.77544900004017,
                47.014084000183836
              ],
              [
                -122.77625499995409,
                47.01408499976433
              ],
              [
                -122.77602200032563,
                47.01521299969754
              ],
              [
                -122.77576500040766,
                47.01521299969754
              ],
              [
                -122.77392900027377,
                47.01520900023508
              ],
              [
                -122.77429099977371,
                47.015439000076874
              ],
              [
                -122.77435799972088,
                47.015492999912155
              ],
              [
                -122.77454500021692,
                47.01549400007872
              ],
              [
                -122.77499799995347,
                47.01549500024527
              ],
              [
                -122.77505499985485,
                47.01563299977512
              ],
              [
                -122.7751910002973,
                47.015978000101846
              ],
              [
                -122.7752890002066,
                47.0159980001856
              ],
              [
                -122.77568400021678,
                47.01607600013434
              ],
              [
                -122.77553899955355,
                47.01661200002995
              ],
              [
                -122.77549699972074,
                47.01676799985712
              ],
              [
                -122.77548099982722,
                47.01682700028153
              ],
              [
                -122.77516500035804,
                47.01707099997419
              ],
              [
                -122.7751129995812,
                47.01711099992786
              ],
              [
                -122.77491900031076,
                47.01725700002512
              ],
              [
                -122.77502100041798,
                47.01733499997217
              ],
              [
                -122.77464399995114,
                47.017650999738315
              ],
              [
                -122.77466999989039,
                47.01766699991705
              ],
              [
                -122.77470199967743,
                47.01768699998064
              ],
              [
                -122.77481499965536,
                47.01775700014417
              ],
              [
                -122.77484399996767,
                47.01776600003604
              ],
              [
                -122.77526599974207,
                47.01810899982044
              ],
              [
                -122.7753670000244,
                47.01819799979912
              ],
              [
                -122.77541399988006,
                47.01822800020575
              ],
              [
                -122.77534699993292,
                47.018299999888086
              ],
              [
                -122.77521399986351,
                47.018443000075074
              ],
              [
                -122.77512199980201,
                47.01854400019904
              ],
              [
                -122.77539299996369,
                47.01864899994952
              ],
              [
                -122.7757190003769,
                47.01873899974635
              ],
              [
                -122.77577799992814,
                47.01875599970451
              ],
              [
                -122.77583599965446,
                47.01877300026972
              ],
              [
                -122.77622900001485,
                47.01890399979633
              ],
              [
                -122.77647400023722,
                47.01900400017235
              ],
              [
                -122.77657100032161,
                47.019036999814396
              ],
              [
                -122.77663300024588,
                47.019059000176846
              ],
              [
                -122.77665699963701,
                47.019066999749626
              ],
              [
                -122.77666800040599,
                47.01907600003313
              ],
              [
                -122.77667900027664,
                47.01905499977756
              ],
              [
                -122.77670100001794,
                47.01901500005528
              ],
              [
                -122.77673899965279,
                47.01894599980559
              ],
              [
                -122.77678399985861,
                47.01886500006435
              ],
              [
                -122.77683599973716,
                47.018769999954216
              ],
              [
                -122.77686199967643,
                47.018722999888794
              ],
              [
                -122.77700200031683,
                47.01873899974635
              ],
              [
                -122.7770149998373,
                47.01868199981097
              ],
              [
                -122.77711899959436,
                47.01820100014677
              ],
              [
                -122.77771699999417,
                47.018250999791604
              ],
              [
                -122.77818800017239,
                47.0182810001685
              ],
              [
                -122.77814200014163,
                47.01852600006362
              ],
              [
                -122.7781200004003,
                47.01864500013197
              ],
              [
                -122.77808299969209,
                47.01885699984886
              ],
              [
                -122.77817999977644,
                47.01886700027115
              ],
              [
                -122.77871000040419,
                47.01891599980233
              ],
              [
                -122.77878200037419,
                47.01892799980564
              ],
              [
                -122.77886600003981,
                47.01874099995781
              ],
              [
                -122.77895100042863,
                47.01848700005555
              ],
              [
                -122.77896200029929,
                47.0183489999396
              ],
              [
                -122.77915100044517,
                47.01835200027876
              ],
              [
                -122.7792760001186,
                47.0183489999396
              ],
              [
                -122.77978900012961,
                47.018298999774075
              ],
              [
                -122.78011499964454,
                47.01827399998001
              ],
              [
                -122.78017499991898,
                47.01826400005905
              ],
              [
                -122.78053999979196,
                47.01820200026261
              ],
              [
                -122.78085199996151,
                47.01816699987156
              ],
              [
                -122.78087200005298,
                47.018569999975696
              ],
              [
                -122.78089899981717,
                47.01871099983942
              ],
              [
                -122.78094800022099,
                47.0188449998296
              ],
              [
                -122.7810219998408,
                47.01897500030305
              ],
              [
                -122.7811199997501,
                47.01909500008231
              ],
              [
                -122.7812450003219,
                47.01920300026546
              ],
              [
                -122.78138800043702,
                47.019298000217596
              ],
              [
                -122.78154300024771,
                47.019378999914395
              ],
              [
                -122.78170499973112,
                47.01944700012446
              ],
              [
                -122.7818910004023,
                47.0194959997358
              ],
              [
                -122.78205799990852,
                47.01953899998263
              ],
              [
                -122.78224000038173,
                47.01956000004783
              ],
              [
                -122.78244799989588,
                47.01957099981623
              ],
              [
                -122.78291700042423,
                47.01957799983469
              ],
              [
                -122.78390999993594,
                47.01957699974462
              ],
              [
                -122.78475500020795,
                47.01957500017685
              ],
              [
                -122.78819999979667,
                47.01956900024824
              ],
              [
                -122.78862599976902,
                47.019572999996576
              ],
              [
                -122.78884400022724,
                47.01958000001478
              ],
              [
                -122.78904800044174,
                47.01959699970523
              ],
              [
                -122.78924599991015,
                47.01962599984909
              ],
              [
                -122.78943599988092,
                47.01966300007313
              ],
              [
                -122.78961800035414,
                47.01971300018623
              ],
              [
                -122.78979300025631,
                47.019776000151815
              ],
              [
                -122.78995899993767,
                47.019849000281425
              ],
              [
                -122.79012100031937,
                47.01993600025519
              ],
              [
                -122.79028500035088,
                47.02003200020959
              ],
              [
                -122.79044400035957,
                47.0201450001197
              ],
              [
                -122.79054999976645,
                47.02022599975636
              ],
              [
                -122.7908829998524,
                47.02053099999247
              ],
              [
                -122.79117800030349,
                47.02087900010353
              ],
              [
                -122.79142500017569,
                47.02123300013821
              ],
              [
                -122.79148700009996,
                47.02133900016941
              ],
              [
                -122.79150200016858,
                47.02136499980983
              ],
              [
                -122.79152200026007,
                47.021450000265375
              ],
              [
                -122.78884400022724,
                47.02143700016124
              ],
              [
                -122.78662300012887,
                47.02142600016487
              ],
              [
                -122.78469400010857,
                47.021400999997674
              ],
              [
                -122.78457000026005,
                47.02130800022829
              ],
              [
                -122.78450999998556,
                47.021323999923574
              ],
              [
                -122.7843290002356,
                47.02134000022647
              ],
              [
                -122.78289599960952,
                47.02132700009556
              ],
              [
                -122.78178000007418,
                47.02130900028593
              ],
              [
                -122.78170800010417,
                47.02129999976643
              ],
              [
                -122.7821960000008,
                47.0214849997292
              ],
              [
                -122.78225000042748,
                47.02151800028746
              ],
              [
                -122.7823440001388,
                47.02157300015186
              ],
              [
                -122.78272499990533,
                47.02179799989794
              ],
              [
                -122.78298299964818,
                47.02189400017873
              ],
              [
                -122.78340500032088,
                47.02205400005897
              ],
              [
                -122.78347700029089,
                47.02207499974739
              ],
              [
                -122.7836320001016,
                47.02217100014249
              ],
              [
                -122.78375299957712,
                47.022279000227506
              ],
              [
                -122.78392099980657,
                47.02236000030102
              ],
              [
                -122.78424300002186,
                47.022650000108456
              ],
              [
                -122.78442100029712,
                47.02284099985397
              ],
              [
                -122.78445899993196,
                47.02291300005197
              ],
              [
                -122.78446999980258,
                47.02294200023191
              ],
              [
                -122.78454400032075,
                47.02300300000989
              ],
              [
                -122.78460600024505,
                47.023017999784
              ],
              [
                -122.78476000023082,
                47.023053000057
              ],
              [
                -122.78489699959985,
                47.02312399994551
              ],
              [
                -122.78495199985146,
                47.02328399981378
              ],
              [
                -122.78523300005885,
                47.02333300019038
              ],
              [
                -122.78528099973943,
                47.02338299992846
              ],
              [
                -122.78529699963293,
                47.023421000016526
              ],
              [
                -122.78525700034828,
                47.023519999877145
              ],
              [
                -122.78505599960852,
                47.02369499997959
              ],
              [
                -122.78502399982146,
                47.02377199969597
              ],
              [
                -122.78490300034593,
                47.02390899987115
              ],
              [
                -122.78485499976706,
                47.0239749998077
              ],
              [
                -122.78484700026945,
                47.023984999883716
              ],
              [
                -122.78482299998001,
                47.02402000013516
              ],
              [
                -122.7851240002789,
                47.024021000142014
              ],
              [
                -122.78899200036523,
                47.024034000229314
              ],
              [
                -122.78903599984787,
                47.024034000229314
              ],
              [
                -122.78904000004582,
                47.02410500003787
              ],
              [
                -122.78904199969563,
                47.024213999887934
              ],
              [
                -122.78904400024376,
                47.024310000110894
              ],
              [
                -122.78905000009155,
                47.02450000004324
              ],
              [
                -122.78915700022166,
                47.02450000004324
              ],
              [
                -122.78925400030607,
                47.0245010000411
              ],
              [
                -122.789763999944,
                47.02450000004324
              ],
              [
                -122.79158099981132,
                47.024499000045374
              ],
              [
                -122.79157199959047,
                47.024690999905985
              ],
              [
                -122.79157199959047,
                47.02477000000855
              ],
              [
                -122.7915730003137,
                47.02490500009145
              ],
              [
                -122.79157599978842,
                47.02532099993729
              ],
              [
                -122.79156699956758,
                47.02549500028026
              ],
              [
                -122.79154800019934,
                47.02660799984697
              ],
              [
                -122.79153999980342,
                47.02676099999495
              ],
              [
                -122.79154700037442,
                47.026869999932984
              ],
              [
                -122.79155099967407,
                47.02692900021668
              ],
              [
                -122.7915320003058,
                47.02739200003377
              ],
              [
                -122.79152999975769,
                47.02770499986076
              ],
              [
                -122.79149799997063,
                47.028754000260896
              ],
              [
                -122.79149100029791,
                47.02898700028109
              ],
              [
                -122.79151100038942,
                47.02919800004727
              ],
              [
                -122.7915029999935,
                47.029508999885294
              ],
              [
                -122.79147500040442,
                47.03062700028215
              ],
              [
                -122.79146399963544,
                47.030780999811725
              ],
              [
                -122.79146000033577,
                47.030935999998874
              ],
              [
                -122.79147000038154,
                47.031055999834635
              ],
              [
                -122.79146199998563,
                47.031088000112646
              ],
              [
                -122.79143900041942,
                47.032163999898586
              ],
              [
                -122.79143299967328,
                47.03244300015139
              ],
              [
                -122.79143299967328,
                47.03249600008504
              ],
              [
                -122.79143299967328,
                47.03252899995939
              ],
              [
                -122.78964699976815,
                47.032509999793064
              ],
              [
                -122.78964900031627,
                47.032706000217374
              ],
              [
                -122.78702999983467,
                47.03268099982218
              ],
              [
                -122.78703400003262,
                47.03246300019032
              ],
              [
                -122.78415699980815,
                47.03244099984098
              ],
              [
                -122.78414199973953,
                47.032505999789386
              ],
              [
                -122.78327999974908,
                47.0330800000044
              ],
              [
                -122.7830849997554,
                47.033110999844574
              ],
              [
                -122.78299299969393,
                47.033110999844574
              ],
              [
                -122.78288300008907,
                47.03307799971782
              ],
              [
                -122.78283200003544,
                47.033060000196734
              ],
              [
                -122.78271300020975,
                47.03299300002104
              ],
              [
                -122.78261600012537,
                47.033011000177
              ],
              [
                -122.7825399999574,
                47.03300400008306
              ],
              [
                -122.7824560002918,
                47.03298699976357
              ],
              [
                -122.78242500032965,
                47.03297799998845
              ],
              [
                -122.78232200039751,
                47.032944999779495
              ],
              [
                -122.78225899975,
                47.032924000081145
              ],
              [
                -122.78219000015302,
                47.032904000215034
              ],
              [
                -122.78211499980993,
                47.03289399997301
              ],
              [
                -122.78207299997715,
                47.03289799994756
              ],
              [
                -122.78197400024295,
                47.032958000142564
              ],
              [
                -122.78192499983913,
                47.0330030002445
              ],
              [
                -122.78189499970192,
                47.033043999732904
              ],
              [
                -122.78186999958758,
                47.0330860002514
              ],
              [
                -122.78185200004421,
                47.03312199988228
              ],
              [
                -122.78181600005921,
                47.03319299984847
              ],
              [
                -122.78179199976977,
                47.033247000095855
              ],
              [
                -122.78178400027215,
                47.033265000166196
              ],
              [
                -122.78176900020355,
                47.03331499978542
              ],
              [
                -122.78175900015778,
                47.0333539999824
              ],
              [
                -122.78174800028712,
                47.03339099987613
              ],
              [
                -122.78174099971612,
                47.033426000082905
              ],
              [
                -122.78173200039362,
                47.033480000094485
              ],
              [
                -122.78172800019566,
                47.033562000143725
              ],
              [
                -122.78172800019566,
                47.03357900027999
              ],
              [
                -122.78181600005921,
                47.03365999973858
              ],
              [
                -122.78182899957969,
                47.033703000209975
              ],
              [
                -122.78184399964829,
                47.033738000212125
              ],
              [
                -122.78186000044013,
                47.03377499983958
              ],
              [
                -122.78187299996061,
                47.03380899997106
              ],
              [
                -122.781893999877,
                47.03385799987032
              ],
              [
                -122.78190999977053,
                47.033901000182226
              ],
              [
                -122.78193099968692,
                47.03394900017618
              ],
              [
                -122.78194900012859,
                47.034013000305016
              ],
              [
                -122.78196099982416,
                47.03405199999196
              ],
              [
                -122.78197699971767,
                47.0341039997343
              ],
              [
                -122.78198900031157,
                47.034148000277334
              ],
              [
                -122.78200600003001,
                47.03419699986533
              ],
              [
                -122.78201100005288,
                47.034212999983424
              ],
              [
                -122.78202299974846,
                47.034248000263375
              ],
              [
                -122.78204000036517,
                47.03429999981473
              ],
              [
                -122.7820479998628,
                47.03437400010144
              ],
              [
                -122.7820479998628,
                47.03440300017758
              ],
              [
                -122.78209600044168,
                47.03454799970946
              ],
              [
                -122.78214300029734,
                47.034633999798864
              ],
              [
                -122.78221899956702,
                47.0347259998122
              ],
              [
                -122.78228100038962,
                47.03477400028863
              ],
              [
                -122.78229499973499,
                47.03478499998354
              ],
              [
                -122.78232300022243,
                47.03481099981006
              ],
              [
                -122.78234699961354,
                47.034834000211134
              ],
              [
                -122.78235800038252,
                47.03484300028557
              ],
              [
                -122.78239199981938,
                47.03487299991034
              ],
              [
                -122.78243899967504,
                47.03492599987972
              ],
              [
                -122.78248899990376,
                47.03499000006137
              ],
              [
                -122.78251499984302,
                47.035039000100774
              ],
              [
                -122.78252999991166,
                47.03510199973541
              ],
              [
                -122.7825419996072,
                47.035097999926066
              ],
              [
                -122.78264200006464,
                47.035115000185286
              ],
              [
                -122.78260899955434,
                47.03525899982303
              ],
              [
                -122.78253800030755,
                47.035492000220785
              ],
              [
                -122.7825340001096,
                47.03550700015896
              ],
              [
                -122.78252800026182,
                47.035531000051314
              ],
              [
                -122.78254400015534,
                47.0355370000227
              ],
              [
                -122.78286700019552,
                47.03567699998019
              ],
              [
                -122.78315800044868,
                47.03591799988629
              ],
              [
                -122.78331300025937,
                47.03591900028244
              ],
              [
                -122.78331400008429,
                47.03596899986405
              ],
              [
                -122.78334900024437,
                47.03599900008032
              ],
              [
                -122.78345800002432,
                47.03608900001563
              ],
              [
                -122.78358500024595,
                47.036194000156456
              ],
              [
                -122.78390499991308,
                47.036345000212556
              ],
              [
                -122.78431499999189,
                47.036348000152586
              ],
              [
                -122.78463100035941,
                47.03637099989124
              ],
              [
                -122.7848289998278,
                47.03651999990115
              ],
              [
                -122.78504100043821,
                47.03664899980786
              ],
              [
                -122.78574000022205,
                47.03658600016291
              ],
              [
                -122.78604900001854,
                47.03662400003542
              ],
              [
                -122.78636899968568,
                47.03678099993069
              ],
              [
                -122.78651500017384,
                47.03679999980089
              ],
              [
                -122.78678499961228,
                47.03679600011876
              ],
              [
                -122.7871510002085,
                47.036717000060314
              ],
              [
                -122.78743999991349,
                47.03668599986598
              ],
              [
                -122.78840499983609,
                47.036706000151405
              ],
              [
                -122.78840800020913,
                47.03727299973791
              ],
              [
                -122.7890889995513,
                47.03727100022073
              ],
              [
                -122.78909000027453,
                47.03733200015427
              ],
              [
                -122.78909899959706,
                47.037427000293334
              ],
              [
                -122.78909899959706,
                47.03744500017818
              ],
              [
                -122.78910000032029,
                47.03762499991711
              ],
              [
                -122.78873200007422,
                47.03761900018045
              ],
              [
                -122.78842400010267,
                47.03761400019536
              ],
              [
                -122.78842400010267,
                47.03763700000053
              ],
              [
                -122.78842400010267,
                47.03812500029137
              ],
              [
                -122.78860499985262,
                47.038464999853176
              ],
              [
                -122.78867900037079,
                47.0386050000874
              ],
              [
                -122.78878599960258,
                47.038799000093356
              ],
              [
                -122.78881599973982,
                47.03882100027039
              ],
              [
                -122.78905500011442,
                47.03899900020049
              ],
              [
                -122.7893349995986,
                47.03920600006373
              ],
              [
                -122.78943000003316,
                47.03930000020667
              ],
              [
                -122.78975600044637,
                47.03962500023897
              ],
              [
                -122.79008799980907,
                47.03963099975006
              ],
              [
                -122.79090999961656,
                47.04087800001173
              ],
              [
                -122.79096200039342,
                47.04096300000488
              ],
              [
                -122.7912789996875,
                47.04092999983635
              ],
              [
                -122.79128200006056,
                47.042377000033945
              ],
              [
                -122.7912839997104,
                47.04325899969869
              ],
              [
                -122.79128799990832,
                47.044908000235324
              ],
              [
                -122.79128799990832,
                47.04499799983484
              ],
              [
                -122.79128799990832,
                47.04501099971004
              ],
              [
                -122.79128899973324,
                47.04546199982273
              ],
              [
                -122.7912910002814,
                47.04635700006079
              ],
              [
                -122.7912850004336,
                47.04680100030347
              ],
              [
                -122.79167899972059,
                47.046803000075585
              ],
              [
                -122.79385100031345,
                47.046819000086465
              ],
              [
                -122.79392499993328,
                47.04682000027824
              ],
              [
                -122.79414099984336,
                47.046823000241446
              ],
              [
                -122.7947479995657,
                47.04683099993838
              ],
              [
                -122.79475099993873,
                47.04773900028959
              ],
              [
                -122.79642100039125,
                47.04775399984537
              ],
              [
                -122.79659600029345,
                47.04776099984069
              ],
              [
                -122.7965999995931,
                47.04822999988181
              ],
              [
                -122.79661899985966,
                47.04963399994071
              ],
              [
                -122.79662700025558,
                47.05025700028622
              ],
              [
                -122.79658399969955,
                47.05038100001916
              ],
              [
                -122.7965860002477,
                47.05042100010843
              ],
              [
                -122.79658799989753,
                47.050481000186096
              ],
              [
                -122.79661100036205,
                47.05063100008496
              ],
              [
                -122.79661700020984,
                47.05078299979697
              ],
              [
                -122.79662100040781,
                47.052025999749056
              ],
              [
                -122.7966070001641,
                47.05227999980647
              ],
              [
                -122.79660100031631,
                47.05230699976553
              ],
              [
                -122.79672400033998,
                47.05310900015963
              ],
              [
                -122.79672500016487,
                47.05381299977494
              ],
              [
                -122.7967269998147,
                47.054077999891554
              ],
              [
                -122.79656000030845,
                47.054074000280664
              ],
              [
                -122.79656100013334,
                47.054086999780004
              ],
              [
                -122.79400399957602,
                47.054077999891554
              ],
              [
                -122.79164600010864,
                47.05407200016907
              ],
              [
                -122.79141500012996,
                47.05407100011328
              ],
              [
                -122.7912939997561,
                47.05407100011328
              ],
              [
                -122.79129200010632,
                47.054412999747996
              ],
              [
                -122.79128000041074,
                47.05630300027654
              ],
              [
                -122.79127299983973,
                47.0576640000822
              ],
              [
                -122.7908900004234,
                47.05766000012822
              ],
              [
                -122.78975200024844,
                47.05764800026465
              ],
              [
                -122.7891930002067,
                47.05763799976429
              ],
              [
                -122.78859300015706,
                47.05763599978641
              ],
              [
                -122.78849199987472,
                47.05763499979742
              ],
              [
                -122.78847299960815,
                47.05863200030512
              ],
              [
                -122.78846699976037,
                47.05942900004469
              ],
              [
                -122.78846599993545,
                47.05956399996478
              ],
              [
                -122.78764300030308,
                47.05970000010528
              ],
              [
                -122.78416600002899,
                47.06027500022671
              ],
              [
                -122.7829840003714,
                47.060469999695265
              ],
              [
                -122.78071700024229,
                47.060845000010936
              ],
              [
                -122.77794600032303,
                47.061301999776965
              ],
              [
                -122.77575399963868,
                47.06152000029662
              ],
              [
                -122.77551900036036,
                47.06124099971337
              ],
              [
                -122.77551299961428,
                47.06123299972993
              ],
              [
                -122.77533299968921,
                47.06123199980845
              ],
              [
                -122.77534000026023,
                47.06039099981134
              ],
              [
                -122.77534500028311,
                47.0597529998906
              ],
              [
                -122.775346000108,
                47.05963600019037
              ],
              [
                -122.77534500028311,
                47.05947299989756
              ],
              [
                -122.77522200025943,
                47.05947299989756
              ],
              [
                -122.7703549999153,
                47.05946600021544
              ],
              [
                -122.77002799967717,
                47.05946500026081
              ],
              [
                -122.7700639996622,
                47.055668999891886
              ],
              [
                -122.76984100007941,
                47.055712999787424
              ],
              [
                -122.7698340004067,
                47.055535999959
              ],
              [
                -122.76984100007941,
                47.05424399969797
              ],
              [
                -122.76983900042957,
                47.05403499992751
              ],
              [
                -122.76983799970637,
                47.05400700017423
              ],
              [
                -122.76987299986645,
                47.05400800023125
              ],
              [
                -122.77009700017246,
                47.05400800023125
              ],
              [
                -122.77010200019531,
                47.053145999819606
              ],
              [
                -122.77010499967007,
                47.052635999846146
              ],
              [
                -122.7701070002182,
                47.05224900008594
              ],
              [
                -122.77011999973867,
                47.05002299996545
              ],
              [
                -122.77013800018032,
                47.046712000266965
              ],
              [
                -122.77014599967794,
                47.04555100010841
              ],
              [
                -122.77014700040117,
                47.045455999743105
              ],
              [
                -122.77087499959899,
                47.0452790001512
              ],
              [
                -122.77133699955637,
                47.0451649999682
              ],
              [
                -122.7712849996778,
                47.045084999833925
              ],
              [
                -122.77082899956822,
                47.044382999953086
              ],
              [
                -122.77083100011637,
                47.0440819998524
              ],
              [
                -122.77083799978907,
                47.04307799972744
              ],
              [
                -122.76500100039777,
                47.04306699990558
              ],
              [
                -122.76489000006968,
                47.043066000255564
              ],
              [
                -122.7639129995532,
                47.04306300008111
              ],
              [
                -122.76367800027487,
                47.04306699990558
              ],
              [
                -122.7596119998218,
                47.04305099999364
              ],
              [
                -122.75435700003847,
                47.043043999992406
              ],
              [
                -122.75432699990125,
                47.04667400023368
              ],
              [
                -122.75513399964011,
                47.04667600001056
              ],
              [
                -122.75512799979232,
                47.04826299981948
              ],
              [
                -122.75461300013151,
                47.048424999940686
              ],
              [
                -122.75431400038076,
                47.048526999809916
              ],
              [
                -122.75398200011973,
                47.04864100015307
              ],
              [
                -122.75359600033039,
                47.04877899969477
              ],
              [
                -122.75351599996443,
                47.04880799989904
              ],
              [
                -122.75266300019481,
                47.04911399978475
              ],
              [
                -122.75241999962225,
                47.04920099980379
              ],
              [
                -122.75192099985497,
                47.04938599977361
              ],
              [
                -122.7519080003345,
                47.04939099987969
              ],
              [
                -122.75135000011767,
                47.0495849998387
              ],
              [
                -122.75123399976671,
                47.049626000052065
              ],
              [
                -122.74938500011234,
                47.05026799984968
              ],
              [
                -122.74926399973852,
                47.05031099979073
              ],
              [
                -122.74905799987421,
                47.050383000269186
              ],
              [
                -122.74905799987421,
                47.05040700020302
              ],
              [
                -122.74905700004929,
                47.0504400000179
              ],
              [
                -122.74905799987421,
                47.05048600018952
              ],
              [
                -122.74904799982845,
                47.0539059998273
              ],
              [
                -122.7490229997141,
                47.053932000128796
              ],
              [
                -122.7490229997141,
                47.0540419997105
              ],
              [
                -122.74899699977485,
                47.05754500010053
              ],
              [
                -122.74898000005642,
                47.05986899999896
              ],
              [
                -122.74851300007617,
                47.0599629998384
              ],
              [
                -122.7471840001055,
                47.06022999987152
              ],
              [
                -122.7459959997018,
                47.06046799982361
              ],
              [
                -122.74431399955374,
                47.06080700025569
              ],
              [
                -122.74308500004047,
                47.0610549999413
              ],
              [
                -122.74313400044429,
                47.06116300028275
              ],
              [
                -122.74897500003352,
                47.061206000006536
              ],
              [
                -122.75173000005925,
                47.06122600027892
              ],
              [
                -122.75592700003358,
                47.061255999755545
              ],
              [
                -122.76065700011036,
                47.06124099971337
              ],
              [
                -122.76089300011189,
                47.06123999979199
              ],
              [
                -122.76089599958665,
                47.06129399980273
              ],
              [
                -122.76090900000544,
                47.061567999920754
              ],
              [
                -122.76089300011189,
                47.0634230000961
              ],
              [
                -122.7600179997027,
                47.06349699976382
              ],
              [
                -122.75950499969169,
                47.063539000174565
              ],
              [
                -122.75950499969169,
                47.06358299969517
              ],
              [
                -122.7595060004149,
                47.063713999999955
              ],
              [
                -122.7595060004149,
                47.06377799991502
              ],
              [
                -122.75950200021697,
                47.064067999848554
              ],
              [
                -122.75949899984393,
                47.06433799971893
              ],
              [
                -122.75949899984393,
                47.06439200026321
              ],
              [
                -122.75951300008761,
                47.06439099978901
              ],
              [
                -122.7595110004378,
                47.0645600001109
              ],
              [
                -122.7595110004378,
                47.06468999999395
              ],
              [
                -122.761625000406,
                47.06446099989322
              ],
              [
                -122.76276000020795,
                47.064579999736964
              ],
              [
                -122.76373500017628,
                47.064841000166105
              ],
              [
                -122.76378700005482,
                47.064854999953745
              ],
              [
                -122.76382399986474,
                47.06485999983331
              ],
              [
                -122.76414299970698,
                47.06485999983331
              ],
              [
                -122.76441399986862,
                47.06488099981186
              ],
              [
                -122.76455399961071,
                47.06493200024975
              ],
              [
                -122.76465499989304,
                47.06500099979274
              ],
              [
                -122.76472799968796,
                47.06508999990492
              ],
              [
                -122.7647519999774,
                47.06520699987449
              ],
              [
                -122.7646389999995,
                47.066478000108845
              ],
              [
                -122.76466099974083,
                47.06654499984263
              ],
              [
                -122.7647019997487,
                47.06658800012055
              ],
              [
                -122.76479200016038,
                47.06661599999832
              ],
              [
                -122.76492100003182,
                47.06662999993165
              ],
              [
                -122.76481599955152,
                47.06677199992204
              ],
              [
                -122.76464800022035,
                47.066954999886086
              ],
              [
                -122.7646249997558,
                47.06707299985741
              ],
              [
                -122.76458700012098,
                47.06750800011903
              ],
              [
                -122.76459499961858,
                47.06807699987372
              ],
              [
                -122.7646030000145,
                47.06847299970137
              ],
              [
                -122.75946500040703,
                47.06853499984065
              ],
              [
                -122.75946399968382,
                47.06845499988429
              ],
              [
                -122.75828899969892,
                47.06844099981841
              ],
              [
                -122.74475299994485,
                47.0684059999435
              ],
              [
                -122.74149800032693,
                47.06839400005103
              ],
              [
                -122.74144200025044,
                47.06853199987505
              ],
              [
                -122.74143200020468,
                47.0686660002136
              ],
              [
                -122.7413900003719,
                47.06871400013417
              ],
              [
                -122.74135600003673,
                47.06875099997971
              ],
              [
                -122.74129300028751,
                47.06879500009332
              ],
              [
                -122.74120299987582,
                47.06881700013653
              ],
              [
                -122.74105399991292,
                47.06883900017064
              ],
              [
                -122.74091300034594,
                47.06884500006712
              ],
              [
                -122.74076100000995,
                47.06886900025815
              ],
              [
                -122.74063499961326,
                47.06892299988365
              ],
              [
                -122.74039100011412,
                47.06897199996102
              ],
              [
                -122.74023999960305,
                47.06899699987073
              ],
              [
                -122.73996900033971,
                47.06915100001065
              ],
              [
                -122.73954099981923,
                47.069393999974025
              ],
              [
                -122.73942799984133,
                47.0694620000927
              ],
              [
                -122.73939400040443,
                47.069486000005895
              ],
              [
                -122.73921000028142,
                47.06961699987705
              ],
              [
                -122.73910800017417,
                47.0696980002995
              ],
              [
                -122.73901299973961,
                47.06978400001655
              ],
              [
                -122.73892499987608,
                47.069871999725684
              ],
              [
                -122.73882100011899,
                47.069992999853284
              ],
              [
                -122.73870800014112,
                47.07015000004938
              ],
              [
                -122.73865100023967,
                47.07024499986938
              ],
              [
                -122.73860400038403,
                47.070342999995745
              ],
              [
                -122.73853900008669,
                47.07054299991924
              ],
              [
                -122.73850999977437,
                47.07066799994922
              ],
              [
                -122.73849700025389,
                47.07073999986276
              ],
              [
                -122.73848600038323,
                47.070910999726536
              ],
              [
                -122.7384839998351,
                47.070942999962114
              ],
              [
                -122.73845000039823,
                47.07612400025906
              ],
              [
                -122.73843600015455,
                47.07746900002148
              ],
              [
                -122.73842399956065,
                47.07851200018491
              ],
              [
                -122.7384210000859,
                47.07882499988238
              ],
              [
                -122.73840900039036,
                47.07942700017078
              ],
              [
                -122.73840799966715,
                47.07992899996617
              ],
              [
                -122.73839799962138,
                47.081284000072074
              ],
              [
                -122.73838199972786,
                47.0829069997192
              ],
              [
                -122.73838000007804,
                47.0831120002062
              ],
              [
                -122.73836199963638,
                47.08741900016738
              ],
              [
                -122.73835999998654,
                47.08754100025019
              ],
              [
                -122.73832800019949,
                47.09080600024843
              ],
              [
                -122.7383149997807,
                47.09209800001779
              ],
              [
                -122.73830599955988,
                47.09297999991946
              ],
              [
                -122.73829800006227,
                47.093757000136826
              ],
              [
                -122.738272000123,
                47.096438999889344
              ],
              [
                -122.73825600022948,
                47.09687599989589
              ],
              [
                -122.7382429998107,
                47.09724700026463
              ],
              [
                -122.7382369999629,
                47.097410999864195
              ],
              [
                -122.73929800014497,
                47.09740000024247
              ],
              [
                -122.73994300040044,
                47.097401999951494
              ],
              [
                -122.74169400014551,
                47.09740900015552
              ],
              [
                -122.74340100040796,
                47.09741000000989
              ],
              [
                -122.74426199967517,
                47.097410999864195
              ],
              [
                -122.74579499986037,
                47.09741300018434
              ],
              [
                -122.74717999990753,
                47.09741499989287
              ],
              [
                -122.74761699975053,
                47.09742500026901
              ],
              [
                -122.74781699976707,
                47.09745000028382
              ],
              [
                -122.74787200001867,
                47.0974640000668
              ],
              [
                -122.74793399994294,
                47.09749200023333
              ],
              [
                -122.74804799974576,
                47.097493000086104
              ],
              [
                -122.74888899981981,
                47.09750500015274
              ],
              [
                -122.75009700031498,
                47.097486999746
              ],
              [
                -122.7508809995893,
                47.097464999920135
              ],
              [
                -122.75099500029043,
                47.097486999746
              ],
              [
                -122.75110300024544,
                47.09748900006329
              ],
              [
                -122.75134199972175,
                47.09749200023333
              ],
              [
                -122.75866100014291,
                47.097603000289865
              ],
              [
                -122.75929200015467,
                47.097604999991255
              ],
              [
                -122.75948899979817,
                47.097605999841946
              ],
              [
                -122.75948700014834,
                47.09782300001565
              ],
              [
                -122.75948499960019,
                47.098015000178734
              ],
              [
                -122.75948499960019,
                47.09806500025412
              ],
              [
                -122.75946000038418,
                47.10081499996892
              ],
              [
                -122.75945399963805,
                47.10110899990745
              ],
              [
                -122.75560999984117,
                47.10108699974361
              ],
              [
                -122.75561200038932,
                47.100971000063595
              ],
              [
                -122.75412299968674,
                47.10096599990303
              ],
              [
                -122.75412199986182,
                47.10121800019594
              ],
              [
                -122.7540830004021,
                47.10591199990677
              ],
              [
                -122.75408199967887,
                47.10616600001383
              ],
              [
                -122.754084000227,
                47.106299999870814
              ],
              [
                -122.75407900020413,
                47.10697499980681
              ],
              [
                -122.75407199963311,
                47.10786399974839
              ],
              [
                -122.75405999993755,
                47.1098379997653
              ],
              [
                -122.7540430002191,
                47.110552000070804
              ],
              [
                -122.75401899992968,
                47.111508999829695
              ],
              [
                -122.75400800005902,
                47.11196500024285
              ],
              [
                -122.75364599966076,
                47.11196400005049
              ],
              [
                -122.75391000014973,
                47.112516000063515
              ],
              [
                -122.75409300044782,
                47.11266999974788
              ],
              [
                -122.75416799989259,
                47.11273299999051
              ],
              [
                -122.75422499979399,
                47.11274100019067
              ],
              [
                -122.75424499988549,
                47.112806000091055
              ],
              [
                -122.75428500006846,
                47.11295399972795
              ],
              [
                -122.75435399966541,
                47.1130719999284
              ],
              [
                -122.75443800022931,
                47.113217000153206
              ],
              [
                -122.75446900019145,
                47.11323399996394
              ],
              [
                -122.7546139999564,
                47.11358200000306
              ],
              [
                -122.75473299978212,
                47.11386499985034
              ],
              [
                -122.75486800039964,
                47.11429900004509
              ],
              [
                -122.75503599973081,
                47.11463399983152
              ],
              [
                -122.75531600011328,
                47.11494700001649
              ],
              [
                -122.75550899955881,
                47.11522700015899
              ],
              [
                -122.75599700035377,
                47.11572100025431
              ],
              [
                -122.75631799984582,
                47.11600599996311
              ],
              [
                -122.7564700001818,
                47.11620400002694
              ],
              [
                -122.7568309998568,
                47.11647899974242
              ],
              [
                -122.75749600020374,
                47.116858000022255
              ],
              [
                -122.75771299993875,
                47.11703400028597
              ],
              [
                -122.75831399981328,
                47.117363000037486
              ],
              [
                -122.75880400025802,
                47.117588999931186
              ],
              [
                -122.75950200021697,
                47.11785300014949
              ],
              [
                -122.75969300001265,
                47.117948999959694
              ],
              [
                -122.7598639997169,
                47.11800700028322
              ],
              [
                -122.76087300002042,
                47.11834400010069
              ],
              [
                -122.76097000010482,
                47.11837700003697
              ],
              [
                -122.76113999998412,
                47.118380999712976
              ],
              [
                -122.76127100040368,
                47.11838499999995
              ],
              [
                -122.7613919998792,
                47.11843000015123
              ],
              [
                -122.7615330003445,
                47.118391999890115
              ],
              [
                -122.76212599982311,
                47.118407999810344
              ],
              [
                -122.76212499999822,
                47.118397000247775
              ],
              [
                -122.76219199994539,
                47.11832199972425
              ],
              [
                -122.76225100039491,
                47.118255000300046
              ],
              [
                -122.7622930002277,
                47.11820699977573
              ],
              [
                -122.76234500010624,
                47.11814700012916
              ],
              [
                -122.76238600011413,
                47.11809800004159
              ],
              [
                -122.76239799980969,
                47.118082000028195
              ],
              [
                -122.76241000040356,
                47.11806700008766
              ],
              [
                -122.76243100031998,
                47.11803899973902
              ],
              [
                -122.76245399988619,
                47.118007999750716
              ],
              [
                -122.76247599962748,
                47.11798200014099
              ],
              [
                -122.76249400006914,
                47.11796800025181
              ],
              [
                -122.76251400016065,
                47.11795900014645
              ],
              [
                -122.76253699972686,
                47.1179459997199
              ],
              [
                -122.76255199979549,
                47.11793700022213
              ],
              [
                -122.76256600003917,
                47.117925999950884
              ],
              [
                -122.76257699990983,
                47.117916999838414
              ],
              [
                -122.76260100019928,
                47.11789800013939
              ],
              [
                -122.7626170000928,
                47.1178770002711
              ],
              [
                -122.76263999965902,
                47.117850999986025
              ],
              [
                -122.76268300021502,
                47.117804999873776
              ],
              [
                -122.76307200037748,
                47.11729399983268
              ],
              [
                -122.7629409999579,
                47.11697399992802
              ],
              [
                -122.76335799970941,
                47.117079999842154
              ],
              [
                -122.76338299982376,
                47.117079999842154
              ],
              [
                -122.7635050000225,
                47.116978999807614
              ],
              [
                -122.76368599977246,
                47.11682900015911
              ],
              [
                -122.76382100039,
                47.11682599985617
              ],
              [
                -122.7639040002307,
                47.11694699971431
              ],
              [
                -122.7639329996447,
                47.11709199977299
              ],
              [
                -122.76390699970543,
                47.117268999966726
              ],
              [
                -122.76382499968966,
                47.11746100029859
              ],
              [
                -122.76368599977246,
                47.117616999905316
              ],
              [
                -122.76335100003674,
                47.11791500028866
              ],
              [
                -122.76279700001785,
                47.11834600024558
              ],
              [
                -122.7626859996898,
                47.11841400023766
              ],
              [
                -122.76265599955255,
                47.11843299975243
              ],
              [
                -122.76269999993347,
                47.11843299975243
              ],
              [
                -122.76271199962903,
                47.11841400023766
              ],
              [
                -122.76279799984277,
                47.11838399992824
              ],
              [
                -122.7627869999721,
                47.11841200009528
              ],
              [
                -122.76243899981756,
                47.11874400007952
              ],
              [
                -122.76238199991616,
                47.11888000018198
              ],
              [
                -122.76279600019295,
                47.118883999820184
              ],
              [
                -122.76297399956987,
                47.11866499977951
              ],
              [
                -122.76315100002019,
                47.11844800020109
              ],
              [
                -122.7632099995714,
                47.118404000136366
              ],
              [
                -122.76336500028042,
                47.118289999827304
              ],
              [
                -122.76344999977093,
                47.118228000125086
              ],
              [
                -122.76379700010055,
                47.118156000202724
              ],
              [
                -122.76368999997044,
                47.11807199986451
              ],
              [
                -122.76368499994757,
                47.11779599974085
              ],
              [
                -122.76432900037811,
                47.1178150000876
              ],
              [
                -122.76433500022591,
                47.11809100011275
              ],
              [
                -122.76424099961625,
                47.11808799988097
              ],
              [
                -122.76412900036158,
                47.11808500026027
              ],
              [
                -122.76413100001139,
                47.118357999890904
              ],
              [
                -122.76386099967466,
                47.118621999961526
              ],
              [
                -122.76373199980323,
                47.11886699998046
              ],
              [
                -122.76362600039633,
                47.11923799992249
              ],
              [
                -122.76369599981822,
                47.11933799989429
              ],
              [
                -122.76457700007523,
                47.11932799996671
              ],
              [
                -122.7647009999238,
                47.11932799996671
              ],
              [
                -122.76471099996954,
                47.11623900029196
              ],
              [
                -122.76472600003817,
                47.11202999986827
              ],
              [
                -122.75955800029345,
                47.11195399995978
              ],
              [
                -122.75943000024695,
                47.1055670001793
              ],
              [
                -122.75944500031552,
                47.10543800005246
              ],
              [
                -122.75946700005684,
                47.10538099979733
              ],
              [
                -122.75947299990463,
                47.10481000028788
              ],
              [
                -122.76974099962199,
                47.104855000301285
              ],
              [
                -122.77002400037753,
                47.10485600001582
              ],
              [
                -122.77002400037753,
                47.104815999802724
              ],
              [
                -122.77004899959356,
                47.10264599991168
              ],
              [
                -122.77009700017246,
                47.098468999727736
              ],
              [
                -122.77009700017246,
                47.097653999990335
              ],
              [
                -122.78071999971705,
                47.09769400008097
              ],
              [
                -122.78071999971705,
                47.097658000000756
              ],
              [
                -122.78071899989213,
                47.09752299994182
              ],
              [
                -122.78071800006721,
                47.09735699975354
              ],
              [
                -122.78071800006721,
                47.09671500008543
              ],
              [
                -122.78071399986926,
                47.09487500009212
              ],
              [
                -122.78071100039452,
                47.09421999974815
              ],
              [
                -122.78071100039452,
                47.0939730001764
              ],
              [
                -122.78071100039452,
                47.09395900008713
              ],
              [
                -122.78884699970196,
                47.09401800017627
              ],
              [
                -122.78886400031872,
                47.0934399997722
              ],
              [
                -122.79001900021213,
                47.09343199972894
              ],
              [
                -122.79010100022789,
                47.09343199972894
              ],
              [
                -122.7912080004407,
                47.09263199973089
              ],
              [
                -122.79122000013629,
                47.090816000030884
              ],
              [
                -122.79254900010694,
                47.090808000205065
              ],
              [
                -122.79257000002336,
                47.0905319999737
              ],
              [
                -122.78071899989213,
                47.09051400026794
              ],
              [
                -122.78071999971705,
                47.09032999986853
              ],
              [
                -122.78072300009008,
                47.08854700004725
              ],
              [
                -122.78071999971705,
                47.08772599992289
              ],
              [
                -122.78072499973989,
                47.086717999800946
              ],
              [
                -122.78191399996851,
                47.08671899985605
              ],
              [
                -122.78260000023184,
                47.08672099996616
              ],
              [
                -122.782807999746,
                47.08672099996616
              ],
              [
                -122.782807999746,
                47.08675800015469
              ],
              [
                -122.78603599959975,
                47.086774999852494
              ],
              [
                -122.78603399994991,
                47.08672700029603
              ],
              [
                -122.7860120002086,
                47.08659400016497
              ],
              [
                -122.78601399985844,
                47.08638900023234
              ],
              [
                -122.78603399994991,
                47.08455399993692
              ],
              [
                -122.78605099966833,
                47.083127999721654
              ],
              [
                -122.78603300012499,
                47.082105999918326
              ],
              [
                -122.78598899974406,
                47.07968699989731
              ],
              [
                -122.78598600026933,
                47.079472000226005
              ],
              [
                -122.78780300013665,
                47.07944300018119
              ],
              [
                -122.78870600013498,
                47.07944699972421
              ],
              [
                -122.78870799978479,
                47.07895199985288
              ],
              [
                -122.78871000033293,
                47.078079999845606
              ],
              [
                -122.78868299967044,
                47.07791900010619
              ],
              [
                -122.7886450000356,
                47.07786400019776
              ],
              [
                -122.788593999982,
                47.077803000121676
              ],
              [
                -122.78848500020203,
                47.077710000152074
              ],
              [
                -122.78854299992835,
                47.07766100015542
              ],
              [
                -122.78859099960894,
                47.077629000283096
              ],
              [
                -122.78862199957108,
                47.077607000206804
              ],
              [
                -122.78867299962471,
                47.07756600009598
              ],
              [
                -122.78861900009633,
                47.07753400016659
              ],
              [
                -122.78859700035503,
                47.07576900007163
              ],
              [
                -122.7912429997025,
                47.075791000295034
              ],
              [
                -122.79126699999195,
                47.07772900012614
              ],
              [
                -122.79128799990832,
                47.07946800007311
              ],
              [
                -122.79131100037287,
                47.08141800015761
              ],
              [
                -122.79395099987256,
                47.08143599987867
              ],
              [
                -122.7939890004057,
                47.0831679997127
              ],
              [
                -122.79394300037497,
                47.083932999878435
              ],
              [
                -122.79415400026215,
                47.08399599987746
              ],
              [
                -122.7942139996383,
                47.08400900003303
              ],
              [
                -122.7944039996091,
                47.08344900014892
              ],
              [
                -122.79526300012479,
                47.08345300000291
              ],
              [
                -122.79527900001835,
                47.083172000199546
              ],
              [
                -122.79654699988966,
                47.08317600007434
              ],
              [
                -122.79663399992826,
                47.083177000195896
              ],
              [
                -122.79655399956233,
                47.0758210001401
              ],
              [
                -122.80180699969586,
                47.075852000227336
              ],
              [
                -122.80177599973372,
                47.07219400004119
              ],
              [
                -122.81241099987216,
                47.07222099970599
              ],
              [
                -122.81280599988236,
                47.07222299974858
              ],
              [
                -122.81240900022236,
                47.07262000029538
              ],
              [
                -122.81310700018125,
                47.072625000058395
              ],
              [
                -122.81312800009765,
                47.07282799970794
              ],
              [
                -122.81338199964256,
                47.073095000161224
              ],
              [
                -122.81345799981054,
                47.073050999926494
              ],
              [
                -122.8135590000929,
                47.073011999994
              ],
              [
                -122.81402100005025,
                47.07293800007505
              ],
              [
                -122.81417400021112,
                47.07293200002751
              ],
              [
                -122.81473099970471,
                47.07293699976125
              ],
              [
                -122.81498000012505,
                47.072946000137385
              ],
              [
                -122.81497799957691,
                47.07222899987595
              ],
              [
                -122.81663899980865,
                47.07223400028748
              ],
              [
                -122.81673800044115,
                47.07233500017922
              ],
              [
                -122.81684499967297,
                47.0724440000172
              ],
              [
                -122.81773699980062,
                47.072444999728425
              ],
              [
                -122.81788699958844,
                47.072482000043046
              ],
              [
                -122.8176999999907,
                47.07219800012838
              ],
              [
                -122.81751900024074,
                47.072057000239724
              ],
              [
                -122.81731800039927,
                47.07190299993081
              ],
              [
                -122.81729599975966,
                47.071878000160446
              ],
              [
                -122.81722799998761,
                47.07184100003833
              ],
              [
                -122.81725499975177,
                47.0718309997529
              ],
              [
                -122.81733199974467,
                47.071803000167264
              ],
              [
                -122.81781899981638,
                47.07162899970322
              ],
              [
                -122.8180649998637,
                47.07153199983437
              ],
              [
                -122.81823300009317,
                47.07144399980688
              ],
              [
                -122.81838000040626,
                47.07135099975203
              ],
              [
                -122.818635999601,
                47.071155999702235
              ],
              [
                -122.81893600007497,
                47.07093899978074
              ],
              [
                -122.81959600039905,
                47.070528000042785
              ],
              [
                -122.81858999957024,
                47.06954199976138
              ],
              [
                -122.81712699970525,
                47.06954099999569
              ],
              [
                -122.81712699970525,
                47.06923900015304
              ],
              [
                -122.81621899968405,
                47.069237999769804
              ],
              [
                -122.8162200004073,
                47.0686050000099
              ],
              [
                -122.81622600025509,
                47.066272999870606
              ],
              [
                -122.82038399987134,
                47.066275999963345
              ],
              [
                -122.82038300004642,
                47.06497800015893
              ],
              [
                -122.81508499970705,
                47.06497499999314
              ],
              [
                -122.81509300010298,
                47.06135000020934
              ],
              [
                -122.81774000017367,
                47.061365000220846
              ],
              [
                -122.8177279995798,
                47.061288000280186
              ],
              [
                -122.81770500001359,
                47.06122800012219
              ],
              [
                -122.81770199964053,
                47.06116300028275
              ],
              [
                -122.81771199968627,
                47.06112999975964
              ],
              [
                -122.81772000008218,
                47.05951099999159
              ],
              [
                -122.81772900030302,
                47.0577120001179
              ],
              [
                -122.81890799958755,
                47.057715000080435
              ],
              [
                -122.81901700026582,
                47.05771100013034
              ],
              [
                -122.81922499977996,
                47.0577130001054
              ],
              [
                -122.81930699979573,
                47.057710000142755
              ],
              [
                -122.81960899991952,
                47.057715000080435
              ],
              [
                -122.82033500036583,
                47.057715000080435
              ],
              [
                -122.82050400042021,
                47.05771600006793
              ],
              [
                -122.82069900041388,
                47.057723999967074
              ],
              [
                -122.82108100000531,
                47.057728999903404
              ],
              [
                -122.82185299958408,
                47.0577279999162
              ],
              [
                -122.82217099960138,
                47.0577279999162
              ],
              [
                -122.82232299993734,
                47.05773099987784
              ],
              [
                -122.82299999997987,
                47.05773199986503
              ],
              [
                -122.82333800008868,
                47.05773299985215
              ],
              [
                -122.82427700007202,
                47.05773799978768
              ],
              [
                -122.82529100039844,
                47.0577369998006
              ],
              [
                -122.82622299981077,
                47.0577439997097
              ],
              [
                -122.8263819998194,
                47.05774099974875
              ],
              [
                -122.82648399992665,
                47.0577439997097
              ],
              [
                -122.827935999921,
                47.05774099974875
              ],
              [
                -122.82922800008174,
                47.057753000203405
              ],
              [
                -122.82962499974177,
                47.057753000203405
              ],
              [
                -122.8299219998427,
                47.05775900012374
              ],
              [
                -122.83098999969748,
                47.05775900012374
              ],
              [
                -122.83125099981336,
                47.057758000137056
              ],
              [
                -122.83150100005862,
                47.05775500017693
              ],
              [
                -122.83188400037325,
                47.057761000096995
              ],
              [
                -122.83216200020762,
                47.05775900012374
              ],
              [
                -122.83322699968933,
                47.05777299993515
              ],
              [
                -122.83366199988251,
                47.05773999976178
              ],
              [
                -122.83366799973031,
                47.057324999862026
              ],
              [
                -122.83366699990539,
                47.05586699974804
              ],
              [
                -122.83366699990539,
                47.055183999833545
              ],
              [
                -122.83366699990539,
                47.05413900019384
              ],
              [
                -122.83367000027843,
                47.05374100025483
              ],
              [
                -122.83368600017197,
                47.05143000027221
              ],
              [
                -122.83369200001972,
                47.05053199970939
              ],
              [
                -122.8326269996397,
                47.05052799983255
              ],
              [
                -122.8325139996618,
                47.05051699971064
              ],
              [
                -122.82990500012424,
                47.05051699971064
              ],
              [
                -122.82598400033446,
                47.05051000007701
              ],
              [
                -122.82587800002926,
                47.05051000007701
              ],
              [
                -122.82587600037945,
                47.05064499993156
              ],
              [
                -122.82585999958758,
                47.051529999696456
              ],
              [
                -122.82491800012951,
                47.051528000101506
              ],
              [
                -122.82493400002306,
                47.05047000005449
              ],
              [
                -122.8231499997677,
                47.05048500006645
              ],
              [
                -122.82315200031583,
                47.05040399982935
              ],
              [
                -122.82317800025513,
                47.04860799983717
              ],
              [
                -122.82320199964626,
                47.04695700005732
              ],
              [
                -122.82320400019438,
                47.04681199996753
              ],
              [
                -122.82448999960903,
                47.04662600005625
              ],
              [
                -122.82968099981828,
                47.04615999999093
              ],
              [
                -122.8297460001156,
                47.0461550001941
              ],
              [
                -122.8333360003676,
                47.04585000007018
              ],
              [
                -122.83372399980681,
                47.045816999863945
              ],
              [
                -122.83405000022005,
                47.04578900008103
              ],
              [
                -122.83724700011165,
                47.045543999823074
              ],
              [
                -122.83739000022679,
                47.04553299989754
              ],
              [
                -122.8391739995838,
                47.04536500008506
              ],
              [
                -122.83916400043638,
                47.04526599972917
              ],
              [
                -122.83916199988826,
                47.04525100008584
              ],
              [
                -122.8391510000176,
                47.04392600026073
              ],
              [
                -122.83915699986537,
                47.0430809999011
              ],
              [
                -122.83907800022267,
                47.040466999920554
              ],
              [
                -122.83904399988747,
                47.04023100009803
              ],
              [
                -122.83904399988747,
                47.03990899982371
              ],
              [
                -122.83906999982675,
                47.039787000269214
              ],
              [
                -122.83909199956804,
                47.039724000043826
              ],
              [
                -122.83929199958459,
                47.03952000011536
              ],
              [
                -122.83933699979043,
                47.0394539998095
              ],
              [
                -122.83935500023209,
                47.03935199973267
              ],
              [
                -122.83935900043006,
                47.03923600029666
              ],
              [
                -122.83935699988193,
                47.03915700017749
              ]
            ]
          ],
          [
            [
              [
                -122.81241699971997,
                47.07601100019402
              ],
              [
                -122.81241400024523,
                47.07432899990044
              ],
              [
                -122.8124059998493,
                47.074167000160976
              ],
              [
                -122.8124130004203,
                47.074045000039675
              ],
              [
                -122.81217800024366,
                47.074045000039675
              ],
              [
                -122.81197700040222,
                47.074045000039675
              ],
              [
                -122.81182400024134,
                47.0739959997318
              ],
              [
                -122.81172999963171,
                47.07404399974664
              ],
              [
                -122.80976299997656,
                47.07404100009113
              ],
              [
                -122.80976799999944,
                47.07568199996132
              ],
              [
                -122.81000800019895,
                47.07558500012791
              ],
              [
                -122.8100120003969,
                47.07600600013689
              ],
              [
                -122.81241699971997,
                47.07601100019402
              ]
            ]
          ]
        ]
      },
      "properties": {
        "AREALAND": "49499014",
        "AREAWATER": "1261569",
        "BASENAME": "Lacey",
        "CBSAPCI": "Y",
        "CENTLAT": "+47.0452226",
        "CENTLON": "-122.7932587",
        "FUNCSTAT": "A",
        "GEOID": "5336745",
        "INTPTLAT": "+47.0430865",
        "INTPTLON": "-122.7982318",
        "LSADC": "25",
        "MTFCC": "G4110",
        "NAME": "Lacey city",
        "NECTAPCI": "N",
        "OBJECTID": 31029,
        "OID": "27890482056959",
        "PLACE": "36745",
        "PLACECC": "C1",
        "PLACENS": "02411588",
        "STATE": "53",
        "DISP_CLR": 5,
        "slug": "lacey",
        "jurisdiction_key": "lacey_city",
        "county_fips": [
          "53067"
        ]
      }
    }
  ]
}
