{
  "type": "FeatureCollection",
  "features": [
    {
      "type": "Feature",
      "geometry": {
        "type": "Polygon",
        "coordinates": [
          [
            [
              -123.03939200041341,
              46.15279199991227
            ],
            [
              -123.039079000419,
              46.15235999978236
            ],
            [
              -123.03894600034958,
              46.152176999845715
            ],
            [
              -123.03824900021559,
              46.15121500007796
            ],
            [
              -123.03769000017387,
              46.15044399975377
            ],
            [
              -123.03558799990118,
              46.14855399993921
            ],
            [
              -123.03419000033354,
              46.14729699987525
            ],
            [
              -123.03115099972736,
              46.145459000144335
            ],
            [
              -123.03078400020455,
              46.14523699996789
            ],
            [
              -123.03040199971481,
              46.14500599983471
            ],
            [
              -123.026781000399,
              46.14281400023703
            ],
            [
              -123.025823999974,
              46.14223500003214
            ],
            [
              -123.0228179998781,
              46.14178999993732
            ],
            [
              -123.02016099976167,
              46.14139899978498
            ],
            [
              -123.01884500020978,
              46.14120100024219
            ],
            [
              -123.01612100014616,
              46.14079799976862
            ],
            [
              -123.01574899970218,
              46.14076299976127
            ],
            [
              -123.01574700005237,
              46.141588999852424
            ],
            [
              -123.01576299994588,
              46.144488000199196
            ],
            [
              -123.01577299999164,
              46.14758699969929
            ],
            [
              -123.01125800000001,
              46.147628999976405
            ],
            [
              -123.00809100024563,
              46.147653999977926
            ],
            [
              -123.00771999962654,
              46.147656999728405
            ],
            [
              -123.00716700033091,
              46.14766100022524
            ],
            [
              -123.00705799965263,
              46.147612999844995
            ],
            [
              -123.00679099968893,
              46.14755399990365
            ],
            [
              -123.00492500031616,
              46.14714699996762
            ],
            [
              -123.00429299958117,
              46.147066000295666
            ],
            [
              -123.00424099970263,
              46.14706000010774
            ],
            [
              -123.00412900044797,
              46.147046000081694
            ],
            [
              -123.00394899962458,
              46.147051000135875
            ],
            [
              -123.00344599965935,
              46.14706500016066
            ],
            [
              -123.00334600010021,
              46.14706799994323
            ],
            [
              -123.00327099975715,
              46.14707000021312
            ],
            [
              -123.0031960003124,
              46.14705500005442
            ],
            [
              -123.0031069997256,
              46.14703499983645
            ],
            [
              -123.0029989997706,
              46.14701099968981
            ],
            [
              -123.00270900024069,
              46.14692999981769
            ],
            [
              -123.00242999968312,
              46.14683599988587
            ],
            [
              -123.00216000024467,
              46.146728000308954
            ],
            [
              -123.0019009997786,
              46.14660699990313
            ],
            [
              -123.00171599983067,
              46.14650900008421
            ],
            [
              -123.00160700005074,
              46.14644600024185
            ],
            [
              -123.00152500003495,
              46.14639599975254
            ],
            [
              -122.99653899986512,
              46.14332199990163
            ],
            [
              -122.99501999992366,
              46.142384000033594
            ],
            [
              -122.99487799963346,
              46.14229599989349
            ],
            [
              -122.99426800043638,
              46.14191999991732
            ],
            [
              -122.99410900042771,
              46.14182199984595
            ],
            [
              -122.99340899992066,
              46.14139199998618
            ],
            [
              -122.99334000032371,
              46.141348999691
            ],
            [
              -122.98929399996213,
              46.1388540001421
            ],
            [
              -122.989002999709,
              46.13868299983299
            ],
            [
              -122.98751499972965,
              46.13781199979068
            ],
            [
              -122.9872720000554,
              46.13766299986559
            ],
            [
              -122.98654599960908,
              46.137216000161075
            ],
            [
              -122.98630399975976,
              46.13706699986823
            ],
            [
              -122.98585100002322,
              46.13678799983144
            ],
            [
              -122.98452399970236,
              46.13597200017822
            ],
            [
              -122.97918400042852,
              46.132689000118575
            ],
            [
              -122.97740400037115,
              46.13159499970049
            ],
            [
              -122.9766629998562,
              46.13114300029011
            ],
            [
              -122.97622799966304,
              46.130877999905266
            ],
            [
              -122.97270000023363,
              46.12872799976947
            ],
            [
              -122.97167199966353,
              46.1281010002779
            ],
            [
              -122.97152500024873,
              46.12801199986494
            ],
            [
              -122.97136500041519,
              46.12791499980376
            ],
            [
              -122.97088800038921,
              46.127623999840395
            ],
            [
              -122.97072900038052,
              46.12752699971854
            ],
            [
              -122.96984399992554,
              46.12698700021805
            ],
            [
              -122.96745100029806,
              46.125527000221744
            ],
            [
              -122.96718799963402,
              46.12536699983965
            ],
            [
              -122.96630399990227,
              46.12482699971092
            ],
            [
              -122.96561599998911,
              46.12440800016438
            ],
            [
              -122.96557900017919,
              46.12438500004053
            ],
            [
              -122.96468600022659,
              46.123839000019885
            ],
            [
              -122.96375599956576,
              46.123271000169375
            ],
            [
              -122.96340699958631,
              46.123059000298504
            ],
            [
              -122.96268299968813,
              46.12261800009758
            ],
            [
              -122.96248400039481,
              46.12249600029403
            ],
            [
              -122.96188699981994,
              46.122131999815544
            ],
            [
              -122.9616879996283,
              46.122011000148554
            ],
            [
              -122.9614829995889,
              46.12188599971435
            ],
            [
              -122.96086800036898,
              46.12151099982334
            ],
            [
              -122.96066400015447,
              46.121386000122655
            ],
            [
              -122.9604830004045,
              46.12127499987179
            ],
            [
              -122.95994000025628,
              46.12094400024172
            ],
            [
              -122.959758999608,
              46.12083399971186
            ],
            [
              -122.95957399966007,
              46.12072100023514
            ],
            [
              -122.95902200018936,
              46.120382999788795
            ],
            [
              -122.95883800006632,
              46.120271000008835
            ],
            [
              -122.95834000012397,
              46.119967000081104
            ],
            [
              -122.9580270001295,
              46.11977600012271
            ],
            [
              -122.95684600029684,
              46.11905600021818
            ],
            [
              -122.95667700024244,
              46.1189529998163
            ],
            [
              -122.9563509998292,
              46.118749999760354
            ],
            [
              -122.9561199998505,
              46.118606000092406
            ],
            [
              -122.95542699991448,
              46.11817400007592
            ],
            [
              -122.95519699976072,
              46.11803100018778
            ],
            [
              -122.9549850000486,
              46.117898999769984
            ],
            [
              -122.954352000387,
              46.11750499983148
            ],
            [
              -122.95414200032472,
              46.11737400007338
            ],
            [
              -122.95408799989806,
              46.11734000017557
            ],
            [
              -122.95397200044542,
              46.11726800010299
            ],
            [
              -122.95392499969144,
              46.11724099989582
            ],
            [
              -122.95387000033817,
              46.11721100013445
            ],
            [
              -122.95382299958418,
              46.11718499995442
            ],
            [
              -122.95358999995568,
              46.11708399990512
            ],
            [
              -122.95331100029642,
              46.117000000043745
            ],
            [
              -122.95311999960241,
              46.11696200030157
            ],
            [
              -122.95301099982248,
              46.116945999976245
            ],
            [
              -122.95287699992815,
              46.116936000004095
            ],
            [
              -122.95253399979647,
              46.11692600003012
            ],
            [
              -122.95227900042667,
              46.11692700008986
            ],
            [
              -122.95206900036439,
              46.11692299985072
            ],
            [
              -122.95189100008913,
              46.116912999874394
            ],
            [
              -122.95154499958443,
              46.11685899972164
            ],
            [
              -122.95152600021616,
              46.11685199991707
            ],
            [
              -122.95133200004742,
              46.116787999705515
            ],
            [
              -122.9511060000916,
              46.116699999760314
            ],
            [
              -122.95096799999934,
              46.11663800012494
            ],
            [
              -122.95089100000646,
              46.11660299970744
            ],
            [
              -122.95068900034008,
              46.11651199988775
            ],
            [
              -122.95066199967759,
              46.11649999970186
            ],
            [
              -122.95058600040791,
              46.11646599988749
            ],
            [
              -122.95051799973754,
              46.116435999704194
            ],
            [
              -122.95086699971701,
              46.11605599970509
            ],
            [
              -122.9511970003282,
              46.11566299974847
            ],
            [
              -122.95142800030689,
              46.115415999945014
            ],
            [
              -122.95146199974374,
              46.11537999990893
            ],
            [
              -122.95163800036917,
              46.11518900024101
            ],
            [
              -122.95181900011913,
              46.11499300005981
            ],
            [
              -122.95185699975396,
              46.11495099979686
            ],
            [
              -122.95199999986909,
              46.11479699980428
            ],
            [
              -122.95234899984857,
              46.114412999913505
            ],
            [
              -122.95312600034849,
              46.113562000199636
            ],
            [
              -122.95340199963472,
              46.11326699989012
            ],
            [
              -122.95375700036027,
              46.11288900010084
            ],
            [
              -122.95400099985942,
              46.11261800012747
            ],
            [
              -122.95473499980335,
              46.111808000143014
            ],
            [
              -122.95498000002573,
              46.11153799999384
            ],
            [
              -122.95509600037668,
              46.11140799991154
            ],
            [
              -122.95544700000598,
              46.11101899986017
            ],
            [
              -122.95556400018182,
              46.11088999996856
            ],
            [
              -122.95601100007057,
              46.11041999997722
            ],
            [
              -122.9564710003781,
              46.10993900015471
            ],
            [
              -122.95705899983386,
              46.109286999842986
            ],
            [
              -122.95716599996396,
              46.109176000130624
            ],
            [
              -122.95719899957595,
              46.10913200001442
            ],
            [
              -122.9572229998654,
              46.10908900006512
            ],
            [
              -122.95726200022345,
              46.10909500003108
            ],
            [
              -122.9574990000499,
              46.10913200001442
            ],
            [
              -122.95755099992844,
              46.109157000056435
            ],
            [
              -122.95777100003646,
              46.10890900015945
            ],
            [
              -122.95797799972571,
              46.108678000218475
            ],
            [
              -122.95827599965155,
              46.108347999869096
            ],
            [
              -122.95850400015549,
              46.108090999957334
            ],
            [
              -122.95854199979031,
              46.10804700022064
            ],
            [
              -122.95865599959313,
              46.10791500017706
            ],
            [
              -122.95869400012629,
              46.10787199990112
            ],
            [
              -122.95881999962467,
              46.107711999941365
            ],
            [
              -122.95868900010342,
              46.107664000236596
            ],
            [
              -122.95854500016335,
              46.10759000014267
            ],
            [
              -122.95856699990468,
              46.10756500001275
            ],
            [
              -122.95785800007509,
              46.107242999866905
            ],
            [
              -122.95722899971315,
              46.10693899968965
            ],
            [
              -122.95606399977402,
              46.10641999984784
            ],
            [
              -122.95442699983177,
              46.10562600021139
            ],
            [
              -122.95413700030186,
              46.105488000240676
            ],
            [
              -122.95389100025457,
              46.10537099998138
            ],
            [
              -122.95191399965537,
              46.10449600017742
            ],
            [
              -122.95032299974386,
              46.1038069998404
            ],
            [
              -122.94899799997117,
              46.10332699991964
            ],
            [
              -122.9477040001606,
              46.10285799990909
            ],
            [
              -122.94719500034756,
              46.10270999979869
            ],
            [
              -122.94702700011807,
              46.1026509997071
            ],
            [
              -122.94582899966865,
              46.10223000029268
            ],
            [
              -122.94549800013085,
              46.10210600016144
            ],
            [
              -122.94425100017595,
              46.1016259997569
            ],
            [
              -122.9438620000135,
              46.101476000019225
            ],
            [
              -122.94307600019104,
              46.10119399993081
            ],
            [
              -122.94287899964924,
              46.101135999808896
            ],
            [
              -122.94245100002705,
              46.10100899990878
            ],
            [
              -122.94187100006893,
              46.10176600009898
            ],
            [
              -122.94186100002317,
              46.101779999802176
            ],
            [
              -122.94200499996323,
              46.10183300007016
            ],
            [
              -122.94318300032116,
              46.102270000255395
            ],
            [
              -122.94671800032158,
              46.103582999940684
            ],
            [
              -122.94677500022297,
              46.10360400004782
            ],
            [
              -122.94787900006277,
              46.10406700005081
            ],
            [
              -122.94836399958635,
              46.104270000007055
            ],
            [
              -122.94892199980319,
              46.10450399996806
            ],
            [
              -122.94980499971001,
              46.104914999794914
            ],
            [
              -122.95028299956091,
              46.10513699996352
            ],
            [
              -122.95051000023996,
              46.10530500022065
            ],
            [
              -122.95074000039371,
              46.105504999799884
            ],
            [
              -122.95089000018153,
              46.10565600005096
            ],
            [
              -122.95178899998191,
              46.10692300019116
            ],
            [
              -122.95212999956544,
              46.107402999942366
            ],
            [
              -122.95195899986122,
              46.10746699984252
            ],
            [
              -122.95188299969324,
              46.10749599969497
            ],
            [
              -122.95163199962306,
              46.107702999766374
            ],
            [
              -122.95146699976664,
              46.107851000174236
            ],
            [
              -122.95050900041504,
              46.109084999879826
            ],
            [
              -122.95032100009405,
              46.10933099983541
            ],
            [
              -122.95013299977309,
              46.109578000131734
            ],
            [
              -122.95137600042834,
              46.11003399973501
            ],
            [
              -122.9513949997966,
              46.110040999782825
            ],
            [
              -122.9514869998581,
              46.11007899993793
            ],
            [
              -122.95236999976495,
              46.11040700015499
            ],
            [
              -122.95243099986433,
              46.11042899970856
            ],
            [
              -122.95281400017896,
              46.110570999842956
            ],
            [
              -122.95300300032486,
              46.110330000091395
            ],
            [
              -122.95366000027587,
              46.110573999745384
            ],
            [
              -122.95398300031607,
              46.110694000067134
            ],
            [
              -122.95412600043119,
              46.110745999689534
            ],
            [
              -122.95413099955577,
              46.110788000043314
            ],
            [
              -122.95414099960149,
              46.11086200020327
            ],
            [
              -122.95415200037048,
              46.110929999875566
            ],
            [
              -122.95419300037835,
              46.11104099979223
            ],
            [
              -122.95426399962516,
              46.11115700030793
            ],
            [
              -122.95430999965589,
              46.111207999952704
            ],
            [
              -122.95428600026479,
              46.11122999980933
            ],
            [
              -122.95422799964012,
              46.1112869997367
            ],
            [
              -122.95421599994457,
              46.11129899981222
            ],
            [
              -122.95419300037835,
              46.11132199979399
            ],
            [
              -122.9540829998752,
              46.11143099984783
            ],
            [
              -122.95395300017884,
              46.11156399972437
            ],
            [
              -122.95361400024512,
              46.11190700021921
            ],
            [
              -122.95323599995334,
              46.11228999999041
            ],
            [
              -122.95299699957874,
              46.11253300016923
            ],
            [
              -122.95256099956066,
              46.11301200013395
            ],
            [
              -122.95194600034074,
              46.113692000183086
            ],
            [
              -122.95125599987944,
              46.1144520002726
            ],
            [
              -122.95109900041889,
              46.11462399994628
            ],
            [
              -122.9509880000908,
              46.11474599974421
            ],
            [
              -122.9508960000293,
              46.11485000001205
            ],
            [
              -122.95082099968624,
              46.11493299994123
            ],
            [
              -122.95047300043001,
              46.11512399987374
            ],
            [
              -122.9501980000704,
              46.11520900019489
            ],
            [
              -122.94995600022108,
              46.115265000276196
            ],
            [
              -122.94974799980861,
              46.11530999994448
            ],
            [
              -122.94950000011148,
              46.1153490002915
            ],
            [
              -122.94923700034576,
              46.11535500019874
            ],
            [
              -122.9489939997732,
              46.115342999760884
            ],
            [
              -122.9487129995658,
              46.11530999994448
            ],
            [
              -122.94848300031036,
              46.11525899973643
            ],
            [
              -122.94821799999647,
              46.11517500020672
            ],
            [
              -122.94790300035221,
              46.115079000053576
            ],
            [
              -122.9460710004163,
              46.11442100013316
            ],
            [
              -122.94427499956706,
              46.11375000017256
            ],
            [
              -122.9421439998804,
              46.1129529998587
            ],
            [
              -122.94088600005483,
              46.112515000146594
            ],
            [
              -122.93996200014011,
              46.112193999793675
            ],
            [
              -122.93983499991852,
              46.11214900007202
            ],
            [
              -122.93933699997615,
              46.11197599999732
            ],
            [
              -122.93902900000454,
              46.11186900007891
            ],
            [
              -122.93894399961574,
              46.111838999884085
            ],
            [
              -122.93888900026248,
              46.11182000010515
            ],
            [
              -122.93885999995015,
              46.111809999825525
            ],
            [
              -122.93907599986022,
              46.11152999997845
            ],
            [
              -122.93951299970324,
              46.11096100011042
            ],
            [
              -122.93868800042101,
              46.110655999713295
            ],
            [
              -122.93803800014268,
              46.1115009997573
            ],
            [
              -122.9364830002162,
              46.11091899988847
            ],
            [
              -122.9362029998337,
              46.110836000141575
            ],
            [
              -122.93607099958925,
              46.11081400012768
            ],
            [
              -122.93589800023518,
              46.11098800028071
            ],
            [
              -122.93586300007507,
              46.11102199973821
            ],
            [
              -122.93564100031725,
              46.11108800012726
            ],
            [
              -122.93556900034723,
              46.111025000238826
            ],
            [
              -122.93548399995841,
              46.11096200027842
            ],
            [
              -122.93538000020133,
              46.110884000198
            ],
            [
              -122.93535699973677,
              46.110866999806525
            ],
            [
              -122.93528800013982,
              46.11082399996525
            ],
            [
              -122.935138000352,
              46.110731000222664
            ],
            [
              -122.93505600033623,
              46.110680000136504
            ],
            [
              -122.93474300034178,
              46.11055999978422
            ],
            [
              -122.93334700042396,
              46.11002900005618
            ],
            [
              -122.93303799972915,
              46.10991500003161
            ],
            [
              -122.93246799981678,
              46.10970500022137
            ],
            [
              -122.93187399961491,
              46.10948599972713
            ],
            [
              -122.93104299958662,
              46.109176999708204
            ],
            [
              -122.92677199999247,
              46.1075880003071
            ],
            [
              -122.92633699979928,
              46.107426000304315
            ],
            [
              -122.92614900037663,
              46.107378999960694
            ],
            [
              -122.92568300022128,
              46.10728700024538
            ],
            [
              -122.92529900008172,
              46.10725599981254
            ],
            [
              -122.92518399955571,
              46.10724700018588
            ],
            [
              -122.92506200025527,
              46.10725200011705
            ],
            [
              -122.92479000026871,
              46.10726500006056
            ],
            [
              -122.92460100012283,
              46.10728999970372
            ],
            [
              -122.92450599968826,
              46.10730200002665
            ],
            [
              -122.92435599990044,
              46.10733299981079
            ],
            [
              -122.92423700007475,
              46.10735900027931
            ],
            [
              -122.92412599974669,
              46.10738899979864
            ],
            [
              -122.92367300001013,
              46.107512999880605
            ],
            [
              -122.92316099982406,
              46.107667000297184
            ],
            [
              -122.92280599999683,
              46.10776599971502
            ],
            [
              -122.9225089998959,
              46.10782799998967
            ],
            [
              -122.92221099997008,
              46.107870000075785
            ],
            [
              -122.92192599956472,
              46.10788700014603
            ],
            [
              -122.92182699983053,
              46.10788599992223
            ],
            [
              -122.92158199960814,
              46.1078840000974
            ],
            [
              -122.92124400039764,
              46.10784500007286
            ],
            [
              -122.92094100044893,
              46.10779600025842
            ],
            [
              -122.92053300001993,
              46.10767200019027
            ],
            [
              -122.92024799961459,
              46.10756300017628
            ],
            [
              -122.92040699962324,
              46.107790000151056
            ],
            [
              -122.92154099960024,
              46.10884200006864
            ],
            [
              -122.92106699994731,
              46.10980099977127
            ],
            [
              -122.92103299961215,
              46.109872000070375
            ],
            [
              -122.92069000037878,
              46.10982000024621
            ],
            [
              -122.9202640004064,
              46.10980399971561
            ],
            [
              -122.91967900042542,
              46.110266999959364
            ],
            [
              -122.92085900043318,
              46.110223000091345
            ],
            [
              -122.92070200007434,
              46.110541999739986
            ],
            [
              -122.91751299968034,
              46.110819999905864
            ],
            [
              -122.91697700010315,
              46.11036699986848
            ],
            [
              -122.916501999727,
              46.1100020000389
            ],
            [
              -122.91638200007638,
              46.109909999719214
            ],
            [
              -122.91633000019783,
              46.10990699978069
            ],
            [
              -122.91626900009847,
              46.109899999715815
            ],
            [
              -122.91584099957798,
              46.10985399980146
            ],
            [
              -122.91518799982494,
              46.10975400020715
            ],
            [
              -122.91453900026981,
              46.10966200009629
            ],
            [
              -122.91641499968834,
              46.109517000151406
            ],
            [
              -122.91588800033196,
              46.10622699976069
            ],
            [
              -122.91602999972386,
              46.105956000040315
            ],
            [
              -122.91514599999213,
              46.10561699969576
            ],
            [
              -122.91422399972723,
              46.1052639996972
            ],
            [
              -122.91414699973433,
              46.105231000074085
            ],
            [
              -122.91377400036373,
              46.10528900024785
            ],
            [
              -122.91337900035354,
              46.10541100015654
            ],
            [
              -122.91306200016112,
              46.10560599989399
            ],
            [
              -122.9128780000381,
              46.105878999987
            ],
            [
              -122.91284799990089,
              46.10641400021353
            ],
            [
              -122.91274800034178,
              46.106419000220264
            ],
            [
              -122.91248700022587,
              46.10500800000804
            ],
            [
              -122.91245899973848,
              46.10461299980244
            ],
            [
              -122.91237000004999,
              46.10437000020773
            ],
            [
              -122.91226799994274,
              46.10429299980767
            ],
            [
              -122.911785000069,
              46.10392800024179
            ],
            [
              -122.91137300034033,
              46.10361700022876
            ],
            [
              -122.9112949996242,
              46.10355799986204
            ],
            [
              -122.91109700015582,
              46.1036560001303
            ],
            [
              -122.91109100030803,
              46.10381800000109
            ],
            [
              -122.91058900016768,
              46.10424099970317
            ],
            [
              -122.910574999924,
              46.10424799986381
            ],
            [
              -122.91047100016694,
              46.10447999996987
            ],
            [
              -122.91050899980175,
              46.10467100000361
            ],
            [
              -122.91011299996661,
              46.10533399996481
            ],
            [
              -122.91078499998629,
              46.10924100003979
            ],
            [
              -122.91104899957692,
              46.10916599999406
            ],
            [
              -122.91116999995074,
              46.10913900017678
            ],
            [
              -122.91114099963843,
              46.10926100028388
            ],
            [
              -122.91121900035456,
              46.109258000309985
            ],
            [
              -122.91128499957847,
              46.10925599991214
            ],
            [
              -122.91138099983795,
              46.10925199973897
            ],
            [
              -122.91150399986158,
              46.10925400013697
            ],
            [
              -122.91150200021177,
              46.10943700012591
            ],
            [
              -122.91111300004934,
              46.109857999930945
            ],
            [
              -122.91108000043737,
              46.11002900005618
            ],
            [
              -122.91084400043583,
              46.11011899981071
            ],
            [
              -122.91055599965742,
              46.11019200006413
            ],
            [
              -122.90997900007231,
              46.11024599989934
            ],
            [
              -122.90950100022147,
              46.11032300008029
            ],
            [
              -122.90921300034134,
              46.110404999798845
            ],
            [
              -122.90893700015683,
              46.11065100009085
            ],
            [
              -122.90895499970017,
              46.110935000095395
            ],
            [
              -122.90896300009608,
              46.11105199975498
            ],
            [
              -122.9090540003327,
              46.111298000273116
            ],
            [
              -122.90926299967177,
              46.1114619998009
            ],
            [
              -122.90973499967485,
              46.111616999927556
            ],
            [
              -122.91011799998951,
              46.11176400025969
            ],
            [
              -122.91037599973237,
              46.11186399994377
            ],
            [
              -122.91088700009351,
              46.11204599983736
            ],
            [
              -122.91124000027094,
              46.112193999793675
            ],
            [
              -122.91141000015027,
              46.112265000123955
            ],
            [
              -122.91188100032845,
              46.11247500014443
            ],
            [
              -122.9123790002708,
              46.11266700001451
            ],
            [
              -122.91292900009174,
              46.11284099992231
            ],
            [
              -122.91383899976276,
              46.113083000033185
            ],
            [
              -122.91423200012315,
              46.11314700018846
            ],
            [
              -122.91461200006474,
              46.11317399991061
            ],
            [
              -122.91510900018221,
              46.11314700018846
            ],
            [
              -122.91748000006837,
              46.11318600019803
            ],
            [
              -122.91916600041444,
              46.11320000011487
            ],
            [
              -122.92051299992845,
              46.11321100026946
            ],
            [
              -122.92064099997496,
              46.11324599972768
            ],
            [
              -122.92064900037089,
              46.114132000103
            ],
            [
              -122.92065100002073,
              46.1143500000895
            ],
            [
              -122.92062000005859,
              46.115160000077026
            ],
            [
              -122.9206150000357,
              46.115262000006425
            ],
            [
              -122.91838499971654,
              46.115247999990665
            ],
            [
              -122.91837800004384,
              46.1157329998873
            ],
            [
              -122.91721099955653,
              46.1157329998873
            ],
            [
              -122.91697999957785,
              46.1157329998873
            ],
            [
              -122.91641999971121,
              46.1157329998873
            ],
            [
              -122.91647900016076,
              46.1157730000156
            ],
            [
              -122.91652699984135,
              46.115804000017285
            ],
            [
              -122.91632299962683,
              46.115792999757524
            ],
            [
              -122.91624300015923,
              46.11579499991817
            ],
            [
              -122.91503399983914,
              46.11578599981755
            ],
            [
              -122.91436699984234,
              46.11578100003783
            ],
            [
              -122.9140670002667,
              46.115778999876675
            ],
            [
              -122.91370800024151,
              46.11577600025761
            ],
            [
              -122.91332300027703,
              46.11562499970709
            ],
            [
              -122.91300799973446,
              46.11552800025275
            ],
            [
              -122.91287499966505,
              46.115489000032454
            ],
            [
              -122.91274199959565,
              46.11543900007682
            ],
            [
              -122.91240199983704,
              46.1153120001226
            ],
            [
              -122.9120250002685,
              46.11510600007461
            ],
            [
              -122.9120400003371,
              46.115026000066045
            ],
            [
              -122.91203299976613,
              46.114981000165855
            ],
            [
              -122.91188600035133,
              46.11487800024222
            ],
            [
              -122.91090800000994,
              46.11441600022955
            ],
            [
              -122.91067500038142,
              46.11424999993422
            ],
            [
              -122.90948299977978,
              46.113581000000785
            ],
            [
              -122.90559399977703,
              46.11144199973273
            ],
            [
              -122.9050420003063,
              46.111142999872065
            ],
            [
              -122.90429499994362,
              46.11073400011633
            ],
            [
              -122.90299799975996,
              46.11002399975412
            ],
            [
              -122.90246300000769,
              46.10973100019384
            ],
            [
              -122.90157900027592,
              46.10925599991214
            ],
            [
              -122.9006620000339,
              46.108804999890644
            ],
            [
              -122.89989100028004,
              46.10849399998807
            ],
            [
              -122.89961599992043,
              46.10838400013911
            ],
            [
              -122.89945699991176,
              46.10833399996533
            ],
            [
              -122.89932899986525,
              46.10830399971479
            ],
            [
              -122.8992069996665,
              46.10828600017939
            ],
            [
              -122.89906899957425,
              46.108275000287435
            ],
            [
              -122.89899599977933,
              46.108275000287435
            ],
            [
              -122.89895899996941,
              46.108275000287435
            ],
            [
              -122.89890899974067,
              46.108275000287435
            ],
            [
              -122.89841099979832,
              46.10833699998951
            ],
            [
              -122.8983609995696,
              46.10834300003734
            ],
            [
              -122.89825000013983,
              46.108347999869096
            ],
            [
              -122.89811600024554,
              46.10834300003734
            ],
            [
              -122.8979870003741,
              46.1083299997253
            ],
            [
              -122.89789299976447,
              46.108307999956715
            ],
            [
              -122.89758599961779,
              46.10824399978742
            ],
            [
              -122.89749799975425,
              46.10822500001479
            ],
            [
              -122.8971570001707,
              46.108152999866384
            ],
            [
              -122.89656999964156,
              46.1080289999785
            ],
            [
              -122.8961350003467,
              46.10793700010245
            ],
            [
              -122.89579499968976,
              46.10786599980203
            ],
            [
              -122.89530199977025,
              46.1077590000011
            ],
            [
              -122.89497200005738,
              46.10768800009423
            ],
            [
              -122.89476799984287,
              46.10764400003585
            ],
            [
              -122.89456299980345,
              46.107599999942344
            ],
            [
              -122.89411199971674,
              46.10750199983434
            ],
            [
              -122.89401100033272,
              46.10745299971504
            ],
            [
              -122.89389199960873,
              46.107396000182355
            ],
            [
              -122.8938549997988,
              46.10736100012324
            ],
            [
              -122.89375299969156,
              46.10726600029562
            ],
            [
              -122.8937359999731,
              46.10723199976682
            ],
            [
              -122.89367999989663,
              46.10712399974317
            ],
            [
              -122.89367400004883,
              46.10706399977703
            ],
            [
              -122.89286599958676,
              46.10699199998055
            ],
            [
              -122.89265899989753,
              46.10696799981988
            ],
            [
              -122.8920570001981,
              46.10691599974737
            ],
            [
              -122.89171900008925,
              46.10690099986102
            ],
            [
              -122.89171499989132,
              46.10695999976404
            ],
            [
              -122.89172699958688,
              46.10709099998785
            ],
            [
              -122.89172800031012,
              46.10710599982245
            ],
            [
              -122.8917349999828,
              46.10724900003382
            ],
            [
              -122.89173300033296,
              46.1073519998909
            ],
            [
              -122.89173199960975,
              46.10741099993397
            ],
            [
              -122.89173900018075,
              46.107421999998344
            ],
            [
              -122.89175699972412,
              46.107455000178334
            ],
            [
              -122.89176699976983,
              46.10746900030534
            ],
            [
              -122.89255199976739,
              46.10876100010108
            ],
            [
              -122.89333799958986,
              46.11005300012967
            ],
            [
              -122.89343999969711,
              46.11022199990994
            ],
            [
              -122.89435100009136,
              46.11171999971841
            ],
            [
              -122.89465400004005,
              46.11193299977572
            ],
            [
              -122.89627300043895,
              46.113080000267324
            ],
            [
              -122.89687299959026,
              46.11345699986938
            ],
            [
              -122.89781300029682,
              46.11393300017947
            ],
            [
              -122.8985999999442,
              46.114259000285664
            ],
            [
              -122.89946299975955,
              46.11455200006133
            ],
            [
              -122.90070999971445,
              46.11486699979762
            ],
            [
              -122.90140299965051,
              46.11502100021732
            ],
            [
              -122.90141900044235,
              46.11501400017928
            ],
            [
              -122.90166200011657,
              46.115070999929486
            ],
            [
              -122.90262299984123,
              46.11528799984833
            ],
            [
              -122.90407999985844,
              46.11560700007161
            ],
            [
              -122.90453900034107,
              46.11570799971447
            ],
            [
              -122.90490800041201,
              46.115787999978444
            ],
            [
              -122.905421000423,
              46.115901000231204
            ],
            [
              -122.90623499983454,
              46.11607800011735
            ],
            [
              -122.90718899988651,
              46.11628599978817
            ],
            [
              -122.90780499982964,
              46.11641999984886
            ],
            [
              -122.90827299963478,
              46.11652199993685
            ],
            [
              -122.90908899959446,
              46.116699999760314
            ],
            [
              -122.90965799968198,
              46.11681199994926
            ],
            [
              -122.90982300043673,
              46.1168599997826
            ],
            [
              -122.91112899994285,
              46.117145000228334
            ],
            [
              -122.91130800004302,
              46.117190000229506
            ],
            [
              -122.91244899969271,
              46.11752300009236
            ],
            [
              -122.91321299977386,
              46.11775599979084
            ],
            [
              -122.91387200027302,
              46.1180170002528
            ],
            [
              -122.91475500017988,
              46.118367000050675
            ],
            [
              -122.91506700034942,
              46.1185379999281
            ],
            [
              -122.91550599984222,
              46.11877799987697
            ],
            [
              -122.9156590000031,
              46.11887199976404
            ],
            [
              -122.91591300044632,
              46.11903699981391
            ],
            [
              -122.91636500035794,
              46.11932999971506
            ],
            [
              -122.91679800000297,
              46.11960999978405
            ],
            [
              -122.91772799976549,
              46.120353999867625
            ],
            [
              -122.91791500026156,
              46.12050299992307
            ],
            [
              -122.91830299970077,
              46.120887999705076
            ],
            [
              -122.91893100023779,
              46.1215210002105
            ],
            [
              -122.91915399982054,
              46.12179999975901
            ],
            [
              -122.91971799988517,
              46.122506999838265
            ],
            [
              -122.92038300023212,
              46.123595999885275
            ],
            [
              -122.92059300029437,
              46.1244650001592
            ],
            [
              -122.92068100015794,
              46.12483199991509
            ],
            [
              -122.92069600022654,
              46.125209000056905
            ],
            [
              -122.92070399972418,
              46.12528200024532
            ],
            [
              -122.9207420002573,
              46.125646999736404
            ],
            [
              -122.92078400009011,
              46.126047999860454
            ],
            [
              -122.92079499996076,
              46.126339999944676
            ],
            [
              -122.92079300031095,
              46.126676000190244
            ],
            [
              -122.92079099976279,
              46.127032000274845
            ],
            [
              -122.92081199967919,
              46.127217000122116
            ],
            [
              -122.92087100012874,
              46.12772599973296
            ],
            [
              -122.92083099994576,
              46.12818900006915
            ],
            [
              -122.9208040001816,
              46.12850299981973
            ],
            [
              -122.92077599969421,
              46.1287650002681
            ],
            [
              -122.92072299999076,
              46.12921699989424
            ],
            [
              -122.9206920000286,
              46.12948600012731
            ],
            [
              -122.92044799963114,
              46.13025300024392
            ],
            [
              -122.92035100044507,
              46.130757999957616
            ],
            [
              -122.92032799998051,
              46.130818000275404
            ],
            [
              -122.919578999968,
              46.132796999845056
            ],
            [
              -122.91927400036947,
              46.1333069999461
            ],
            [
              -122.91897600044366,
              46.13389699979787
            ],
            [
              -122.91870899958161,
              46.134415999843974
            ],
            [
              -122.9183250003404,
              46.1350990001236
            ],
            [
              -122.91808500014088,
              46.13550100025709
            ],
            [
              -122.91787099988063,
              46.135859000005425
            ],
            [
              -122.91785099978912,
              46.13590099989288
            ],
            [
              -122.91763700042722,
              46.136353999800214
            ],
            [
              -122.91750199980969,
              46.136639999949836
            ],
            [
              -122.9173689997403,
              46.13692300014624
            ],
            [
              -122.9173050001662,
              46.13709000029904
            ],
            [
              -122.91721300010468,
              46.137381000048386
            ],
            [
              -122.91715399965516,
              46.137589999901365
            ],
            [
              -122.91699700019461,
              46.138151999714275
            ],
            [
              -122.91690500013311,
              46.138473000102714
            ],
            [
              -122.91677299988862,
              46.13892299978888
            ],
            [
              -122.91659499961341,
              46.1395390000746
            ],
            [
              -122.916501999727,
              46.139859000203096
            ],
            [
              -122.91593799966236,
              46.14047100020207
            ],
            [
              -122.91502399979339,
              46.14217200027785
            ],
            [
              -122.91481700010416,
              46.142558000080406
            ],
            [
              -122.91476600005053,
              46.14267499981345
            ],
            [
              -122.91563700026178,
              46.142843999749545
            ],
            [
              -122.91569599981302,
              46.14285599979896
            ],
            [
              -122.91587200043845,
              46.142891999931415
            ],
            [
              -122.9168289999651,
              46.143087000240044
            ],
            [
              -122.91714899963226,
              46.143153000188015
            ],
            [
              -122.91735600021983,
              46.14318999970932
            ],
            [
              -122.91797700018584,
              46.14330399997893
            ],
            [
              -122.91818399987507,
              46.14334299980406
            ],
            [
              -122.91837300002095,
              46.14337999982004
            ],
            [
              -122.91894200010844,
              46.143493999696226
            ],
            [
              -122.91913200007924,
              46.14353199980997
            ],
            [
              -122.91932500042307,
              46.14356999989746
            ],
            [
              -122.91990500038122,
              46.14368599977304
            ],
            [
              -122.92009899965166,
              46.143724999949924
            ],
            [
              -122.92029600019346,
              46.14376299990423
            ],
            [
              -122.92088899967209,
              46.143877000232095
            ],
            [
              -122.92108700003881,
              46.14391600027372
            ],
            [
              -122.92203799971772,
              46.14409999985789
            ],
            [
              -122.92300699983826,
              46.14428800019151
            ],
            [
              -122.92311300014349,
              46.144308000162724
            ],
            [
              -122.92391200038473,
              46.14446300000456
            ],
            [
              -122.92409099958655,
              46.144498000149355
            ],
            [
              -122.92377400029248,
              46.14529000014461
            ],
            [
              -122.92359699984215,
              46.14572500023083
            ],
            [
              -122.92355599983428,
              46.145822000043175
            ],
            [
              -122.92351400000149,
              46.14591000014852
            ],
            [
              -122.92345399972703,
              46.14603400005824
            ],
            [
              -122.92351900002436,
              46.14604600003466
            ],
            [
              -122.92356500005509,
              46.14605500017084
            ],
            [
              -122.92356300040528,
              46.14616500012617
            ],
            [
              -122.92354699961346,
              46.14691099969216
            ],
            [
              -122.92352099967417,
              46.14813200006367
            ],
            [
              -122.92351400000149,
              46.14845499974271
            ],
            [
              -122.92349599955983,
              46.14936499998711
            ],
            [
              -122.92337900028227,
              46.14936399989388
            ],
            [
              -122.92331399998493,
              46.14948700002238
            ],
            [
              -122.92330700031224,
              46.14963600031077
            ],
            [
              -122.92330099956615,
              46.14980999984044
            ],
            [
              -122.92328899987058,
              46.15008400008064
            ],
            [
              -122.92328700022077,
              46.150132000173095
            ],
            [
              -122.92328300002279,
              46.15023400007502
            ],
            [
              -122.92314499993054,
              46.15023400007502
            ],
            [
              -122.9227330002019,
              46.15023799976226
            ],
            [
              -122.92259599993456,
              46.15023999991696
            ],
            [
              -122.92236400013093,
              46.150238999839615
            ],
            [
              -122.92166799982185,
              46.15023799976226
            ],
            [
              -122.92143699984318,
              46.15023799976226
            ],
            [
              -122.92133100043628,
              46.15023700030724
            ],
            [
              -122.9210159998937,
              46.15023700030724
            ],
            [
              -122.92091100031172,
              46.15023700030724
            ],
            [
              -122.92072200016584,
              46.150236000229846
            ],
            [
              -122.92015499972818,
              46.15023500015244
            ],
            [
              -122.91996599958229,
              46.15023500015244
            ],
            [
              -122.91971100021247,
              46.15023400007502
            ],
            [
              -122.91894700013131,
              46.15023299999758
            ],
            [
              -122.9186929996881,
              46.15023299999758
            ],
            [
              -122.91813399964636,
              46.15023700030724
            ],
            [
              -122.91645700041944,
              46.150252000221144
            ],
            [
              -122.91589900020261,
              46.150256999984066
            ],
            [
              -122.91566200037616,
              46.15025800006107
            ],
            [
              -122.91495099999847,
              46.150264999977274
            ],
            [
              -122.9147149999969,
              46.150268000207745
            ],
            [
              -122.91464200020198,
              46.15026399990039
            ],
            [
              -122.91442299991886,
              46.15025399975299
            ],
            [
              -122.91435099994882,
              46.15025100014403
            ],
            [
              -122.91418899956713,
              46.15024799991258
            ],
            [
              -122.91370499986846,
              46.150240999994274
            ],
            [
              -122.91354400020997,
              46.150238999839615
            ],
            [
              -122.91354699968471,
              46.150270999815774
            ],
            [
              -122.9135390001871,
              46.15057700004864
            ],
            [
              -122.91353800036218,
              46.150631000132755
            ],
            [
              -122.91354199966185,
              46.15102799981622
            ],
            [
              -122.91356699977621,
              46.1511709999271
            ],
            [
              -122.91360100011137,
              46.15145799971183
            ],
            [
              -122.91362399967761,
              46.15158899994005
            ],
            [
              -122.91366499968548,
              46.15181600025758
            ],
            [
              -122.91368999979986,
              46.15192199971507
            ],
            [
              -122.91369800019577,
              46.151958000141946
            ],
            [
              -122.91370200039373,
              46.1520000001953
            ],
            [
              -122.91370999989132,
              46.15207799994261
            ],
            [
              -122.91372800033298,
              46.15223899993321
            ],
            [
              -122.91373699965551,
              46.152319000043256
            ],
            [
              -122.9137709999907,
              46.15264100001034
            ],
            [
              -122.91378000021152,
              46.1527849996952
            ],
            [
              -122.9138200003945,
              46.152962999960366
            ],
            [
              -122.91389999986211,
              46.15332000002955
            ],
            [
              -122.91394900026592,
              46.15349699979084
            ],
            [
              -122.91399100009872,
              46.15371100014476
            ],
            [
              -122.9140120000151,
              46.153890999926084
            ],
            [
              -122.91403700012948,
              46.15403400006564
            ],
            [
              -122.91406300006875,
              46.15432199985862
            ],
            [
              -122.9140739999394,
              46.154393000036215
            ],
            [
              -122.9141390002367,
              46.154693999771844
            ],
            [
              -122.91418299971933,
              46.154891999944816
            ],
            [
              -122.91424600036684,
              46.155286000049145
            ],
            [
              -122.91427999980374,
              46.155427999692094
            ],
            [
              -122.91437799971301,
              46.15592800014595
            ],
            [
              -122.91441200004819,
              46.1561429997284
            ],
            [
              -122.91442999959153,
              46.15621400004563
            ],
            [
              -122.91445499970591,
              46.15635699974922
            ],
            [
              -122.91449400006397,
              46.15649899973984
            ],
            [
              -122.91453000004898,
              46.1567140002027
            ],
            [
              -122.91457400042991,
              46.15703699992099
            ],
            [
              -122.91460799986679,
              46.157396000213204
            ],
            [
              -122.91461600026271,
              46.15759300005424
            ],
            [
              -122.91461299988963,
              46.15784600016435
            ],
            [
              -122.91461799991252,
              46.15795399970459
            ],
            [
              -122.91461100023984,
              46.15817000001582
            ],
            [
              -122.9146220001105,
              46.15838600010142
            ],
            [
              -122.91462499958521,
              46.15860199996136
            ],
            [
              -122.91464399985179,
              46.15878199992285
            ],
            [
              -122.91464999969958,
              46.15914199994597
            ],
            [
              -122.91464399985179,
              46.15921799969818
            ],
            [
              -122.91539700006228,
              46.159211000298455
            ],
            [
              -122.91563499971365,
              46.15919599971521
            ],
            [
              -122.9157979999203,
              46.15919599971521
            ],
            [
              -122.9162840001671,
              46.15919900008107
            ],
            [
              -122.91650500010003,
              46.15919999999558
            ],
            [
              -122.91845800040977,
              46.15920999976195
            ],
            [
              -122.92181699978478,
              46.15922499971919
            ],
            [
              -122.92303899962532,
              46.15923199973932
            ],
            [
              -122.92762700031021,
              46.159255000243604
            ],
            [
              -122.9276490000515,
              46.16001600009144
            ],
            [
              -122.92802499979516,
              46.16001199987039
            ],
            [
              -122.92956399982812,
              46.160015000191756
            ],
            [
              -122.93137599967257,
              46.160018999790395
            ],
            [
              -122.934914000046,
              46.16001000007085
            ],
            [
              -122.93616500019888,
              46.16000599984937
            ],
            [
              -122.9364980002848,
              46.16000599984937
            ],
            [
              -122.9364980002848,
              46.16001600009144
            ],
            [
              -122.93671699966963,
              46.16002100021184
            ],
            [
              -122.93671300036998,
              46.16048100000819
            ],
            [
              -122.93682200014993,
              46.1604750000383
            ],
            [
              -122.93685700031001,
              46.160471999742036
            ],
            [
              -122.93696199989199,
              46.160465999771176
            ],
            [
              -122.93699799987702,
              46.160464999879665
            ],
            [
              -122.9370530001286,
              46.16046099969122
            ],
            [
              -122.93721700016012,
              46.16045200004401
            ],
            [
              -122.93727300023663,
              46.16044899974644
            ],
            [
              -122.93734699985647,
              46.16044400028721
            ],
            [
              -122.93756899961433,
              46.16043099982437
            ],
            [
              -122.93764399995739,
              46.160428000147874
            ],
            [
              -122.93805200038639,
              46.16040299972645
            ],
            [
              -122.93927500005185,
              46.16033000004863
            ],
            [
              -122.93968400030577,
              46.160306000099276
            ],
            [
              -122.93978399986486,
              46.16044899974644
            ],
            [
              -122.94008599998867,
              46.1608790000752
            ],
            [
              -122.940187000271,
              46.16102299998111
            ],
            [
              -122.94041900007461,
              46.16135800028724
            ],
            [
              -122.94050699993815,
              46.16148599973004
            ],
            [
              -122.94069699990895,
              46.16178000017126
            ],
            [
              -122.94076999970387,
              46.16190899974194
            ],
            [
              -122.9408269996053,
              46.162038000254555
            ],
            [
              -122.94088199985688,
              46.16222899987452
            ],
            [
              -122.94095600037502,
              46.16244900024703
            ],
            [
              -122.94108600007138,
              46.162837000038394
            ],
            [
              -122.94109600011714,
              46.162874999864435
            ],
            [
              -122.94112000040656,
              46.162964999773415
            ],
            [
              -122.94113100027722,
              46.16299000027507
            ],
            [
              -122.94114799999565,
              46.163027000150436
            ],
            [
              -122.94120599972199,
              46.16315599990822
            ],
            [
              -122.94121999996567,
              46.16318099970089
            ],
            [
              -122.94391100041732,
              46.163171999876376
            ],
            [
              -122.94714400029392,
              46.16315400022295
            ],
            [
              -122.94727700036333,
              46.16338800023551
            ],
            [
              -122.94731199962511,
              46.16343000027599
            ],
            [
              -122.94737600009752,
              46.163535999761514
            ],
            [
              -122.9476199995967,
              46.16461199973179
            ],
            [
              -122.94759500038064,
              46.16469499996363
            ],
            [
              -122.94760299987824,
              46.16473199993666
            ],
            [
              -122.94760999955095,
              46.164761999947004
            ],
            [
              -122.94758199996186,
              46.164795999814494
            ],
            [
              -122.94738000029547,
              46.16540500003033
            ],
            [
              -122.94741499955728,
              46.165860999811215
            ],
            [
              -122.94701299987436,
              46.166286999760565
            ],
            [
              -122.94666800009286,
              46.1665040001139
            ],
            [
              -122.94655400029006,
              46.16657399972413
            ],
            [
              -122.94693900025452,
              46.166877000191676
            ],
            [
              -122.94748700042561,
              46.167156000162585
            ],
            [
              -122.94775299966606,
              46.16736500020379
            ],
            [
              -122.94782700018423,
              46.167336999902034
            ],
            [
              -122.94787900006277,
              46.16738400011163
            ],
            [
              -122.94789699960612,
              46.16740099985988
            ],
            [
              -122.9477279995517,
              46.16746800028028
            ],
            [
              -122.94760299987824,
              46.167519000053474
            ],
            [
              -122.94726300011962,
              46.167652999903154
            ],
            [
              -122.94721100024108,
              46.16767199971148
            ],
            [
              -122.94603200005821,
              46.168120999853556
            ],
            [
              -122.94563899969783,
              46.168270999832465
            ],
            [
              -122.94567899988081,
              46.16830700013983
            ],
            [
              -122.94577099994233,
              46.16843300009687
            ],
            [
              -122.94584399973728,
              46.16856599984204
            ],
            [
              -122.9458620001789,
              46.16861399998917
            ],
            [
              -122.94590900003458,
              46.16873499991497
            ],
            [
              -122.94597199978378,
              46.16895600013614
            ],
            [
              -122.94599199987526,
              46.169064999999854
            ],
            [
              -122.94601199996673,
              46.16917900017986
            ],
            [
              -122.94607499971592,
              46.169831999970576
            ],
            [
              -122.94610400002824,
              46.17012500026367
            ],
            [
              -122.94612300029482,
              46.170243000212565
            ],
            [
              -122.94614199966308,
              46.170339999738516
            ],
            [
              -122.94619899956449,
              46.17063400014262
            ],
            [
              -122.94621799983106,
              46.17073199992811
            ],
            [
              -122.94626499968675,
              46.17097600017154
            ],
            [
              -122.94630599969463,
              46.17118299999088
            ],
            [
              -122.94631699956528,
              46.17133699972668
            ],
            [
              -122.94629599964888,
              46.171660999758515
            ],
            [
              -122.94710300028605,
              46.171684999731035
            ],
            [
              -122.94895000029058,
              46.171692000032074
            ],
            [
              -122.95179900002766,
              46.17170099970688
            ],
            [
              -122.95174899979894,
              46.17465000005431
            ],
            [
              -122.9519780001278,
              46.17467399996656
            ],
            [
              -122.95209100010571,
              46.174651000310014
            ],
            [
              -122.95223699969556,
              46.174590000227795
            ],
            [
              -122.95238900003154,
              46.17472100012725
            ],
            [
              -122.95263900027678,
              46.17488400030719
            ],
            [
              -122.95277200034617,
              46.17495800020654
            ],
            [
              -122.95309399966312,
              46.17527200010074
            ],
            [
              -122.95346600010711,
              46.175636999778696
            ],
            [
              -122.9538090002388,
              46.17597300027531
            ],
            [
              -122.95380400021594,
              46.176086000214255
            ],
            [
              -122.95387299981289,
              46.176806999944645
            ],
            [
              -122.95466000035857,
              46.17682399989061
            ],
            [
              -122.95509200017871,
              46.17683299996968
            ],
            [
              -122.95511700029306,
              46.17751600021983
            ],
            [
              -122.95930699969638,
              46.17747799993335
            ],
            [
              -122.95961899986591,
              46.17747499994236
            ],
            [
              -122.96015299979332,
              46.177470999746774
            ],
            [
              -122.96014100009774,
              46.17783999992632
            ],
            [
              -122.96013500024995,
              46.17804700003521
            ],
            [
              -122.96011599998337,
              46.178629999927935
            ],
            [
              -122.96009699971681,
              46.17921900027354
            ],
            [
              -122.96008099982329,
              46.17960199975196
            ],
            [
              -122.96008099982329,
              46.179737000182726
            ],
            [
              -122.96008099982329,
              46.180063000178734
            ],
            [
              -122.96008099982329,
              46.18061000014903
            ],
            [
              -122.96007199960245,
              46.181687000254016
            ],
            [
              -122.96006499992976,
              46.18228999996525
            ],
            [
              -122.96006599975465,
              46.18250599988685
            ],
            [
              -122.96006599975465,
              46.18271700028081
            ],
            [
              -122.96006800030281,
              46.183578999795266
            ],
            [
              -122.9602239999384,
              46.183571999763444
            ],
            [
              -122.96035199998491,
              46.18355000019073
            ],
            [
              -122.9603639996805,
              46.18354599981518
            ],
            [
              -122.9604409996734,
              46.18352400023206
            ],
            [
              -122.96045999993997,
              46.18351800028769
            ],
            [
              -122.96067800039818,
              46.18345499989937
            ],
            [
              -122.96123099969381,
              46.18329299972436
            ],
            [
              -122.96142499986257,
              46.183257999996265
            ],
            [
              -122.96150799970323,
              46.18324999982425
            ],
            [
              -122.96162400005419,
              46.18323899997456
            ],
            [
              -122.9618149998499,
              46.18323699977551
            ],
            [
              -122.96244300038693,
              46.183263999969
            ],
            [
              -122.96364199976297,
              46.18337699985167
            ],
            [
              -122.96369600018963,
              46.183382999811414
            ],
            [
              -122.96401500003186,
              46.183382999811414
            ],
            [
              -122.96407199993327,
              46.183380000142606
            ],
            [
              -122.96425500023138,
              46.18337300008544
            ],
            [
              -122.96449299988274,
              46.18335400010354
            ],
            [
              -122.96457200042377,
              46.183345999945494
            ],
            [
              -122.96492399987795,
              46.18329499992141
            ],
            [
              -122.96509200010746,
              46.183269999941075
            ],
            [
              -122.96559900027066,
              46.18319700013252
            ],
            [
              -122.96576900014999,
              46.18317300020837
            ],
            [
              -122.96642699992593,
              46.1830779998875
            ],
            [
              -122.96652099963725,
              46.18306499979809
            ],
            [
              -122.96802100021047,
              46.18286999995386
            ],
            [
              -122.9680310002562,
              46.18109400029127
            ],
            [
              -122.96846100042653,
              46.181071999727
            ],
            [
              -122.96844200015995,
              46.17911599981079
            ],
            [
              -122.97124900006423,
              46.17914000026193
            ],
            [
              -122.97196200009174,
              46.17914600006211
            ],
            [
              -122.97196799993952,
              46.17920299999689
            ],
            [
              -122.97199300005389,
              46.179367000123534
            ],
            [
              -122.97324599985659,
              46.1793029997834
            ],
            [
              -122.97322300029035,
              46.179252999912904
            ],
            [
              -122.97320800022175,
              46.179208000239356
            ],
            [
              -122.97319399997804,
              46.179168000153076
            ],
            [
              -122.97317800008453,
              46.17907900018322
            ],
            [
              -122.97317200023674,
              46.179030000285096
            ],
            [
              -122.97313999955136,
              46.17893599982518
            ],
            [
              -122.97310799976431,
              46.17884100026905
            ],
            [
              -122.97308799967281,
              46.17879699981666
            ],
            [
              -122.9730700001295,
              46.1787459999268
            ],
            [
              -122.97302999994652,
              46.17866200018802
            ],
            [
              -122.97298399991575,
              46.178584999744565
            ],
            [
              -122.97295799997649,
              46.17854199989426
            ],
            [
              -122.97294399973278,
              46.17851799980411
            ],
            [
              -122.97291500031878,
              46.17847099977856
            ],
            [
              -122.97288500018156,
              46.17842000020835
            ],
            [
              -122.97286500009007,
              46.1783609997074
            ],
            [
              -122.97285099984637,
              46.17831199979143
            ],
            [
              -122.97285699969414,
              46.178249999847914
            ],
            [
              -122.97286000006719,
              46.17818099973825
            ],
            [
              -122.97286900028803,
              46.17801099988295
            ],
            [
              -122.97285699969414,
              46.1779159999727
            ],
            [
              -122.9728609998921,
              46.17781900012417
            ],
            [
              -122.97288400035664,
              46.177723999882204
            ],
            [
              -122.97292600018943,
              46.17763200008072
            ],
            [
              -122.97295299995362,
              46.177587999904915
            ],
            [
              -122.9730009996342,
              46.17754199990964
            ],
            [
              -122.97307599997725,
              46.177452999796
            ],
            [
              -122.97316200019098,
              46.17738599972028
            ],
            [
              -122.97320800022175,
              46.17735399996166
            ],
            [
              -122.97362199960023,
              46.17708100011708
            ],
            [
              -122.97368900044567,
              46.17703700012236
            ],
            [
              -122.97375600039284,
              46.1769840000396
            ],
            [
              -122.97378599963176,
              46.17695999989142
            ],
            [
              -122.97380599972324,
              46.176941999773426
            ],
            [
              -122.97395399986122,
              46.17681499981012
            ],
            [
              -122.97400400008993,
              46.17677300003685
            ],
            [
              -122.97374499962386,
              46.176592999845646
            ],
            [
              -122.97371799985967,
              46.17657500022951
            ],
            [
              -122.97285599986924,
              46.175989999857116
            ],
            [
              -122.97278899992209,
              46.17594399976909
            ],
            [
              -122.97264699963189,
              46.175823999764155
            ],
            [
              -122.97259399992843,
              46.17576500020993
            ],
            [
              -122.97256100031646,
              46.17572800019367
            ],
            [
              -122.97254700007275,
              46.17569699970693
            ],
            [
              -122.97253100017922,
              46.17565900002951
            ],
            [
              -122.9725219999584,
              46.17561699999542
            ],
            [
              -122.97251600011062,
              46.17550199985629
            ],
            [
              -122.97252000030856,
              46.17545900008329
            ],
            [
              -122.97252500033143,
              46.175429999928056
            ],
            [
              -122.97253200000414,
              46.17539800027528
            ],
            [
              -122.97254000040006,
              46.175375000299525
            ],
            [
              -122.97247599992764,
              46.17525799978704
            ],
            [
              -122.97246099985904,
              46.17522499978887
            ],
            [
              -122.97252100013348,
              46.175181999799285
            ],
            [
              -122.97268599998992,
              46.175058000248576
            ],
            [
              -122.97285500004432,
              46.17493800017632
            ],
            [
              -122.97302999994652,
              46.17482099997819
            ],
            [
              -122.97323400016101,
              46.17496500009102
            ],
            [
              -122.97339900001744,
              46.17485900023467
            ],
            [
              -122.97343300035263,
              46.17484900020245
            ],
            [
              -122.97346199976666,
              46.174844999815825
            ],
            [
              -122.973486999881,
              46.17484400018565
            ],
            [
              -122.973522999866,
              46.17484699969817
            ],
            [
              -122.97378200033211,
              46.17467299971123
            ],
            [
              -122.97374200014913,
              46.17465300019941
            ],
            [
              -122.97348000020828,
              46.174506999997085
            ],
            [
              -122.97415600042592,
              46.17402999972733
            ],
            [
              -122.97405099994562,
              46.173969999846456
            ],
            [
              -122.97401599978551,
              46.17395000007898
            ],
            [
              -122.97370399961596,
              46.173830000077245
            ],
            [
              -122.97350399959944,
              46.173752999710096
            ],
            [
              -122.97309799971858,
              46.17345199972879
            ],
            [
              -122.9728729995877,
              46.173284999780826
            ],
            [
              -122.9728469996484,
              46.173266000045146
            ],
            [
              -122.97255999959322,
              46.17317899979663
            ],
            [
              -122.97232799978963,
              46.17313299984556
            ],
            [
              -122.97179999971003,
              46.17284000002494
            ],
            [
              -122.97048300033323,
              46.17413999975363
            ],
            [
              -122.97024099958558,
              46.174380000008604
            ],
            [
              -122.96927099964012,
              46.17384299986199
            ],
            [
              -122.96718400033438,
              46.17268800010388
            ],
            [
              -122.96608999964204,
              46.1719250001243
            ],
            [
              -122.96528499955298,
              46.17149399997086
            ],
            [
              -122.96495900003806,
              46.17123800007931
            ],
            [
              -122.96469700009726,
              46.170951000188744
            ],
            [
              -122.96443099995847,
              46.170472000139725
            ],
            [
              -122.96434499974472,
              46.1701300000874
            ],
            [
              -122.96421800042145,
              46.16943600005187
            ],
            [
              -122.96419499995693,
              46.16930700008952
            ],
            [
              -122.9666930000647,
              46.16864500011375
            ],
            [
              -122.96666700012543,
              46.1684929997972
            ],
            [
              -122.96663799981313,
              46.168325999722256
            ],
            [
              -122.9667359997224,
              46.16829599978919
            ],
            [
              -122.96750599965132,
              46.16795800015921
            ],
            [
              -122.96746800001651,
              46.16790000001026
            ],
            [
              -122.96698799961747,
              46.16711300008541
            ],
            [
              -122.96600599997646,
              46.166637000168215
            ],
            [
              -122.96533599960662,
              46.16631199999684
            ],
            [
              -122.96486100012879,
              46.1660719999969
            ],
            [
              -122.96544100008691,
              46.16532800031101
            ],
            [
              -122.96573900001275,
              46.1654439997501
            ],
            [
              -122.96590399986918,
              46.16550899984375
            ],
            [
              -122.96596800034159,
              46.16543099984656
            ],
            [
              -122.9660040003266,
              46.165388000287415
            ],
            [
              -122.9660389995884,
              46.16536400005582
            ],
            [
              -122.96606500042598,
              46.16534700030022
            ],
            [
              -122.96614099969565,
              46.16531099992212
            ],
            [
              -122.96618500007658,
              46.1652949999539
            ],
            [
              -122.96627399976505,
              46.16528299981913
            ],
            [
              -122.9664739997816,
              46.16527599994668
            ],
            [
              -122.96662000026976,
              46.16527599994668
            ],
            [
              -122.96672900004972,
              46.16527699975075
            ],
            [
              -122.96675199961594,
              46.16527899998103
            ],
            [
              -122.96681899956307,
              46.16528500004913
            ],
            [
              -122.96695199963247,
              46.165297000183465
            ],
            [
              -122.9681440002341,
              46.16409699992422
            ],
            [
              -122.96837799968752,
              46.163861999986736
            ],
            [
              -122.96842999956606,
              46.16381000010321
            ],
            [
              -122.96855500013783,
              46.1638360000511
            ],
            [
              -122.96863899980343,
              46.16385400010356
            ],
            [
              -122.9692149995636,
              46.16385400010356
            ],
            [
              -122.96929400010464,
              46.16385400010356
            ],
            [
              -122.96940500043273,
              46.16386400026841
            ],
            [
              -122.96943499967162,
              46.16386999986871
            ],
            [
              -122.9697269997497,
              46.163927000083085
            ],
            [
              -122.96993699981198,
              46.16406099997242
            ],
            [
              -122.96999999956117,
              46.16411199979347
            ],
            [
              -122.97002700022367,
              46.16413400029945
            ],
            [
              -122.97012699978278,
              46.16424199994088
            ],
            [
              -122.97014400039951,
              46.16426900012917
            ],
            [
              -122.97045900004377,
              46.16477299976003
            ],
            [
              -122.970669999931,
              46.165250000057185
            ],
            [
              -122.97077200003825,
              46.16557600008002
            ],
            [
              -122.97087199959734,
              46.16582999998403
            ],
            [
              -122.9709109999554,
              46.16595200022645
            ],
            [
              -122.97104200037498,
              46.16646700008838
            ],
            [
              -122.9711560001778,
              46.166777999982244
            ],
            [
              -122.97122599959968,
              46.16698299987905
            ],
            [
              -122.97133100007997,
              46.167288999884775
            ],
            [
              -122.97134199995064,
              46.16732399982375
            ],
            [
              -122.97148900026373,
              46.167558999903484
            ],
            [
              -122.97155100018799,
              46.16765799995159
            ],
            [
              -122.97163999987647,
              46.1678220002927
            ],
            [
              -122.97195899971868,
              46.168337000066906
            ],
            [
              -122.97197999963508,
              46.16837100021332
            ],
            [
              -122.97215799991032,
              46.16859900010322
            ],
            [
              -122.97225099979676,
              46.168718999698385
            ],
            [
              -122.97226300039063,
              46.16873499991497
            ],
            [
              -122.97237299999547,
              46.16887700031106
            ],
            [
              -122.972537000027,
              46.16900100011174
            ],
            [
              -122.97285099984637,
              46.16923700022442
            ],
            [
              -122.97293500041027,
              46.16930900017321
            ],
            [
              -122.97322400011527,
              46.16950700001298
            ],
            [
              -122.97329600008527,
              46.16958800025099
            ],
            [
              -122.97341099971302,
              46.169647000211
            ],
            [
              -122.97376999973821,
              46.16986599981499
            ],
            [
              -122.97386299962463,
              46.16992300003762
            ],
            [
              -122.97421499997714,
              46.170138000302074
            ],
            [
              -122.97456099958356,
              46.17034900025666
            ],
            [
              -122.97463799957646,
              46.170397999802994
            ],
            [
              -122.97473499966082,
              46.17046100022206
            ],
            [
              -122.97484299961583,
              46.17054799979346
            ],
            [
              -122.9748529996616,
              46.17055700027756
            ],
            [
              -122.97486400043054,
              46.17056800017598
            ],
            [
              -122.974873999578,
              46.17057799974243
            ],
            [
              -122.97488600017186,
              46.170589000258815
            ],
            [
              -122.97489600021763,
              46.17059899982145
            ],
            [
              -122.97490600026335,
              46.170609000004326
            ],
            [
              -122.97491600030911,
              46.170619999892395
            ],
            [
              -122.97492600035484,
              46.170630999778254
            ],
            [
              -122.9749370002255,
              46.17064299999054
            ],
            [
              -122.9749449997231,
              46.17065199983699
            ],
            [
              -122.97495499976887,
              46.17066400004469
            ],
            [
              -122.97496900001255,
              46.170681000023436
            ],
            [
              -122.9749790000583,
              46.170693000224816
            ],
            [
              -122.9750350001348,
              46.170771999930004
            ],
            [
              -122.97517200040215,
              46.17107700030995
            ],
            [
              -122.97518699957244,
              46.17108699978386
            ],
            [
              -122.97524500019708,
              46.171127999847414
            ],
            [
              -122.9754860002215,
              46.171384999944024
            ],
            [
              -122.97586100014023,
              46.17164499977105
            ],
            [
              -122.97615700041625,
              46.171842999910695
            ],
            [
              -122.97639000004474,
              46.17199799996876
            ],
            [
              -122.97667299990196,
              46.172060999799285
            ],
            [
              -122.97657499999268,
              46.1722150001871
            ],
            [
              -122.97618599983025,
              46.17282399975838
            ],
            [
              -122.97668700014566,
              46.17281399997819
            ],
            [
              -122.97688999963694,
              46.172812999689015
            ],
            [
              -122.97706299988928,
              46.17282100013552
            ],
            [
              -122.97723399959351,
              46.1728380000696
            ],
            [
              -122.97737599988373,
              46.17286099986231
            ],
            [
              -122.9774860003869,
              46.17287900007202
            ],
            [
              -122.97765000041844,
              46.17291600013895
            ],
            [
              -122.97800400042078,
              46.17302799985363
            ],
            [
              -122.97813800031507,
              46.173084000247506
            ],
            [
              -122.97965800008146,
              46.173743999749
            ],
            [
              -122.97982299993788,
              46.173823000048294
            ],
            [
              -122.98026599962868,
              46.173424999693324
            ],
            [
              -122.98033900032192,
              46.173434999984494
            ],
            [
              -122.98099399972483,
              46.17352300010432
            ],
            [
              -122.98115100008367,
              46.17356699980036
            ],
            [
              -122.98128300032815,
              46.173604000026536
            ],
            [
              -122.98149400021532,
              46.17368499982942
            ],
            [
              -122.9816830003612,
              46.173801999956225
            ],
            [
              -122.98176000035413,
              46.17388300008955
            ],
            [
              -122.98185999991321,
              46.17404499999834
            ],
            [
              -122.98190400029416,
              46.17416199998127
            ],
            [
              -122.98209300044005,
              46.17447699970297
            ],
            [
              -122.98225200044872,
              46.17466300026728
            ],
            [
              -122.98252400043526,
              46.17481599995886
            ],
            [
              -122.98278300000305,
              46.17492000001851
            ],
            [
              -122.9829629999281,
              46.17496000008477
            ],
            [
              -122.98318600040918,
              46.175010999753816
            ],
            [
              -122.98340099959601,
              46.17506000012313
            ],
            [
              -122.98382200044381,
              46.1751960001323
            ],
            [
              -122.98386900029946,
              46.175227000279456
            ],
            [
              -122.98400200036885,
              46.175313999776286
            ],
            [
              -122.98417999974578,
              46.1754950000402
            ],
            [
              -122.98437999976233,
              46.175639000254236
            ],
            [
              -122.98679900022739,
              46.17323899991842
            ],
            [
              -122.9856819999688,
              46.17268800010388
            ],
            [
              -122.98542300040106,
              46.17255900030382
            ],
            [
              -122.98513600034588,
              46.17241799975666
            ],
            [
              -122.98554899989944,
              46.17201999980915
            ],
            [
              -122.98580499999248,
              46.171769000174436
            ],
            [
              -122.98611200013913,
              46.17146999991503
            ],
            [
              -122.98623299961464,
              46.17135000010071
            ],
            [
              -122.98625600007917,
              46.171370999884964
            ],
            [
              -122.98638300030078,
              46.171461000202434
            ],
            [
              -122.98650299995137,
              46.1715160000129
            ],
            [
              -122.98655599965483,
              46.17153099972541
            ],
            [
              -122.98628000036862,
              46.17180199975806
            ],
            [
              -122.98700400026681,
              46.1721590001525
            ],
            [
              -122.98733399997967,
              46.17183699993577
            ],
            [
              -122.98768799998201,
              46.172011999868225
            ],
            [
              -122.98794499989995,
              46.172138999726435
            ],
            [
              -122.98839599998666,
              46.17236100025349
            ],
            [
              -122.98886100031707,
              46.17259099974236
            ],
            [
              -122.98945799999366,
              46.17288499993327
            ],
            [
              -122.98957199979647,
              46.172772999927375
            ],
            [
              -122.9909390003003,
              46.173469999745016
            ],
            [
              -122.99103600038465,
              46.17353200010157
            ],
            [
              -122.99121600030973,
              46.17354600023256
            ],
            [
              -122.99159000040353,
              46.17349699975838
            ],
            [
              -122.99179600026787,
              46.17349400017228
            ],
            [
              -122.99192699978911,
              46.17351600003629
            ],
            [
              -122.991975000368,
              46.17354800016216
            ],
            [
              -122.99198700006359,
              46.173552000021054
            ],
            [
              -122.99202600042165,
              46.173575999790415
            ],
            [
              -122.99204599961483,
              46.173604000026536
            ],
            [
              -122.99212199978278,
              46.17383300026709
            ],
            [
              -122.99229699968498,
              46.174189999919
            ],
            [
              -122.99229500003514,
              46.17428500004588
            ],
            [
              -122.99233400039321,
              46.174304000051535
            ],
            [
              -122.99264400001461,
              46.17445700011988
            ],
            [
              -122.99302099958317,
              46.17408800025495
            ],
            [
              -122.99408299959013,
              46.17461200027547
            ],
            [
              -122.99477999972413,
              46.17393000030423
            ],
            [
              -122.9943689998204,
              46.173727999745445
            ],
            [
              -122.99448299962322,
              46.17361600021222
            ],
            [
              -122.99170800040433,
              46.172246999825795
            ],
            [
              -122.99227999996653,
              46.171688000037896
            ],
            [
              -122.99121799995956,
              46.17116400015113
            ],
            [
              -122.991418999801,
              46.170966999756004
            ],
            [
              -122.99088800024667,
              46.1707049998015
            ],
            [
              -122.99118899964724,
              46.17041000006611
            ],
            [
              -122.9906580000929,
              46.1701479999467
            ],
            [
              -122.98853400007891,
              46.16910000005298
            ],
            [
              -122.98968200029962,
              46.16800199995252
            ],
            [
              -122.98916799956544,
              46.16774899988261
            ],
            [
              -122.98905499958754,
              46.16769300027787
            ],
            [
              -122.98860799969879,
              46.16747199995926
            ],
            [
              -122.98973500000308,
              46.166363000219654
            ],
            [
              -122.99505099988579,
              46.16897700021227
            ],
            [
              -122.99559800023198,
              46.16844300005147
            ],
            [
              -122.99579099967752,
              46.16825599985298
            ],
            [
              -122.99579900007345,
              46.168245999864375
            ],
            [
              -122.9958259998376,
              46.16822000013441
            ],
            [
              -122.99583599988334,
              46.168212000262834
            ],
            [
              -122.99593899981551,
              46.16811099984042
            ],
            [
              -122.99594700021143,
              46.168102000200285
            ],
            [
              -122.99604299957257,
              46.168011000231154
            ],
            [
              -122.99618599968771,
              46.167869999844854
            ],
            [
              -122.99628100012227,
              46.16777499983525
            ],
            [
              -122.99632799997795,
              46.16772899971925
            ],
            [
              -122.99639199955205,
              46.16766599990368
            ],
            [
              -122.99642000003946,
              46.167637999755144
            ],
            [
              -122.99658700044402,
              46.16747299972339
            ],
            [
              -122.99679400013325,
              46.16726900017631
            ],
            [
              -122.99778800036817,
              46.16629499991204
            ],
            [
              -122.99800599992805,
              46.166083000170154
            ],
            [
              -122.99810499966227,
              46.16598599998058
            ],
            [
              -123.0002320000493,
              46.16703100016332
            ],
            [
              -123.00006200016999,
              46.16719600027656
            ],
            [
              -122.99906200008729,
              46.1681770002668
            ],
            [
              -122.9987549999406,
              46.16842300014044
            ],
            [
              -122.99865000035862,
              46.16855700027635
            ],
            [
              -122.99826100019621,
              46.168787000120055
            ],
            [
              -122.99808600029401,
              46.16901000022687
            ],
            [
              -122.99826799986889,
              46.16957399973451
            ],
            [
              -122.99825600017331,
              46.16962099989902
            ],
            [
              -122.99822699986102,
              46.16973300010265
            ],
            [
              -122.9976639996213,
              46.170448000259995
            ],
            [
              -122.99772200024596,
              46.17058700022162
            ],
            [
              -122.99781699978217,
              46.17061599982025
            ],
            [
              -122.99796400009527,
              46.170662000010275
            ],
            [
              -122.99815700043912,
              46.170723999799776
            ],
            [
              -122.99875199956756,
              46.17060200018755
            ],
            [
              -122.99888700018509,
              46.1706539998718
            ],
            [
              -122.99907299995792,
              46.170725000126936
            ],
            [
              -122.99889700023083,
              46.17094799984163
            ],
            [
              -122.99867499957466,
              46.17110899998866
            ],
            [
              -122.99859500010704,
              46.17115299974976
            ],
            [
              -122.99845100016698,
              46.17127099998158
            ],
            [
              -122.99830499967881,
              46.17138299993579
            ],
            [
              -122.99817800035551,
              46.17154600005598
            ],
            [
              -122.99815900008893,
              46.17188699970669
            ],
            [
              -122.99820199974664,
              46.17201399985359
            ],
            [
              -122.99824399957944,
              46.1721300001233
            ],
            [
              -122.99828999961021,
              46.17219899973867
            ],
            [
              -122.99832399994538,
              46.17223200030851
            ],
            [
              -122.99842799970247,
              46.17227700009223
            ],
            [
              -122.99854599970323,
              46.17229699984602
            ],
            [
              -122.99899299959199,
              46.172205999974324
            ],
            [
              -122.99948700023471,
              46.171842999910695
            ],
            [
              -122.99988999974254,
              46.171648000080076
            ],
            [
              -123.00028700030087,
              46.171566999765346
            ],
            [
              -123.00054400021881,
              46.171664999754654
            ],
            [
              -123.00060199994516,
              46.17180500005858
            ],
            [
              -123.00065899984656,
              46.17194199971325
            ],
            [
              -123.000499000013,
              46.172405999931655
            ],
            [
              -123.00046499967779,
              46.172506999932345
            ],
            [
              -123.00043999956341,
              46.17261899985785
            ],
            [
              -123.00043799991363,
              46.1727279999274
            ],
            [
              -123.00045299998223,
              46.17283600011425
            ],
            [
              -123.00048300011944,
              46.17294299980222
            ],
            [
              -123.00052999997513,
              46.1730470002936
            ],
            [
              -123.0005919998994,
              46.17314700007813
            ],
            [
              -123.0006689998923,
              46.173242000140505
            ],
            [
              -123.00076000012888,
              46.17333100022684
            ],
            [
              -123.00086300006105,
              46.17341300008805
            ],
            [
              -123.00097400038914,
              46.17348399989185
            ],
            [
              -123.00110499991038,
              46.173552000021054
            ],
            [
              -123.00116000016196,
              46.1735739998619
            ],
            [
              -123.00123899980468,
              46.173607000228714
            ],
            [
              -123.00127899998766,
              46.17366100010762
            ],
            [
              -123.00131300032285,
              46.17368299990486
            ],
            [
              -123.00148999987486,
              46.17379800011547
            ],
            [
              -123.00168099967055,
              46.17394499998045
            ],
            [
              -123.00183200018162,
              46.17415100017959
            ],
            [
              -123.0017879998007,
              46.17437600020988
            ],
            [
              -123.00164499968555,
              46.17459200011942
            ],
            [
              -123.0012329999569,
              46.17489899972325
            ],
            [
              -123.0011839995531,
              46.17492699990778
            ],
            [
              -123.00114099989538,
              46.17494899982064
            ],
            [
              -123.00111199958307,
              46.17500500012455
            ],
            [
              -123.00110400008546,
              46.17532399972395
            ],
            [
              -123.00112599982678,
              46.175465000285115
            ],
            [
              -123.0011779997053,
              46.175540999881754
            ],
            [
              -123.00125399987331,
              46.17555200002747
            ],
            [
              -123.00144899986698,
              46.175499999997804
            ],
            [
              -123.00152300038515,
              46.17547700006472
            ],
            [
              -123.00177199990716,
              46.17536900008792
            ],
            [
              -123.00195500020529,
              46.17522799990266
            ],
            [
              -123.00205300011456,
              46.175156999862196
            ],
            [
              -123.00211099984088,
              46.17509500009358
            ],
            [
              -123.00238500037555,
              46.17480799980257
            ],
            [
              -123.00248900013264,
              46.174746000262544
            ],
            [
              -123.00283200026432,
              46.174544000212855
            ],
            [
              -123.00366999996534,
              46.17406400008695
            ],
            [
              -123.00377000042276,
              46.1740060001561
            ],
            [
              -123.00417899977835,
              46.17377100024992
            ],
            [
              -123.00457299996366,
              46.17357799971891
            ],
            [
              -123.00497899984451,
              46.17341300008805
            ],
            [
              -123.00542599973325,
              46.17336499977446
            ],
            [
              -123.00568699984916,
              46.17340499972766
            ],
            [
              -123.00582099974346,
              46.17350399982879
            ],
            [
              -123.00582999996428,
              46.17351999989756
            ],
            [
              -123.00591600017802,
              46.17367000008229
            ],
            [
              -123.00602199958493,
              46.17384200021361
            ],
            [
              -123.0060330003539,
              46.17397199976062
            ],
            [
              -123.00602499995796,
              46.1742100002213
            ],
            [
              -123.00586500012442,
              46.17439099976449
            ],
            [
              -123.00514500042418,
              46.17492199989808
            ],
            [
              -123.00449299959772,
              46.17532300010249
            ],
            [
              -123.00389799957095,
              46.175689999915626
            ],
            [
              -123.0031899995663,
              46.176108999892676
            ],
            [
              -123.0027319998069,
              46.176332000170184
            ],
            [
              -123.00267400008057,
              46.17638700008565
            ],
            [
              -123.00261800000409,
              46.176440000121765
            ],
            [
              -123.00262200020202,
              46.17656400028844
            ],
            [
              -123.00266900005771,
              46.17667799985386
            ],
            [
              -123.00276100011921,
              46.17672800019981
            ],
            [
              -123.00304300015152,
              46.17669400024321
            ],
            [
              -123.00373400043773,
              46.17662000019181
            ],
            [
              -123.00416899973261,
              46.17654900008249
            ],
            [
              -123.00447800042741,
              46.176496999751556
            ],
            [
              -123.00491400044551,
              46.176424999882
            ],
            [
              -123.00496200012606,
              46.1764180001834
            ],
            [
              -123.00534100024277,
              46.176354999745676
            ],
            [
              -123.00579300015438,
              46.176327999891434
            ],
            [
              -123.00587400034523,
              46.17632400023444
            ],
            [
              -123.00655399986246,
              46.17624299996421
            ],
            [
              -123.00671899971893,
              46.176255999800595
            ],
            [
              -123.00706600004855,
              46.17626999986022
            ],
            [
              -123.00748600017312,
              46.176410999861886
            ],
            [
              -123.00761599986946,
              46.17646800014372
            ],
            [
              -123.00768600018968,
              46.17668200010714
            ],
            [
              -123.00768700001457,
              46.17673900010808
            ],
            [
              -123.00768600018968,
              46.17678899977653
            ],
            [
              -123.0076819999917,
              46.17685199971703
            ],
            [
              -123.00767500031903,
              46.17690799994915
            ],
            [
              -123.00766500027328,
              46.17696400012419
            ],
            [
              -123.00757099966361,
              46.177135999905396
            ],
            [
              -123.00758800028038,
              46.17744200003056
            ],
            [
              -123.00761000002167,
              46.177914000201966
            ],
            [
              -123.00762099989234,
              46.17817100031016
            ],
            [
              -123.00762199971726,
              46.178183999690766
            ],
            [
              -123.00762900028825,
              46.17834899993512
            ],
            [
              -123.00763000011318,
              46.178364999838244
            ],
            [
              -123.00764000015891,
              46.17856599997398
            ],
            [
              -123.00769399968729,
              46.178555999993854
            ],
            [
              -123.00778599974876,
              46.17854300007922
            ],
            [
              -123.00787299978742,
              46.17853899996132
            ],
            [
              -123.0080469998647,
              46.17855099969214
            ],
            [
              -123.00824600005633,
              46.17859100022727
            ],
            [
              -123.0086670000058,
              46.178702000020394
            ],
            [
              -123.00864600008941,
              46.178751000210774
            ],
            [
              -123.00859500003577,
              46.178865999775304
            ],
            [
              -123.00884000025816,
              46.1788990000765
            ],
            [
              -123.00920199975808,
              46.17896099991024
            ],
            [
              -123.00959699976829,
              46.17904899989535
            ],
            [
              -123.01029200025248,
              46.179274999961
            ],
            [
              -123.01032599968937,
              46.17928899987401
            ],
            [
              -123.01041199990308,
              46.17932499981155
            ],
            [
              -123.01043600019254,
              46.179342000223066
            ],
            [
              -123.01050800016255,
              46.17936400023561
            ],
            [
              -123.01050800016255,
              46.17938600023934
            ],
            [
              -123.01059900039913,
              46.179404000179304
            ],
            [
              -123.01086800001268,
              46.17951800007687
            ],
            [
              -123.01084500044647,
              46.17982900019418
            ],
            [
              -123.01084399972322,
              46.179848999689554
            ],
            [
              -123.01085700014201,
              46.180082000053986
            ],
            [
              -123.01090900002052,
              46.18011000008743
            ],
            [
              -123.01141100016089,
              46.18050200030179
            ],
            [
              -123.011666000429,
              46.18061800008322
            ],
            [
              -123.01181899969156,
              46.180677000028275
            ],
            [
              -123.01197199985243,
              46.18072500017938
            ],
            [
              -123.01207800015763,
              46.18075900013144
            ],
            [
              -123.01234599994625,
              46.18082500030767
            ],
            [
              -123.01263999967412,
              46.180878999940596
            ],
            [
              -123.01284300006371,
              46.18090300024418
            ],
            [
              -123.01295900041467,
              46.18091699974263
            ],
            [
              -123.01314600001241,
              46.18092900019845
            ],
            [
              -123.01321700015752,
              46.180934000283905
            ],
            [
              -123.01347599972529,
              46.18093899974696
            ],
            [
              -123.01373500019139,
              46.180929999717954
            ],
            [
              -123.01399200010935,
              46.180909999993844
            ],
            [
              -123.01418299990505,
              46.18088599969331
            ],
            [
              -123.01424900002729,
              46.18087399985009
            ],
            [
              -123.01518299998776,
              46.180711000010064
            ],
            [
              -123.01543400005792,
              46.18069100020625
            ],
            [
              -123.01549799963202,
              46.18069199973013
            ],
            [
              -123.01589099999241,
              46.18070000027437
            ],
            [
              -123.01589600001527,
              46.18045200027762
            ],
            [
              -123.0158969998402,
              46.1803230000302
            ],
            [
              -123.0158969998402,
              46.180288999808475
            ],
            [
              -123.0158979996651,
              46.18006399971403
            ],
            [
              -123.01598499970373,
              46.180052999848904
            ],
            [
              -123.01612699999396,
              46.18002000024031
            ],
            [
              -123.01630699991902,
              46.17996599976373
            ],
            [
              -123.01649000021713,
              46.17993599995981
            ],
            [
              -123.01743800042128,
              46.17969299982533
            ],
            [
              -123.01781499998984,
              46.17963299990325
            ],
            [
              -123.0181210003116,
              46.17961099999835
            ],
            [
              -123.01887299979886,
              46.17962499982575
            ],
            [
              -123.01948600026728,
              46.17963699994152
            ],
            [
              -123.02097800044457,
              46.179630000029796
            ],
            [
              -123.02296400036627,
              46.17959400029195
            ],
            [
              -123.0244780002849,
              46.17965499979936
            ],
            [
              -123.02450300039925,
              46.17965300009187
            ],
            [
              -123.02523499979502,
              46.17958900008463
            ],
            [
              -123.02549300043619,
              46.17956700016212
            ],
            [
              -123.02566499996533,
              46.179531999927995
            ],
            [
              -123.02577000044566,
              46.179494999958365
            ],
            [
              -123.0258809998754,
              46.179429000051584
            ],
            [
              -123.0259650004393,
              46.17934399994183
            ],
            [
              -123.02597600030995,
              46.17924199988553
            ],
            [
              -123.02590599998977,
              46.17910499975601
            ],
            [
              -123.02590500016485,
              46.179019999767384
            ],
            [
              -123.0258449998904,
              46.17863400003921
            ],
            [
              -123.02614500036437,
              46.17860999998922
            ],
            [
              -123.02593899960172,
              46.177792999943314
            ],
            [
              -123.02583499984466,
              46.1773919997118
            ],
            [
              -123.02582800017196,
              46.17721299988988
            ],
            [
              -123.0258519995631,
              46.17697699979013
            ],
            [
              -123.02592600008127,
              46.176671999784425
            ],
            [
              -123.02553400044408,
              46.17654199977764
            ],
            [
              -123.02526699958209,
              46.17642600010547
            ],
            [
              -123.02443399990395,
              46.17606599997223
            ],
            [
              -123.0245979999355,
              46.17600399998441
            ],
            [
              -123.02476299979192,
              46.17594099969441
            ],
            [
              -123.0248389999599,
              46.175917999945774
            ],
            [
              -123.0250139998621,
              46.17569400024078
            ],
            [
              -123.02504700037237,
              46.17526700012241
            ],
            [
              -123.02506499991571,
              46.17504500012898
            ],
            [
              -123.0253810002832,
              46.17464199987387
            ],
            [
              -123.02567099981312,
              46.17443300011292
            ],
            [
              -123.02612699992271,
              46.17385199980688
            ],
            [
              -123.02677200017817,
              46.17281900017955
            ],
            [
              -123.02706000005826,
              46.172567000165195
            ],
            [
              -123.02756100037368,
              46.17213200010438
            ],
            [
              -123.02785799957628,
              46.17175399990469
            ],
            [
              -123.02796499970643,
              46.17161699978172
            ],
            [
              -123.02805299956995,
              46.17150599999489
            ],
            [
              -123.02808699990514,
              46.171129999864874
            ],
            [
              -123.02809199992801,
              46.17108499976479
            ],
            [
              -123.02804599989727,
              46.170966000055344
            ],
            [
              -123.0279429999651,
              46.170697999996904
            ],
            [
              -123.02776399986496,
              46.17022800014879
            ],
            [
              -123.02754600030505,
              46.16965600022042
            ],
            [
              -123.02757100041941,
              46.16932399986553
            ],
            [
              -123.02760400003137,
              46.16889299985956
            ],
            [
              -123.02787699984286,
              46.16848900019246
            ],
            [
              -123.02813600030893,
              46.168107999960526
            ],
            [
              -123.02816700027107,
              46.168080999790085
            ],
            [
              -123.02877800019135,
              46.16758100027521
            ],
            [
              -123.02888399959828,
              46.167521999965494
            ],
            [
              -123.02905000017795,
              46.167419999755246
            ],
            [
              -123.02931299994366,
              46.16715499977057
            ],
            [
              -123.02953100040185,
              46.16700400008634
            ],
            [
              -123.02960300037188,
              46.16695200006205
            ],
            [
              -123.02986299976456,
              46.166761999818554
            ],
            [
              -123.03000400022987,
              46.16664999978675
            ],
            [
              -123.03015499984261,
              46.166530000032864
            ],
            [
              -123.03017900013205,
              46.166506000299506
            ],
            [
              -123.03019199965253,
              46.166493000024836
            ],
            [
              -123.03031800004922,
              46.166363000219654
            ],
            [
              -123.03033300011785,
              46.16634799971986
            ],
            [
              -123.03034099961546,
              46.16633899979133
            ],
            [
              -123.0303509996612,
              46.16632399990715
            ],
            [
              -123.03036099970694,
              46.166308000233556
            ],
            [
              -123.03040400026296,
              46.16624200005317
            ],
            [
              -123.03045100011863,
              46.16616900003482
            ],
            [
              -123.03046100016437,
              46.16615299969399
            ],
            [
              -123.03048799992855,
              46.166009999940805
            ],
            [
              -123.03049799997429,
              46.16595600001562
            ],
            [
              -123.03052100043882,
              46.16583099977804
            ],
            [
              -123.030512000218,
              46.1657720000799
            ],
            [
              -123.03049100030158,
              46.16563100017587
            ],
            [
              -123.03046000033945,
              46.165432000269995
            ],
            [
              -123.0303940002172,
              46.16524099994896
            ],
            [
              -123.03028399971404,
              46.16488799993613
            ],
            [
              -123.03041000011073,
              46.16474800006863
            ],
            [
              -123.03030299998062,
              46.16457200022744
            ],
            [
              -123.03050800002002,
              46.16448199983659
            ],
            [
              -123.03037499995065,
              46.16430300030135
            ],
            [
              -123.02988000038133,
              46.16363999999739
            ],
            [
              -123.02974899996174,
              46.16348899999722
            ],
            [
              -123.02967299979376,
              46.163415000220745
            ],
            [
              -123.02960300037188,
              46.16334600016296
            ],
            [
              -123.02944199981508,
              46.163210000093216
            ],
            [
              -123.02926899956273,
              46.16308200030602
            ],
            [
              -123.02923299957773,
              46.16305799969059
            ],
            [
              -123.02908299978986,
              46.16296200023507
            ],
            [
              -123.02883500009277,
              46.162825999838255
            ],
            [
              -123.02862400020557,
              46.162729000127555
            ],
            [
              -123.02840400009754,
              46.162641000158644
            ],
            [
              -123.0281770003168,
              46.16256500015711
            ],
            [
              -123.02788199986573,
              46.16248500000929
            ],
            [
              -123.02766099993279,
              46.16243899982498
            ],
            [
              -123.0276340001686,
              46.162433999924325
            ],
            [
              -123.02724199963313,
              46.162371000266546
            ],
            [
              -123.02710199989104,
              46.16234799982039
            ],
            [
              -123.02658899988006,
              46.16226399992192
            ],
            [
              -123.0263589997263,
              46.16221400011403
            ],
            [
              -123.02615799988484,
              46.16215600013061
            ],
            [
              -123.02580200023269,
              46.16265700027662
            ],
            [
              -123.02559600036835,
              46.16289000006687
            ],
            [
              -123.02529500006949,
              46.1631329997903
            ],
            [
              -123.025014999687,
              46.16300200028784
            ],
            [
              -123.0242120001461,
              46.16269799977984
            ],
            [
              -123.02344100039225,
              46.16256500015711
            ],
            [
              -123.02305499970456,
              46.16251699970907
            ],
            [
              -123.02288800019831,
              46.162497000132205
            ],
            [
              -123.0224239996928,
              46.16250399973607
            ],
            [
              -123.02190700038216,
              46.16253500019309
            ],
            [
              -123.02106899978284,
              46.16262199985705
            ],
            [
              -123.0188259999432,
              46.16282999985471
            ],
            [
              -123.01729199993312,
              46.16299699981621
            ],
            [
              -123.01607299956729,
              46.1631329997903
            ],
            [
              -123.01523999988918,
              46.163226999886994
            ],
            [
              -123.01462499977092,
              46.16326400022521
            ],
            [
              -123.01400100033017,
              46.163221000216566
            ],
            [
              -123.01374699988696,
              46.16317699970992
            ],
            [
              -123.01370699970398,
              46.16316899972717
            ],
            [
              -123.01358700005338,
              46.16314799992238
            ],
            [
              -123.01354699987043,
              46.16314200024334
            ],
            [
              -123.0132869995794,
              46.16309699982986
            ],
            [
              -123.01239500035005,
              46.16289199976173
            ],
            [
              -123.01195199976097,
              46.16278499980824
            ],
            [
              -123.01185700022472,
              46.16290500026525
            ],
            [
              -123.01177799968366,
              46.163003000133195
            ],
            [
              -123.01175199974442,
              46.16303599999869
            ],
            [
              -123.01159600010881,
              46.16315599990822
            ],
            [
              -123.01146700023737,
              46.16321899991148
            ],
            [
              -123.0113779996506,
              46.163328999783765
            ],
            [
              -123.0113640003052,
              46.16348100005981
            ],
            [
              -123.0113910000694,
              46.16356300029631
            ],
            [
              -123.01141299981069,
              46.163628999957815
            ],
            [
              -123.01149599965137,
              46.1637639997824
            ],
            [
              -123.01149499982648,
              46.16394699976229
            ],
            [
              -123.01142000038172,
              46.16410799987022
            ],
            [
              -123.01141600018374,
              46.16412599983369
            ],
            [
              -123.01136199975709,
              46.16437199978103
            ],
            [
              -123.01126999969557,
              46.16476299976042
            ],
            [
              -123.01125299997712,
              46.16483899983639
            ],
            [
              -123.01123299988565,
              46.164937999802454
            ],
            [
              -123.01119900044878,
              46.16511200010295
            ],
            [
              -123.01118799967978,
              46.16516700004054
            ],
            [
              -123.01112400010572,
              46.16537399994618
            ],
            [
              -123.01107700025003,
              46.16552399995016
            ],
            [
              -123.01100699992985,
              46.16574599980267
            ],
            [
              -123.01098500018853,
              46.165815999755345
            ],
            [
              -123.01095800042434,
              46.16590200003742
            ],
            [
              -123.01095099985334,
              46.165917999829105
            ],
            [
              -123.0108999997997,
              46.166051000055965
            ],
            [
              -123.01087399986046,
              46.16613699997067
            ],
            [
              -123.01087700023349,
              46.16615799987877
            ],
            [
              -123.01088499973109,
              46.16621899998117
            ],
            [
              -123.01090099962462,
              46.16625699995971
            ],
            [
              -123.0109209997161,
              46.16630300006242
            ],
            [
              -123.0109900002114,
              46.16646799987082
            ],
            [
              -123.01115000004496,
              46.16663400020798
            ],
            [
              -123.01125399980205,
              46.166733000054414
            ],
            [
              -123.01135799955911,
              46.16683199972267
            ],
            [
              -123.01143100025237,
              46.167069000203085
            ],
            [
              -123.01131300025158,
              46.16718399993438
            ],
            [
              -123.01122299983992,
              46.16727200010197
            ],
            [
              -123.01035599982661,
              46.16812000010117
            ],
            [
              -123.01030700032108,
              46.168168999766884
            ],
            [
              -123.01038699978875,
              46.168208000015575
            ],
            [
              -123.01004700003011,
              46.168541000008034
            ],
            [
              -123.00992999985424,
              46.16865500002981
            ],
            [
              -123.01004700003011,
              46.168713999746394
            ],
            [
              -123.01020000019099,
              46.1687890002227
            ],
            [
              -123.01022899960498,
              46.16880299969474
            ],
            [
              -123.01011499980217,
              46.1689149996977
            ],
            [
              -123.00999599997648,
              46.16951100016577
            ],
            [
              -123.00999299960343,
              46.16956100018488
            ],
            [
              -123.00980799965552,
              46.170481000014156
            ],
            [
              -123.00971599959401,
              46.170771999930004
            ],
            [
              -123.00970899992127,
              46.17092499987103
            ],
            [
              -123.00954099969181,
              46.1717319999579
            ],
            [
              -123.00869600031812,
              46.17175500021311
            ],
            [
              -123.00834099959256,
              46.17176399987761
            ],
            [
              -123.00829999958466,
              46.17175799989406
            ],
            [
              -123.00801300042781,
              46.17110099991521
            ],
            [
              -123.0079990001841,
              46.17102099973871
            ],
            [
              -123.00799400016123,
              46.17093599969589
            ],
            [
              -123.00803099997118,
              46.17069899970243
            ],
            [
              -123.0080679997811,
              46.17047000009829
            ],
            [
              -123.00795700035133,
              46.170112999938326
            ],
            [
              -123.00791499962023,
              46.1699760000825
            ],
            [
              -123.00760900019675,
              46.16988799988607
            ],
            [
              -123.00699400007852,
              46.170068999967356
            ],
            [
              -123.00680900013062,
              46.17012399992559
            ],
            [
              -123.00679400006199,
              46.170128999749416
            ],
            [
              -123.0067229999169,
              46.17011499999275
            ],
            [
              -123.00632399970871,
              46.17003700030568
            ],
            [
              -123.00623500002025,
              46.16992999994081
            ],
            [
              -123.00618599961646,
              46.16987100028437
            ],
            [
              -123.00613000043825,
              46.169805000024276
            ],
            [
              -123.00750100024175,
              46.16846299995521
            ],
            [
              -123.00753499967861,
              46.16842899986562
            ],
            [
              -123.00814499977398,
              46.167828999841184
            ],
            [
              -123.00817999993409,
              46.16779400022357
            ],
            [
              -123.00699999992631,
              46.16721399985178
            ],
            [
              -123.00696599959113,
              46.167248000070195
            ],
            [
              -123.00662300035776,
              46.16758900023851
            ],
            [
              -123.00570799976556,
              46.167135999783625
            ],
            [
              -123.00565900026008,
              46.16711199969256
            ],
            [
              -123.0059069999572,
              46.166867999727536
            ],
            [
              -123.00603199963066,
              46.166738999963975
            ],
            [
              -123.00484099975226,
              46.16615199990584
            ],
            [
              -123.004822000384,
              46.166143999733556
            ],
            [
              -123.00478600039897,
              46.166127000219
            ],
            [
              -123.00472000027675,
              46.166093999719045
            ],
            [
              -123.0030149996641,
              46.165243000180546
            ],
            [
              -123.00287400009712,
              46.165171999692774
            ],
            [
              -123.00262800004981,
              46.16505000020917
            ],
            [
              -123.0020830002518,
              46.16558599993184
            ],
            [
              -123.00182999963349,
              46.16582499976944
            ],
            [
              -122.99947399981592,
              46.16464599969199
            ],
            [
              -122.99815499989099,
              46.16400200024244
            ],
            [
              -122.99785600014025,
              46.163855999763385
            ],
            [
              -122.99866899972686,
              46.163107999975814
            ],
            [
              -122.99858300041149,
              46.16306599968951
            ],
            [
              -122.99812399992885,
              46.1628379998868
            ],
            [
              -122.997241000022,
              46.16370399990125
            ],
            [
              -122.99708399966318,
              46.16388799991005
            ],
            [
              -122.99692600037774,
              46.16382800016419
            ],
            [
              -122.99687799979884,
              46.16381000010321
            ],
            [
              -122.99655099956068,
              46.1638009997594
            ],
            [
              -122.99605500016646,
              46.16388300014111
            ],
            [
              -122.99554399980529,
              46.16396899971208
            ],
            [
              -122.99507699982505,
              46.16413900004561
            ],
            [
              -122.994820999732,
              46.164040999712526
            ],
            [
              -122.9947339996934,
              46.1638329999381
            ],
            [
              -122.9950650001295,
              46.163466000018516
            ],
            [
              -122.99550899964518,
              46.16311199997177
            ],
            [
              -122.99554100033056,
              46.16305299984623
            ],
            [
              -122.9957260002785,
              46.16272999997793
            ],
            [
              -122.99559599968383,
              46.16241799974154
            ],
            [
              -122.99544000004823,
              46.162349000299876
            ],
            [
              -122.99513200007664,
              46.16221199977237
            ],
            [
              -122.99373000031106,
              46.16193300023642
            ],
            [
              -122.99354600018805,
              46.16189700011297
            ],
            [
              -122.99298600032137,
              46.16197299979292
            ],
            [
              -122.99282200028986,
              46.16177600007842
            ],
            [
              -122.99390000019035,
              46.160744000015576
            ],
            [
              -122.99367900025742,
              46.16063599972935
            ],
            [
              -122.99329500011787,
              46.16044600007093
            ],
            [
              -122.99214299969918,
              46.15987899997666
            ],
            [
              -122.99176000028284,
              46.15969000009866
            ],
            [
              -122.99090999998798,
              46.15927000018858
            ],
            [
              -122.98836000000166,
              46.15801299969805
            ],
            [
              -122.98751100043,
              46.15759399999794
            ],
            [
              -122.98772899998991,
              46.157378999862196
            ],
            [
              -122.9883859999409,
              46.156735999933495
            ],
            [
              -122.98860500022403,
              46.15652200014205
            ],
            [
              -122.98879600001978,
              46.15633399990031
            ],
            [
              -122.98937299960484,
              46.15577000029938
            ],
            [
              -122.98956500012378,
              46.15558299995776
            ],
            [
              -122.98967399990373,
              46.155475000119885
            ],
            [
              -122.99000100014186,
              46.15515499990895
            ],
            [
              -122.99011099974673,
              46.15504799984332
            ],
            [
              -122.9901230003406,
              46.15503399998215
            ],
            [
              -122.9901590003256,
              46.15499399973701
            ],
            [
              -122.99017199984611,
              46.15498099985334
            ],
            [
              -122.99041200004561,
              46.15509200000599
            ],
            [
              -122.99063399980346,
              46.15521799973974
            ],
            [
              -122.99092300040677,
              46.155362000149026
            ],
            [
              -122.99101399974504,
              46.15541299994433
            ],
            [
              -122.99147700042566,
              46.155676999886126
            ],
            [
              -122.99177700000128,
              46.155830000121256
            ],
            [
              -122.99202200022367,
              46.15597400017354
            ],
            [
              -122.99247599978513,
              46.15620800023272
            ],
            [
              -122.99274199992391,
              46.156307000173605
            ],
            [
              -122.99357499960205,
              46.15664000002532
            ],
            [
              -122.99416299995609,
              46.15688299997389
            ],
            [
              -122.99445300038433,
              46.15699000020508
            ],
            [
              -122.9949959996342,
              46.1571900001083
            ],
            [
              -122.99538399997174,
              46.157306999854704
            ],
            [
              -122.99540700043626,
              46.157315000067605
            ],
            [
              -122.99576100043858,
              46.15744200025816
            ],
            [
              -122.99596099955683,
              46.15750499995974
            ],
            [
              -122.99619400008366,
              46.15759399999794
            ],
            [
              -122.99827000041702,
              46.158288000098516
            ],
            [
              -122.99922699994372,
              46.15860900006076
            ],
            [
              -123.00017099994992,
              46.15892399987796
            ],
            [
              -123.00122499956097,
              46.159277000202984
            ],
            [
              -123.00300799999141,
              46.159863000295296
            ],
            [
              -123.00395500037067,
              46.16017500008765
            ],
            [
              -123.00394500032493,
              46.16018999978182
            ],
            [
              -123.00391500018772,
              46.16023699987556
            ],
            [
              -123.00390599996685,
              46.160253000070384
            ],
            [
              -123.00381399990538,
              46.16038300000335
            ],
            [
              -123.0035770000789,
              46.16061600009095
            ],
            [
              -123.00252599994259,
              46.161652000168026
            ],
            [
              -123.0021769999631,
              46.161998000123155
            ],
            [
              -123.00198799981722,
              46.162179999895194
            ],
            [
              -123.00182299996078,
              46.162339999717105
            ],
            [
              -123.00265599963892,
              46.16274600006996
            ],
            [
              -123.00391000016485,
              46.163354000120016
            ],
            [
              -123.00356500038333,
              46.163688000087824
            ],
            [
              -123.00352299965222,
              46.163728000234876
            ],
            [
              -123.00338899975792,
              46.16366699985896
            ],
            [
              -123.00299299992278,
              46.16405499977077
            ],
            [
              -123.00535600031138,
              46.16521700027545
            ],
            [
              -123.00561300022932,
              46.16534700030022
            ],
            [
              -123.00590199993431,
              46.16505600030229
            ],
            [
              -123.00608100003446,
              46.164880000202196
            ],
            [
              -123.00622800034758,
              46.16473400018674
            ],
            [
              -123.00666900038853,
              46.16429799994797
            ],
            [
              -123.00681699962821,
              46.16415300007892
            ],
            [
              -123.00710000038374,
              46.16387299997972
            ],
            [
              -123.00714899988924,
              46.16382400022025
            ],
            [
              -123.00794899995539,
              46.16303599999869
            ],
            [
              -123.00823299963753,
              46.16275700028609
            ],
            [
              -123.00915699955226,
              46.161986999755264
            ],
            [
              -123.00924399959086,
              46.161915000177636
            ],
            [
              -123.01033699956002,
              46.16227399975358
            ],
            [
              -123.01057799958441,
              46.16235400020822
            ],
            [
              -123.01098600001345,
              46.16248800019584
            ],
            [
              -123.01159000026102,
              46.16268700017411
            ],
            [
              -123.01173000000311,
              46.16273300015106
            ],
            [
              -123.01178600007958,
              46.16274600006996
            ],
            [
              -123.01180600017109,
              46.16267500009264
            ],
            [
              -123.01185499967659,
              46.16257000004582
            ],
            [
              -123.01235400034217,
              46.16129900014728
            ],
            [
              -123.00998799958053,
              46.16082699986101
            ],
            [
              -123.01014199956636,
              46.16031299998187
            ],
            [
              -123.00859800040885,
              46.15962499997409
            ],
            [
              -123.00762900028825,
              46.16084999969854
            ],
            [
              -123.00539999979401,
              46.16010999991386
            ],
            [
              -123.00549500022855,
              46.15999000020489
            ],
            [
              -123.0036139998888,
              46.15937600022243
            ],
            [
              -123.0027939997312,
              46.15910799969537
            ],
            [
              -123.00372100001894,
              46.15797899999428
            ],
            [
              -123.00134400028497,
              46.157179000023646
            ],
            [
              -123.00183600037957,
              46.15647000016594
            ],
            [
              -122.99705500024916,
              46.15486200015295
            ],
            [
              -122.99491100014372,
              46.153831999869055
            ],
            [
              -122.99471100012718,
              46.154028000015046
            ],
            [
              -122.99233799969285,
              46.15482399977084
            ],
            [
              -122.98641599991277,
              46.15259400027367
            ],
            [
              -122.98631800000346,
              46.15255999971088
            ],
            [
              -122.98638599977552,
              46.15244399986573
            ],
            [
              -122.98662199977706,
              46.15238999969351
            ],
            [
              -122.98739199970599,
              46.15222099981464
            ],
            [
              -122.98767499956323,
              46.15215899970688
            ],
            [
              -122.98768200013424,
              46.152099000238664
            ],
            [
              -122.98768799998201,
              46.1520499999503
            ],
            [
              -122.98757099980614,
              46.15181999982987
            ],
            [
              -122.98794900009793,
              46.15192199971507
            ],
            [
              -122.98828300000876,
              46.152052000039134
            ],
            [
              -122.98902699999843,
              46.15215400011669
            ],
            [
              -122.9896849997744,
              46.15250300016626
            ],
            [
              -122.99036000016707,
              46.15259599972043
            ],
            [
              -122.99036099999199,
              46.15251800008488
            ],
            [
              -122.99036900038791,
              46.1525099997969
            ],
            [
              -122.99100000039967,
              46.15178199983648
            ],
            [
              -122.99130499999819,
              46.15186800027527
            ],
            [
              -122.99133799961014,
              46.15182700016969
            ],
            [
              -122.9913550002269,
              46.15180599976984
            ],
            [
              -122.99139600023479,
              46.15171200007477
            ],
            [
              -122.99156500028919,
              46.151376000103845
            ],
            [
              -122.99166999987116,
              46.15117500016859
            ],
            [
              -122.99177299980333,
              46.150965000167325
            ],
            [
              -122.99182300003204,
              46.15085299971457
            ],
            [
              -122.99166999987116,
              46.150636999931415
            ],
            [
              -122.99135900042485,
              46.150228000232474
            ],
            [
              -122.99236100015737,
              46.150062000179865
            ],
            [
              -122.9927980000004,
              46.150128999935205
            ],
            [
              -122.99421499983461,
              46.150707999884524
            ],
            [
              -122.99553100028481,
              46.15008400008064
            ],
            [
              -122.99634399987146,
              46.14975400002324
            ],
            [
              -122.99668899965296,
              46.149743999783176
            ],
            [
              -122.99726799978619,
              46.14972600009325
            ],
            [
              -122.997241000022,
              46.14954300011123
            ],
            [
              -122.99723099997625,
              46.1494789999161
            ],
            [
              -122.99721500008273,
              46.149375000296025
            ],
            [
              -122.99721099988479,
              46.14936000014312
            ],
            [
              -122.99716200037928,
              46.149046999919854
            ],
            [
              -122.99710399975464,
              46.14867499979925
            ],
            [
              -122.99719400016633,
              46.1486540000638
            ],
            [
              -122.99737699956611,
              46.14862399998326
            ],
            [
              -122.99747000035086,
              46.14859700020798
            ],
            [
              -122.99763799968203,
              46.14855100023761
            ],
            [
              -122.99773800013945,
              46.148513999962994
            ],
            [
              -122.99783699987367,
              46.148477999772794
            ],
            [
              -122.99787600023173,
              46.1484770002858
            ],
            [
              -122.9979930004076,
              46.14847299984828
            ],
            [
              -122.99803299969227,
              46.14847299984828
            ],
            [
              -122.99868899981837,
              46.14845499974271
            ],
            [
              -122.9991630003696,
              46.1483810002842
            ],
            [
              -122.99944700005173,
              46.148337999846696
            ],
            [
              -122.99968100040347,
              46.148253000229055
            ],
            [
              -123.00048700031742,
              46.147870000265144
            ],
            [
              -123.0007409998623,
              46.14781399971887
            ],
            [
              -123.00080199996168,
              46.14810500004706
            ],
            [
              -123.00134599993483,
              46.15070300016254
            ],
            [
              -123.00197500029677,
              46.15077899974601
            ],
            [
              -123.00220999957507,
              46.15192199971507
            ],
            [
              -123.0024289998582,
              46.152996000246944
            ],
            [
              -123.00249400015551,
              46.15316100013834
            ],
            [
              -123.00268300030139,
              46.15327799973893
            ],
            [
              -123.00288499996778,
              46.1533840001144
            ],
            [
              -123.003055999672,
              46.15345899971078
            ],
            [
              -123.00327999997799,
              46.15354199996633
            ],
            [
              -123.00371400034626,
              46.15366600010746
            ],
            [
              -123.00374699995821,
              46.153673000212464
            ],
            [
              -123.0038940002713,
              46.15368199972393
            ],
            [
              -123.00400399987618,
              46.15367800028696
            ],
            [
              -123.00412500025,
              46.15366000001674
            ],
            [
              -123.00424099970263,
              46.153630000175575
            ],
            [
              -123.00437100029728,
              46.15357599992244
            ],
            [
              -123.00443499987139,
              46.153538999914275
            ],
            [
              -123.0045190004353,
              46.15348600021251
            ],
            [
              -123.00514100022623,
              46.153096999794165
            ],
            [
              -123.00525800040208,
              46.15302899989144
            ],
            [
              -123.00537499967965,
              46.15297999980878
            ],
            [
              -123.0054919998555,
              46.15294099996581
            ],
            [
              -123.0056049998334,
              46.15290600021083
            ],
            [
              -123.00571299978843,
              46.15289299983387
            ],
            [
              -123.00581200042096,
              46.152893999862975
            ],
            [
              -123.00610199995087,
              46.152902000095146
            ],
            [
              -123.00694800004779,
              46.1529639999882
            ],
            [
              -123.00707799974411,
              46.152959999876785
            ],
            [
              -123.00720400014083,
              46.15294600010676
            ],
            [
              -123.00780500001535,
              46.15282799977006
            ],
            [
              -123.0079830002906,
              46.15280499969077
            ],
            [
              -123.0086810002495,
              46.15276899981798
            ],
            [
              -123.00907200006175,
              46.15277900013075
            ],
            [
              -123.00932300013193,
              46.152781000193045
            ],
            [
              -123.01028499968147,
              46.15277199991197
            ],
            [
              -123.01044100021541,
              46.15278300025531
            ],
            [
              -123.01061500029269,
              46.152811999905296
            ],
            [
              -123.01078099997402,
              46.15285800004842
            ],
            [
              -123.0118129998438,
              46.15322699983196
            ],
            [
              -123.01193199966946,
              46.15324999973483
            ],
            [
              -123.01205600041634,
              46.15325499984776
            ],
            [
              -123.0121159997925,
              46.15325099975746
            ],
            [
              -123.01222799994548,
              46.153230999923956
            ],
            [
              -123.01233000005273,
              46.15319799977833
            ],
            [
              -123.01242999961184,
              46.153146999797166
            ],
            [
              -123.01250599977982,
              46.15308800018708
            ],
            [
              -123.01256400040445,
              46.15302000027318
            ],
            [
              -123.01260000038948,
              46.15295300030335
            ],
            [
              -123.01281299992647,
              46.152501000093814
            ],
            [
              -123.01285599958419,
              46.152473999731136
            ],
            [
              -123.01301799996591,
              46.15240000007514
            ],
            [
              -123.01315600005816,
              46.15235700028819
            ],
            [
              -123.01340799995326,
              46.152294000293644
            ],
            [
              -123.01371000007701,
              46.152224999979765
            ],
            [
              -123.0139679998199,
              46.15215700024425
            ],
            [
              -123.01491000017629,
              46.15186700022752
            ],
            [
              -123.01504700044363,
              46.15180599976984
            ],
            [
              -123.01520599955397,
              46.15172300000766
            ],
            [
              -123.01527000002639,
              46.15181700030626
            ],
            [
              -123.01546199964702,
              46.15174800001669
            ],
            [
              -123.01559499971638,
              46.15170100013969
            ],
            [
              -123.01561900000584,
              46.15172800025932
            ],
            [
              -123.01597100035836,
              46.15188399979215
            ],
            [
              -123.01608199978811,
              46.15193400027486
            ],
            [
              -123.01654600029362,
              46.15214000014162
            ],
            [
              -123.01673200006647,
              46.15232799977613
            ],
            [
              -123.01681800028018,
              46.15253400003511
            ],
            [
              -123.01680800023442,
              46.15283299992128
            ],
            [
              -123.0167990000136,
              46.15305399992949
            ],
            [
              -123.01677499972416,
              46.15361399992172
            ],
            [
              -123.01727699986448,
              46.154110000027764
            ],
            [
              -123.01764699976036,
              46.15447600012771
            ],
            [
              -123.01794499968616,
              46.154770000067025
            ],
            [
              -123.01806299968696,
              46.15488999995919
            ],
            [
              -123.0182059998021,
              46.1553329999759
            ],
            [
              -123.01850600027605,
              46.1555340002823
            ],
            [
              -123.01944899955903,
              46.155881000105104
            ],
            [
              -123.02019799957156,
              46.15620199979689
            ],
            [
              -123.02069600041226,
              46.156551000310856
            ],
            [
              -123.02127800002022,
              46.157213000221695
            ],
            [
              -123.02157799959588,
              46.15768800022462
            ],
            [
              -123.02199699989553,
              46.1584130000525
            ],
            [
              -123.02228800014866,
              46.15882999989608
            ],
            [
              -123.0226639998923,
              46.15916499986569
            ],
            [
              -123.02293199968092,
              46.1593249997444
            ],
            [
              -123.02312699967457,
              46.15925999981093
            ],
            [
              -123.02345300008783,
              46.159150999807494
            ],
            [
              -123.02352699970767,
              46.1591260000503
            ],
            [
              -123.02361399974629,
              46.15909699999414
            ],
            [
              -123.0236270001651,
              46.15909199978977
            ],
            [
              -123.02365599957908,
              46.159082999918645
            ],
            [
              -123.02367900004363,
              46.15907499996279
            ],
            [
              -123.02369300028735,
              46.15907200021237
            ],
            [
              -123.02372500007438,
              46.15906600008884
            ],
            [
              -123.02374299961772,
              46.15906400025492
            ],
            [
              -123.02376400043245,
              46.15906299971574
            ],
            [
              -123.02379299984646,
              46.15906199979873
            ],
            [
              -123.02380700009014,
              46.15906299971574
            ],
            [
              -123.02382499963352,
              46.15906400025492
            ],
            [
              -123.02383800005231,
              46.159065000171886
            ],
            [
              -123.02385499977072,
              46.1590679999227
            ],
            [
              -123.02387400003731,
              46.15907200021237
            ],
            [
              -123.02390599982436,
              46.15908000016866
            ],
            [
              -123.02393599996158,
              46.15909099987334
            ],
            [
              -123.02534100010023,
              46.15960099971726
            ],
            [
              -123.02541399989518,
              46.15962699978763
            ],
            [
              -123.0254509997051,
              46.159638000005145
            ],
            [
              -123.02550299958364,
              46.159650000126845
            ],
            [
              -123.02555799983519,
              46.159656000186686
            ],
            [
              -123.0256130000868,
              46.1596570000929
            ],
            [
              -123.02563999985098,
              46.159656000186686
            ],
            [
              -123.02568099985886,
              46.159651000033165
            ],
            [
              -123.02573299973739,
              46.15964099972471
            ],
            [
              -123.02578399979103,
              46.15962499997409
            ],
            [
              -123.02581899995113,
              46.1596100001259
            ],
            [
              -123.02586199960882,
              46.15958599986253
            ],
            [
              -123.02590000014196,
              46.159558999864814
            ],
            [
              -123.02592500025635,
              46.1595360001098
            ],
            [
              -123.0259579998683,
              46.15949400020773
            ],
            [
              -123.02597600030995,
              46.15945799973281
            ],
            [
              -123.02598899983043,
              46.15941100021809
            ],
            [
              -123.02599100037857,
              46.159392000045436
            ],
            [
              -123.02601700031785,
              46.15877900015646
            ],
            [
              -123.0260220003407,
              46.15869399986313
            ],
            [
              -123.02602300016562,
              46.15866799997414
            ],
            [
              -123.02602399999054,
              46.15864100014816
            ],
            [
              -123.02602499981543,
              46.15861899993448
            ],
            [
              -123.02602800018849,
              46.15854900015777
            ],
            [
              -123.02602999983833,
              46.15850899997868
            ],
            [
              -123.02603099966322,
              46.158486999712224
            ],
            [
              -123.02603400003628,
              46.15846699991492
            ],
            [
              -123.0260420004322,
              46.15842299996189
            ],
            [
              -123.0260490001049,
              46.15839899980296
            ],
            [
              -123.02606099980046,
              46.158364999715495
            ],
            [
              -123.0260709998462,
              46.15834200008362
            ],
            [
              -123.02609299958749,
              46.15829800003063
            ],
            [
              -123.02611199985408,
              46.15826800022889
            ],
            [
              -123.02613199994558,
              46.15824000027472
            ],
            [
              -123.02616000043297,
              46.15820600008901
            ],
            [
              -123.02618200017429,
              46.15818199983543
            ],
            [
              -123.02621700033437,
              46.15814900016969
            ],
            [
              -123.02625699961904,
              46.15811599986197
            ],
            [
              -123.02644599976492,
              46.157963999697365
            ],
            [
              -123.02709799969307,
              46.15744099968944
            ],
            [
              -123.02716499964023,
              46.15739500026591
            ],
            [
              -123.02742699958107,
              46.15716600003384
            ],
            [
              -123.02758899996276,
              46.156925999958055
            ],
            [
              -123.02747199978691,
              46.156758000277776
            ],
            [
              -123.0273150003264,
              46.15647999980618
            ],
            [
              -123.0269789998674,
              46.15628500027129
            ],
            [
              -123.02689799967655,
              46.15624399972272
            ],
            [
              -123.02647500007726,
              46.15604700003024
            ],
            [
              -123.02610600000628,
              46.1558740002809
            ],
            [
              -123.025823999974,
              46.155630000253126
            ],
            [
              -123.02548800041332,
              46.15525199990497
            ],
            [
              -123.02505200039523,
              46.15452900012065
            ],
            [
              -123.02481499967045,
              46.15429199975602
            ],
            [
              -123.02473100000486,
              46.154244000180164
            ],
            [
              -123.02439299989608,
              46.15405200021354
            ],
            [
              -123.02385899996868,
              46.153604999776874
            ],
            [
              -123.02363200018797,
              46.153415000109305
            ],
            [
              -123.02350499996636,
              46.15327899976105
            ],
            [
              -123.02347599965404,
              46.153142999699014
            ],
            [
              -123.0235769999364,
              46.153026999838104
            ],
            [
              -123.0238179999608,
              46.15302399975798
            ],
            [
              -123.02437600017764,
              46.15310900009774
            ],
            [
              -123.02499200012079,
              46.15329300006868
            ],
            [
              -123.0255079996065,
              46.15351900018544
            ],
            [
              -123.02574799980601,
              46.15361299990569
            ],
            [
              -123.02608599991481,
              46.153684999768146
            ],
            [
              -123.02617799997631,
              46.15370500005895
            ],
            [
              -123.02750899959683,
              46.15370900011626
            ],
            [
              -123.03600200017797,
              46.15373499985924
            ],
            [
              -123.03608500001864,
              46.15371800024409
            ],
            [
              -123.03620300001941,
              46.15372200030041
            ],
            [
              -123.0361729998822,
              46.153670000167594
            ],
            [
              -123.03702700037505,
              46.15343699991444
            ],
            [
              -123.03822699957595,
              46.15311000012288
            ],
            [
              -123.03858099957827,
              46.15301300008511
            ],
            [
              -123.03939200041341,
              46.15279199991227
            ]
          ]
        ]
      },
      "properties": {
        "AREALAND": "38359181",
        "AREAWATER": "1378741",
        "BASENAME": "Longview",
        "CBSAPCI": "Y",
        "CENTLAT": "+46.1460711",
        "CENTLON": "-122.9629121",
        "FUNCSTAT": "A",
        "GEOID": "5340245",
        "INTPTLAT": "+46.1457073",
        "INTPTLON": "-122.9642987",
        "LSADC": "25",
        "MTFCC": "G4110",
        "NAME": "Longview city",
        "NECTAPCI": "N",
        "OBJECTID": 30462,
        "OID": "27890853993597",
        "PLACE": "40245",
        "PLACECC": "C1",
        "PLACENS": "02410871",
        "STATE": "53",
        "DISP_CLR": 4,
        "slug": "longview",
        "jurisdiction_key": "longview_city",
        "county_fips": [
          "53015"
        ]
      }
    }
  ]
}
