{
  "type": "FeatureCollection",
  "features": [
    {
      "type": "Feature",
      "geometry": {
        "type": "MultiPolygon",
        "coordinates": [
          [
            [
              [
                -122.33775699971936,
                47.831541000202
              ],
              [
                -122.3377450000238,
                47.83124700021877
              ],
              [
                -122.3377450000238,
                47.83121899981761
              ],
              [
                -122.33774900022178,
                47.83073799976411
              ],
              [
                -122.33774000000093,
                47.83056399984277
              ],
              [
                -122.33774400019891,
                47.83038499993878
              ],
              [
                -122.33774000000093,
                47.83025499970912
              ],
              [
                -122.33773699962788,
                47.830102999871905
              ],
              [
                -122.33773499997807,
                47.83002499971114
              ],
              [
                -122.33773499997807,
                47.8299340002801
              ],
              [
                -122.33773499997807,
                47.82932500002683
              ],
              [
                -122.33772900013027,
                47.82915000028896
              ],
              [
                -122.33772599975723,
                47.82905899992673
              ],
              [
                -122.33771900008453,
                47.82879799982517
              ],
              [
                -122.33771099968864,
                47.82870199988742
              ],
              [
                -122.33769200032035,
                47.82844799982394
              ],
              [
                -122.33764799993942,
                47.828096000026804
              ],
              [
                -122.33761199995439,
                47.82776400007271
              ],
              [
                -122.33759199986292,
                47.8276609999024
              ],
              [
                -122.33749300012873,
                47.82742999993064
              ],
              [
                -122.33741199993788,
                47.827296999718094
              ],
              [
                -122.33724500043164,
                47.827100999767694
              ],
              [
                -122.33717299956326,
                47.827049000284326
              ],
              [
                -122.33711499983697,
                47.82699700014575
              ],
              [
                -122.33693900010988,
                47.8268640000299
              ],
              [
                -122.33680199984249,
                47.82677199993171
              ],
              [
                -122.33639099993879,
                47.82649599986498
              ],
              [
                -122.3361039998836,
                47.82625000014179
              ],
              [
                -122.33604799980709,
                47.826165999851604
              ],
              [
                -122.33598900025586,
                47.826057999709555
              ],
              [
                -122.33597800038523,
                47.82603799983728
              ],
              [
                -122.33592800015651,
                47.82591899980471
              ],
              [
                -122.33591200026298,
                47.82585000029942
              ],
              [
                -122.33590600041519,
                47.825784000005044
              ],
              [
                -122.33589999966908,
                47.82540099978376
              ],
              [
                -122.33589700019435,
                47.82517799984913
              ],
              [
                -122.33589700019435,
                47.82502600022093
              ],
              [
                -122.33589700019435,
                47.824873000161546
              ],
              [
                -122.33589700019435,
                47.824000000135364
              ],
              [
                -122.33589700019435,
                47.82396100000718
              ],
              [
                -122.33590100039233,
                47.823656999812755
              ],
              [
                -122.33589899984419,
                47.82349099977648
              ],
              [
                -122.33589700019435,
                47.82304700007192
              ],
              [
                -122.33589700019435,
                47.82299600016834
              ],
              [
                -122.33590100039233,
                47.8228319998786
              ],
              [
                -122.33589999966908,
                47.82269399980712
              ],
              [
                -122.33589899984419,
                47.82245299972034
              ],
              [
                -122.33589200017151,
                47.822282999912204
              ],
              [
                -122.33590200021722,
                47.82214700026801
              ],
              [
                -122.33590200021722,
                47.8220719997308
              ],
              [
                -122.33590200021722,
                47.821846999881714
              ],
              [
                -122.33590200021722,
                47.821804999809935
              ],
              [
                -122.33724899973126,
                47.82180599985511
              ],
              [
                -122.33724399970839,
                47.821473000028305
              ],
              [
                -122.33724399970839,
                47.82144399973036
              ],
              [
                -122.3372389996855,
                47.82094400019898
              ],
              [
                -122.33722500034013,
                47.81963200027545
              ],
              [
                -122.33717000008855,
                47.81963200027545
              ],
              [
                -122.33716900026363,
                47.819542000203754
              ],
              [
                -122.33707700020211,
                47.81954300029256
              ],
              [
                -122.33707499965399,
                47.81873299988074
              ],
              [
                -122.33688999970606,
                47.81873199977637
              ],
              [
                -122.33686200011698,
                47.81873199977637
              ],
              [
                -122.33634099971006,
                47.818733999985135
              ],
              [
                -122.33612899999797,
                47.81873199977637
              ],
              [
                -122.33587600027795,
                47.81873100027519
              ],
              [
                -122.33587100025508,
                47.8186100001674
              ],
              [
                -122.33585899966121,
                47.81824699996173
              ],
              [
                -122.33585500036156,
                47.81812700004846
              ],
              [
                -122.3358570000114,
                47.818068999920584
              ],
              [
                -122.3358650004073,
                47.817894999751395
              ],
              [
                -122.33586799988205,
                47.817838000089175
              ],
              [
                -122.33586600023222,
                47.8177269997419
              ],
              [
                -122.33586000038443,
                47.817397000079566
              ],
              [
                -122.33585899966121,
                47.81728700012821
              ],
              [
                -122.33585899966121,
                47.81722599986824
              ],
              [
                -122.33586100020935,
                47.81704500013866
              ],
              [
                -122.33586200003427,
                47.81698499973247
              ],
              [
                -122.3358519999885,
                47.81682400017989
              ],
              [
                -122.33584500031581,
                47.81668999979317
              ],
              [
                -122.33585100016361,
                47.81634300003407
              ],
              [
                -122.33585500036156,
                47.81618299985071
              ],
              [
                -122.33585299981343,
                47.81614500003636
              ],
              [
                -122.33584699996564,
                47.81603199997953
              ],
              [
                -122.33584600014075,
                47.815995000211736
              ],
              [
                -122.33584600014075,
                47.815954999944054
              ],
              [
                -122.33584699996564,
                47.81583599971948
              ],
              [
                -122.33584799979059,
                47.81579700009348
              ],
              [
                -122.33584600014075,
                47.815599999988116
              ],
              [
                -122.33584100011785,
                47.8150090000135
              ],
              [
                -122.33584000029295,
                47.8148119999347
              ],
              [
                -122.33583500027008,
                47.81469899999314
              ],
              [
                -122.33582299967618,
                47.81440099977401
              ],
              [
                -122.33582299967618,
                47.81435999989953
              ],
              [
                -122.33582500022435,
                47.81424799976836
              ],
              [
                -122.33582199985126,
                47.81387100007785
              ],
              [
                -122.33582100002637,
                47.81352599998683
              ],
              [
                -122.33581299963045,
                47.8131760001664
              ],
              [
                -122.33581299963045,
                47.81274099988536
              ],
              [
                -122.33581299963045,
                47.812649000094076
              ],
              [
                -122.33580299958471,
                47.812364999736516
              ],
              [
                -122.33579900028505,
                47.81200500000794
              ],
              [
                -122.33579599991202,
                47.811632999717744
              ],
              [
                -122.3357950000871,
                47.81141900015976
              ],
              [
                -122.33579199971405,
                47.8111519997482
              ],
              [
                -122.33579099988913,
                47.81092599997879
              ],
              [
                -122.33579099988913,
                47.81056700018901
              ],
              [
                -122.33523500022046,
                47.81056799984739
              ],
              [
                -122.3351759997709,
                47.81056900010902
              ],
              [
                -122.3348080004232,
                47.81057999996926
              ],
              [
                -122.33426100007702,
                47.81057499986853
              ],
              [
                -122.33391200009757,
                47.810562999745514
              ],
              [
                -122.33356999979081,
                47.81056200008703
              ],
              [
                -122.33301499994701,
                47.81056200008703
              ],
              [
                -122.3328719998319,
                47.81056099982527
              ],
              [
                -122.33244699968444,
                47.8105580002464
              ],
              [
                -122.33230500029254,
                47.81055699998457
              ],
              [
                -122.33212700001731,
                47.810555000064106
              ],
              [
                -122.33159300008992,
                47.81054899969898
              ],
              [
                -122.33141499981468,
                47.810546999778204
              ],
              [
                -122.33117399979027,
                47.81054499985735
              ],
              [
                -122.33045400009003,
                47.810541000015455
              ],
              [
                -122.33038799996781,
                47.810541000015455
              ],
              [
                -122.33021499971544,
                47.810530999806005
              ],
              [
                -122.32995500032276,
                47.810537999832164
              ],
              [
                -122.3298669995609,
                47.810541000015455
              ],
              [
                -122.32960600034329,
                47.81054200027759
              ],
              [
                -122.32934699987722,
                47.810537000173206
              ],
              [
                -122.32925599964062,
                47.810537999832164
              ],
              [
                -122.3292249996785,
                47.8096859998871
              ],
              [
                -122.32922200020373,
                47.80959299983297
              ],
              [
                -122.32886499982838,
                47.809588999917764
              ],
              [
                -122.32879799988123,
                47.809588999917764
              ],
              [
                -122.32873799960677,
                47.809588999917764
              ],
              [
                -122.32873000010918,
                47.8093269999719
              ],
              [
                -122.32873900032999,
                47.809201000038534
              ],
              [
                -122.32874000015491,
                47.80918799991306
              ],
              [
                -122.32873900032999,
                47.808823000214154
              ],
              [
                -122.32874600000267,
                47.80869700026466
              ],
              [
                -122.32867300020774,
                47.808695999966936
              ],
              [
                -122.32856100005476,
                47.808695000272564
              ],
              [
                -122.32845700029767,
                47.808695000272564
              ],
              [
                -122.32838500032767,
                47.808695000272564
              ],
              [
                -122.32828700041837,
                47.80869399997479
              ],
              [
                -122.32819399963365,
                47.80868999999035
              ],
              [
                -122.32801100023383,
                47.80868499970765
              ],
              [
                -122.32762100024651,
                47.808689000295814
              ],
              [
                -122.32742999955246,
                47.808691000288135
              ],
              [
                -122.3274320001006,
                47.808780999862705
              ],
              [
                -122.32744100032147,
                47.80905100006398
              ],
              [
                -122.32744399979619,
                47.80914199990715
              ],
              [
                -122.32744600034434,
                47.80923599984958
              ],
              [
                -122.3274520001921,
                47.80943699989367
              ],
              [
                -122.32716199976387,
                47.809419000218604
              ],
              [
                -122.32668800011095,
                47.80941799993484
              ],
              [
                -122.32644899973634,
                47.809417000254314
              ],
              [
                -122.32644899973634,
                47.809398999969
              ],
              [
                -122.32644600026161,
                47.80908599997611
              ],
              [
                -122.32644000041383,
                47.8084290000354
              ],
              [
                -122.32643899969061,
                47.808324999808136
              ],
              [
                -122.32559000011896,
                47.80831499977531
              ],
              [
                -122.32566299991389,
                47.80821499994445
              ],
              [
                -122.32585999955738,
                47.80793999986931
              ],
              [
                -122.32599599999982,
                47.80775300026555
              ],
              [
                -122.32645399975924,
                47.807117000010415
              ],
              [
                -122.32665299995087,
                47.806842999885056
              ],
              [
                -122.32717500018266,
                47.80611700013892
              ],
              [
                -122.32874400035286,
                47.80394000013771
              ],
              [
                -122.32908900013436,
                47.80346299990096
              ],
              [
                -122.32926499986145,
                47.80321299983887
              ],
              [
                -122.3297259999939,
                47.80257799991967
              ],
              [
                -122.32987300030699,
                47.802373000012935
              ],
              [
                -122.3297269998188,
                47.80232499976778
              ],
              [
                -122.32955799976442,
                47.802274000024404
              ],
              [
                -122.32869699959888,
                47.802018999953006
              ],
              [
                -122.32851099982605,
                47.802146000234956
              ],
              [
                -122.32797799972356,
                47.80249099989913
              ],
              [
                -122.327345000062,
                47.80277400013945
              ],
              [
                -122.32629200027583,
                47.80319100001229
              ],
              [
                -122.32457599979256,
                47.803869999991356
              ],
              [
                -122.32434700036201,
                47.80394800023459
              ],
              [
                -122.32366199992356,
                47.80418399982404
              ],
              [
                -122.32343400031795,
                47.804263999758575
              ],
              [
                -122.32313100036923,
                47.80437299976522
              ],
              [
                -122.32222400017295,
                47.80470099999411
              ],
              [
                -122.32192200004914,
                47.80481100005965
              ],
              [
                -122.32128900038758,
                47.80505100021683
              ],
              [
                -122.31939299997923,
                47.80577100006848
              ],
              [
                -122.31876100014254,
                47.80601199975954
              ],
              [
                -122.31842300003376,
                47.80614599994773
              ],
              [
                -122.31741299990532,
                47.80654800024813
              ],
              [
                -122.31707599962142,
                47.80668299999334
              ],
              [
                -122.31682700009938,
                47.80668399972648
              ],
              [
                -122.31679299976419,
                47.80668299999334
              ],
              [
                -122.31628899997402,
                47.80667199991102
              ],
              [
                -122.3159480003905,
                47.80666700003739
              ],
              [
                -122.31566600035822,
                47.80666400023366
              ],
              [
                -122.3153700000822,
                47.806658999755925
              ],
              [
                -122.31529899993708,
                47.80665800002229
              ],
              [
                -122.31514199957823,
                47.80665599995172
              ],
              [
                -122.31486399974389,
                47.80665100007651
              ],
              [
                -122.31466000042772,
                47.80665300014732
              ],
              [
                -122.3143919997408,
                47.806667999770845
              ],
              [
                -122.31413900002079,
                47.80670900028832
              ],
              [
                -122.31399500008075,
                47.80673700003451
              ],
              [
                -122.31385500033866,
                47.806775999828226
              ],
              [
                -122.31364199990334,
                47.806846000281794
              ],
              [
                -122.31340500007687,
                47.806931000188555
              ],
              [
                -122.31300000002092,
                47.80709000019436
              ],
              [
                -122.3128579997307,
                47.807138000259854
              ],
              [
                -122.31271399979066,
                47.80718099985345
              ],
              [
                -122.31255999980489,
                47.8072170001453
              ],
              [
                -122.31240300034435,
                47.80724500022099
              ],
              [
                -122.31230600025997,
                47.807254999856475
              ],
              [
                -122.31209500037278,
                47.80727800009686
              ],
              [
                -122.31176399993667,
                47.807291000097074
              ],
              [
                -122.31168899959361,
                47.807280000143514
              ],
              [
                -122.31146400036101,
                47.80724899971342
              ],
              [
                -122.31138999984286,
                47.80723900007677
              ],
              [
                -122.31132299989572,
                47.807230000160786
              ],
              [
                -122.31107000017572,
                47.80717800007941
              ],
              [
                -122.31082300030353,
                47.80709700008097
              ],
              [
                -122.3104440001868,
                47.80695899981507
              ],
              [
                -122.31017899987295,
                47.806862999912255
              ],
              [
                -122.3096819997555,
                47.806707000219674
              ],
              [
                -122.30925099976028,
                47.80663199970178
              ],
              [
                -122.30893699994091,
                47.80659400013816
              ],
              [
                -122.30851799964125,
                47.806580000228415
              ],
              [
                -122.30822100043865,
                47.8065620001665
              ],
              [
                -122.30753099997736,
                47.8065559999434
              ],
              [
                -122.3065429995902,
                47.80654899998386
              ],
              [
                -122.30579699995072,
                47.80653299998664
              ],
              [
                -122.30558699988843,
                47.80653799987317
              ],
              [
                -122.30525800000046,
                47.80653999994832
              ],
              [
                -122.30475099983727,
                47.8065420000234
              ],
              [
                -122.30365700004323,
                47.80653000017512
              ],
              [
                -122.30321099997938,
                47.80653700013721
              ],
              [
                -122.3027699999384,
                47.80652899983571
              ],
              [
                -122.30148399962545,
                47.806509000283214
              ],
              [
                -122.30144699981552,
                47.80650799994339
              ],
              [
                -122.3010069995995,
                47.80650300005398
              ],
              [
                -122.30089100014682,
                47.806501999714
              ],
              [
                -122.3005439998172,
                47.80649899990074
              ],
              [
                -122.30042900018948,
                47.80649899990074
              ],
              [
                -122.3003110001887,
                47.806496999824006
              ],
              [
                -122.29995700018637,
                47.80649100019674
              ],
              [
                -122.2998400000105,
                47.80648999985654
              ],
              [
                -122.29942999993169,
                47.806487999779456
              ],
              [
                -122.29921400002162,
                47.80648700004258
              ],
              [
                -122.29868799959185,
                47.80650300005398
              ],
              [
                -122.29820200024336,
                47.806494999747194
              ],
              [
                -122.29779299998941,
                47.80648999985654
              ],
              [
                -122.29742700029152,
                47.80649800016409
              ],
              [
                -122.29725800023714,
                47.806494999747194
              ],
              [
                -122.2969040002348,
                47.80649100019674
              ],
              [
                -122.29593400028934,
                47.80648999985654
              ],
              [
                -122.29565399990683,
                47.806475999918746
              ],
              [
                -122.29556600004331,
                47.806471999763474
              ],
              [
                -122.29511999997946,
                47.8064579998208
              ],
              [
                -122.29505899988011,
                47.80645599974253
              ],
              [
                -122.29493300038173,
                47.806452000189026
              ],
              [
                -122.2948770003052,
                47.806452000189026
              ],
              [
                -122.29470099967979,
                47.80645000011049
              ],
              [
                -122.29344399967916,
                47.80644199979558
              ],
              [
                -122.29302600010273,
                47.80643999971666
              ],
              [
                -122.29288800001045,
                47.806438999978816
              ],
              [
                -122.29247399973366,
                47.806436000161916
              ],
              [
                -122.29233700036463,
                47.806436000161916
              ],
              [
                -122.29234200038749,
                47.806788999954094
              ],
              [
                -122.29234300021241,
                47.80681300013145
              ],
              [
                -122.29231999974789,
                47.807345999829835
              ],
              [
                -122.29231700027314,
                47.8075489999848
              ],
              [
                -122.29231200025028,
                47.80784699970529
              ],
              [
                -122.29230700022741,
                47.80820099986829
              ],
              [
                -122.29230800005233,
                47.808239999769405
              ],
              [
                -122.29230499967927,
                47.80870199994287
              ],
              [
                -122.28714500033051,
                47.80866600007698
              ],
              [
                -122.28709500010177,
                47.80866699977192
              ],
              [
                -122.28709400027685,
                47.81002900021034
              ],
              [
                -122.2888130002349,
                47.81004200012531
              ],
              [
                -122.29000199956513,
                47.81004900021733
              ],
              [
                -122.29001499998395,
                47.81065200003913
              ],
              [
                -122.29004099992322,
                47.811839000116876
              ],
              [
                -122.29232800014381,
                47.81186299977055
              ],
              [
                -122.29232599959568,
                47.811908999779504
              ],
              [
                -122.29232599959568,
                47.81193699973879
              ],
              [
                -122.29231399990012,
                47.81203999973917
              ],
              [
                -122.29229800000657,
                47.81211599991888
              ],
              [
                -122.29228399976289,
                47.81229599971042
              ],
              [
                -122.29227399971711,
                47.8124260002778
              ],
              [
                -122.29211999973134,
                47.812402999904116
              ],
              [
                -122.29200299955549,
                47.81240599997965
              ],
              [
                -122.29191200021722,
                47.81243600012236
              ],
              [
                -122.2918910003008,
                47.81244599996497
              ],
              [
                -122.29185199994275,
                47.812466000247674
              ],
              [
                -122.29180400026216,
                47.812506999807795
              ],
              [
                -122.29177400012492,
                47.812574999933894
              ],
              [
                -122.29177800032289,
                47.812718999871386
              ],
              [
                -122.29180199971402,
                47.8129280002308
              ],
              [
                -122.29180300043724,
                47.81303599993969
              ],
              [
                -122.29177800032289,
                47.81317699977456
              ],
              [
                -122.29173800013992,
                47.81328200014734
              ],
              [
                -122.29167100019278,
                47.8133810002699
              ],
              [
                -122.29161400029139,
                47.81343799999887
              ],
              [
                -122.29155200036709,
                47.813480000203676
              ],
              [
                -122.29148000039706,
                47.81353000020209
              ],
              [
                -122.29120500003746,
                47.81365899989123
              ],
              [
                -122.29098499992942,
                47.81369099971306
              ],
              [
                -122.29087199995152,
                47.813697999916556
              ],
              [
                -122.29083299959346,
                47.813697999916556
              ],
              [
                -122.29029299981829,
                47.813702999716604
              ],
              [
                -122.28971200003525,
                47.813699999715986
              ],
              [
                -122.28969600014172,
                47.813699999715986
              ],
              [
                -122.28933899976633,
                47.813694999915654
              ],
              [
                -122.28916600041228,
                47.81369199991458
              ],
              [
                -122.28856600036266,
                47.81368199970862
              ],
              [
                -122.28850500026331,
                47.81368199970862
              ],
              [
                -122.2869350002682,
                47.81368299991027
              ],
              [
                -122.2862459996318,
                47.81367500010625
              ],
              [
                -122.28614500024777,
                47.813673999904445
              ],
              [
                -122.28570699968157,
                47.81366100029543
              ],
              [
                -122.28547499987796,
                47.81363900006801
              ],
              [
                -122.2852799998843,
                47.81363600006365
              ],
              [
                -122.28481700010202,
                47.81363000005451
              ],
              [
                -122.28469800027632,
                47.81362700004968
              ],
              [
                -122.28470400012412,
                47.81403599991436
              ],
              [
                -122.2847180003678,
                47.8145940000726
              ],
              [
                -122.2847390002842,
                47.815387000056
              ],
              [
                -122.28312999993105,
                47.81624500028191
              ],
              [
                -122.28352499994125,
                47.81658299998785
              ],
              [
                -122.28378900043023,
                47.8168049999075
              ],
              [
                -122.28406600043965,
                47.81704000005718
              ],
              [
                -122.28418799974006,
                47.817143999722326
              ],
              [
                -122.28445899990173,
                47.81745099983881
              ],
              [
                -122.28378500023226,
                47.81781300005882
              ],
              [
                -122.28371200043733,
                47.817844000215295
              ],
              [
                -122.28277099990585,
                47.81824699996173
              ],
              [
                -122.28201799969534,
                47.81880699971014
              ],
              [
                -122.28197699968747,
                47.81880699971014
              ],
              [
                -122.28175300027979,
                47.81891399975781
              ],
              [
                -122.28187700012836,
                47.81901699979271
              ],
              [
                -122.28162500023329,
                47.81911699993564
              ],
              [
                -122.28138300038393,
                47.81913100008505
              ],
              [
                -122.28130899986579,
                47.819138000158325
              ],
              [
                -122.28125699998726,
                47.819141999941294
              ],
              [
                -122.28103100003146,
                47.81919600029842
              ],
              [
                -122.28057699957166,
                47.81923900016281
              ],
              [
                -122.28040099984457,
                47.81925100009055
              ],
              [
                -122.278261999762,
                47.817449000183885
              ],
              [
                -122.27703800027163,
                47.817439000098254
              ],
              [
                -122.2765710002914,
                47.817426999751696
              ],
              [
                -122.2765710002914,
                47.81759100022653
              ],
              [
                -122.27621399991602,
                47.817596999778026
              ],
              [
                -122.27576500037746,
                47.81723300019841
              ],
              [
                -122.27468699957862,
                47.81723899979122
              ],
              [
                -122.27473500015752,
                47.818554000191575
              ],
              [
                -122.27208899991173,
                47.818450999841346
              ],
              [
                -122.27209800013257,
                47.81890299985327
              ],
              [
                -122.27199100000243,
                47.81896100025588
              ],
              [
                -122.27102100005696,
                47.8189559997557
              ],
              [
                -122.27097599985112,
                47.818959000055855
              ],
              [
                -122.27097099982825,
                47.81910399987971
              ],
              [
                -122.27094099969104,
                47.81993000002913
              ],
              [
                -122.26785000010463,
                47.819935999913504
              ],
              [
                -122.26691799979398,
                47.81988700013385
              ],
              [
                -122.26573899961113,
                47.81981300003426
              ],
              [
                -122.26573100011352,
                47.81946499994491
              ],
              [
                -122.26572799974048,
                47.819283000085406
              ],
              [
                -122.26572500026573,
                47.819109999859535
              ],
              [
                -122.26571900041797,
                47.818590999945414
              ],
              [
                -122.26571699986984,
                47.818418999936895
              ],
              [
                -122.26571699986984,
                47.818400999755774
              ],
              [
                -122.26571699986984,
                47.81834699977816
              ],
              [
                -122.26571699986984,
                47.818330000287425
              ],
              [
                -122.26571600004492,
                47.81826299996944
              ],
              [
                -122.26571500022,
                47.818061999703176
              ],
              [
                -122.26571500022,
                47.81801099972791
              ],
              [
                -122.26546599979966,
                47.81800099975052
              ],
              [
                -122.26522200030048,
                47.81799500024575
              ],
              [
                -122.26489300041251,
                47.8179869998996
              ],
              [
                -122.26463499977133,
                47.817976999917626
              ],
              [
                -122.26411199971461,
                47.8179719999259
              ],
              [
                -122.26373199977303,
                47.81795900018649
              ],
              [
                -122.2632510004474,
                47.81794800007962
              ],
              [
                -122.26303100033935,
                47.81796699993374
              ],
              [
                -122.26304499968478,
                47.818853000203
              ],
              [
                -122.26231699958862,
                47.81883799987628
              ],
              [
                -122.26206700024167,
                47.81883299996751
              ],
              [
                -122.2618730000729,
                47.81883000026324
              ],
              [
                -122.26189999983711,
                47.82005399971014
              ],
              [
                -122.26249200038913,
                47.82006600005267
              ],
              [
                -122.26250200043486,
                47.82040699983136
              ],
              [
                -122.2625059997345,
                47.820683999769976
              ],
              [
                -122.26269700042855,
                47.820691999700536
              ],
              [
                -122.26293599990483,
                47.82069499990037
              ],
              [
                -122.26388999995676,
                47.82071099975681
              ],
              [
                -122.2642310004386,
                47.82072400001353
              ],
              [
                -122.26447199956472,
                47.82072099981537
              ],
              [
                -122.26479499960493,
                47.82072999980613
              ],
              [
                -122.26494500029106,
                47.820727000211505
              ],
              [
                -122.26502499975868,
                47.82072800027749
              ],
              [
                -122.26509599990382,
                47.820728999740226
              ],
              [
                -122.26572100006776,
                47.820754000175974
              ],
              [
                -122.2657229997176,
                47.8208699997965
              ],
              [
                -122.26572600009065,
                47.82099499970583
              ],
              [
                -122.26573100011352,
                47.82121900017526
              ],
              [
                -122.26573199993842,
                47.82123100024854
              ],
              [
                -122.26573000028863,
                47.821272000126136
              ],
              [
                -122.26655200009608,
                47.821294000135346
              ],
              [
                -122.26703099977188,
                47.82130700024607
              ],
              [
                -122.26701900007633,
                47.82260100012896
              ],
              [
                -122.2683499996968,
                47.822615999971596
              ],
              [
                -122.2683489998719,
                47.82302100011551
              ],
              [
                -122.2683499996968,
                47.82389599972835
              ],
              [
                -122.2683499996968,
                47.82425300025557
              ],
              [
                -122.2683499996968,
                47.82445800005172
              ],
              [
                -122.26832200010772,
                47.82445800005172
              ],
              [
                -122.2683279999555,
                47.824753999870545
              ],
              [
                -122.26832999960531,
                47.82482100025547
              ],
              [
                -122.26833700017634,
                47.8251330001167
              ],
              [
                -122.26834300002413,
                47.825435000160226
              ],
              [
                -122.2683489998719,
                47.825736000286525
              ],
              [
                -122.26835300006987,
                47.82591899980471
              ],
              [
                -122.26836300011561,
                47.82650100024197
              ],
              [
                -122.26837399998627,
                47.826922999928385
              ],
              [
                -122.26837800018421,
                47.82710999985853
              ],
              [
                -122.26838099965896,
                47.82724499982799
              ],
              [
                -122.26807500023554,
                47.827436000154364
              ],
              [
                -122.26794100034124,
                47.827519000263436
              ],
              [
                -122.26699300013703,
                47.828031000101255
              ],
              [
                -122.26690699992332,
                47.82809099980343
              ],
              [
                -122.26687099993829,
                47.828117000235835
              ],
              [
                -122.26682099970961,
                47.82818299997605
              ],
              [
                -122.26659999977666,
                47.82847699982758
              ],
              [
                -122.26655899976876,
                47.82852599994246
              ],
              [
                -122.26643599974513,
                47.82867499983526
              ],
              [
                -122.26623499990369,
                47.82893199971777
              ],
              [
                -122.26592899958193,
                47.82931100021425
              ],
              [
                -122.26548699971606,
                47.82980900018512
              ],
              [
                -122.26504700039831,
                47.83022100007778
              ],
              [
                -122.2647140003124,
                47.83050200022891
              ],
              [
                -122.26433500019569,
                47.830848000162035
              ],
              [
                -122.26407800027775,
                47.83126699989299
              ],
              [
                -122.264032000247,
                47.83145100027325
              ],
              [
                -122.26402499967598,
                47.831661999719486
              ],
              [
                -122.26403800009477,
                47.83183899973649
              ],
              [
                -122.26409300034638,
                47.83201599975281
              ],
              [
                -122.26413000015627,
                47.832165999723365
              ],
              [
                -122.2641679997911,
                47.83228700019574
              ],
              [
                -122.2643410000435,
                47.83260000024343
              ],
              [
                -122.2646869996499,
                47.83290700001875
              ],
              [
                -122.26513400043696,
                47.83321399978695
              ],
              [
                -122.26616499958348,
                47.833618999855325
              ],
              [
                -122.26638399986658,
                47.83375699982663
              ],
              [
                -122.26661900004325,
                47.83385999995931
              ],
              [
                -122.26665500002825,
                47.83387500016652
              ],
              [
                -122.26667599994464,
                47.833882999873225
              ],
              [
                -122.26677300002902,
                47.83392199978256
              ],
              [
                -122.26701300022852,
                47.834020999745476
              ],
              [
                -122.26714799994775,
                47.834089999845446
              ],
              [
                -122.26736899988067,
                47.834236000025534
              ],
              [
                -122.26815899990112,
                47.83472300020414
              ],
              [
                -122.26839300025283,
                47.834838000171054
              ],
              [
                -122.26860699961476,
                47.83489400006795
              ],
              [
                -122.26864099994995,
                47.83498100007862
              ],
              [
                -122.26869700002645,
                47.83504599974182
              ],
              [
                -122.26871999959266,
                47.83506400018152
              ],
              [
                -122.2687649997985,
                47.835099000047094
              ],
              [
                -122.2688560000351,
                47.83516199998682
              ],
              [
                -122.26911799997593,
                47.83533000025616
              ],
              [
                -122.26922000008317,
                47.83540900006559
              ],
              [
                -122.26946000028269,
                47.835580999860525
              ],
              [
                -122.26953999975032,
                47.83563799994023
              ],
              [
                -122.26970499960676,
                47.83575700000005
              ],
              [
                -122.2698200001328,
                47.83583900029289
              ],
              [
                -122.26996900009573,
                47.83594600020805
              ],
              [
                -122.27016999993717,
                47.83608499979087
              ],
              [
                -122.27028799993796,
                47.83616700016837
              ],
              [
                -122.27043299970289,
                47.83628199995001
              ],
              [
                -122.27063199989453,
                47.83643899980139
              ],
              [
                -122.2706789997502,
                47.83648900000001
              ],
              [
                -122.27078300040557,
                47.836615999805446
              ],
              [
                -122.2708129996445,
                47.83667899971227
              ],
              [
                -122.27085100017766,
                47.83675799987978
              ],
              [
                -122.27087000044423,
                47.836821000217185
              ],
              [
                -122.27087299991895,
                47.83685399999011
              ],
              [
                -122.27129200021861,
                47.83713400005115
              ],
              [
                -122.27134499992206,
                47.837170000078565
              ],
              [
                -122.27228999975316,
                47.837679999894135
              ],
              [
                -122.27262399966402,
                47.837528999839776
              ],
              [
                -122.27254900021926,
                47.83733900022521
              ],
              [
                -122.27242700002054,
                47.837030999784425
              ],
              [
                -122.27233800033208,
                47.83690899976604
              ],
              [
                -122.27228599955524,
                47.836844999780034
              ],
              [
                -122.27262100018929,
                47.83671700017423
              ],
              [
                -122.27294900025234,
                47.836585000005044
              ],
              [
                -122.27319799977438,
                47.83648900000001
              ],
              [
                -122.27324999965292,
                47.83670200018563
              ],
              [
                -122.2733479995622,
                47.83710000010277
              ],
              [
                -122.27338899957009,
                47.83723299991571
              ],
              [
                -122.27340899966156,
                47.83732599990877
              ],
              [
                -122.2734179998824,
                47.83736500024527
              ],
              [
                -122.27344700019472,
                47.83746000009195
              ],
              [
                -122.2734610004384,
                47.83754499993427
              ],
              [
                -122.27346800011111,
                47.837563999851604
              ],
              [
                -122.27352800038557,
                47.83771499980405
              ],
              [
                -122.27359299978457,
                47.83778700023366
              ],
              [
                -122.27366300010479,
                47.83783500026357
              ],
              [
                -122.27377899955742,
                47.83787799976272
              ],
              [
                -122.27368200037137,
                47.83806000015088
              ],
              [
                -122.27410099977271,
                47.8388789997253
              ],
              [
                -122.27384600040288,
                47.83929500000372
              ],
              [
                -122.27384499967967,
                47.83991899989519
              ],
              [
                -122.27384499967967,
                47.83999799995304
              ],
              [
                -122.27384499967967,
                47.84012399991848
              ],
              [
                -122.27384499967967,
                47.840268999710524
              ],
              [
                -122.27384999970253,
                47.84049700015648
              ],
              [
                -122.27384399985475,
                47.840806000201
              ],
              [
                -122.27405599956687,
                47.8412290002104
              ],
              [
                -122.27425499975848,
                47.84173199988026
              ],
              [
                -122.27439299985073,
                47.84212299981221
              ],
              [
                -122.27446999984363,
                47.84234299973813
              ],
              [
                -122.27455699988228,
                47.84300799993954
              ],
              [
                -122.27469699962438,
                47.84298400021292
              ],
              [
                -122.27483800008966,
                47.84295999987228
              ],
              [
                -122.2748819995723,
                47.842961999750344
              ],
              [
                -122.27489300034127,
                47.843783999787426
              ],
              [
                -122.27489800036412,
                47.84414399982126
              ],
              [
                -122.27492099993034,
                47.84414399982126
              ],
              [
                -122.27493900037202,
                47.84414500003894
              ],
              [
                -122.27494400039488,
                47.84435699993099
              ],
              [
                -122.27495400044064,
                47.84486400023135
              ],
              [
                -122.2750580001977,
                47.844863000027495
              ],
              [
                -122.2750649998704,
                47.845339000209414
              ],
              [
                -122.27506999989328,
                47.845727999709716
              ],
              [
                -122.27506999989328,
                47.845785000096654
              ],
              [
                -122.2750780002892,
                47.846388000258045
              ],
              [
                -122.27495000024267,
                47.84638899982956
              ],
              [
                -122.27495199989248,
                47.8465279997697
              ],
              [
                -122.27646800035923,
                47.846527000200815
              ],
              [
                -122.2765570000477,
                47.84652600002907
              ],
              [
                -122.27737499965721,
                47.84709200010684
              ],
              [
                -122.27736899980943,
                47.84754399969981
              ],
              [
                -122.27758800009252,
                47.847543000150544
              ],
              [
                -122.27758100041983,
                47.84743300017799
              ],
              [
                -122.27774399972813,
                47.847430999869424
              ],
              [
                -122.27782200044427,
                47.8474349998836
              ],
              [
                -122.27787599997262,
                47.847428000009266
              ],
              [
                -122.27792700002625,
                47.84742999971512
              ],
              [
                -122.27896300009397,
                47.84742100013397
              ],
              [
                -122.27906600002613,
                47.84742500014897
              ],
              [
                -122.27932700014205,
                47.847419999979465
              ],
              [
                -122.2797110002816,
                47.847426999854896
              ],
              [
                -122.28020000000313,
                47.8474259997005
              ],
              [
                -122.28025500025471,
                47.8474259997005
              ],
              [
                -122.28038199957801,
                47.84743600003786
              ],
              [
                -122.28045400044635,
                47.84745499995002
              ],
              [
                -122.28054399995973,
                47.847491000050105
              ],
              [
                -122.28062000012768,
                47.84754000029686
              ],
              [
                -122.28067100018133,
                47.84757999973812
              ],
              [
                -122.2807530001971,
                47.84762499990158
              ],
              [
                -122.2808510001064,
                47.84765800003681
              ],
              [
                -122.28095499986345,
                47.847675999718064
              ],
              [
                -122.28106500036661,
                47.84768399970838
              ],
              [
                -122.28122400037529,
                47.847683000161815
              ],
              [
                -122.28143100006452,
                47.84769600029442
              ],
              [
                -122.28153700036975,
                47.847696999840736
              ],
              [
                -122.28165199999748,
                47.84769900013904
              ],
              [
                -122.2818860003492,
                47.84769299984676
              ],
              [
                -122.28187999960306,
                47.847909999829156
              ],
              [
                -122.28187700012836,
                47.84804899991315
              ],
              [
                -122.2818939998468,
                47.84856199988716
              ],
              [
                -122.28190200024272,
                47.84877999997916
              ],
              [
                -122.2819010004178,
                47.848806000294
              ],
              [
                -122.28189899986965,
                47.84888500008089
              ],
              [
                -122.28189899986965,
                47.84891199986599
              ],
              [
                -122.2818939998468,
                47.84913900018281
              ],
              [
                -122.2830410002426,
                47.849134000178545
              ],
              [
                -122.28410300024957,
                47.849130000295396
              ],
              [
                -122.28485800010989,
                47.84912699993069
              ],
              [
                -122.28484700023924,
                47.84921800006533
              ],
              [
                -122.28480700005628,
                47.84939700010933
              ],
              [
                -122.28477600009415,
                47.849595999982036
              ],
              [
                -122.2847469997818,
                47.84982100010282
              ],
              [
                -122.28474299958386,
                47.84985600026162
              ],
              [
                -122.28470699959885,
                47.85005199987035
              ],
              [
                -122.2848809996761,
                47.85005799988977
              ],
              [
                -122.28499100017929,
                47.8500589999934
              ],
              [
                -122.28542600037245,
                47.85006299980495
              ],
              [
                -122.28556699993948,
                47.850067000218985
              ],
              [
                -122.28565900000098,
                47.850071000029914
              ],
              [
                -122.2858420002991,
                47.850107000122705
              ],
              [
                -122.28585800019259,
                47.8501109999305
              ],
              [
                -122.2861179995853,
                47.85017900023331
              ],
              [
                -122.28620399979901,
                47.85020999974779
              ],
              [
                -122.2864620004402,
                47.85030500018633
              ],
              [
                -122.28654899958052,
                47.85033699972378
              ],
              [
                -122.28678499958205,
                47.85043799990513
              ],
              [
                -122.28680300002374,
                47.850446000072246
              ],
              [
                -122.28711299964513,
                47.85057099988568
              ],
              [
                -122.28747599986826,
                47.85078099985851
              ],
              [
                -122.28749799960958,
                47.85079399981738
              ],
              [
                -122.28771100004494,
                47.85088700021651
              ],
              [
                -122.28776899977123,
                47.85091199999072
              ],
              [
                -122.28780300010645,
                47.85092700009061
              ],
              [
                -122.28795299989424,
                47.85096499976154
              ],
              [
                -122.28801499981854,
                47.85098099993194
              ],
              [
                -122.28853200002747,
                47.850826999744754
              ],
              [
                -122.28863900015762,
                47.85079700008568
              ],
              [
                -122.28872899967097,
                47.850766999806375
              ],
              [
                -122.28877499970173,
                47.850750000082485
              ],
              [
                -122.28888299965676,
                47.8506990002746
              ],
              [
                -122.28895399980188,
                47.850660999805925
              ],
              [
                -122.28904800041151,
                47.85060399995492
              ],
              [
                -122.28921900011574,
                47.85041299990242
              ],
              [
                -122.28992899977021,
                47.85000300018835
              ],
              [
                -122.29011200006833,
                47.849902999869286
              ],
              [
                -122.29030000038931,
                47.84981000011694
              ],
              [
                -122.29050899972836,
                47.84973699998703
              ],
              [
                -122.29163600003268,
                47.84944000027373
              ],
              [
                -122.2918140003079,
                47.849393999760075
              ],
              [
                -122.29192300008785,
                47.84936100012655
              ],
              [
                -122.29202799966984,
                47.84932199976531
              ],
              [
                -122.29212800012726,
                47.849274000115166
              ],
              [
                -122.2923130000752,
                47.849159000194945
              ],
              [
                -122.29247100025894,
                47.84929900006408
              ],
              [
                -122.29247499955858,
                47.84977399981794
              ],
              [
                -122.29236699960357,
                47.8498589999813
              ],
              [
                -122.29221000014303,
                47.84998400000392
              ],
              [
                -122.29228700013591,
                47.85002700028441
              ],
              [
                -122.29254999990167,
                47.850173999726465
              ],
              [
                -122.29269800003968,
                47.850256000140526
              ],
              [
                -122.29285399967526,
                47.8503300002411
              ],
              [
                -122.2928770001398,
                47.85032099995753
              ],
              [
                -122.29301900043001,
                47.85024900004406
              ],
              [
                -122.29304799984403,
                47.850237000048736
              ],
              [
                -122.29317400024074,
                47.850191000242006
              ],
              [
                -122.29326899977698,
                47.8499070002957
              ],
              [
                -122.29327600034797,
                47.84988699996913
              ],
              [
                -122.29362799980217,
                47.84899399986401
              ],
              [
                -122.29366899981007,
                47.84889100023532
              ],
              [
                -122.29375800039683,
                47.84870200016211
              ],
              [
                -122.2938079997272,
                47.84859700029275
              ],
              [
                -122.29381600012314,
                47.848575999931676
              ],
              [
                -122.29397299958366,
                47.84819200018329
              ],
              [
                -122.29402600018543,
                47.84806400023825
              ],
              [
                -122.29412200044489,
                47.84782900007247
              ],
              [
                -122.29468999980914,
                47.847817000120116
              ],
              [
                -122.29541700008038,
                47.84780199972358
              ],
              [
                -122.29545200024047,
                47.84774800018934
              ],
              [
                -122.29551400016474,
                47.84765100019256
              ],
              [
                -122.29560100020339,
                47.84751500010293
              ],
              [
                -122.2957009997625,
                47.847359999716694
              ],
              [
                -122.29577600010558,
                47.84724400021751
              ],
              [
                -122.29604300006926,
                47.84724300005959
              ],
              [
                -122.29629099976638,
                47.84724199990165
              ],
              [
                -122.29638500037602,
                47.8472409997437
              ],
              [
                -122.29702399988538,
                47.84724000018855
              ],
              [
                -122.29751299960695,
                47.84723799987254
              ],
              [
                -122.29767599981356,
                47.84723799987254
              ],
              [
                -122.29793699992945,
                47.847236999714504
              ],
              [
                -122.29807699967157,
                47.84723600015933
              ],
              [
                -122.29807699967157,
                47.847321000262205
              ],
              [
                -122.29807699967157,
                47.84739899974469
              ],
              [
                -122.29808000004462,
                47.847430999869424
              ],
              [
                -122.29808099986951,
                47.847444000065195
              ],
              [
                -122.29808599989238,
                47.84755999971991
              ],
              [
                -122.29810599998389,
                47.8479460002163
              ],
              [
                -122.29811100000676,
                47.848145999768406
              ],
              [
                -122.29811400037978,
                47.84827900020112
              ],
              [
                -122.2981150002047,
                47.84831300005758
              ],
              [
                -122.29811799967943,
                47.84839199999256
              ],
              [
                -122.29845699961315,
                47.848393000128326
              ],
              [
                -122.29870100001064,
                47.848394000264065
              ],
              [
                -122.29897800002006,
                47.84839599993263
              ],
              [
                -122.29925500002949,
                47.84839800020398
              ],
              [
                -122.29994700014062,
                47.84840200014362
              ],
              [
                -122.30033100028018,
                47.84840499994741
              ],
              [
                -122.30084799959081,
                47.84840799975107
              ],
              [
                -122.3012190002099,
                47.84841200029276
              ],
              [
                -122.30134399988336,
                47.848413999960634
              ],
              [
                -122.30158699955761,
                47.84841500009601
              ],
              [
                -122.3017330000458,
                47.84841600023133
              ],
              [
                -122.30189100022953,
                47.84841699976377
              ],
              [
                -122.30213999975157,
                47.84841799989905
              ],
              [
                -122.30362799973089,
                47.84842400010749
              ],
              [
                -122.309040999698,
                47.84839499979693
              ],
              [
                -122.30903999987308,
                47.84851900020053
              ],
              [
                -122.30903900004816,
                47.84855100023711
              ],
              [
                -122.30903800022324,
                47.84864799975636
              ],
              [
                -122.30903800022324,
                47.84868099984356
              ],
              [
                -122.3090340000253,
                47.84875400025414
              ],
              [
                -122.30902999982735,
                47.849013999932104
              ],
              [
                -122.30902900000241,
                47.849143000065304
              ],
              [
                -122.30904200042121,
                47.8492219999417
              ],
              [
                -122.30902099960652,
                47.85030600028521
              ],
              [
                -122.31111000035868,
                47.85036100026813
              ],
              [
                -122.31140900010944,
                47.850316000067224
              ],
              [
                -122.31169799981443,
                47.85032300015463
              ],
              [
                -122.31176999978443,
                47.85032499974882
              ],
              [
                -122.31195800010542,
                47.8503300002411
              ],
              [
                -122.31326600015973,
                47.8503300002411
              ],
              [
                -122.31375999990414,
                47.85033799982204
              ],
              [
                -122.31394499985207,
                47.850342000214866
              ],
              [
                -122.31420799961779,
                47.85035799997464
              ],
              [
                -122.31428499961066,
                47.85033699972378
              ],
              [
                -122.3142999996793,
                47.850332999933364
              ],
              [
                -122.31435400010596,
                47.850302999988536
              ],
              [
                -122.31436999999949,
                47.85028399991401
              ],
              [
                -122.31437900022031,
                47.85091599973648
              ],
              [
                -122.31439400028894,
                47.85171800009408
              ],
              [
                -122.31442100005313,
                47.853763000170474
              ],
              [
                -122.31442400042617,
                47.85395299991206
              ],
              [
                -122.31458900028261,
                47.85386300027986
              ],
              [
                -122.31458900028261,
                47.85388699979518
              ],
              [
                -122.31551999987002,
                47.85388699979518
              ],
              [
                -122.31727499981305,
                47.85388599976537
              ],
              [
                -122.31859899976085,
                47.853884999735534
              ],
              [
                -122.31897899970244,
                47.853884999735534
              ],
              [
                -122.31975899967712,
                47.853884999735534
              ],
              [
                -122.32150600012254,
                47.85388399970569
              ],
              [
                -122.32218999983778,
                47.85388399970569
              ],
              [
                -122.32203300037723,
                47.85198000011629
              ],
              [
                -122.32229799979278,
                47.85197699991646
              ],
              [
                -122.32291700010902,
                47.851971000119065
              ],
              [
                -122.32321900023277,
                47.851966999851896
              ],
              [
                -122.32366199992356,
                47.85196200012029
              ],
              [
                -122.3237759997264,
                47.85196100005335
              ],
              [
                -122.32416700043697,
                47.85195699978541
              ],
              [
                -122.32428899973738,
                47.85195500025415
              ],
              [
                -122.32444500027131,
                47.851953000119984
              ],
              [
                -122.32492800014505,
                47.8519509999857
              ],
              [
                -122.32492499977202,
                47.85192099977119
              ],
              [
                -122.32491800009932,
                47.85184800020153
              ],
              [
                -122.3249030000307,
                47.85159500017924
              ],
              [
                -122.32489399980986,
                47.85150399999571
              ],
              [
                -122.32487899974126,
                47.85133799981263
              ],
              [
                -122.32486500039586,
                47.85123299985457
              ],
              [
                -122.32485399962688,
                47.851142999721375
              ],
              [
                -122.32484899960401,
                47.85109299978083
              ],
              [
                -122.32483699990847,
                47.85094300027269
              ],
              [
                -122.32483299971052,
                47.850894000226845
              ],
              [
                -122.32482500021288,
                47.85079200024126
              ],
              [
                -122.3248119997941,
                47.85059900009194
              ],
              [
                -122.3248040002965,
                47.85048899996973
              ],
              [
                -122.32479800044872,
                47.850387999887666
              ],
              [
                -122.32479500007565,
                47.850342000214866
              ],
              [
                -122.32478599985483,
                47.850207000048364
              ],
              [
                -122.3247830003801,
                47.85016299981546
              ],
              [
                -122.3247850000299,
                47.85008799997638
              ],
              [
                -122.32479300042586,
                47.8498660001304
              ],
              [
                -122.32479599990057,
                47.84979199997054
              ],
              [
                -122.32480199974836,
                47.84961800004224
              ],
              [
                -122.32482199983986,
                47.84909599976885
              ],
              [
                -122.32482900041086,
                47.848923000042376
              ],
              [
                -122.32497400017581,
                47.84894300013781
              ],
              [
                -122.32514499988004,
                47.8489670001216
              ],
              [
                -122.325409000369,
                47.84902500008681
              ],
              [
                -122.32555300030904,
                47.8490569998112
              ],
              [
                -122.32580900040206,
                47.84911300003491
              ],
              [
                -122.32587600034923,
                47.84912500029027
              ],
              [
                -122.32623200000135,
                47.84919300007738
              ],
              [
                -122.3263319995605,
                47.84921800006533
              ],
              [
                -122.3266270000116,
                47.84927900010594
              ],
              [
                -122.32684799994453,
                47.84932899998689
              ],
              [
                -122.32706999970236,
                47.849378999819635
              ],
              [
                -122.32717099998472,
                47.849404999834185
              ],
              [
                -122.32726499969604,
                47.84944000027373
              ],
              [
                -122.32734800043502,
                47.84948600014376
              ],
              [
                -122.3274160002071,
                47.84954099979061
              ],
              [
                -122.32747099956036,
                47.849603000166596
              ],
              [
                -122.32748999982695,
                47.84963299991355
              ],
              [
                -122.3275140001164,
                47.849669999818666
              ],
              [
                -122.32753900023074,
                47.849721000035665
              ],
              [
                -122.32755099992632,
                47.849747999988395
              ],
              [
                -122.32756199979698,
                47.84976899987495
              ],
              [
                -122.32757400039085,
                47.84983200008636
              ],
              [
                -122.3275860000864,
                47.849862999808266
              ],
              [
                -122.32762999956901,
                47.84922800005714
              ],
              [
                -122.32765200020864,
                47.848647000228375
              ],
              [
                -122.32766100042949,
                47.84841600023133
              ],
              [
                -122.33046400013578,
                47.84840200014362
              ],
              [
                -122.33047300035662,
                47.848108999981775
              ],
              [
                -122.33047300035662,
                47.84808299992035
              ],
              [
                -122.33047300035662,
                47.84800500026081
              ],
              [
                -122.33047300035662,
                47.84797900014729
              ],
              [
                -122.33047300035662,
                47.84796600008562
              ],
              [
                -122.33047300035662,
                47.84792800002583
              ],
              [
                -122.33047300035662,
                47.84791600009638
              ],
              [
                -122.3304719996334,
                47.847805000164946
              ],
              [
                -122.33047599983135,
                47.846918000163136
              ],
              [
                -122.33041200025724,
                47.84654100019176
              ],
              [
                -122.33041300008216,
                47.846482000290486
              ],
              [
                -122.3304359996484,
                47.84515899982839
              ],
              [
                -122.33044099967127,
                47.84488100007586
              ],
              [
                -122.32869400012414,
                47.84483799974905
              ],
              [
                -122.32798199992153,
                47.844831999728655
              ],
              [
                -122.32646299998005,
                47.84479199997689
              ],
              [
                -122.32572300018835,
                47.84476900007548
              ],
              [
                -122.32524399961423,
                47.84475400000324
              ],
              [
                -122.32492999979486,
                47.84474300014847
              ],
              [
                -122.32484799977912,
                47.84472900027513
              ],
              [
                -122.32377400007657,
                47.84473400010115
              ],
              [
                -122.32117399986151,
                47.84474699976709
              ],
              [
                -122.32006099980093,
                47.844752999797315
              ],
              [
                -122.31967099981358,
                47.84473700011707
              ],
              [
                -122.31936000036728,
                47.84475599981214
              ],
              [
                -122.31948099984278,
                47.8445869997098
              ],
              [
                -122.31961499973708,
                47.84437599976524
              ],
              [
                -122.31962800015587,
                47.84435399989304
              ],
              [
                -122.31966999998866,
                47.844288000220494
              ],
              [
                -122.31968400023239,
                47.84426699992341
              ],
              [
                -122.31983400002021,
                47.84410199970492
              ],
              [
                -122.31991100001308,
                47.84403500009485
              ],
              [
                -122.32004699955722,
                47.843931000042794
              ],
              [
                -122.3200719996716,
                47.843913999886894
              ],
              [
                -122.32019600041846,
                47.84383299991883
              ],
              [
                -122.32027599988608,
                47.843789999929044
              ],
              [
                -122.32044400011557,
                47.84370899976735
              ],
              [
                -122.3206659998734,
                47.843616999988534
              ],
              [
                -122.32100800018016,
                47.84348999983576
              ],
              [
                -122.32120800019672,
                47.84340500008675
              ],
              [
                -122.32135200013677,
                47.84332800025772
              ],
              [
                -122.3214679995894,
                47.84325699991477
              ],
              [
                -122.32149500025189,
                47.84323599980322
              ],
              [
                -122.32162800032128,
                47.843141000283254
              ],
              [
                -122.32190399960751,
                47.842904000240125
              ],
              [
                -122.32206799963903,
                47.84274200003788
              ],
              [
                -122.32217899996711,
                47.842635999914584
              ],
              [
                -122.32279999993314,
                47.842049999715556
              ],
              [
                -122.32291700010902,
                47.841931000221564
              ],
              [
                -122.32301400019338,
                47.84184199988454
              ],
              [
                -122.32307000026987,
                47.841792000021115
              ],
              [
                -122.32330399972328,
                47.841590000154675
              ],
              [
                -122.32343699979265,
                47.84147100020843
              ],
              [
                -122.3235360004252,
                47.841382999956096
              ],
              [
                -122.32359099977846,
                47.84132400021717
              ],
              [
                -122.3236870000379,
                47.84119899982307
              ],
              [
                -122.32377699955128,
                47.841060999747214
              ],
              [
                -122.3238750003589,
                47.84091199984301
              ],
              [
                -122.32388700005447,
                47.8408890000301
              ],
              [
                -122.32392399986438,
                47.84082300016955
              ],
              [
                -122.3239370002832,
                47.84080099999638
              ],
              [
                -122.32403299964433,
                47.84062900002021
              ],
              [
                -122.3242479997295,
                47.84027199998469
              ],
              [
                -122.3245380001577,
                47.839791999733244
              ],
              [
                -122.32464000026498,
                47.83963299977116
              ],
              [
                -122.3248260000378,
                47.83923700001138
              ],
              [
                -122.32487799991634,
                47.838956999843155
              ],
              [
                -122.32489899983273,
                47.83878600010407
              ],
              [
                -122.32496800032803,
                47.83797999982035
              ],
              [
                -122.32498400022155,
                47.83767900015479
              ],
              [
                -122.32500099993997,
                47.83752300017996
              ],
              [
                -122.32500500013795,
                47.83745500016783
              ],
              [
                -122.32502699987927,
                47.837162000275605
              ],
              [
                -122.32506700006225,
                47.836647999949555
              ],
              [
                -122.32508100030593,
                47.836368000280785
              ],
              [
                -122.32509399982641,
                47.83625899989347
              ],
              [
                -122.32512899998652,
                47.83597399986764
              ],
              [
                -122.32513900003225,
                47.83593699984046
              ],
              [
                -122.3251709998193,
                47.83583299983466
              ],
              [
                -122.32519400028386,
                47.83578900007092
              ],
              [
                -122.32529399984294,
                47.835607000158525
              ],
              [
                -122.32539599995019,
                47.83547399979566
              ],
              [
                -122.32551399995096,
                47.835342000082306
              ],
              [
                -122.32556099980665,
                47.83530200024905
              ],
              [
                -122.32565799989102,
                47.83522400006342
              ],
              [
                -122.32589499971749,
                47.83505399987102
              ],
              [
                -122.3261559998334,
                47.83490000003176
              ],
              [
                -122.32618500014573,
                47.83488399972469
              ],
              [
                -122.32652200042962,
                47.83470399984944
              ],
              [
                -122.32697599999105,
                47.834454999826924
              ],
              [
                -122.32725399982537,
                47.834310000067326
              ],
              [
                -122.32727700028994,
                47.834297000198006
              ],
              [
                -122.32761799987345,
                47.834107000205584
              ],
              [
                -122.32785200022518,
                47.83396500011244
              ],
              [
                -122.32796199983004,
                47.83389400022169
              ],
              [
                -122.32802499957926,
                47.83384900020666
              ],
              [
                -122.32828800024329,
                47.83366599970324
              ],
              [
                -122.32852800044279,
                47.83348000029977
              ],
              [
                -122.32857799977322,
                47.8334419998793
              ],
              [
                -122.32869099975109,
                47.83334999998374
              ],
              [
                -122.32902700021009,
                47.833049999820496
              ],
              [
                -122.32912799959409,
                47.83294999998369
              ],
              [
                -122.32922700022662,
                47.83285499971905
              ],
              [
                -122.32940799997658,
                47.832653000031854
              ],
              [
                -122.32963499975729,
                47.83237600003918
              ],
              [
                -122.32997700006405,
                47.83191899988676
              ],
              [
                -122.33023800017999,
                47.831563000080415
              ],
              [
                -122.33041800010506,
                47.83131999983675
              ],
              [
                -122.3305920001823,
                47.83108800000155
              ],
              [
                -122.33068000004586,
                47.830986000265696
              ],
              [
                -122.3308089999173,
                47.83083699977088
              ],
              [
                -122.3309379997887,
                47.83070600019669
              ],
              [
                -122.3309550004055,
                47.83069100027957
              ],
              [
                -122.33103800024615,
                47.830625000110366
              ],
              [
                -122.33106199963728,
                47.83060900029428
              ],
              [
                -122.3311539996988,
                47.83054800000787
              ],
              [
                -122.33120599957729,
                47.83051499984285
              ],
              [
                -122.3313510002406,
                47.83044099981678
              ],
              [
                -122.33144900014987,
                47.83040199970354
              ],
              [
                -122.33153299981548,
                47.83036999992894
              ],
              [
                -122.33155200008203,
                47.83036400004436
              ],
              [
                -122.3316130001814,
                47.830344999902806
              ],
              [
                -122.33162800025,
                47.8303409997769
              ],
              [
                -122.33179899995423,
                47.83029999982549
              ],
              [
                -122.33186199970345,
                47.83028600027592
              ],
              [
                -122.33195499958985,
                47.83027399988362
              ],
              [
                -122.33202999993294,
                47.83026499973837
              ],
              [
                -122.33213399969003,
                47.83025799995932
              ],
              [
                -122.33223499997234,
                47.83025799995932
              ],
              [
                -122.33232899968367,
                47.830267000105806
              ],
              [
                -122.33241900009533,
                47.83027600025071
              ],
              [
                -122.33266000011977,
                47.83032999988136
              ],
              [
                -122.3327530000062,
                47.8303620002837
              ],
              [
                -122.33283800039503,
                47.8303980001851
              ],
              [
                -122.33297200028932,
                47.83045400004903
              ],
              [
                -122.33321999998644,
                47.830581000151966
              ],
              [
                -122.33376899998244,
                47.83085499986149
              ],
              [
                -122.33390100022692,
                47.8309119997051
              ],
              [
                -122.33399599976316,
                47.83094600008988
              ],
              [
                -122.33418499990904,
                47.83100900024726
              ],
              [
                -122.33428799984121,
                47.83103200021868
              ],
              [
                -122.3344999995533,
                47.83108200020003
              ],
              [
                -122.3348080004232,
                47.83112999979907
              ],
              [
                -122.33512899991524,
                47.83114000026273
              ],
              [
                -122.33518099979378,
                47.83114199999343
              ],
              [
                -122.33544299973461,
                47.83113799992895
              ],
              [
                -122.33550499965888,
                47.83114100012811
              ],
              [
                -122.33555700043574,
                47.83113899979432
              ],
              [
                -122.33585899966121,
                47.83114299985872
              ],
              [
                -122.33594599969986,
                47.8311509999866
              ],
              [
                -122.3360899996399,
                47.8311649999059
              ],
              [
                -122.33621100001372,
                47.8311829998827
              ],
              [
                -122.3364069998323,
                47.831230999991384
              ],
              [
                -122.33650200026686,
                47.83125399986441
              ],
              [
                -122.33667700016903,
                47.83129100021557
              ],
              [
                -122.33675599981176,
                47.83130800028662
              ],
              [
                -122.336857999919,
                47.83133699989825
              ],
              [
                -122.33718299960903,
                47.8314010000444
              ],
              [
                -122.33748899993076,
                47.831468000291885
              ],
              [
                -122.33760299973358,
                47.831494000238585
              ],
              [
                -122.33775699971936,
                47.831541000202
              ]
            ]
          ],
          [
            [
              [
                -122.34133299972767,
                47.84692699983156
              ],
              [
                -122.34155600020874,
                47.84667600025499
              ],
              [
                -122.34111400034286,
                47.846666999940176
              ],
              [
                -122.34094399956524,
                47.84666299986672
              ],
              [
                -122.34072900037839,
                47.84665999996219
              ],
              [
                -122.34131699983413,
                47.846123999961286
              ],
              [
                -122.34132199985702,
                47.84581899977935
              ],
              [
                -122.34132400040517,
                47.84523499975734
              ],
              [
                -122.3408549998768,
                47.84562899977734
              ],
              [
                -122.34070699973879,
                47.84575300016215
              ],
              [
                -122.34068599982238,
                47.84576900013184
              ],
              [
                -122.34012199975777,
                47.84622900001416
              ],
              [
                -122.33864399982419,
                47.84623000019163
              ],
              [
                -122.33859100012073,
                47.84623000019163
              ],
              [
                -122.3380549996452,
                47.84622799983667
              ],
              [
                -122.33775599989445,
                47.84590000026347
              ],
              [
                -122.33731599967842,
                47.84589900007963
              ],
              [
                -122.33713499992844,
                47.84590000026347
              ],
              [
                -122.33713900012641,
                47.84593099992407
              ],
              [
                -122.3371259997076,
                47.84602699994178
              ],
              [
                -122.3371259997076,
                47.84610100004765
              ],
              [
                -122.33717599993633,
                47.84622900001416
              ],
              [
                -122.33707100035433,
                47.84623099976624
              ],
              [
                -122.33696500004913,
                47.84623300012108
              ],
              [
                -122.3374360002273,
                47.84664400026733
              ],
              [
                -122.33785999965151,
                47.84664600000337
              ],
              [
                -122.33858600009783,
                47.846650000078085
              ],
              [
                -122.33920700006388,
                47.84665199981393
              ],
              [
                -122.33914500013958,
                47.84671500019442
              ],
              [
                -122.33896000019168,
                47.84691400010909
              ],
              [
                -122.33940799990532,
                47.84691599983471
              ],
              [
                -122.33977000030357,
                47.84692200021693
              ],
              [
                -122.34133299972767,
                47.84692699983156
              ]
            ]
          ]
        ]
      },
      "properties": {
        "AREALAND": "20400258",
        "AREAWATER": "40853",
        "BASENAME": "Lynnwood",
        "CBSAPCI": "N",
        "CENTLAT": "+47.8283971",
        "CENTLON": "-122.3032706",
        "FUNCSTAT": "A",
        "GEOID": "5340840",
        "INTPTLAT": "+47.8289794",
        "INTPTLON": "-122.3006719",
        "LSADC": "25",
        "MTFCC": "G4110",
        "NAME": "Lynnwood city",
        "NECTAPCI": "N",
        "OBJECTID": 27399,
        "OID": "27890921610443",
        "PLACE": "40840",
        "PLACECC": "C1",
        "PLACENS": "02410900",
        "STATE": "53",
        "DISP_CLR": 3,
        "slug": "lynnwood",
        "jurisdiction_key": "lynnwood_city",
        "county_fips": [
          "53061"
        ]
      }
    }
  ]
}
