{
  "type": "FeatureCollection",
  "features": [
    {
      "type": "Feature",
      "geometry": {
        "type": "Polygon",
        "coordinates": [
          [
            [
              -123.52559300002552,
              48.12572000012351
            ],
            [
              -123.52557799995692,
              48.12390199976725
            ],
            [
              -123.5255710002842,
              48.123847999888795
            ],
            [
              -123.52556999956097,
              48.12380000001582
            ],
            [
              -123.52556700008626,
              48.12371099982031
            ],
            [
              -123.52556600026134,
              48.1236519998752
            ],
            [
              -123.5255710002842,
              48.12351000000392
            ],
            [
              -123.52556600026134,
              48.12344700015914
            ],
            [
              -123.52556100023847,
              48.12335900017044
            ],
            [
              -123.52555700004052,
              48.12272700012894
            ],
            [
              -123.5255489996446,
              48.12120599971131
            ],
            [
              -123.52554699999476,
              48.12083199979244
            ],
            [
              -123.52554399962173,
              48.12020100012418
            ],
            [
              -123.5255419999719,
              48.11996100006236
            ],
            [
              -123.52553899959884,
              48.119387999706014
            ],
            [
              -123.5255419999719,
              48.11924200004516
            ],
            [
              -123.5255489996446,
              48.11900300000469
            ],
            [
              -123.52553699994904,
              48.11879200027937
            ],
            [
              -123.52550400033707,
              48.11815900010183
            ],
            [
              -123.52549299956812,
              48.11794900023279
            ],
            [
              -123.52547300037493,
              48.11730499976004
            ],
            [
              -123.52545999995614,
              48.11674200024493
            ],
            [
              -123.52544499988754,
              48.11607699986492
            ],
            [
              -123.52542999981891,
              48.11484800022225
            ],
            [
              -123.52541800012335,
              48.11312300011658
            ],
            [
              -123.52541700029843,
              48.11293300009871
            ],
            [
              -123.5254790002227,
              48.11191900023951
            ],
            [
              -123.52536200004685,
              48.111909999863684
            ],
            [
              -123.52501200024246,
              48.111883999768814
            ],
            [
              -123.52489599989153,
              48.11187599982922
            ],
            [
              -123.5247610001723,
              48.11186399991756
            ],
            [
              -123.52292300038859,
              48.11174499989193
            ],
            [
              -123.52288400003056,
              48.11174300020166
            ],
            [
              -123.52178500021364,
              48.111681000167415
            ],
            [
              -123.52141899961742,
              48.111657000250204
            ],
            [
              -123.52091099962931,
              48.11161299977301
            ],
            [
              -123.52003500029349,
              48.11152499990519
            ],
            [
              -123.51929999962633,
              48.111441999741864
            ],
            [
              -123.51901799959401,
              48.111399999983874
            ],
            [
              -123.51887600020214,
              48.11138499980493
            ],
            [
              -123.51870799997262,
              48.11137699978771
            ],
            [
              -123.51853999974314,
              48.11137599993538
            ],
            [
              -123.51839099978021,
              48.11138099979646
            ],
            [
              -123.51809399967932,
              48.111399999983874
            ],
            [
              -123.51746799969042,
              48.11146999976135
            ],
            [
              -123.51715800006902,
              48.11149699991568
            ],
            [
              -123.51701499995387,
              48.11150599976404
            ],
            [
              -123.51684699972441,
              48.11151799975931
            ],
            [
              -123.51622300028366,
              48.111552000030635
            ],
            [
              -123.51577700021981,
              48.111571000154775
            ],
            [
              -123.51503999990284,
              48.111588999824
            ],
            [
              -123.51491799970408,
              48.111598000256045
            ],
            [
              -123.51455500037925,
              48.111626000190526
            ],
            [
              -123.51443400000542,
              48.11163599986359
            ],
            [
              -123.51439899984531,
              48.111639000005
            ],
            [
              -123.51388599983433,
              48.11170199993589
            ],
            [
              -123.51312099992828,
              48.11179700020923
            ],
            [
              -123.51224600041736,
              48.111908000179845
            ],
            [
              -123.5116999998961,
              48.111978999705684
            ],
            [
              -123.51171199959167,
              48.11256200001787
            ],
            [
              -123.51174799957664,
              48.11431100025251
            ],
            [
              -123.51176099999546,
              48.11489399989613
            ],
            [
              -123.5117710000412,
              48.11539800004045
            ],
            [
              -123.511776999889,
              48.11550399996991
            ],
            [
              -123.51183399979038,
              48.11556100013579
            ],
            [
              -123.51182999959244,
              48.11563700005868
            ],
            [
              -123.51159399959087,
              48.11561000028045
            ],
            [
              -123.51159399959087,
              48.11556799973092
            ],
            [
              -123.5094419999878,
              48.115368999987695
            ],
            [
              -123.50921799968182,
              48.115347999918576
            ],
            [
              -123.50675999975702,
              48.11511999972974
            ],
            [
              -123.50623800042351,
              48.11507099971751
            ],
            [
              -123.5062020004385,
              48.11506799977647
            ],
            [
              -123.50408099989927,
              48.114901999965625
            ],
            [
              -123.50407699970133,
              48.114832000065256
            ],
            [
              -123.50405999998287,
              48.11398599981198
            ],
            [
              -123.5040409997163,
              48.11303300019569
            ],
            [
              -123.50391799969265,
              48.11304000013524
            ],
            [
              -123.50352100003262,
              48.11306400000631
            ],
            [
              -123.50341700027556,
              48.11307000012227
            ],
            [
              -123.50291500013522,
              48.113100000091826
            ],
            [
              -123.50202999968023,
              48.11315300005519
            ],
            [
              -123.50159700003519,
              48.113178000290546
            ],
            [
              -123.50067899996823,
              48.113232999805824
            ],
            [
              -123.49969399995416,
              48.11329199972205
            ],
            [
              -123.49959900041792,
              48.11329699999648
            ],
            [
              -123.49951200037928,
              48.11330200027043
            ],
            [
              -123.49949499976255,
              48.11330300008524
            ],
            [
              -123.49818599988335,
              48.11338099997582
            ],
            [
              -123.4975640000924,
              48.11341900006414
            ],
            [
              -123.49631399976444,
              48.11348500024547
            ],
            [
              -123.49616200032679,
              48.113492999934564
            ],
            [
              -123.49546000016993,
              48.11353600019124
            ],
            [
              -123.49475800001306,
              48.11357800000272
            ],
            [
              -123.49476200021098,
              48.11247899973012
            ],
            [
              -123.49476399986082,
              48.112181999929206
            ],
            [
              -123.49475800001306,
              48.11209500027431
            ],
            [
              -123.49253400043996,
              48.11211699971149
            ],
            [
              -123.49185599967421,
              48.11211400019773
            ],
            [
              -123.49030400012077,
              48.11216499970485
            ],
            [
              -123.49022200010502,
              48.11216699997854
            ],
            [
              -123.49014599993701,
              48.11216499970485
            ],
            [
              -123.49003399978403,
              48.112160999757094
            ],
            [
              -123.48996099998911,
              48.11216200019389
            ],
            [
              -123.48986899992761,
              48.112163000030925
            ],
            [
              -123.4897919999347,
              48.11216499970485
            ],
            [
              -123.48969099965238,
              48.11215999992006
            ],
            [
              -123.48961200000964,
              48.1121690002521
            ],
            [
              -123.48952900016897,
              48.11217099992579
            ],
            [
              -123.48944299995526,
              48.112173000199235
            ],
            [
              -123.48935699974153,
              48.11217799998276
            ],
            [
              -123.48927399990085,
              48.11217899981945
            ],
            [
              -123.48919100006019,
              48.11217899981945
            ],
            [
              -123.48913900018165,
              48.11218699971186
            ],
            [
              -123.48909700034886,
              48.11217799998276
            ],
            [
              -123.48902500037883,
              48.11217799998276
            ],
            [
              -123.48895000003574,
              48.11217400003601
            ],
            [
              -123.48888200026369,
              48.11217899981945
            ],
            [
              -123.48880500027079,
              48.11217799998276
            ],
            [
              -123.48873099975262,
              48.11218800014815
            ],
            [
              -123.48865399975975,
              48.11219299993022
            ],
            [
              -123.48858599998766,
              48.112181999929206
            ],
            [
              -123.48850499979682,
              48.1121800002559
            ],
            [
              -123.48842399960597,
              48.11217799998276
            ],
            [
              -123.48834400013834,
              48.112175999709514
            ],
            [
              -123.48824100020617,
              48.112177000146026
            ],
            [
              -123.4881569996423,
              48.11218100009254
            ],
            [
              -123.48807600034974,
              48.112181999929206
            ],
            [
              -123.48798599993805,
              48.11218100009254
            ],
            [
              -123.48791099959499,
              48.11218100009254
            ],
            [
              -123.48784199999801,
              48.11218699971186
            ],
            [
              -123.48776199963208,
              48.11218699971186
            ],
            [
              -123.48768399981427,
              48.11218800014815
            ],
            [
              -123.48760699982138,
              48.11219299993022
            ],
            [
              -123.48752700035375,
              48.11220200025644
            ],
            [
              -123.48744799981269,
              48.11221300025317
            ],
            [
              -123.48736400014711,
              48.112222999812005
            ],
            [
              -123.48728399978118,
              48.1122360000752
            ],
            [
              -123.48720900033643,
              48.112251999840986
            ],
            [
              -123.48712899997048,
              48.11226900003651
            ],
            [
              -123.4870600003735,
              48.11229099999898
            ],
            [
              -123.48698000000755,
              48.11231799972191
            ],
            [
              -123.48691700025839,
              48.112344000196984
            ],
            [
              -123.48685100013614,
              48.11237700008894
            ],
            [
              -123.48679599988454,
              48.11240600003106
            ],
            [
              -123.48673999980805,
              48.11243300029335
            ],
            [
              -123.48668499955647,
              48.11246500029705
            ],
            [
              -123.48662299963217,
              48.11251600005561
            ],
            [
              -123.48656400008096,
              48.11256500010526
            ],
            [
              -123.48653599959357,
              48.11260799993895
            ],
            [
              -123.48645100010306,
              48.112680000123916
            ],
            [
              -123.48637199956202,
              48.1127860002626
            ],
            [
              -123.48633599957702,
              48.1129050002766
            ],
            [
              -123.48634599962277,
              48.11321999979487
            ],
            [
              -123.48636700043748,
              48.11382099990879
            ],
            [
              -123.4863709997371,
              48.11392499988767
            ],
            [
              -123.4863900000037,
              48.11447599978172
            ],
            [
              -123.4863540000187,
              48.1144819997328
            ],
            [
              -123.48620500005576,
              48.11449700020723
            ],
            [
              -123.48590100028215,
              48.11451299986878
            ],
            [
              -123.48558999993753,
              48.11450999989512
            ],
            [
              -123.48538999992098,
              48.11449299984123
            ],
            [
              -123.48494399985714,
              48.11444200024559
            ],
            [
              -123.48436399989902,
              48.1143410000973
            ],
            [
              -123.48412799989745,
              48.11430099990056
            ],
            [
              -123.4838199999259,
              48.11425900008027
            ],
            [
              -123.48357899990145,
              48.1142050002609
            ],
            [
              -123.48233500031958,
              48.114002000232375
            ],
            [
              -123.48207800040164,
              48.11396000016774
            ],
            [
              -123.47978399961005,
              48.113591999732286
            ],
            [
              -123.47787499968123,
              48.11326000023335
            ],
            [
              -123.47639099989986,
              48.113003000187064
            ],
            [
              -123.47583799970589,
              48.112906999921655
            ],
            [
              -123.47530499960344,
              48.11281499997389
            ],
            [
              -123.47418400004523,
              48.11261000019534
            ],
            [
              -123.47363300039939,
              48.11250999987496
            ],
            [
              -123.47338499980398,
              48.11247000005221
            ],
            [
              -123.47264300036242,
              48.11234999979723
            ],
            [
              -123.47239599959191,
              48.11231100028384
            ],
            [
              -123.47222300023786,
              48.112279000184195
            ],
            [
              -123.47170400037909,
              48.11218299976581
            ],
            [
              -123.47153100012675,
              48.11215100018624
            ],
            [
              -123.47136200007233,
              48.112118999987
            ],
            [
              -123.47115299983494,
              48.112081000136875
            ],
            [
              -123.471156000208,
              48.111915000272596
            ],
            [
              -123.47116100023086,
              48.11167800002844
            ],
            [
              -123.47116399970561,
              48.111591000120065
            ],
            [
              -123.47116600025375,
              48.11150300021462
            ],
            [
              -123.47116799990359,
              48.111419000164254
            ],
            [
              -123.4711699995534,
              48.111334000123485
            ],
            [
              -123.47117200010153,
              48.1112680001783
            ],
            [
              -123.47117299992642,
              48.111256999979275
            ],
            [
              -123.47117600029951,
              48.11113000029168
            ],
            [
              -123.47118299997219,
              48.11087100006475
            ],
            [
              -123.47118399979708,
              48.11081599982069
            ],
            [
              -123.4712109995613,
              48.11081499995749
            ],
            [
              -123.47126400016303,
              48.11081199976797
            ],
            [
              -123.47126800036101,
              48.11064500013644
            ],
            [
              -123.47127300038387,
              48.110490000197565
            ],
            [
              -123.47125599976711,
              48.11048699998901
            ],
            [
              -123.47123999987359,
              48.11048299991064
            ],
            [
              -123.47119399984284,
              48.11047399988311
            ],
            [
              -123.47119499966774,
              48.11041600020114
            ],
            [
              -123.47119600039098,
              48.11037099998915
            ],
            [
              -123.47120600043671,
              48.110019999982065
            ],
            [
              -123.47120700026164,
              48.10996699978635
            ],
            [
              -123.47121499975921,
              48.10967700026003
            ],
            [
              -123.47141899997375,
              48.10967999991605
            ],
            [
              -123.47142099962355,
              48.10960799972632
            ],
            [
              -123.4714239999966,
              48.10948499971876
            ],
            [
              -123.47142800019458,
              48.10936799996502
            ],
            [
              -123.47143099966931,
              48.10924800026383
            ],
            [
              -123.47144699956284,
              48.10924900015757
            ],
            [
              -123.47144900011097,
              48.109188999903175
            ],
            [
              -123.47145199958568,
              48.10907800005759
            ],
            [
              -123.47144599973792,
              48.10882100008951
            ],
            [
              -123.47143900006523,
              48.10876899975994
            ],
            [
              -123.47123499985072,
              48.10876699995382
            ],
            [
              -123.47123499985072,
              48.108691999971185
            ],
            [
              -123.47123599967564,
              48.10860999993683
            ],
            [
              -123.47127800040673,
              48.10860999993683
            ],
            [
              -123.47127900023165,
              48.10851499977005
            ],
            [
              -123.47128000005657,
              48.108377000288336
            ],
            [
              -123.47128099988149,
              48.108297000175696
            ],
            [
              -123.47128099988149,
              48.108242000176006
            ],
            [
              -123.47128199970638,
              48.10813000016913
            ],
            [
              -123.47128599990435,
              48.10776199997043
            ],
            [
              -123.47128699972924,
              48.10768599979672
            ],
            [
              -123.47128900027738,
              48.10749600007039
            ],
            [
              -123.4712900001023,
              48.10742299989093
            ],
            [
              -123.4712900001023,
              48.10738199977749
            ],
            [
              -123.4712900001023,
              48.10735900018236
            ],
            [
              -123.47129099992722,
              48.107306000241515
            ],
            [
              -123.47146599982939,
              48.10730099998397
            ],
            [
              -123.47178100037199,
              48.10729299993082
            ],
            [
              -123.47222099968971,
              48.10728200008059
            ],
            [
              -123.47254399972992,
              48.10727400002445
            ],
            [
              -123.47272200000516,
              48.10726899976378
            ],
            [
              -123.47378200036229,
              48.10724199978744
            ],
            [
              -123.47381999999715,
              48.10724400025271
            ],
            [
              -123.47382199964696,
              48.10714099988342
            ],
            [
              -123.47382599984493,
              48.106842999882986
            ],
            [
              -123.47384199973845,
              48.105950000269814
            ],
            [
              -123.47384699976134,
              48.10565299992594
            ],
            [
              -123.47436099959721,
              48.10560599981318
            ],
            [
              -123.47590600037627,
              48.1054679997188
            ],
            [
              -123.47642100003706,
              48.10542200000492
            ],
            [
              -123.47844399976871,
              48.10520499986056
            ],
            [
              -123.47851699956367,
              48.1051980000535
            ],
            [
              -123.48097799986154,
              48.104956000139055
            ],
            [
              -123.48356700020591,
              48.104701999900605
            ],
            [
              -123.48451899970969,
              48.104604999740516
            ],
            [
              -123.48530799990522,
              48.10452499975521
            ],
            [
              -123.48654599963928,
              48.1044209999481
            ],
            [
              -123.48680099990743,
              48.10439500026337
            ],
            [
              -123.4875669996384,
              48.10431999989938
            ],
            [
              -123.48782299973142,
              48.10429600014371
            ],
            [
              -123.48976400034562,
              48.10410199990773
            ],
            [
              -123.49491399964866,
              48.10358899991459
            ],
            [
              -123.49558800021644,
              48.10352500023095
            ],
            [
              -123.49753099958214,
              48.10334300018898
            ],
            [
              -123.49818800043147,
              48.103285000257706
            ],
            [
              -123.50008399994151,
              48.10312000018849
            ],
            [
              -123.50015900028458,
              48.10311200008442
            ],
            [
              -123.50081500041067,
              48.10304299973498
            ],
            [
              -123.50143300000366,
              48.102977999955755
            ],
            [
              -123.5017300001046,
              48.10294700005979
            ],
            [
              -123.5029000000666,
              48.10281900021395
            ],
            [
              -123.50329000005395,
              48.10278000006635
            ],
            [
              -123.50391000019505,
              48.102720000058355
            ],
            [
              -123.503906999822,
              48.10244899972963
            ],
            [
              -123.50389799960115,
              48.10163599976969
            ],
            [
              -123.50389500012642,
              48.10136599977232
            ],
            [
              -123.50389400030151,
              48.10132799976992
            ],
            [
              -123.50389299957828,
              48.10121600029416
            ],
            [
              -123.50389299957828,
              48.1011870000366
            ],
            [
              -123.50387099983699,
              48.10118900013766
            ],
            [
              -123.50381999978336,
              48.101192000289025
            ],
            [
              -123.50364700042931,
              48.10120300024277
            ],
            [
              -123.50322999977948,
              48.10122899974234
            ],
            [
              -123.5023290003293,
              48.10128500009646
            ],
            [
              -123.50166399998233,
              48.10132600027419
            ],
            [
              -123.50075500013624,
              48.101382999969495
            ],
            [
              -123.5000289996899,
              48.10142700020676
            ],
            [
              -123.49996900031375,
              48.1014309997902
            ],
            [
              -123.49918199976807,
              48.101480000210806
            ],
            [
              -123.49760900029824,
              48.10157799971209
            ],
            [
              -123.49709399973914,
              48.10160300017937
            ],
            [
              -123.49657700042849,
              48.10163300024411
            ],
            [
              -123.49622199970294,
              48.101648999711536
            ],
            [
              -123.49623699977157,
              48.1010720000954
            ],
            [
              -123.49624599999238,
              48.10070499981451
            ],
            [
              -123.49626699990878,
              48.09986300006423
            ],
            [
              -123.4962679997337,
              48.09985199982376
            ],
            [
              -123.49756800029037,
              48.099764000214975
            ],
            [
              -123.49753800015314,
              48.098448999924855
            ],
            [
              -123.4975280001074,
              48.098003999803495
            ],
            [
              -123.49752700028247,
              48.097950999815474
            ],
            [
              -123.49730600034954,
              48.09796500020249
            ],
            [
              -123.49718499997572,
              48.09797199979461
            ],
            [
              -123.4971840001508,
              48.097891000170605
            ],
            [
              -123.4971830003259,
              48.09771000009775
            ],
            [
              -123.49717999995285,
              48.097116999793975
            ],
            [
              -123.49717800030302,
              48.09678799986343
            ],
            [
              -123.4971759997549,
              48.09659500023011
            ],
            [
              -123.49732200024307,
              48.096586000170454
            ],
            [
              -123.49749600032034,
              48.096574999828775
            ],
            [
              -123.4974860002746,
              48.09613700012808
            ],
            [
              -123.49745699996228,
              48.094851999885414
            ],
            [
              -123.49744500026671,
              48.094393000274124
            ],
            [
              -123.49744500026671,
              48.09433199989315
            ],
            [
              -123.49509500029693,
              48.09449800015058
            ],
            [
              -123.49495100035689,
              48.094508999736675
            ],
            [
              -123.49478700032536,
              48.09452100010062
            ],
            [
              -123.4939320000076,
              48.09458400001536
            ],
            [
              -123.49370000020402,
              48.09460100005535
            ],
            [
              -123.49344999995876,
              48.09461999984631
            ],
            [
              -123.49230199973807,
              48.09470399975377
            ],
            [
              -123.49225800025543,
              48.09470700028364
            ],
            [
              -123.4922049996537,
              48.09471099978989
            ],
            [
              -123.49204599964503,
              48.094723000106654
            ],
            [
              -123.49204599964503,
              48.09462999982819
            ],
            [
              -123.49204599964503,
              48.09461299979784
            ],
            [
              -123.49204800019315,
              48.09435399973397
            ],
            [
              -123.49162200022081,
              48.09433600002853
            ],
            [
              -123.48695400006831,
              48.09412700018748
            ],
            [
              -123.48681900034909,
              48.09412000007184
            ],
            [
              -123.486708000021,
              48.094114999731566
            ],
            [
              -123.486708000021,
              48.09415500004033
            ],
            [
              -123.486708000021,
              48.09425999980283
            ],
            [
              -123.4867070001961,
              48.094383000246154
            ],
            [
              -123.48670600037119,
              48.0949230001744
            ],
            [
              -123.48670399982304,
              48.09511600008414
            ],
            [
              -123.48512700015526,
              48.09508999989295
            ],
            [
              -123.4843270000891,
              48.09507700009241
            ],
            [
              -123.4843289997389,
              48.09587600023352
            ],
            [
              -123.48420599971527,
              48.0958739999258
            ],
            [
              -123.48395499964509,
              48.09586999991007
            ],
            [
              -123.48377100042039,
              48.095867000048045
            ],
            [
              -123.48367099996297,
              48.09586499973993
            ],
            [
              -123.4834619997256,
              48.095860999723506
            ],
            [
              -123.48337700023511,
              48.0958600001693
            ],
            [
              -123.48330500026509,
              48.095859000015146
            ],
            [
              -123.48320700035578,
              48.09585699970676
            ],
            [
              -123.48303999995119,
              48.09585499999824
            ],
            [
              -123.48292500032346,
              48.09593299997185
            ],
            [
              -123.48293100017125,
              48.097508999949625
            ],
            [
              -123.48293700001902,
              48.09782599987635
            ],
            [
              -123.48158999960668,
              48.09780399972125
            ],
            [
              -123.48158999960668,
              48.0978180001483
            ],
            [
              -123.48159499962958,
              48.09848100023676
            ],
            [
              -123.4815960003528,
              48.098563999734345
            ],
            [
              -123.48160499967531,
              48.09932100025092
            ],
            [
              -123.48160800004837,
              48.0995690001906
            ],
            [
              -123.48162300011697,
              48.10094900005615
            ],
            [
              -123.48163499981253,
              48.10193600003652
            ],
            [
              -123.48163599963745,
              48.10210099970698
            ],
            [
              -123.48161499972106,
              48.10270899982932
            ],
            [
              -123.48156899969031,
              48.10375300027737
            ],
            [
              -123.48060799996567,
              48.10375200027675
            ],
            [
              -123.47938899959983,
              48.10375100027607
            ],
            [
              -123.47938000027732,
              48.10403100029694
            ],
            [
              -123.4781469996678,
              48.10404300023803
            ],
            [
              -123.47792499990994,
              48.10405500017633
            ],
            [
              -123.47792300026012,
              48.10406600011732
            ],
            [
              -123.47783100019862,
              48.10459199994635
            ],
            [
              -123.47645399964904,
              48.104601999788294
            ],
            [
              -123.47494099955536,
              48.10462400003368
            ],
            [
              -123.47387500024873,
              48.10463599983633
            ],
            [
              -123.47388299974634,
              48.10447799981075
            ],
            [
              -123.47388899959412,
              48.1041789999746
            ],
            [
              -123.4738950003402,
              48.10375500027854
            ],
            [
              -123.47128199970638,
              48.10378900028695
            ],
            [
              -123.47126599981287,
              48.10541199972264
            ],
            [
              -123.47126699963778,
              48.10554600010455
            ],
            [
              -123.47126400016303,
              48.10568999976748
            ],
            [
              -123.47126400016303,
              48.105743000174975
            ],
            [
              -123.47106499997142,
              48.10574500009877
            ],
            [
              -123.4708609997569,
              48.10574600006061
            ],
            [
              -123.47070799959602,
              48.10573100003094
            ],
            [
              -123.47057500042496,
              48.10571899988406
            ],
            [
              -123.47015399957716,
              48.10571999984641
            ],
            [
              -123.47015399957716,
              48.105747000022426
            ],
            [
              -123.47015199992735,
              48.10583900002705
            ],
            [
              -123.47015299975224,
              48.105895000157844
            ],
            [
              -123.4701560001253,
              48.10602200018559
            ],
            [
              -123.46880299986518,
              48.106152999715384
            ],
            [
              -123.46833000003717,
              48.106199999927775
            ],
            [
              -123.46833099986206,
              48.10609400000051
            ],
            [
              -123.46833800043308,
              48.10577600010685
            ],
            [
              -123.4683400000829,
              48.10566999990507
            ],
            [
              -123.46835099995356,
              48.105064999939124
            ],
            [
              -123.46835199977848,
              48.10502700027169
            ],
            [
              -123.46831400014364,
              48.10495700011625
            ],
            [
              -123.46811699960183,
              48.104865999711656
            ],
            [
              -123.46664799988906,
              48.10488099999377
            ],
            [
              -123.46604399964147,
              48.104887999843996
            ],
            [
              -123.46605299986231,
              48.10519400016333
            ],
            [
              -123.46608200017464,
              48.106112999743246
            ],
            [
              -123.4660870001975,
              48.10627399999641
            ],
            [
              -123.4660920002204,
              48.106419999916554
            ],
            [
              -123.46602199990018,
              48.1064209998653
            ],
            [
              -123.46590600044753,
              48.10643099995128
            ],
            [
              -123.46534900005562,
              48.10648300024705
            ],
            [
              -123.46516400010768,
              48.10650099989886
            ],
            [
              -123.46457300027889,
              48.1063680001569
            ],
            [
              -123.46451999967715,
              48.10635600015874
            ],
            [
              -123.46441300044532,
              48.10633500000526
            ],
            [
              -123.4640529996969,
              48.10626499983159
            ],
            [
              -123.46364099996825,
              48.106194000209335
            ],
            [
              -123.46338599970012,
              48.106141000266895
            ],
            [
              -123.46329899966148,
              48.10613300003314
            ],
            [
              -123.46311500043682,
              48.10613799980445
            ],
            [
              -123.46299800026094,
              48.10614600003743
            ],
            [
              -123.46292799994072,
              48.106161999899776
            ],
            [
              -123.46283099985634,
              48.106198999974765
            ],
            [
              -123.46279400004642,
              48.10621900023114
            ],
            [
              -123.46274499964262,
              48.10624700009717
            ],
            [
              -123.46269100011425,
              48.106307000187165
            ],
            [
              -123.46262599981695,
              48.10645100011743
            ],
            [
              -123.46262099979407,
              48.10649099982647
            ],
            [
              -123.46262300034222,
              48.10652699971799
            ],
            [
              -123.46239700038642,
              48.10655500001609
            ],
            [
              -123.46217100043062,
              48.106584000244425
            ],
            [
              -123.4620530004298,
              48.1065990000252
            ],
            [
              -123.46189600007098,
              48.106595000244056
            ],
            [
              -123.46179300013881,
              48.10659299975353
            ],
            [
              -123.46117899984549,
              48.10657799997101
            ],
            [
              -123.46033000027381,
              48.10655599996217
            ],
            [
              -123.45990400030149,
              48.106545999900476
            ],
            [
              -123.45990199975334,
              48.10679099995139
            ],
            [
              -123.45972699985117,
              48.106786000243595
            ],
            [
              -123.4590170001967,
              48.10676700014984
            ],
            [
              -123.4590170001967,
              48.10680800015398
            ],
            [
              -123.45901600037178,
              48.10687599970841
            ],
            [
              -123.45812599989392,
              48.10685299988685
            ],
            [
              -123.45812800044207,
              48.10678099993547
            ],
            [
              -123.4572589998806,
              48.10686700024891
            ],
            [
              -123.45728900001784,
              48.10700299971154
            ],
            [
              -123.45547299997544,
              48.10718100025517
            ],
            [
              -123.45545799990683,
              48.10724999984858
            ],
            [
              -123.45545600025702,
              48.107303999778665
            ],
            [
              -123.4541959998833,
              48.1073129997615
            ],
            [
              -123.45381900031477,
              48.107310999898765
            ],
            [
              -123.45382099996458,
              48.107366000294924
            ],
            [
              -123.4536319998187,
              48.10736499976476
            ],
            [
              -123.4536319998187,
              48.107395000065715
            ],
            [
              -123.45334499976352,
              48.10739699992522
            ],
            [
              -123.45334700031165,
              48.10742399982013
            ],
            [
              -123.45275200028489,
              48.1074249997493
            ],
            [
              -123.45249399964372,
              48.1074249997493
            ],
            [
              -123.4522099999616,
              48.10743500023977
            ],
            [
              -123.45222000000733,
              48.10726599996705
            ],
            [
              -123.45223099987798,
              48.10711299990461
            ],
            [
              -123.45224799959644,
              48.10676399972394
            ],
            [
              -123.45225299961928,
              48.106708999883224
            ],
            [
              -123.45225599999236,
              48.10662000007081
            ],
            [
              -123.45225900036542,
              48.10660800013149
            ],
            [
              -123.45227199988587,
              48.10636700020715
            ],
            [
              -123.45227000023607,
              48.10628799991632
            ],
            [
              -123.45228100010671,
              48.10620199983372
            ],
            [
              -123.4522869999545,
              48.10608599975949
            ],
            [
              -123.4523229999395,
              48.10546199991496
            ],
            [
              -123.45233200016034,
              48.10529800020598
            ],
            [
              -123.45237399999313,
              48.10455799986921
            ],
            [
              -123.45237499981802,
              48.104534000224675
            ],
            [
              -123.45238300021394,
              48.104394000275235
            ],
            [
              -123.4523949999095,
              48.10417799998228
            ],
            [
              -123.45240499995526,
              48.10399599985284
            ],
            [
              -123.45242400022184,
              48.10365400012094
            ],
            [
              -123.45243300044267,
              48.103565999821875
            ],
            [
              -123.45244699978805,
              48.10344699977768
            ],
            [
              -123.45248699997103,
              48.10273799982816
            ],
            [
              -123.45248500032122,
              48.10264799971636
            ],
            [
              -123.45248500032122,
              48.10257099975557
            ],
            [
              -123.45252600032909,
              48.101845999720375
            ],
            [
              -123.45253300000178,
              48.10176400016169
            ],
            [
              -123.45182400017222,
              48.10175000020932
            ],
            [
              -123.4518230003473,
              48.10166799989753
            ],
            [
              -123.45183400021796,
              48.100208000030776
            ],
            [
              -123.45183900024082,
              48.099691999932126
            ],
            [
              -123.4518519997613,
              48.09816500025838
            ],
            [
              -123.4518519997613,
              48.098083000227604
            ],
            [
              -123.45151000035285,
              48.098078000272686
            ],
            [
              -123.44940399988224,
              48.098046999821555
            ],
            [
              -123.44871900034212,
              48.098035999792465
            ],
            [
              -123.44817899966864,
              48.09802900020902
            ],
            [
              -123.44818299986662,
              48.09792300022992
            ],
            [
              -123.44819000043759,
              48.097743999904836
            ],
            [
              -123.44823999976799,
              48.096329000135654
            ],
            [
              -123.44833600002747,
              48.09451699997958
            ],
            [
              -123.44851000010475,
              48.09452100010062
            ],
            [
              -123.45067599995151,
              48.09456100009354
            ],
            [
              -123.45069100002011,
              48.09370299978038
            ],
            [
              -123.45069900041604,
              48.09315400017927
            ],
            [
              -123.45070600008874,
              48.09275899977714
            ],
            [
              -123.45071199993652,
              48.09237399976146
            ],
            [
              -123.45071399958636,
              48.09235100005112
            ],
            [
              -123.45071600013448,
              48.09223900021888
            ],
            [
              -123.45070500026382,
              48.09222800014719
            ],
            [
              -123.45067500012661,
              48.0922150002231
            ],
            [
              -123.45063999996648,
              48.09220799984718
            ],
            [
              -123.4505989999586,
              48.09219600014347
            ],
            [
              -123.45054600025516,
              48.09216700019789
            ],
            [
              -123.45047699975989,
              48.09213800023597
            ],
            [
              -123.45043599975199,
              48.09212599991589
            ],
            [
              -123.45037499965264,
              48.09211100011189
            ],
            [
              -123.45033799984269,
              48.09210699980342
            ],
            [
              -123.45029000016211,
              48.09210600017624
            ],
            [
              -123.45022999988768,
              48.09210999988481
            ],
            [
              -123.45016899978832,
              48.092111999738975
            ],
            [
              -123.45011899955959,
              48.092114999820076
            ],
            [
              -123.45006599985615,
              48.09211600004706
            ],
            [
              -123.45000300010696,
              48.09211299996602
            ],
            [
              -123.4499439996574,
              48.09211400019305
            ],
            [
              -123.4498800000833,
              48.09212200020861
            ],
            [
              -123.4498249998317,
              48.09213099984961
            ],
            [
              -123.4497889998467,
              48.09213299970296
            ],
            [
              -123.44975399968662,
              48.09213599978283
            ],
            [
              -123.44971400040197,
              48.09213299970296
            ],
            [
              -123.44967500004388,
              48.09212400006232
            ],
            [
              -123.4496349998609,
              48.092108000030564
            ],
            [
              -123.44959700022609,
              48.09209000013893
            ],
            [
              -123.44956000041616,
              48.092074999724396
            ],
            [
              -123.44951900040829,
              48.09205999990552
            ],
            [
              -123.44945499993587,
              48.09203299974045
            ],
            [
              -123.44939499966141,
              48.09201499982257
            ],
            [
              -123.44925499991932,
              48.09198500014543
            ],
            [
              -123.44913100007076,
              48.09194999989994
            ],
            [
              -123.4490640001236,
              48.09191099990689
            ],
            [
              -123.44902499976554,
              48.091857000006215
            ],
            [
              -123.44900800004713,
              48.09182400013896
            ],
            [
              -123.44898899978054,
              48.091801000182606
            ],
            [
              -123.4489579998184,
              48.091768999913164
            ],
            [
              -123.4489169998105,
              48.09174599993221
            ],
            [
              -123.44887800035077,
              48.09172100007167
            ],
            [
              -123.44881499970327,
              48.09166699997148
            ],
            [
              -123.448788999764,
              48.09163099987313
            ],
            [
              -123.44873400041074,
              48.09156900017811
            ],
            [
              -123.44869400022773,
              48.091524000265515
            ],
            [
              -123.44866499991544,
              48.09148999994542
            ],
            [
              -123.44862899993043,
              48.09144100020344
            ],
            [
              -123.44860800001402,
              48.091386000168036
            ],
            [
              -123.44859399977032,
              48.09133199971601
            ],
            [
              -123.4485850004478,
              48.09129200021135
            ],
            [
              -123.44858299989967,
              48.091243000280706
            ],
            [
              -123.4485779998768,
              48.09118600014343
            ],
            [
              -123.44857200002902,
              48.09114799981682
            ],
            [
              -123.44854699991467,
              48.09108800003345
            ],
            [
              -123.4485290003713,
              48.09104500019564
            ],
            [
              -123.44850799955658,
              48.0909960000296
            ],
            [
              -123.44849000001324,
              48.09096099971101
            ],
            [
              -123.44838399970806,
              48.09096199996044
            ],
            [
              -123.44610900008134,
              48.09097299970291
            ],
            [
              -123.44618100005137,
              48.08962900000406
            ],
            [
              -123.44619500029508,
              48.089355000030395
            ],
            [
              -123.44619799976981,
              48.08931300022514
            ],
            [
              -123.44620399961758,
              48.08921599982947
            ],
            [
              -123.44620699999062,
              48.08915499990756
            ],
            [
              -123.44620799981553,
              48.089124000076936
            ],
            [
              -123.44624299997564,
              48.08849000017726
            ],
            [
              -123.44625100037155,
              48.08833500003308
            ],
            [
              -123.44625200019645,
              48.088321999724876
            ],
            [
              -123.44625999969408,
              48.08818099972532
            ],
            [
              -123.44629999987703,
              48.08742000013587
            ],
            [
              -123.44631800031871,
              48.0867899997549
            ],
            [
              -123.44633300038733,
              48.086213999940114
            ],
            [
              -123.44635299958048,
              48.085485000049424
            ],
            [
              -123.44637299967198,
              48.084761999848055
            ],
            [
              -123.44640600018228,
              48.083548999985155
            ],
            [
              -123.44589099962313,
              48.083546999798024
            ],
            [
              -123.44580899960737,
              48.08354800019166
            ],
            [
              -123.44371100043098,
              48.08353900024884
            ],
            [
              -123.44099599968987,
              48.083528000116594
            ],
            [
              -123.43991399959144,
              48.08352399974055
            ],
            [
              -123.4389949996996,
              48.08351900017028
            ],
            [
              -123.43804200037086,
              48.08351600018784
            ],
            [
              -123.43554900028596,
              48.08350500005062
            ],
            [
              -123.43555099993577,
              48.083548999985155
            ],
            [
              -123.43555099993577,
              48.08360400000042
            ],
            [
              -123.43555000011088,
              48.083869000122476
            ],
            [
              -123.43555000011088,
              48.084031999997244
            ],
            [
              -123.43556900037743,
              48.08457799984618
            ],
            [
              -123.4355669998293,
              48.08466400009858
            ],
            [
              -123.4355609999815,
              48.08492999992723
            ],
            [
              -123.43555500013372,
              48.08511099998072
            ],
            [
              -123.43553400021733,
              48.085431999758995
            ],
            [
              -123.43552300034666,
              48.08560599977179
            ],
            [
              -123.43550200043029,
              48.086073999906624
            ],
            [
              -123.43549800023233,
              48.086304999757516
            ],
            [
              -123.4355180003238,
              48.086719000237736
            ],
            [
              -123.43551300030093,
              48.086864999890565
            ],
            [
              -123.43550599972993,
              48.08693900018929
            ],
            [
              -123.43550099970706,
              48.08701099972903
            ],
            [
              -123.43549800023233,
              48.08715800007656
            ],
            [
              -123.43550699955485,
              48.087231999953715
            ],
            [
              -123.43553699969206,
              48.08729499979767
            ],
            [
              -123.4355819998979,
              48.08742499992706
            ],
            [
              -123.43500600013773,
              48.087420999854146
            ],
            [
              -123.43438000014885,
              48.08741499974413
            ],
            [
              -123.43426200014805,
              48.08741400002578
            ],
            [
              -123.43382399958183,
              48.08741199998891
            ],
            [
              -123.43381100006135,
              48.08773299980838
            ],
            [
              -123.43374999996199,
              48.08917900013139
            ],
            [
              -123.43346600027986,
              48.08917500019485
            ],
            [
              -123.43326999956295,
              48.08918100009954
            ],
            [
              -123.43244899958042,
              48.08917300022651
            ],
            [
              -123.4322440004393,
              48.08917100025805
            ],
            [
              -123.43193999976738,
              48.08916699972087
            ],
            [
              -123.43154399993225,
              48.08916299978339
            ],
            [
              -123.43090299987475,
              48.08916299978339
            ],
            [
              -123.43064599995681,
              48.08915400022303
            ],
            [
              -123.42904800037262,
              48.089139000152144
            ],
            [
              -123.42828799959109,
              48.089131999957594
            ],
            [
              -123.42585200030591,
              48.089124999762035
            ],
            [
              -123.42525700027916,
              48.08912299979175
            ],
            [
              -123.42526399995184,
              48.08968800001541
            ],
            [
              -123.42526499977676,
              48.08993699988723
            ],
            [
              -123.42526700032492,
              48.09015800013956
            ],
            [
              -123.42526800014981,
              48.090379000042226
            ],
            [
              -123.42526999979962,
              48.09060099985165
            ],
            [
              -123.42527099962454,
              48.09082099999851
            ],
            [
              -123.42518899960875,
              48.09082200025067
            ],
            [
              -123.42515099997394,
              48.09082200025067
            ],
            [
              -123.42515099997394,
              48.090903999861204
            ],
            [
              -123.42507099960801,
              48.09090300021069
            ],
            [
              -123.4250270001254,
              48.09090300021069
            ],
            [
              -123.42379900043707,
              48.09088299999537
            ],
            [
              -123.4232889999008,
              48.09087700028925
            ],
            [
              -123.42298099992922,
              48.09087200023365
            ],
            [
              -123.4225509997589,
              48.09086400002362
            ],
            [
              -123.42246000042063,
              48.09086200012092
            ],
            [
              -123.42238699972737,
              48.09086099986954
            ],
            [
              -123.42238300042773,
              48.092156000110805
            ],
            [
              -123.42238400025263,
              48.09255199996337
            ],
            [
              -123.42226700007677,
              48.0925550000188
            ],
            [
              -123.4222600004041,
              48.09300599996028
            ],
            [
              -123.42225700003104,
              48.093250000142255
            ],
            [
              -123.42219299955862,
              48.09444800009331
            ],
            [
              -123.42218199968798,
              48.094719000001376
            ],
            [
              -123.42217599984019,
              48.09488299986308
            ],
            [
              -123.42217300036546,
              48.094950000021946
            ],
            [
              -123.42215999994667,
              48.09510900010319
            ],
            [
              -123.4221540000989,
              48.095199000214286
            ],
            [
              -123.42199900028818,
              48.09519699988018
            ],
            [
              -123.42183500025664,
              48.09519599971313
            ],
            [
              -123.42167000040021,
              48.0951939999789
            ],
            [
              -123.42150600036867,
              48.09519299981178
            ],
            [
              -123.42134099961392,
              48.095191000077435
            ],
            [
              -123.42117599975747,
              48.09518999991026
            ],
            [
              -123.42101199972595,
              48.0951880001758
            ],
            [
              -123.42084699986951,
              48.095187000008565
            ],
            [
              -123.42068299983798,
              48.09518500027399
            ],
            [
              -123.42051799998154,
              48.0951829999394
            ],
            [
              -123.42035399995001,
              48.09518199977206
            ],
            [
              -123.42018900009357,
              48.09518000003729
            ],
            [
              -123.42002400023713,
              48.0951789998699
            ],
            [
              -123.4198600002056,
              48.09517700013501
            ],
            [
              -123.41967299970953,
              48.09517700013501
            ],
            [
              -123.41958499984598,
              48.09517499980005
            ],
            [
              -123.41952100027187,
              48.09517499980005
            ],
            [
              -123.41951700007392,
              48.09479299979887
            ],
            [
              -123.41952700011966,
              48.09442999982077
            ],
            [
              -123.4195360003405,
              48.094189999984955
            ],
            [
              -123.41954499966303,
              48.09396999985141
            ],
            [
              -123.41955399988385,
              48.09374899978135
            ],
            [
              -123.41956300010466,
              48.093529000160956
            ],
            [
              -123.4195720003255,
              48.09324100009709
            ],
            [
              -123.41957800017329,
              48.09303600024181
            ],
            [
              -123.41958999986888,
              48.092625000262395
            ],
            [
              -123.41959400006682,
              48.09251200020762
            ],
            [
              -123.41959700043988,
              48.092485000279915
            ],
            [
              -123.41954200018829,
              48.092452000215694
            ],
            [
              -123.41960400011256,
              48.09240300019032
            ],
            [
              -123.41952799994458,
              48.09234900020628
            ],
            [
              -123.41948600011179,
              48.092319000123936
            ],
            [
              -123.41944500010392,
              48.09229200009489
            ],
            [
              -123.41937099958575,
              48.09224299991707
            ],
            [
              -123.41919300020882,
              48.09212700014272
            ],
            [
              -123.41910899964492,
              48.09207299986879
            ],
            [
              -123.41892000039735,
              48.091948000039466
            ],
            [
              -123.41885500010002,
              48.091905999951784
            ],
            [
              -123.41866900032717,
              48.09178500005039
            ],
            [
              -123.41852700003696,
              48.09169600019903
            ],
            [
              -123.41839899999044,
              48.09160400008289
            ],
            [
              -123.41835799998255,
              48.09156999981568
            ],
            [
              -123.41829199986033,
              48.09151499991825
            ],
            [
              -123.41819300012611,
              48.09141600019462
            ],
            [
              -123.41817399985953,
              48.091396999819814
            ],
            [
              -123.41815299994316,
              48.09137300003105
            ],
            [
              -123.41803999996523,
              48.0912409997927
            ],
            [
              -123.41800300015534,
              48.09119699983799
            ],
            [
              -123.4179679999952,
              48.09112899994299
            ],
            [
              -123.41796499962217,
              48.09112000012664
            ],
            [
              -123.41789500020028,
              48.09087200023365
            ],
            [
              -123.41788900035252,
              48.0908489998515
            ],
            [
              -123.41788000013167,
              48.09079500003566
            ],
            [
              -123.41777999967424,
              48.09078999997205
            ],
            [
              -123.41731500024216,
              48.09078199974927
            ],
            [
              -123.41692400042989,
              48.090776000031404
            ],
            [
              -123.41623099959553,
              48.09076399999353
            ],
            [
              -123.41616799984637,
              48.09076399999353
            ],
            [
              -123.41612799966339,
              48.090755000113255
            ],
            [
              -123.4159870000964,
              48.0907629997402
            ],
            [
              -123.41588699963897,
              48.09076000018027
            ],
            [
              -123.41585800022494,
              48.09076000018027
            ],
            [
              -123.41582300006486,
              48.09076000018027
            ],
            [
              -123.41498899966348,
              48.09074499997781
            ],
            [
              -123.41456900043724,
              48.09073900025563
            ],
            [
              -123.41414500011471,
              48.090732999932705
            ],
            [
              -123.41414400028982,
              48.0907500000458
            ],
            [
              -123.41411199960444,
              48.09123099975177
            ],
            [
              -123.41409599971092,
              48.09146399972078
            ],
            [
              -123.41408999986312,
              48.09150300005283
            ],
            [
              -123.41408300019044,
              48.09156299995203
            ],
            [
              -123.41407800016755,
              48.091648000289396
            ],
            [
              -123.41407800016755,
              48.091729000148376
            ],
            [
              -123.41407099959658,
              48.09182999973455
            ],
            [
              -123.41406700029691,
              48.0919029998585
            ],
            [
              -123.41406399992387,
              48.09193699990553
            ],
            [
              -123.41402700011395,
              48.09247999978061
            ],
            [
              -123.41402100026617,
              48.09258300012765
            ],
            [
              -123.41394799957291,
              48.093671000094545
            ],
            [
              -123.41300000026705,
              48.09365499994418
            ],
            [
              -123.41268800009753,
              48.0936489999615
            ],
            [
              -123.41251300019533,
              48.09364599996991
            ],
            [
              -123.4125030001496,
              48.09380199990105
            ],
            [
              -123.4124889999059,
              48.09401300024334
            ],
            [
              -123.41247999968506,
              48.09415099989087
            ],
            [
              -123.41247100036254,
              48.09429700004518
            ],
            [
              -123.41246299996662,
              48.09438200006322
            ],
            [
              -123.41109200016315,
              48.09436900008368
            ],
            [
              -123.41102699986583,
              48.09436900008368
            ],
            [
              -123.41102500021601,
              48.094452999801234
            ],
            [
              -123.4110240003911,
              48.09454599979984
            ],
            [
              -123.41101900036823,
              48.09481500004244
            ],
            [
              -123.41101500017025,
              48.095063000118905
            ],
            [
              -123.41099599990366,
              48.096126999839306
            ],
            [
              -123.41099400025388,
              48.09631399975776
            ],
            [
              -123.41073700033591,
              48.09630999977627
            ],
            [
              -123.41026100013485,
              48.09630199981228
            ],
            [
              -123.41026000030993,
              48.09632299986503
            ],
            [
              -123.41025899958669,
              48.096372999898925
            ],
            [
              -123.41025899958669,
              48.09639299977886
            ],
            [
              -123.41025199991401,
              48.09670099994742
            ],
            [
              -123.41025199991401,
              48.096712000262144
            ],
            [
              -123.41020599988326,
              48.09671500007486
            ],
            [
              -123.41013399991326,
              48.096713999937336
            ],
            [
              -123.40992499967588,
              48.09671100012456
            ],
            [
              -123.40992499967588,
              48.09673099987302
            ],
            [
              -123.40992499967588,
              48.096741000044304
            ],
            [
              -123.40992300002605,
              48.096836999909925
            ],
            [
              -123.4099189998281,
              48.09705100019005
            ],
            [
              -123.40991800000317,
              48.097060000168305
            ],
            [
              -123.40991600035338,
              48.09713300006699
            ],
            [
              -123.40989399971372,
              48.09712800001969
            ],
            [
              -123.4096450001917,
              48.097060000168305
            ],
            [
              -123.40960300035891,
              48.097047999797
            ],
            [
              -123.40956200035103,
              48.0970370001541
            ],
            [
              -123.40944000015229,
              48.09700400001142
            ],
            [
              -123.40940699964203,
              48.096995000023355
            ],
            [
              -123.40932399980133,
              48.096973000112634
            ],
            [
              -123.40929700003714,
              48.096965000251814
            ],
            [
              -123.40928100014362,
              48.096960999720984
            ],
            [
              -123.4092510000064,
              48.0969529998583
            ],
            [
              -123.40916399996775,
              48.09692900026286
            ],
            [
              -123.4091100004394,
              48.09691400006001
            ],
            [
              -123.40909600019572,
              48.096911000258906
            ],
            [
              -123.40894200020993,
              48.09686900002524
            ],
            [
              -123.40878200037635,
              48.096825000086504
            ],
            [
              -123.40862800039055,
              48.096782999782576
            ],
            [
              -123.40861400014686,
              48.09677899983756
            ],
            [
              -123.40847199985664,
              48.096741000044304
            ],
            [
              -123.40842900019892,
              48.096729000198486
            ],
            [
              -123.40833499958929,
              48.09670399976079
            ],
            [
              -123.4081379999458,
              48.096650000093724
            ],
            [
              -123.40815899986217,
              48.09619700001994
            ],
            [
              -123.40815800003728,
              48.09615899979659
            ],
            [
              -123.40817499975573,
              48.09581800027704
            ],
            [
              -123.40818099960349,
              48.09568300017663
            ],
            [
              -123.40820999991583,
              48.095052000051375
            ],
            [
              -123.4082159997636,
              48.09490600024091
            ],
            [
              -123.40823500003017,
              48.09451100009749
            ],
            [
              -123.40823699967999,
              48.094433999948535
            ],
            [
              -123.40824099987796,
              48.094347000249286
            ],
            [
              -123.40802999999076,
              48.09434499988203
            ],
            [
              -123.40768100001132,
              48.09433199989315
            ],
            [
              -123.40707299956576,
              48.09432700017345
            ],
            [
              -123.40608699972675,
              48.09431799971684
            ],
            [
              -123.40290400007883,
              48.094304999721075
            ],
            [
              -123.40250499987069,
              48.09430400013667
            ],
            [
              -123.4024229998549,
              48.094301000183286
            ],
            [
              -123.40167300001747,
              48.094299999998796
            ],
            [
              -123.40151900003168,
              48.09429700004518
            ],
            [
              -123.40081400040008,
              48.09428699999848
            ],
            [
              -123.39988200008943,
              48.094260999988094
            ],
            [
              -123.3993039997811,
              48.094265000129
            ],
            [
              -123.39930100030637,
              48.09435300015051
            ],
            [
              -123.3992960002835,
              48.094864000169316
            ],
            [
              -123.39929299991044,
              48.09515699978208
            ],
            [
              -123.39868100016527,
              48.095148000070694
            ],
            [
              -123.39862000006589,
              48.095148000070694
            ],
            [
              -123.39861500004302,
              48.0953150002584
            ],
            [
              -123.3986140002181,
              48.09539299985128
            ],
            [
              -123.39859800032461,
              48.095930000113505
            ],
            [
              -123.39859400012664,
              48.09603700015263
            ],
            [
              -123.3985919995785,
              48.09605300016177
            ],
            [
              -123.39727299965357,
              48.09603600000191
            ],
            [
              -123.39595499955354,
              48.096018000285305
            ],
            [
              -123.39575700008514,
              48.09601499983194
            ],
            [
              -123.39542499982412,
              48.09601000027593
            ],
            [
              -123.39490799961516,
              48.096003999968076
            ],
            [
              -123.39463700035182,
              48.09600100011387
            ],
            [
              -123.39460100036682,
              48.09679000013559
            ],
            [
              -123.39459499962074,
              48.096911000258906
            ],
            [
              -123.39458100027534,
              48.096911000258906
            ],
            [
              -123.39430599991572,
              48.09690699972388
            ],
            [
              -123.39314500017453,
              48.0968930002487
            ],
            [
              -123.39255299962254,
              48.0968859999097
            ],
            [
              -123.39195099992307,
              48.09687599976662
            ],
            [
              -123.39194000005241,
              48.097069000144984
            ],
            [
              -123.39186499970936,
              48.09840799985232
            ],
            [
              -123.39184899981582,
              48.098707000260276
            ],
            [
              -123.39180799980795,
              48.09945699988214
            ],
            [
              -123.39180299978506,
              48.099539000121176
            ],
            [
              -123.39179899958711,
              48.099621000229426
            ],
            [
              -123.39179399956424,
              48.0997180001959
            ],
            [
              -123.39175199973145,
              48.10047199972472
            ],
            [
              -123.39174900025671,
              48.10053500014669
            ],
            [
              -123.39174099986079,
              48.10067499980813
            ],
            [
              -123.3917400000359,
              48.100695999874404
            ],
            [
              -123.39171599974644,
              48.101109000234956
            ],
            [
              -123.39169700037819,
              48.101449000011314
            ],
            [
              -123.39166600041602,
              48.10215000008884
            ],
            [
              -123.3916289997078,
              48.10302700010153
            ],
            [
              -123.39160399959344,
              48.10358099988351
            ],
            [
              -123.39160000029378,
              48.103675000170085
            ],
            [
              -123.39159199989788,
              48.1038630002275
            ],
            [
              -123.39155799956266,
              48.104629999935334
            ],
            [
              -123.39154000001935,
              48.105044999833524
            ],
            [
              -123.39152599977564,
              48.105364000020124
            ],
            [
              -123.39182399970147,
              48.10539800016394
            ],
            [
              -123.39203799996173,
              48.10542200000492
            ],
            [
              -123.39268099966904,
              48.10549500002725
            ],
            [
              -123.39289599975422,
              48.10551999978918
            ],
            [
              -123.39315799969502,
              48.1055539998298
            ],
            [
              -123.39394600006561,
              48.10565899970747
            ],
            [
              -123.39420899983133,
              48.105695000181754
            ],
            [
              -123.39483599964515,
              48.10577800002935
            ],
            [
              -123.39531500021926,
              48.10584199990708
            ],
            [
              -123.39653500040998,
              48.105998000024904
            ],
            [
              -123.39672000035792,
              48.106023000142045
            ],
            [
              -123.3969300004202,
              48.106051000114846
            ],
            [
              -123.39691000032872,
              48.10667899978169
            ],
            [
              -123.39688500021435,
              48.10746599982845
            ],
            [
              -123.39687799964335,
              48.10776499973821
            ],
            [
              -123.39687699981845,
              48.10779000019555
            ],
            [
              -123.39752200007389,
              48.107793999883704
            ],
            [
              -123.39858200043105,
              48.107798000171385
            ],
            [
              -123.39888200000674,
              48.10780000001516
            ],
            [
              -123.39912700022911,
              48.10780099993702
            ],
            [
              -123.40063799977464,
              48.10780799998943
            ],
            [
              -123.40087999962398,
              48.107808999911136
            ],
            [
              -123.40151599965863,
              48.107813000197645
            ],
            [
              -123.40174699963731,
              48.107815000040894
            ],
            [
              -123.40197299959311,
              48.107815999962455
            ],
            [
              -123.4023369996412,
              48.10781899972709
            ],
            [
              -123.4023369996412,
              48.10787600002028
            ],
            [
              -123.40233499999138,
              48.10789899998394
            ],
            [
              -123.40232800031866,
              48.10828799976539
            ],
            [
              -123.40232699959546,
              48.108393999966324
            ],
            [
              -123.40232199957259,
              48.108598999768674
            ],
            [
              -123.40231800027293,
              48.10882700010107
            ],
            [
              -123.40231900009785,
              48.108886000277536
            ],
            [
              -123.40230700040227,
              48.10948999976382
            ],
            [
              -123.40230400002925,
              48.109642999947795
            ],
            [
              -123.4022670002193,
              48.10974699998528
            ],
            [
              -123.40225299997559,
              48.10978700012824
            ],
            [
              -123.40222399966329,
              48.10985599982175
            ],
            [
              -123.40201899962388,
              48.11033099970097
            ],
            [
              -123.40199699988257,
              48.11042100015562
            ],
            [
              -123.40191400004187,
              48.11074899994554
            ],
            [
              -123.40191099966881,
              48.11075799992491
            ],
            [
              -123.40190700036919,
              48.110769000230746
            ],
            [
              -123.40188599955448,
              48.110827999977126
            ],
            [
              -123.40187499968384,
              48.11085899991835
            ],
            [
              -123.40184100024695,
              48.11095499981126
            ],
            [
              -123.40170599962944,
              48.111339999841654
            ],
            [
              -123.40169599958368,
              48.111367000064256
            ],
            [
              -123.40168600043626,
              48.111395000124645
            ],
            [
              -123.40160699989522,
              48.1116190000584
            ],
            [
              -123.40159100000169,
              48.1116660000705
            ],
            [
              -123.40155099981871,
              48.111779000013065
            ],
            [
              -123.40153099972724,
              48.111833999826196
            ],
            [
              -123.4014350003661,
              48.11210700013208
            ],
            [
              -123.40131399999225,
              48.112449999829245
            ],
            [
              -123.40129999974856,
              48.112491000098004
            ],
            [
              -123.40118799959556,
              48.11280800000373
            ],
            [
              -123.40116599985427,
              48.11287200012394
            ],
            [
              -123.40115699963343,
              48.1128899999372
            ],
            [
              -123.4009089999363,
              48.11360099981351
            ],
            [
              -123.40079400030858,
              48.113923000282234
            ],
            [
              -123.40048100031413,
              48.114813999732746
            ],
            [
              -123.40038900025263,
              48.11507700019887
            ],
            [
              -123.4000910003268,
              48.11591400020704
            ],
            [
              -123.39959400020933,
              48.11729799980182
            ],
            [
              -123.39854100042318,
              48.12022900016831
            ],
            [
              -123.39879400014317,
              48.1222210000376
            ],
            [
              -123.39899099978669,
              48.12376300002066
            ],
            [
              -123.39912700022911,
              48.12482999991209
            ],
            [
              -123.40010100037256,
              48.132470999879025
            ],
            [
              -123.4002250002211,
              48.1334350001047
            ],
            [
              -123.40046899972026,
              48.13536100024943
            ],
            [
              -123.40098400027938,
              48.13940800028548
            ],
            [
              -123.40095499996707,
              48.13944599970563
            ],
            [
              -123.40082100007277,
              48.13973999985326
            ],
            [
              -123.40083399959325,
              48.13992299976787
            ],
            [
              -123.4008670001035,
              48.13996600008224
            ],
            [
              -123.40095300031724,
              48.14007900012338
            ],
            [
              -123.40107100031803,
              48.14020000024178
            ],
            [
              -123.40121100006012,
              48.140277000168616
            ],
            [
              -123.40142500032034,
              48.14039500015939
            ],
            [
              -123.40187600040706,
              48.14053899987208
            ],
            [
              -123.40214699967039,
              48.14059999996576
            ],
            [
              -123.40241000033444,
              48.140659000223266
            ],
            [
              -123.40315199977596,
              48.140811000025664
            ],
            [
              -123.40350400012849,
              48.140953000018115
            ],
            [
              -123.40370099977196,
              48.14108399981057
            ],
            [
              -123.40380999955191,
              48.14115499977798
            ],
            [
              -123.40391699968204,
              48.14121300012601
            ],
            [
              -123.40400799991863,
              48.141261999779836
            ],
            [
              -123.40475699993117,
              48.14134399985441
            ],
            [
              -123.40578700015111,
              48.141442000064124
            ],
            [
              -123.40683599973929,
              48.14150300028365
            ],
            [
              -123.4071119999238,
              48.141544000144854
            ],
            [
              -123.4073920003063,
              48.14155300012458
            ],
            [
              -123.40778200029364,
              48.141570000215275
            ],
            [
              -123.40817300010588,
              48.14160900029623
            ],
            [
              -123.4085759996137,
              48.14161400021225
            ],
            [
              -123.40931299993068,
              48.14165999989629
            ],
            [
              -123.41031999968607,
              48.14175899996262
            ],
            [
              -123.41114099966863,
              48.14179399986166
            ],
            [
              -123.4114699995566,
              48.14180800029417
            ],
            [
              -123.4119900001386,
              48.14181099987254
            ],
            [
              -123.41255300037834,
              48.14183599994879
            ],
            [
              -123.41298000017558,
              48.14185200008714
            ],
            [
              -123.41301500033566,
              48.14185299994576
            ],
            [
              -123.41306100036643,
              48.14185299994576
            ],
            [
              -123.4134189996684,
              48.14185399980437
            ],
            [
              -123.41391599978586,
              48.14185600012095
            ],
            [
              -123.41423600035132,
              48.141839000124975
            ],
            [
              -123.41435900037496,
              48.14183400023087
            ],
            [
              -123.41487800023374,
              48.14180900015364
            ],
            [
              -123.41529400016034,
              48.1418029997976
            ],
            [
              -123.4155800003906,
              48.14181599976889
            ],
            [
              -123.41582399988975,
              48.14182299998261
            ],
            [
              -123.41591400030144,
              48.14182600015951
            ],
            [
              -123.41609300040159,
              48.14182600015951
            ],
            [
              -123.41673299973587,
              48.14182700001864
            ],
            [
              -123.41708199971535,
              48.14185500026239
            ],
            [
              -123.41745800035727,
              48.141885000206834
            ],
            [
              -123.41857499971753,
              48.14192899993381
            ],
            [
              -123.41954200018829,
              48.141950999783184
            ],
            [
              -123.42068100018817,
              48.141979999815405
            ],
            [
              -123.42190700022667,
              48.14201199999731
            ],
            [
              -123.42257699969817,
              48.14205200019665
            ],
            [
              -123.42285899973051,
              48.142069000122085
            ],
            [
              -123.42354499999382,
              48.1420829998801
            ],
            [
              -123.424421000228,
              48.142053000051376
            ],
            [
              -123.42494299956148,
              48.14203900028513
            ],
            [
              -123.42538000030282,
              48.141991999885974
            ],
            [
              -123.42543300000625,
              48.14199400019714
            ],
            [
              -123.4254799998619,
              48.141992999741866
            ],
            [
              -123.42552699971759,
              48.141991999885974
            ],
            [
              -123.42558199996918,
              48.14198899971873
            ],
            [
              -123.42570800036584,
              48.141978000103094
            ],
            [
              -123.42583700023731,
              48.141978000103094
            ],
            [
              -123.42590099981139,
              48.141982000127086
            ],
            [
              -123.42596500028381,
              48.14198600015076
            ],
            [
              -123.42602899985792,
              48.141987999862764
            ],
            [
              -123.4260430001016,
              48.141987999862764
            ],
            [
              -123.42633299963153,
              48.142003000098015
            ],
            [
              -123.42646700042417,
              48.14200600026444
            ],
            [
              -123.42650300040917,
              48.14200700012006
            ],
            [
              -123.42657000035632,
              48.14200700012006
            ],
            [
              -123.42658799989965,
              48.14200799997566
            ],
            [
              -123.42660600034134,
              48.14200899983124
            ],
            [
              -123.42662399988467,
              48.14200799997566
            ],
            [
              -123.42684499981759,
              48.142017999729475
            ],
            [
              -123.42698799993275,
              48.14201900018431
            ],
            [
              -123.42704099963618,
              48.142020999895024
            ],
            [
              -123.42718999959911,
              48.14203600012063
            ],
            [
              -123.42721600043669,
              48.142037999830684
            ],
            [
              -123.42724300020087,
              48.14204000014011
            ],
            [
              -123.42727499998793,
              48.14204199985
            ],
            [
              -123.42740200020953,
              48.142050999742466
            ],
            [
              -123.42747900020242,
              48.1420619999419
            ],
            [
              -123.42755600019532,
              48.142069999976485
            ],
            [
              -123.4276330001882,
              48.14207599970188
            ],
            [
              -123.42771100000598,
              48.142081000171814
            ],
            [
              -123.42775299983879,
              48.1420829998801
            ],
            [
              -123.4278220003341,
              48.14209099991142
            ],
            [
              -123.42789099993105,
              48.14209999979528
            ],
            [
              -123.4279079996495,
              48.142102000102284
            ],
            [
              -123.4280209996274,
              48.14210699997029
            ],
            [
              -123.42811000021418,
              48.142111999837795
            ],
            [
              -123.4281470000241,
              48.14211400014429
            ],
            [
              -123.42818300000913,
              48.14211400014429
            ],
            [
              -123.42821999981904,
              48.14211400014429
            ],
            [
              -123.428260000002,
              48.14211300029074
            ],
            [
              -123.42837800000278,
              48.14211900001112
            ],
            [
              -123.42839499972122,
              48.14211999986454
            ],
            [
              -123.42841200033796,
              48.14211999986454
            ],
            [
              -123.42853199998855,
              48.14212099971794
            ],
            [
              -123.42865800038527,
              48.14212300002413
            ],
            [
              -123.42871699993648,
              48.14211699970482
            ],
            [
              -123.42881300019597,
              48.1421149999978
            ],
            [
              -123.4289079997322,
              48.142111999837795
            ],
            [
              -123.42900300016677,
              48.14210600011661
            ],
            [
              -123.42903900015177,
              48.14210299995603
            ],
            [
              -123.42919099958944,
              48.142098000087636
            ],
            [
              -123.42925300041202,
              48.14209599978049
            ],
            [
              -123.42950199993405,
              48.1420749998476
            ],
            [
              -123.42969799975263,
              48.14206299979643
            ],
            [
              -123.42971299982125,
              48.1420619999419
            ],
            [
              -123.43007000019664,
              48.1420619999419
            ],
            [
              -123.43015399986223,
              48.1420619999419
            ],
            [
              -123.43017200030388,
              48.1420619999419
            ],
            [
              -123.43018900002231,
              48.1420619999419
            ],
            [
              -123.43022300035751,
              48.14206100008735
            ],
            [
              -123.43024000007594,
              48.14206100008735
            ],
            [
              -123.43025699979437,
              48.1420619999419
            ],
            [
              -123.43029000030465,
              48.14206299979643
            ],
            [
              -123.43031500041903,
              48.14206500010488
            ],
            [
              -123.43059400007827,
              48.1420739999933
            ],
            [
              -123.43085400036925,
              48.142069000122085
            ],
            [
              -123.4309070000727,
              48.14206699981381
            ],
            [
              -123.43095999977615,
              48.14206800026767
            ],
            [
              -123.4310119996547,
              48.142069000122085
            ],
            [
              -123.43103900031718,
              48.142069999976485
            ],
            [
              -123.43106400043155,
              48.14207200028461
            ],
            [
              -123.43130999958055,
              48.14208500018778
            ],
            [
              -123.4313430000908,
              48.14208600004186
            ],
            [
              -123.43135899998434,
              48.14208600004186
            ],
            [
              -123.43137599970275,
              48.14208600004186
            ],
            [
              -123.43140800038813,
              48.14208500018778
            ],
            [
              -123.431449000396,
              48.1420829998801
            ],
            [
              -123.4315199996428,
              48.14208600004186
            ],
            [
              -123.43158599976503,
              48.14209099991142
            ],
            [
              -123.43161300042753,
              48.142093000218765
            ],
            [
              -123.43167600017672,
              48.14210399980976
            ],
            [
              -123.43169899974293,
              48.14210799982394
            ],
            [
              -123.4317220002075,
              48.142111999837795
            ],
            [
              -123.43174499977371,
              48.14211699970482
            ],
            [
              -123.43178499995668,
              48.142122000170765
            ],
            [
              -123.4318279996144,
              48.14212099971794
            ],
            [
              -123.43184600005605,
              48.14211999986454
            ],
            [
              -123.431886000239,
              48.14212499973078
            ],
            [
              -123.43190499960727,
              48.142127000036815
            ],
            [
              -123.43193499974448,
              48.14212799989008
            ],
            [
              -123.43196099968378,
              48.14212799989008
            ],
            [
              -123.43204400042278,
              48.142131999902375
            ],
            [
              -123.43214099960882,
              48.14213900007302
            ],
            [
              -123.43230200016562,
              48.14213299975554
            ],
            [
              -123.43236200044007,
              48.14213000019598
            ],
            [
              -123.43251600042586,
              48.14213400020814
            ],
            [
              -123.4326240003809,
              48.142142000231495
            ],
            [
              -123.43275400007722,
              48.14214399993742
            ],
            [
              -123.43282600004726,
              48.1421470000956
            ],
            [
              -123.43287999957563,
              48.14214799994847
            ],
            [
              -123.43293499982721,
              48.1421500002536
            ],
            [
              -123.43298800042898,
              48.14215299981199
            ],
            [
              -123.43303799975935,
              48.14215500011689
            ],
            [
              -123.43308899981301,
              48.14215500011689
            ],
            [
              -123.43313900004173,
              48.14215500011689
            ],
            [
              -123.43318900027042,
              48.14215299981199
            ],
            [
              -123.43323899960082,
              48.1421500002536
            ],
            [
              -123.43329200020258,
              48.142146000242704
            ],
            [
              -123.43343600014262,
              48.14212300002413
            ],
            [
              -123.4335609998161,
              48.14211300029074
            ],
            [
              -123.43359000012842,
              48.14211400014429
            ],
            [
              -123.43360500019702,
              48.14211400014429
            ],
            [
              -123.43361900044074,
              48.14211400014429
            ],
            [
              -123.43364899967966,
              48.14211400014429
            ],
            [
              -123.43366299992334,
              48.14211400014429
            ],
            [
              -123.43367799999196,
              48.14211300029074
            ],
            [
              -123.43371200032716,
              48.142110999984226
            ],
            [
              -123.43384700004636,
              48.14210600011661
            ],
            [
              -123.4339750000929,
              48.14209899994147
            ],
            [
              -123.43402199994856,
              48.14209599978049
            ],
            [
              -123.43408700024588,
              48.14209199976538
            ],
            [
              -123.43415099981999,
              48.14208900020343
            ],
            [
              -123.43421500029241,
              48.14208799974996
            ],
            [
              -123.43424100023168,
              48.14208799974996
            ],
            [
              -123.4344119999359,
              48.142094000072696
            ],
            [
              -123.43449399995167,
              48.14209000005743
            ],
            [
              -123.43457699979233,
              48.1420829998801
            ],
            [
              -123.43466999967876,
              48.142073000138936
            ],
            [
              -123.43474300037201,
              48.14206599995935
            ],
            [
              -123.43480100009832,
              48.1420619999419
            ],
            [
              -123.43486499967243,
              48.14205499976076
            ],
            [
              -123.43492999996975,
              48.142049999887696
            ],
            [
              -123.43499400044216,
              48.14204599986901
            ],
            [
              -123.43506899988692,
              48.14204400015926
            ],
            [
              -123.43517799966688,
              48.14203900028513
            ],
            [
              -123.4352289997205,
              48.14203500026559
            ],
            [
              -123.43527999977412,
              48.1420320001009
            ],
            [
              -123.43529800021578,
              48.14203100024572
            ],
            [
              -123.4353149999342,
              48.14203100024572
            ],
            [
              -123.43539799977489,
              48.142032999956015
            ],
            [
              -123.43548099961558,
              48.1420320001009
            ],
            [
              -123.43556400035456,
              48.14202999979116
            ],
            [
              -123.43563700014948,
              48.14202700022559
            ],
            [
              -123.4358489998616,
              48.142015000163205
            ],
            [
              -123.43586499975514,
              48.14201399970829
            ],
            [
              -123.43587999982374,
              48.14201299985281
            ],
            [
              -123.43601799991602,
              48.14200399995369
            ],
            [
              -123.43607900001538,
              48.14200600026444
            ],
            [
              -123.43614000011473,
              48.14200600026444
            ],
            [
              -123.4362070000619,
              48.14200499980935
            ],
            [
              -123.43632699971249,
              48.142003000098015
            ],
            [
              -123.43644600043649,
              48.14199900007566
            ],
            [
              -123.43654799964543,
              48.141995000052994
            ],
            [
              -123.43664999975267,
              48.141991999885974
            ],
            [
              -123.43682100035521,
              48.141987999862764
            ],
            [
              -123.43712599995375,
              48.14197400007879
            ],
            [
              -123.437300000031,
              48.14196799974203
            ],
            [
              -123.43737000035122,
              48.14196600002925
            ],
            [
              -123.43746499988744,
              48.14196100014752
            ],
            [
              -123.43755899959879,
              48.1419539999526
            ],
            [
              -123.4376570004064,
              48.14194500004318
            ],
            [
              -123.43772799965319,
              48.14194500004318
            ],
            [
              -123.4377920001256,
              48.14194299973006
            ],
            [
              -123.4378559996997,
              48.14193899970303
            ],
            [
              -123.43789199968471,
              48.14193899970303
            ],
            [
              -123.43797799989842,
              48.14193500027513
            ],
            [
              -123.43804200037086,
              48.14192599976289
            ],
            [
              -123.43811000014291,
              48.141920000019965
            ],
            [
              -123.43828099984715,
              48.14190300004523
            ],
            [
              -123.43840100039606,
              48.14189099995385
            ],
            [
              -123.43856700007738,
              48.141885000206834
            ],
            [
              -123.43863900004742,
              48.14187399996947
            ],
            [
              -123.43868000005531,
              48.14186699976273
            ],
            [
              -123.43872199988812,
              48.14186100001291
            ],
            [
              -123.4387639997209,
              48.14185500026239
            ],
            [
              -123.4388059995537,
              48.1418510002285
            ],
            [
              -123.43892199990465,
              48.14183599994879
            ],
            [
              -123.43895899971457,
              48.14183199991342
            ],
            [
              -123.43908500011126,
              48.14181700022765
            ],
            [
              -123.4391369999898,
              48.1418130001908
            ],
            [
              -123.43936200012071,
              48.14179899975966
            ],
            [
              -123.43937899983915,
              48.14179700004029
            ],
            [
              -123.43939499973266,
              48.141794999721405
            ],
            [
              -123.43947000007574,
              48.14178700024341
            ],
            [
              -123.43954600024372,
              48.141780000024774
            ],
            [
              -123.43960599961986,
              48.14177000022463
            ],
            [
              -123.4398049998115,
              48.14174599997689
            ],
            [
              -123.43985699969001,
              48.141738999752704
            ],
            [
              -123.4401579999889,
              48.14169700018561
            ],
            [
              -123.44019899999677,
              48.14169499986283
            ],
            [
              -123.4402349999818,
              48.14169200027767
            ],
            [
              -123.44025800044635,
              48.1416890000929
            ],
            [
              -123.44028600003543,
              48.14168500004613
            ],
            [
              -123.44034700013478,
              48.1416760000895
            ],
            [
              -123.44040200038638,
              48.14166999971791
            ],
            [
              -123.44045799956456,
              48.14166499980734
            ],
            [
              -123.44051500036429,
              48.14166099975865
            ],
            [
              -123.4405300004329,
              48.14165900003391
            ],
            [
              -123.44054600032642,
              48.1416580001715
            ],
            [
              -123.4406209997712,
              48.14165099993528
            ],
            [
              -123.44069600011426,
              48.141641999972734
            ],
            [
              -123.44076999973407,
              48.141631000282736
            ],
            [
              -123.44086000014579,
              48.1416280000944
            ],
            [
              -123.44100400008583,
              48.14161100002291
            ],
            [
              -123.4411639999194,
              48.14158800016411
            ],
            [
              -123.44121800034608,
              48.14158300024557
            ],
            [
              -123.44130500038472,
              48.14157400027105
            ],
            [
              -123.44139099970012,
              48.141562999967036
            ],
            [
              -123.44147699991383,
              48.141549999931726
            ],
            [
              -123.44156200030265,
              48.14153500016351
            ],
            [
              -123.4416419997703,
              48.14152600018057
            ],
            [
              -123.4416569998389,
              48.14152399985113
            ],
            [
              -123.44167299973243,
              48.14152200012105
            ],
            [
              -123.44172999963384,
              48.141514999866274
            ],
            [
              -123.44178599971033,
              48.1415069997452
            ],
            [
              -123.44184199978682,
              48.14149699989188
            ],
            [
              -123.44191999960464,
              48.141486000170815
            ],
            [
              -123.44195099956677,
              48.14148200010817
            ],
            [
              -123.4419659996354,
              48.14147999977701
            ],
            [
              -123.44198200042722,
              48.14147899991112
            ],
            [
              -123.44199800032074,
              48.141478000045225
            ],
            [
              -123.44201400021427,
              48.14147700017929
            ],
            [
              -123.4421640000021,
              48.14145699985947
            ],
            [
              -123.44220300036015,
              48.14145000019528
            ],
            [
              -123.44231100031519,
              48.14142899999812
            ],
            [
              -123.44255900001231,
              48.1413899997804
            ],
            [
              -123.4426069996929,
              48.14138700017743
            ],
            [
              -123.44273800011246,
              48.141382000239304
            ],
            [
              -123.44275200035617,
              48.14138099977206
            ],
            [
              -123.44276599970154,
              48.141379999904245
            ],
            [
              -123.44280900025757,
              48.14137400009751
            ],
            [
              -123.44285199991528,
              48.141366999822544
            ],
            [
              -123.44289899977095,
              48.14135799981017
            ],
            [
              -123.44299199965734,
              48.14133800004347
            ],
            [
              -123.44308999956664,
              48.141320999875944
            ],
            [
              -123.44310899983321,
              48.14131900013796
            ],
            [
              -123.4431289999247,
              48.141315999931386
            ],
            [
              -123.443158000237,
              48.1413119998555
            ],
            [
              -123.44317400013057,
              48.141310999986345
            ],
            [
              -123.443190999849,
              48.14130900024797
            ],
            [
              -123.44322299963605,
              48.14130399970284
            ],
            [
              -123.44323900042787,
              48.14130100009479
            ],
            [
              -123.44325399959817,
              48.14129899975663
            ],
            [
              -123.44328600028355,
              48.14129200007089
            ],
            [
              -123.44330200017707,
              48.14128899986274
            ],
            [
              -123.44331700024568,
              48.141286000253864
            ],
            [
              -123.4433619995532,
              48.1412789999669
            ],
            [
              -123.44347600025435,
              48.1412630002494
            ],
            [
              -123.44353399998064,
              48.14125100000842
            ],
            [
              -123.44372499977636,
              48.14122300003471
            ],
            [
              -123.4437769996549,
              48.141212000254924
            ],
            [
              -123.44384600015019,
              48.14120000000201
            ],
            [
              -123.44391599957207,
              48.141189000217345
            ],
            [
              -123.44399500011312,
              48.14117899970259
            ],
            [
              -123.44401799967933,
              48.141175000215476
            ],
            [
              -123.4440439996186,
              48.14116799991338
            ],
            [
              -123.44413700040334,
              48.141157000121815
            ],
            [
              -123.44417599986309,
              48.141152000161284
            ],
            [
              -123.44423000028975,
              48.141144999856046
            ],
            [
              -123.44425799987883,
              48.14114300011121
            ],
            [
              -123.44428700019115,
              48.14113999989439
            ],
            [
              -123.44432999984886,
              48.141134999932206
            ],
            [
              -123.44434400009257,
              48.141133000186976
            ],
            [
              -123.44437199968165,
              48.141129000096825
            ],
            [
              -123.44440099999397,
              48.14112400013357
            ],
            [
              -123.44441500023768,
              48.1411209999156
            ],
            [
              -123.44442799975816,
              48.14111800029691
            ],
            [
              -123.44445399969742,
              48.14111199986009
            ],
            [
              -123.44446899976606,
              48.14110799976831
            ],
            [
              -123.4445430002842,
              48.141093999744335
            ],
            [
              -123.44456900022345,
              48.14108799990417
            ],
            [
              -123.44458299956885,
              48.14108500028355
            ],
            [
              -123.44459599998764,
              48.14108200006331
            ],
            [
              -123.44462199992691,
              48.14107700009551
            ],
            [
              -123.44464899969107,
              48.14107300000099
            ],
            [
              -123.44468999969897,
              48.14106800003229
            ],
            [
              -123.44470399994267,
              48.14106600028444
            ],
            [
              -123.44473499990481,
              48.141063999937074
            ],
            [
              -123.44476400021713,
              48.141059999841545
            ],
            [
              -123.44479099998132,
              48.14105599974571
            ],
            [
              -123.44481699992058,
              48.14105200024902
            ],
            [
              -123.44484299985984,
              48.14104700027826
            ],
            [
              -123.44487299999709,
              48.141039000084255
            ],
            [
              -123.44489700028653,
              48.141031999763605
            ],
            [
              -123.44491300018007,
              48.14102900013972
            ],
            [
              -123.44493999994422,
              48.14102800026505
            ],
            [
              -123.44497699975415,
              48.14102199981776
            ],
            [
              -123.44502600015797,
              48.14101299974489
            ],
            [
              -123.4450720001887,
              48.141005000145036
            ],
            [
              -123.44511800021947,
              48.14099799981976
            ],
            [
              -123.44517500012087,
              48.140993999719086
            ],
            [
              -123.44518900036458,
              48.140993999719086
            ],
            [
              -123.44520699990792,
              48.140993999719086
            ],
            [
              -123.4452279998243,
              48.140993999719086
            ],
            [
              -123.44524399971785,
              48.14099299984374
            ],
            [
              -123.44528200025098,
              48.14098600011628
            ],
            [
              -123.44535000002304,
              48.140975000285714
            ],
            [
              -123.44537400031248,
              48.14096700008049
            ],
            [
              -123.44538799965791,
              48.14096399985338
            ],
            [
              -123.4454029997265,
              48.14095999975007
            ],
            [
              -123.44544299990947,
              48.14095100026579
            ],
            [
              -123.44547399987162,
              48.14094800003771
            ],
            [
              -123.44549700033613,
              48.14094300005682
            ],
            [
              -123.44553999999384,
              48.14093599972309
            ],
            [
              -123.44558299965156,
              48.14092899998786
            ],
            [
              -123.4456270000325,
              48.140923000128396
            ],
            [
              -123.44567100041343,
              48.14091900002189
            ],
            [
              -123.44583000042208,
              48.14089800020696
            ],
            [
              -123.44585499963813,
              48.14089699973028
            ],
            [
              -123.4458739999047,
              48.140894999975785
            ],
            [
              -123.44590499986684,
              48.14089099986709
            ],
            [
              -123.44591999993546,
              48.14088800023496
            ],
            [
              -123.44593500000406,
              48.14088599988065
            ],
            [
              -123.44595000007268,
              48.14088199977126
            ],
            [
              -123.44601899966965,
              48.14086800028512
            ],
            [
              -123.44608899998985,
              48.140852999718156
            ],
            [
              -123.44611599975401,
              48.14084699984982
            ],
            [
              -123.44613900021857,
              48.14084299973743
            ],
            [
              -123.44616199978478,
              48.1408390002241
            ],
            [
              -123.44620799981553,
              48.14083199987622
            ],
            [
              -123.44623100028008,
              48.140830000119195
            ],
            [
              -123.44625499967121,
              48.14082799976262
            ],
            [
              -123.44629300020435,
              48.14082500012682
            ],
            [
              -123.44633900023511,
              48.140821000012664
            ],
            [
              -123.44636400034948,
              48.140819000255206
            ],
            [
              -123.44638899956551,
              48.140819000255206
            ],
            [
              -123.44640600018228,
              48.14081799977699
            ],
            [
              -123.4464360003195,
              48.14081500014059
            ],
            [
              -123.44644999966486,
              48.140812999783435
            ],
            [
              -123.4464649997335,
              48.140811000025664
            ],
            [
              -123.44649499987072,
              48.140806999910424
            ],
            [
              -123.44652400018302,
              48.14080199991581
            ],
            [
              -123.44653800042673,
              48.14079900027848
            ],
            [
              -123.44655299959702,
              48.1407969999207
            ],
            [
              -123.44658100008445,
              48.140791000045816
            ],
            [
              -123.44659600015305,
              48.140789000287185
            ],
            [
              -123.4466410003589,
              48.14078299981191
            ],
            [
              -123.44667999981864,
              48.140776000055816
            ],
            [
              -123.44672599984938,
              48.14076799981962
            ],
            [
              -123.44674000009309,
              48.1407660000601
            ],
            [
              -123.44675500016172,
              48.140765000180295
            ],
            [
              -123.44678299975081,
              48.140761000061474
            ],
            [
              -123.44679699999452,
              48.14075899970222
            ],
            [
              -123.4468110002382,
              48.140756000062375
            ],
            [
              -123.4468389998273,
              48.140751000062785
            ],
            [
              -123.4468659995915,
              48.14074500018253
            ],
            [
              -123.4468799998352,
              48.140741999942406
            ],
            [
              -123.44689400007888,
              48.140738999702116
            ],
            [
              -123.44707099963088,
              48.14071000016768
            ],
            [
              -123.44716000021768,
              48.140699000278026
            ],
            [
              -123.44724700025631,
              48.140685000142504
            ],
            [
              -123.44729800030991,
              48.14068100001746
            ],
            [
              -123.44735400038643,
              48.140676000010565
            ],
            [
              -123.44740999956461,
              48.140669000239875
            ],
            [
              -123.44746900001414,
              48.14066000010513
            ],
            [
              -123.4475219997176,
              48.14065099996879
            ],
            [
              -123.44756299972549,
              48.14064500007685
            ],
            [
              -123.44761700015215,
              48.140635999937935
            ],
            [
              -123.44767999990134,
              48.14062500003237
            ],
            [
              -123.44779200005432,
              48.14061099987668
            ],
            [
              -123.44790400020736,
              48.140594999950984
            ],
            [
              -123.4479710001545,
              48.140580999787105
            ],
            [
              -123.44803800010166,
              48.1405699998698
            ],
            [
              -123.4481050000488,
              48.140559999833904
            ],
            [
              -123.44817399964575,
              48.14055100027951
            ],
            [
              -123.44822399987446,
              48.140542000124064
            ],
            [
              -123.44834100005033,
              48.14052299992394
            ],
            [
              -123.44845099965521,
              48.14050600008597
            ],
            [
              -123.44856600018122,
              48.14049199989787
            ],
            [
              -123.44865099967173,
              48.140486999872564
            ],
            [
              -123.44875600015203,
              48.14047500004965
            ],
            [
              -123.44877399969539,
              48.140469000137124
            ],
            [
              -123.44879100031213,
              48.14046400010959
            ],
            [
              -123.44880399983263,
              48.14046099985304
            ],
            [
              -123.44882499974901,
              48.14045599982472
            ],
            [
              -123.44883999981761,
              48.14045300016717
            ],
            [
              -123.44885999990912,
              48.14044999990998
            ],
            [
              -123.44887800035077,
              48.14044700025208
            ],
            [
              -123.44892500020643,
              48.1404420002224
            ],
            [
              -123.44897799990989,
              48.140439999850706
            ],
            [
              -123.44902999978844,
              48.14043599970656
            ],
            [
              -123.44908199966697,
              48.14043100027527
            ],
            [
              -123.44913400044382,
              48.140423999871714
            ],
            [
              -123.44918899979709,
              48.14041600018008
            ],
            [
              -123.44936399969927,
              48.14039100001173
            ],
            [
              -123.44939300001157,
              48.14038799975092
            ],
            [
              -123.44941899995084,
              48.14038400020219
            ],
            [
              -123.44943400001947,
              48.140380999940966
            ],
            [
              -123.449449999913,
              48.14037900016637
            ],
            [
              -123.44948000005022,
              48.14037300024263
            ],
            [
              -123.44954899964719,
              48.14036200028072
            ],
            [
              -123.44964999992953,
              48.14033899986231
            ],
            [
              -123.44975200003678,
              48.14031799981007
            ],
            [
              -123.44985499996895,
              48.14030000001538
            ],
            [
              -123.44995799990112,
              48.14028399999275
            ],
            [
              -123.4500630003814,
              48.14027100023296
            ],
            [
              -123.45007900027494,
              48.140268999854605
            ],
            [
              -123.45009599999338,
              48.14026700007564
            ],
            [
              -123.45018100038219,
              48.14024599999399
            ],
            [
              -123.45030100003277,
              48.1402290000643
            ],
            [
              -123.45038600042159,
              48.14021399991009
            ],
            [
              -123.45059300011081,
              48.140183000296844
            ],
            [
              -123.4506480003624,
              48.14017499996819
            ],
            [
              -123.4507040004389,
              48.140168000129194
            ],
            [
              -123.45076499963996,
              48.14016100028924
            ],
            [
              -123.4510480003955,
              48.14012199970765
            ],
            [
              -123.45113700008396,
              48.140112000183954
            ],
            [
              -123.4512249999475,
              48.14010000027338
            ],
            [
              -123.45125000006183,
              48.14009600010274
            ],
            [
              -123.45138599960598,
              48.140080999909664
            ],
            [
              -123.4514869998883,
              48.14005899985838
            ],
            [
              -123.45156700025426,
              48.14004199986676
            ],
            [
              -123.45165900031576,
              48.14002599976372
            ],
            [
              -123.45175200020219,
              48.140012000044145
            ],
            [
              -123.45184500008862,
              48.140000000110184
            ],
            [
              -123.4518879997463,
              48.13999500003696
            ],
            [
              -123.45198200035594,
              48.13998099970946
            ],
            [
              -123.4520839995649,
              48.139962999796644
            ],
            [
              -123.45214899986222,
              48.139949999955554
            ],
            [
              -123.45221400015954,
              48.13993899990301
            ],
            [
              -123.45229199997736,
              48.13992699995198
            ],
            [
              -123.45249600019187,
              48.13988699989516
            ],
            [
              -123.45255200026835,
              48.13988299970793
            ],
            [
              -123.45260800034485,
              48.13987699972622
            ],
            [
              -123.45266400042134,
              48.139868999949336
            ],
            [
              -123.45271899977463,
              48.13986100017122
            ],
            [
              -123.45277400002621,
              48.139850999997215
            ],
            [
              -123.4528290002778,
              48.13983900002567
            ],
            [
              -123.45287100011059,
              48.13983399993676
            ],
            [
              -123.4529139997683,
              48.13982899984737
            ],
            [
              -123.45296999984478,
              48.1398239997575
            ],
            [
              -123.4530750003251,
              48.139803000094055
            ],
            [
              -123.45317200040948,
              48.139786999916524
            ],
            [
              -123.45330100028089,
              48.139767000137205
            ],
            [
              -123.45340900023594,
              48.13975299974752
            ],
            [
              -123.45352800006161,
              48.139728999755754
            ],
            [
              -123.45362900034397,
              48.13971099975454
            ],
            [
              -123.45377400010892,
              48.13968099973849
            ],
            [
              -123.45391600039913,
              48.139654000008775
            ],
            [
              -123.45407200003476,
              48.13963300027581
            ],
            [
              -123.45416499992116,
              48.139611000032495
            ],
            [
              -123.45426000035572,
              48.13959200008726
            ],
            [
              -123.45435499989196,
              48.13957400003801
            ],
            [
              -123.454462999847,
              48.139557999789155
            ],
            [
              -123.45453099961905,
              48.13954700025208
            ],
            [
              -123.45456599977916,
              48.13953799992063
            ],
            [
              -123.45460199976417,
              48.13953000009092
            ],
            [
              -123.45463899957409,
              48.13952200025997
            ],
            [
              -123.45467600028232,
              48.13951499973246
            ],
            [
              -123.45471300009226,
              48.13951000021147
            ],
            [
              -123.45474400005439,
              48.13950599999486
            ],
            [
              -123.4547800000394,
              48.139501999777934
            ],
            [
              -123.45488200014665,
              48.139484000296605
            ],
            [
              -123.45491399993371,
              48.13948000007796
            ],
            [
              -123.45496099978938,
              48.1394730001442
            ],
            [
              -123.4549979995993,
              48.13946600020948
            ],
            [
              -123.45503299975941,
              48.13945900027381
            ],
            [
              -123.45506899974441,
              48.13945099983232
            ],
            [
              -123.4551039999045,
              48.139442999989065
            ],
            [
              -123.45511899997312,
              48.13943899976723
            ],
            [
              -123.45513300021683,
              48.13943500014456
            ],
            [
              -123.4554069998532,
              48.1393739998655
            ],
            [
              -123.45558299958029,
              48.13935200011068
            ],
            [
              -123.45562100011345,
              48.13934699997434
            ],
            [
              -123.45565000042576,
              48.13934000002244
            ],
            [
              -123.45577799957395,
              48.139307000065074
            ],
            [
              -123.45579099999274,
              48.13930399974091
            ],
            [
              -123.45580400041153,
              48.139300000107724
            ],
            [
              -123.4558300003508,
              48.13929400005788
            ],
            [
              -123.45584600024434,
              48.139289999824435
            ],
            [
              -123.45586200013788,
              48.139287000098754
            ],
            [
              -123.45588800007715,
              48.13928500028153
            ],
            [
              -123.45590200032083,
              48.139283999773426
            ],
            [
              -123.45592499988705,
              48.139280000138676
            ],
            [
              -123.4559480003516,
              48.139275999904136
            ],
            [
              -123.45606700017727,
              48.139253000198075
            ],
            [
              -123.45618500017807,
              48.13922800006279
            ],
            [
              -123.45623000038391,
              48.139217999765485
            ],
            [
              -123.45626299999586,
              48.13920999988591
            ],
            [
              -123.45627600041465,
              48.13920700015556
            ],
            [
              -123.45629200030818,
              48.139204999735746
            ],
            [
              -123.45631099967645,
              48.1392020000051
            ],
            [
              -123.45633300031608,
              48.13919900027428
            ],
            [
              -123.45635800043043,
              48.1391959999438
            ],
            [
              -123.45638699984443,
              48.13919199970272
            ],
            [
              -123.4564010000881,
              48.1391899998818
            ],
            [
              -123.45648700030185,
              48.139166000226275
            ],
            [
              -123.45654300037833,
              48.1391590002497
            ],
            [
              -123.45659699990671,
              48.139150999761505
            ],
            [
              -123.45662399967088,
              48.13914700011635
            ],
            [
              -123.45665200015829,
              48.13914100004867
            ],
            [
              -123.45670800023478,
              48.139130999734405
            ],
            [
              -123.45675900028843,
              48.13911900019399
            ],
            [
              -123.45681199999187,
              48.13910500022707
            ],
            [
              -123.45686399987038,
              48.13909100025632
            ],
            [
              -123.45687800011409,
              48.13908700000706
            ],
            [
              -123.45689300018272,
              48.13908199984492
            ],
            [
              -123.45690999990114,
              48.13908000001972
            ],
            [
              -123.45692900016773,
              48.13907700028176
            ],
            [
              -123.45694400023633,
              48.13907399994416
            ],
            [
              -123.45696099995476,
              48.13907100020585
            ],
            [
              -123.45698100004626,
              48.13906600004215
            ],
            [
              -123.45699899958963,
              48.139060999877955
            ],
            [
              -123.45706899990982,
              48.13904400015534
            ],
            [
              -123.45710700044295,
              48.139038999989
            ],
            [
              -123.4571450000778,
              48.139031999995105
            ],
            [
              -123.45718199988772,
              48.13902500000025
            ],
            [
              -123.45722399972051,
              48.13901600017676
            ],
            [
              -123.45723799996422,
              48.13901199992165
            ],
            [
              -123.45729499986562,
              48.13900200018174
            ],
            [
              -123.45735199976703,
              48.138992999754734
            ],
            [
              -123.45736699983566,
              48.138990000011695
            ],
            [
              -123.45739199994999,
              48.13898399992562
            ],
            [
              -123.45740600019369,
              48.138982000096604
            ],
            [
              -123.457427999935,
              48.13897500009494
            ],
            [
              -123.45744200017872,
              48.13896999992188
            ],
            [
              -123.45746599956982,
              48.138963999833464
            ],
            [
              -123.45747999981356,
              48.13896000017379
            ],
            [
              -123.45750400010299,
              48.13895400008421
            ],
            [
              -123.45752099982143,
              48.13894999982428
            ],
            [
              -123.45754400028598,
              48.13894600016351
            ],
            [
              -123.45756400037746,
              48.13894299981825
            ],
            [
              -123.45758699994367,
              48.13894000007229
            ],
            [
              -123.45765200024098,
              48.13892600005655
            ],
            [
              -123.45766800013452,
              48.13892199979443
            ],
            [
              -123.45768400002804,
              48.138918000131476
            ],
            [
              -123.4577509999752,
              48.13891100012109
            ],
            [
              -123.45776900041686,
              48.138905999941805
            ],
            [
              -123.4578060002268,
              48.13889899992977
            ],
            [
              -123.45783999966366,
              48.13889199991679
            ],
            [
              -123.45787399999885,
              48.13888499990285
            ],
            [
              -123.4579190002047,
              48.13887299970546
            ],
            [
              -123.45801399974091,
              48.13885500000358
            ],
            [
              -123.45807599966521,
              48.13884000004738
            ],
            [
              -123.45813900031271,
              48.138826000004364
            ],
            [
              -123.45816299970384,
              48.13881999989913
            ],
            [
              -123.45817899959737,
              48.138813999793186
            ],
            [
              -123.45820299988682,
              48.13880599985066
            ],
            [
              -123.45822100032848,
              48.13880200017867
            ],
            [
              -123.45844300008633,
              48.13874400010398
            ],
            [
              -123.45846800020068,
              48.13873600015056
            ],
            [
              -123.45849400013995,
              48.13872900011535
            ],
            [
              -123.45851900025431,
              48.13872200007919
            ],
            [
              -123.45855799971406,
              48.13871200028279
            ],
            [
              -123.4586160003387,
              48.13869800020487
            ],
            [
              -123.4586389999049,
              48.13869300000484
            ],
            [
              -123.45865999982131,
              48.138688999724565
            ],
            [
              -123.45870000000427,
              48.13868200028243
            ],
            [
              -123.45876100010365,
              48.138665999755524
            ],
            [
              -123.45877600017225,
              48.13866299999338
            ],
            [
              -123.45879000041597,
              48.13866000023106
            ],
            [
              -123.45901200017383,
              48.13860999997026
            ],
            [
              -123.45914799971794,
              48.138566999719
            ],
            [
              -123.45942200025262,
              48.13849499984504
            ],
            [
              -123.45961399987327,
              48.13843099987229
            ],
            [
              -123.45978899977545,
              48.138386000218354
            ],
            [
              -123.45995799982984,
              48.138325999819116
            ],
            [
              -123.46002700032514,
              48.13830400021468
            ],
            [
              -123.4600950000972,
              48.13828100007316
            ],
            [
              -123.46016500041739,
              48.1382550001353
            ],
            [
              -123.46039100037319,
              48.13818099996354
            ],
            [
              -123.46049199975722,
              48.138145000068256
            ],
            [
              -123.46059100038973,
              48.13810700028462
            ],
            [
              -123.46065499996384,
              48.13808100025868
            ],
            [
              -123.46073500032979,
              48.138049999956934
            ],
            [
              -123.46081999982027,
              48.138020000169185
            ],
            [
              -123.4610380002785,
              48.1379460002582
            ],
            [
              -123.46115399973114,
              48.137909000262695
            ],
            [
              -123.46126900025718,
              48.13786899983251
            ],
            [
              -123.46138100041016,
              48.13782600015956
            ],
            [
              -123.46149799968772,
              48.1377780001615
            ],
            [
              -123.46167199976499,
              48.13770800025868
            ],
            [
              -123.46176899984937,
              48.13767200003171
            ],
            [
              -123.46190699994162,
              48.13762399988966
            ],
            [
              -123.46196499966794,
              48.13760499980855
            ],
            [
              -123.46231500037062,
              48.13745699988248
            ],
            [
              -123.46253399975542,
              48.13737800003089
            ],
            [
              -123.46269899961189,
              48.13731800025206
            ],
            [
              -123.46281800033587,
              48.1372720002742
            ],
            [
              -123.4629749997964,
              48.137219999962944
            ],
            [
              -123.46332999962364,
              48.13708600004787
            ],
            [
              -123.46343400027902,
              48.1370480000799
            ],
            [
              -123.463538999861,
              48.13701299994255
            ],
            [
              -123.46363900031845,
              48.13698300014834
            ],
            [
              -123.46380499999978,
              48.136920000043915
            ],
            [
              -123.46404000017642,
              48.13685100012631
            ],
            [
              -123.46415399997926,
              48.13681499989793
            ],
            [
              -123.46430100029234,
              48.13677000002654
            ],
            [
              -123.46476900009748,
              48.13659999975685
            ],
            [
              -123.46507100022127,
              48.13647299976637
            ],
            [
              -123.46532800013921,
              48.13641300012894
            ],
            [
              -123.46540299958397,
              48.136392000269225
            ],
            [
              -123.46547700010214,
              48.13636899987063
            ],
            [
              -123.46551999975985,
              48.13635499975331
            ],
            [
              -123.46566200005007,
              48.13629899984527
            ],
            [
              -123.46588700018096,
              48.13622199994691
            ],
            [
              -123.46615599979448,
              48.136110999750095
            ],
            [
              -123.46619000012967,
              48.13609700016193
            ],
            [
              -123.46636599985676,
              48.1360459998313
            ],
            [
              -123.4664379998268,
              48.136022999877234
            ],
            [
              -123.4666210001249,
              48.135950000058955
            ],
            [
              -123.46680000022502,
              48.13587300023671
            ],
            [
              -123.46691300020292,
              48.1358209997075
            ],
            [
              -123.46710900002152,
              48.135746000246506
            ],
            [
              -123.46731400006094,
              48.13569000027371
            ],
            [
              -123.46752499994813,
              48.13558899993291
            ],
            [
              -123.46778699988894,
              48.13550399971175
            ],
            [
              -123.46807800014209,
              48.13541100007736
            ],
            [
              -123.46936600010487,
              48.13500000017872
            ],
            [
              -123.46952099991556,
              48.13494999995057
            ],
            [
              -123.46992599997154,
              48.134822000079794
            ],
            [
              -123.47074899960391,
              48.13455899997633
            ],
            [
              -123.47093500027506,
              48.13449899990076
            ],
            [
              -123.4711699995534,
              48.13442399970768
            ],
            [
              -123.47128400025454,
              48.13438800017564
            ],
            [
              -123.47145099976079,
              48.13433399993098
            ],
            [
              -123.47169000013538,
              48.13425700008336
            ],
            [
              -123.47177700017401,
              48.134229999899226
            ],
            [
              -123.47194700005335,
              48.13417600008789
            ],
            [
              -123.47220700034434,
              48.13409199993542
            ],
            [
              -123.47229500020788,
              48.13406500026406
            ],
            [
              -123.47283699963289,
              48.13389199998999
            ],
            [
              -123.47311500036554,
              48.133802999895714
            ],
            [
              -123.47350399962964,
              48.1337500002513
            ],
            [
              -123.47486699993551,
              48.13356499987602
            ],
            [
              -123.47546899963494,
              48.133483999987966
            ],
            [
              -123.4757239999031,
              48.13346100008528
            ],
            [
              -123.47646899971765,
              48.13339499978605
            ],
            [
              -123.47693099967503,
              48.13335400001161
            ],
            [
              -123.47739299963237,
              48.13331400022941
            ],
            [
              -123.4778589997877,
              48.133273999816474
            ],
            [
              -123.47807300004796,
              48.133262000106214
            ],
            [
              -123.47803700006295,
              48.133309000104525
            ],
            [
              -123.47807300004796,
              48.13330500000429
            ],
            [
              -123.47808700029167,
              48.13330399997919
            ],
            [
              -123.47810099963704,
              48.13330299995406
            ],
            [
              -123.47813099977428,
              48.13330099990376
            ],
            [
              -123.47815199969067,
              48.133298999853366
            ],
            [
              -123.4781690003074,
              48.1332969998029
            ],
            [
              -123.47822100018597,
              48.13328700014896
            ],
            [
              -123.47823600025457,
              48.133284000072486
            ],
            [
              -123.47825600034606,
              48.13327999997031
            ],
            [
              -123.47827300006449,
              48.133276999893475
            ],
            [
              -123.47829900000379,
              48.133272999790755
            ],
            [
              -123.47832099974505,
              48.133269999713505
            ],
            [
              -123.47833800036184,
              48.133267000235634
            ],
            [
              -123.478357999555,
              48.133264000158036
            ],
            [
              -123.47837500017174,
              48.13326300013214
            ],
            [
              -123.47840799978371,
              48.133261000080275
            ],
            [
              -123.47842399967722,
              48.13325900002828
            ],
            [
              -123.47844399976871,
              48.13325800000228
            ],
            [
              -123.47845800001242,
              48.13325699997626
            ],
            [
              -123.47849099962438,
              48.133255999950215
            ],
            [
              -123.47850999989096,
              48.13325299987198
            ],
            [
              -123.47857099999031,
              48.13324300020947
            ],
            [
              -123.47860000030265,
              48.13324300020947
            ],
            [
              -123.47863200008968,
              48.13324400023576
            ],
            [
              -123.47867800012044,
              48.13322899983926
            ],
            [
              -123.4787020004099,
              48.133223999706146
            ],
            [
              -123.47872499997611,
              48.13322000019884
            ],
            [
              -123.47874199969455,
              48.1332180001453
            ],
            [
              -123.47876599998398,
              48.13321600009168
            ],
            [
              -123.47878199987753,
              48.13321600009168
            ],
            [
              -123.47879799977106,
              48.13321700011849
            ],
            [
              -123.47881399966458,
              48.13321500006484
            ],
            [
              -123.47886600044143,
              48.13320499979533
            ],
            [
              -123.47888399998477,
              48.13320199971411
            ],
            [
              -123.47889900005337,
              48.1331960001507
            ],
            [
              -123.47891499994691,
              48.13319300006896
            ],
            [
              -123.47893199966536,
              48.13318999998704
            ],
            [
              -123.47895500012986,
              48.13318599987754
            ],
            [
              -123.4789710000234,
              48.13318399982268
            ],
            [
              -123.47900399963537,
              48.13318099974018
            ],
            [
              -123.47903499959752,
              48.13317999971266
            ],
            [
              -123.47906100043511,
              48.13317500017432
            ],
            [
              -123.4790759996054,
              48.13317100006365
            ],
            [
              -123.47910699956753,
              48.13316399986923
            ],
            [
              -123.47912300035937,
              48.133160999785616
            ],
            [
              -123.47914299955255,
              48.13315600024537
            ],
            [
              -123.47915799962117,
              48.13315200013323
            ],
            [
              -123.47919100013142,
              48.133143999908
            ],
            [
              -123.47926499975128,
              48.13313500025263
            ],
            [
              -123.47933800044451,
              48.13312499996759
            ],
            [
              -123.47937600007937,
              48.13311999982434
            ],
            [
              -123.47940399966845,
              48.13311699973816
            ],
            [
              -123.47944499967635,
              48.13311200019362
            ],
            [
              -123.47948700040745,
              48.13310700004911
            ],
            [
              -123.47952800041533,
              48.1331019999041
            ],
            [
              -123.47959899966212,
              48.13309400027064
            ],
            [
              -123.47970499996734,
              48.13308600003632
            ],
            [
              -123.47977600011245,
              48.13307999985981
            ],
            [
              -123.47981999959508,
              48.13307599974175
            ],
            [
              -123.47985200028043,
              48.133068000104224
            ],
            [
              -123.4798859997173,
              48.13306299995538
            ],
            [
              -123.47992500007538,
              48.133059999865864
            ],
            [
              -123.4799619998853,
              48.13305300025586
            ],
            [
              -123.48002200015972,
              48.133047000075486
            ],
            [
              -123.48007900006115,
              48.13304199992465
            ],
            [
              -123.48011900024413,
              48.13302700006869
            ],
            [
              -123.4801750003206,
              48.13302399997707
            ],
            [
              -123.48019700006192,
              48.13302700006869
            ],
            [
              -123.48027499987973,
              48.13301300023914
            ],
            [
              -123.48029300032141,
              48.13301100017755
            ],
            [
              -123.48032900030641,
              48.13300299993035
            ],
            [
              -123.48038000036001,
              48.132995000281404
            ],
            [
              -123.48043100041365,
              48.13299000012549
            ],
            [
              -123.48048199956895,
              48.132986000000415
            ],
            [
              -123.4805040002086,
              48.13298700003172
            ],
            [
              -123.48053299962261,
              48.1329829999064
            ],
            [
              -123.48060899979056,
              48.132969000064854
            ],
            [
              -123.4807159999207,
              48.132960999811125
            ],
            [
              -123.48078100021802,
              48.13295400018763
            ],
            [
              -123.48085999986074,
              48.13294399986729
            ],
            [
              -123.4809340003789,
              48.132936000209206
            ],
            [
              -123.48100700017382,
              48.13292699991788
            ],
            [
              -123.48104499980867,
              48.132935000176914
            ],
            [
              -123.48106999992304,
              48.13291400009379
            ],
            [
              -123.48117000038044,
              48.132900000233434
            ],
            [
              -123.48128099981021,
              48.13289300000207
            ],
            [
              -123.48142300010046,
              48.13290200029941
            ],
            [
              -123.48145499988749,
              48.13288899986944
            ],
            [
              -123.48148300037488,
              48.13287700006922
            ],
            [
              -123.48153400042852,
              48.1328689998011
            ],
            [
              -123.48156899969031,
              48.132864000232466
            ],
            [
              -123.48160399985039,
              48.1328590000638
            ],
            [
              -123.4816390000105,
              48.13285299986076
            ],
            [
              -123.4816749999955,
              48.13284800029053
            ],
            [
              -123.481731000072,
              48.13284400015439
            ],
            [
              -123.48178799997343,
              48.132840000017936
            ],
            [
              -123.48227300039531,
              48.13281200025311
            ],
            [
              -123.48231799970284,
              48.13280800011417
            ],
            [
              -123.48239100039608,
              48.13280099987021
            ],
            [
              -123.48252399956718,
              48.1327869999791
            ],
            [
              -123.48262499984949,
              48.13277800026116
            ],
            [
              -123.48274100020045,
              48.13276799990659
            ],
            [
              -123.48281900001827,
              48.13276299972858
            ],
            [
              -123.4828569996531,
              48.13276000022104
            ],
            [
              -123.4829269999733,
              48.132757000113834
            ],
            [
              -123.48301499983684,
              48.132754000006436
            ],
            [
              -123.48305800039287,
              48.13275099989887
            ],
            [
              -123.48309400037787,
              48.13274999986297
            ],
            [
              -123.4831310001878,
              48.13274699975517
            ],
            [
              -123.48320099960969,
              48.132743000210716
            ],
            [
              -123.4832650000821,
              48.13274000010251
            ],
            [
              -123.48333000037944,
              48.13273699999407
            ],
            [
              -123.48339399995352,
              48.13273399988552
            ],
            [
              -123.4834480003802,
              48.132730999776776
            ],
            [
              -123.48349500023588,
              48.13272800026741
            ],
            [
              -123.48351600015225,
              48.13272700023108
            ],
            [
              -123.48356999968061,
              48.132722000049064
            ],
            [
              -123.48362099973426,
              48.13271499979344
            ],
            [
              -123.48367099996297,
              48.13270800013637
            ],
            [
              -123.48377100042039,
              48.132695000256874
            ],
            [
              -123.48378800013882,
              48.13269400021985
            ],
            [
              -123.4838709999795,
              48.13268399984892
            ],
            [
              -123.4841179998517,
              48.13267300003821
            ],
            [
              -123.48413399974524,
              48.1326740000756
            ],
            [
              -123.48419599966951,
              48.1326679998509
            ],
            [
              -123.48423199965454,
              48.13266399970074
            ],
            [
              -123.48426799963954,
              48.13266100018746
            ],
            [
              -123.48430399962454,
              48.132658000074464
            ],
            [
              -123.48433999960957,
              48.13265599999903
            ],
            [
              -123.48437599959458,
              48.13265399992352
            ],
            [
              -123.48443699969394,
              48.13264800029604
            ],
            [
              -123.48448100007487,
              48.13264500018227
            ],
            [
              -123.48452299990765,
              48.13264200006834
            ],
            [
              -123.48456599956538,
              48.132639999992286
            ],
            [
              -123.48460900012141,
              48.13263799991615
            ],
            [
              -123.48467400041872,
              48.13262800013388
            ],
            [
              -123.48472299992423,
              48.1326250000189
            ],
            [
              -123.48477200032802,
              48.13262299994218
            ],
            [
              -123.48485000014581,
              48.13261799975005
            ],
            [
              -123.48489899965132,
              48.13261600027261
            ],
            [
              -123.48503599991865,
              48.13260900000254
            ],
            [
              -123.4850519998122,
              48.13260900000254
            ],
            [
              -123.48507100007875,
              48.13260900000254
            ],
            [
              -123.48510000039107,
              48.13260900000254
            ],
            [
              -123.48512999962999,
              48.132607999963874
            ],
            [
              -123.48521500001878,
              48.13260499984778
            ],
            [
              -123.48526500024751,
              48.132602999770285
            ],
            [
              -123.485313999753,
              48.13260100029222
            ],
            [
              -123.4853620003319,
              48.13260100029222
            ],
            [
              -123.48539499994385,
              48.13260100029222
            ],
            [
              -123.4854269997309,
              48.13260100029222
            ],
            [
              -123.48546000024118,
              48.1326019997315
            ],
            [
              -123.48548000033267,
              48.1326019997315
            ],
            [
              -123.4854960002262,
              48.1326019997315
            ],
            [
              -123.4855539999525,
              48.132602999770285
            ],
            [
              -123.48556800019621,
              48.132602999770285
            ],
            [
              -123.48559199958734,
              48.132602999770285
            ],
            [
              -123.48564000016624,
              48.132603999809035
            ],
            [
              -123.48572200018201,
              48.13259400002009
            ],
            [
              -123.48573800007551,
              48.132591999942164
            ],
            [
              -123.48575399996906,
              48.132589999864166
            ],
            [
              -123.48586699994694,
              48.132589999864166
            ],
            [
              -123.48588399966539,
              48.132589999864166
            ],
            [
              -123.48593899991697,
              48.13259099990318
            ],
            [
              -123.48597800027505,
              48.132591999942164
            ],
            [
              -123.486010999887,
              48.13259299998114
            ],
            [
              -123.48606799978843,
              48.13259400002009
            ],
            [
              -123.48615900002501,
              48.132607999963874
            ],
            [
              -123.48621500010152,
              48.13261699971156
            ],
            [
              -123.486271000178,
              48.13262700009558
            ],
            [
              -123.48642699981362,
              48.13261899978851
            ],
            [
              -123.48644100005733,
              48.13261899978851
            ],
            [
              -123.48647600021741,
              48.13261799975005
            ],
            [
              -123.48650600035462,
              48.13261699971156
            ],
            [
              -123.48652200024817,
              48.13261699971156
            ],
            [
              -123.4865380001417,
              48.13261600027261
            ],
            [
              -123.48660300043902,
              48.13261300015698
            ],
            [
              -123.48666799983803,
              48.1326110000798
            ],
            [
              -123.48669499960221,
              48.13260900000254
            ],
            [
              -123.48673300013537,
              48.132607999963874
            ],
            [
              -123.48677999999103,
              48.132606999925194
            ],
            [
              -123.48686500037984,
              48.13260499984778
            ],
            [
              -123.487004000297,
              48.13259700013683
            ],
            [
              -123.48708100028992,
              48.13259500005902
            ],
            [
              -123.4871299997954,
              48.13259099990318
            ],
            [
              -123.48718599987188,
              48.13258699974701
            ],
            [
              -123.48722799970467,
              48.13258599970793
            ],
            [
              -123.48727000043581,
              48.132584000229244
            ],
            [
              -123.48737900021574,
              48.13257900003327
            ],
            [
              -123.4874899996455,
              48.13257299979751
            ],
            [
              -123.48757699968415,
              48.13256500008163
            ],
            [
              -123.48762799973778,
              48.132559999883846
            ],
            [
              -123.48772900002011,
              48.132549000046524
            ],
            [
              -123.48789700024959,
              48.13254399984719
            ],
            [
              -123.48805799990808,
              48.132550000086326
            ],
            [
              -123.488094999718,
              48.132550000086326
            ],
            [
              -123.4881790002819,
              48.13254099972734
            ],
            [
              -123.4882420000311,
              48.132534000046554
            ],
            [
              -123.48830899997826,
              48.13252899984575
            ],
            [
              -123.48837500010049,
              48.13252599972504
            ],
            [
              -123.48844299987255,
              48.13252599972504
            ],
            [
              -123.48849700029922,
              48.13252999988596
            ],
            [
              -123.48853999995693,
              48.13253099992613
            ],
            [
              -123.48858599998766,
              48.13253099992613
            ],
            [
              -123.48864999956177,
              48.13252000008264
            ],
            [
              -123.48868800009494,
              48.13251299979943
            ],
            [
              -123.48876500008784,
              48.13250299999281
            ],
            [
              -123.4888429999056,
              48.132499999870575
            ],
            [
              -123.4888849997384,
              48.132497999788995
            ],
            [
              -123.4889309997692,
              48.13249200014328
            ],
            [
              -123.48898000017299,
              48.1324879999794
            ],
            [
              -123.48901100013512,
              48.1324879999794
            ],
            [
              -123.4890660003867,
              48.132482999774126
            ],
            [
              -123.48913900018165,
              48.132475000044224
            ],
            [
              -123.48924399976362,
              48.132470999879025
            ],
            [
              -123.48932300030464,
              48.13246999983764
            ],
            [
              -123.48938500022894,
              48.13246899979627
            ],
            [
              -123.48944899980305,
              48.13246899979627
            ],
            [
              -123.48947999976518,
              48.13246999983764
            ],
            [
              -123.48950599970442,
              48.132471999920355
            ],
            [
              -123.48955099991029,
              48.13247400000295
            ],
            [
              -123.48958299969735,
              48.132475000044224
            ],
            [
              -123.48962000040558,
              48.13247400000295
            ],
            [
              -123.48971099974385,
              48.13247600008547
            ],
            [
              -123.48978100006404,
              48.132477000126705
            ],
            [
              -123.48979500030775,
              48.132477000126705
            ],
            [
              -123.48987200030065,
              48.132471999920355
            ],
            [
              -123.48990300026279,
              48.132471999920355
            ],
            [
              -123.48993000002697,
              48.13246899979627
            ],
            [
              -123.48998199990551,
              48.13246799975488
            ],
            [
              -123.49003600033217,
              48.132466999713465
            ],
            [
              -123.49008400001274,
              48.132465000230155
            ],
            [
              -123.49013500006639,
              48.13246400018869
            ],
            [
              -123.4901850002951,
              48.13246400018869
            ],
            [
              -123.49022600030297,
              48.13246400018869
            ],
            [
              -123.49026200028797,
              48.13246300014721
            ],
            [
              -123.49030199957264,
              48.132462000105704
            ],
            [
              -123.49036400039525,
              48.13246400018869
            ],
            [
              -123.49044200021306,
              48.13246400018869
            ],
            [
              -123.49047800019807,
              48.13246400018869
            ],
            [
              -123.49051900020594,
              48.13246300014721
            ],
            [
              -123.49054699979501,
              48.13246300014721
            ],
            [
              -123.49067599966645,
              48.13246799975488
            ],
            [
              -123.49072300042046,
              48.13246999983764
            ],
            [
              -123.49076600007814,
              48.13246799975488
            ],
            [
              -123.49080299988806,
              48.132466999713465
            ],
            [
              -123.49086499981236,
              48.132462000105704
            ],
            [
              -123.49089400012465,
              48.13246000002264
            ],
            [
              -123.4909679997445,
              48.13246000002264
            ],
            [
              -123.4910039997295,
              48.13245899998108
            ],
            [
              -123.49107800024767,
              48.1324579999395
            ],
            [
              -123.49111500005762,
              48.132455999856276
            ],
            [
              -123.49114500019483,
              48.132455999856276
            ],
            [
              -123.49117399960883,
              48.1324579999395
            ],
            [
              -123.49126400002052,
              48.1324569998979
            ],
            [
              -123.491324000295,
              48.1324569998979
            ],
            [
              -123.49138500039435,
              48.1324569998979
            ],
            [
              -123.49144499977048,
              48.1324569998979
            ],
            [
              -123.49150500004494,
              48.13245899998108
            ],
            [
              -123.49152799961117,
              48.1324579999395
            ],
            [
              -123.49156699996922,
              48.1324579999395
            ],
            [
              -123.49160100030441,
              48.1324579999395
            ],
            [
              -123.49163899993923,
              48.13246000002264
            ],
            [
              -123.49179499957485,
              48.132462000105704
            ],
            [
              -123.49190599990294,
              48.132451000247386
            ],
            [
              -123.49194000023812,
              48.13244800012212
            ],
            [
              -123.49197399967503,
              48.132446000038506
            ],
            [
              -123.49201800005595,
              48.13244499999667
            ],
            [
              -123.49203300012455,
              48.13244499999667
            ],
            [
              -123.49206599973652,
              48.132446000038506
            ],
            [
              -123.49216899966866,
              48.132437999703285
            ],
            [
              -123.49227800034691,
              48.13243899974526
            ],
            [
              -123.49237600025623,
              48.13243899974526
            ],
            [
              -123.49246099974674,
              48.13243300009269
            ],
            [
              -123.49295100019148,
              48.13240800023367
            ],
            [
              -123.49302099961338,
              48.13240999971925
            ],
            [
              -123.49307599986494,
              48.13241099976176
            ],
            [
              -123.49313899961413,
              48.1324139998892
            ],
            [
              -123.49320200026163,
              48.13241700001645
            ],
            [
              -123.4933339996078,
              48.13241199980427
            ],
            [
              -123.49340899995089,
              48.13241599997405
            ],
            [
              -123.49351600008103,
              48.13242300027044
            ],
            [
              -123.4935780000053,
              48.132427999882054
            ],
            [
              -123.49362999988382,
              48.13242899992422
            ],
            [
              -123.49366099984599,
              48.13242899992422
            ],
            [
              -123.49368699978523,
              48.132427999882054
            ],
            [
              -123.49383499992324,
              48.13240199997793
            ],
            [
              -123.49393299983251,
              48.13239699976427
            ],
            [
              -123.49399099955885,
              48.13239500027824
            ],
            [
              -123.4940509998333,
              48.13239100010681
            ],
            [
              -123.49409500021426,
              48.13238599989208
            ],
            [
              -123.4941499995675,
              48.132377000103865
            ],
            [
              -123.49418899992556,
              48.13237900019016
            ],
            [
              -123.4942390001543,
              48.13237900019016
            ],
            [
              -123.49426300044371,
              48.13237900019016
            ],
            [
              -123.49435100030728,
              48.132365000183945
            ],
            [
              -123.49439399996498,
              48.1323630000971
            ],
            [
              -123.4944440001937,
              48.1323630000971
            ],
            [
              -123.49447000013296,
              48.13235999996669
            ],
            [
              -123.49450600011797,
              48.13235300026127
            ],
            [
              -123.49454200010297,
              48.1323469999991
            ],
            [
              -123.4945990000044,
              48.13235200021762
            ],
            [
              -123.49466299957848,
              48.13235200021762
            ],
            [
              -123.49468299966998,
              48.13235200021762
            ],
            [
              -123.49472500040109,
              48.1323469999991
            ],
            [
              -123.49474299994444,
              48.13234499991155
            ],
            [
              -123.49475899983796,
              48.13234299982393
            ],
            [
              -123.49477800010455,
              48.13234199978009
            ],
            [
              -123.49479599964788,
              48.132340999736236
            ],
            [
              -123.49482300031036,
              48.13234199978009
            ],
            [
              -123.49488600005958,
              48.13234299982393
            ],
            [
              -123.49490600015105,
              48.13234199978009
            ],
            [
              -123.49492000039476,
              48.13234000029186
            ],
            [
              -123.494938999763,
              48.132337000160106
            ],
            [
              -123.49495499965653,
              48.13233400002818
            ],
            [
              -123.49496999972516,
              48.13233099989608
            ],
            [
              -123.49499200036476,
              48.13232699971966
            ],
            [
              -123.49502699962656,
              48.1323240001867
            ],
            [
              -123.495050999916,
              48.13232200009821
            ],
            [
              -123.49507900040341,
              48.13232100005396
            ],
            [
              -123.49509799977169,
              48.13232100005396
            ],
            [
              -123.4951210002362,
              48.13232100005396
            ],
            [
              -123.49514100032769,
              48.13232200009821
            ],
            [
              -123.49515700022123,
              48.13232200009821
            ],
            [
              -123.49523000001615,
              48.13231599983242
            ],
            [
              -123.49564599994277,
              48.13227899997652
            ],
            [
              -123.49575700027084,
              48.132281000066634
            ],
            [
              -123.49583300043882,
              48.13227599984115
            ],
            [
              -123.49587600009652,
              48.13227899997652
            ],
            [
              -123.49591299990644,
              48.13228000002158
            ],
            [
              -123.4959439998686,
              48.13228000002158
            ],
            [
              -123.4959730001809,
              48.13228000002158
            ],
            [
              -123.49600099976999,
              48.13227899997652
            ],
            [
              -123.49603900030316,
              48.13227799993139
            ],
            [
              -123.4960719999151,
              48.13227599984115
            ],
            [
              -123.49609899967929,
              48.13227399975084
            ],
            [
              -123.4961289998165,
              48.132272000260016
            ],
            [
              -123.49615499975577,
              48.13226900012428
            ],
            [
              -123.496184999893,
              48.1322629998523
            ],
            [
              -123.49619999996162,
              48.1322619998069
            ],
            [
              -123.49626000023606,
              48.13226399989768
            ],
            [
              -123.49631999961223,
              48.1322629998523
            ],
            [
              -123.49638400008466,
              48.13225199995135
            ],
            [
              -123.49642699974234,
              48.13225199995135
            ],
            [
              -123.49646000025261,
              48.132249999860115
            ],
            [
              -123.49649100021477,
              48.132246000276936
            ],
            [
              -123.49651299995608,
              48.1322410000481
            ],
            [
              -123.49655200031411,
              48.132244000185466
            ],
            [
              -123.49660599984249,
              48.132246000276936
            ],
            [
              -123.49664600002546,
              48.132249999860115
            ],
            [
              -123.49668600020841,
              48.13225099990574
            ],
            [
              -123.49672700021631,
              48.13225099990574
            ],
            [
              -123.49684100001913,
              48.132244000185466
            ],
            [
              -123.49695499982197,
              48.13223699986467
            ],
            [
              -123.49702299959402,
              48.132237999910565
            ],
            [
              -123.49713800012006,
              48.13222599995816
            ],
            [
              -123.49717699957979,
              48.13222199977356
            ],
            [
              -123.49727100018946,
              48.1322160000956
            ],
            [
              -123.4974019997107,
              48.13220799972455
            ],
            [
              -123.49743500022097,
              48.13220700027764
            ],
            [
              -123.49747000038107,
              48.13220400013811
            ],
            [
              -123.49750899984085,
              48.13220099999841
            ],
            [
              -123.4975640000924,
              48.13219400027126
            ],
            [
              -123.49761199977299,
              48.13219100013098
            ],
            [
              -123.49765000030612,
              48.132189000037364
            ],
            [
              -123.49768600029114,
              48.132189000037364
            ],
            [
              -123.49772700029902,
              48.13219000008418
            ],
            [
              -123.49776499993386,
              48.13219100013098
            ],
            [
              -123.49779000004823,
              48.132193000224525
            ],
            [
              -123.49782400038339,
              48.13219599976519
            ],
            [
              -123.49785699999536,
              48.13220099999841
            ],
            [
              -123.49787899973668,
              48.132202000045
            ],
            [
              -123.49791399989677,
              48.13219899990518
            ],
            [
              -123.49794400003401,
              48.13219499971848
            ],
            [
              -123.49799400026272,
              48.13218799999052
            ],
            [
              -123.49801000015624,
              48.13218499984988
            ],
            [
              -123.4980910003471,
              48.13218399980297
            ],
            [
              -123.49819900030214,
              48.132181999709076
            ],
            [
              -123.4982600004015,
              48.132182999756026
            ],
            [
              -123.49831300010496,
              48.132182999756026
            ],
            [
              -123.49838099987701,
              48.13218000021467
            ],
            [
              -123.4984450003494,
              48.13217600002648
            ],
            [
              -123.4985080000986,
              48.13217199983795
            ],
            [
              -123.49857300039595,
              48.132167000201456
            ],
            [
              -123.49877400023739,
              48.13213900006966
            ],
            [
              -123.49885600025318,
              48.132147999899544
            ],
            [
              -123.49891700035252,
              48.13214499975658
            ],
            [
              -123.49896900023106,
              48.13214399970888
            ],
            [
              -123.49901500026182,
              48.13214399970888
            ],
            [
              -123.4990639997673,
              48.13214399970888
            ],
            [
              -123.49911300017112,
              48.13214399970888
            ],
            [
              -123.49917799957012,
              48.13213599992616
            ],
            [
              -123.49921699992818,
              48.13213100028612
            ],
            [
              -123.49925700011116,
              48.13212700009413
            ],
            [
              -123.49929800011903,
              48.132123999949926
            ],
            [
              -123.499338000302,
              48.132120999805544
            ],
            [
              -123.4993530003706,
              48.1321189997092
            ],
            [
              -123.49938500015766,
              48.132117000212325
            ],
            [
              -123.49942100014269,
              48.13211500011583
            ],
            [
              -123.49945200010482,
              48.13211500011583
            ],
            [
              -123.49947399984612,
              48.13211400006755
            ],
            [
              -123.49957500012847,
              48.132110999922546
            ],
            [
              -123.49962100015921,
              48.13210899982581
            ],
            [
              -123.49966800001489,
              48.13210799977741
            ],
            [
              -123.49969899997703,
              48.13210799977741
            ],
            [
              -123.49973099976408,
              48.13210799977741
            ],
            [
              -123.49986999968125,
              48.132090000102
            ],
            [
              -123.49997599998648,
              48.1320859999068
            ],
            [
              -123.50015500008662,
              48.13206400002677
            ],
            [
              -123.50030499987444,
              48.1320560002316
            ],
            [
              -123.50045600038548,
              48.13204599973637
            ],
            [
              -123.50062899973952,
              48.13204200013732
            ],
            [
              -123.50073900024272,
              48.13204200013732
            ],
            [
              -123.50084800002264,
              48.13204200013732
            ],
            [
              -123.50102899977263,
              48.13202800003923
            ],
            [
              -123.50110300029078,
              48.13202599993925
            ],
            [
              -123.5011750002608,
              48.13202499988924
            ],
            [
              -123.50127499981991,
              48.13202299978915
            ],
            [
              -123.5013739995541,
              48.132021000288546
            ],
            [
              -123.50162499962427,
              48.131997999730565
            ],
            [
              -123.50165800013457,
              48.13199700027957
            ],
            [
              -123.50168200042401,
              48.131996000228995
            ],
            [
              -123.50171400021105,
              48.13199500017839
            ],
            [
              -123.50172900027968,
              48.131994000127776
            ],
            [
              -123.50174400034828,
              48.13199300007714
            ],
            [
              -123.50177699996023,
              48.13198999992506
            ],
            [
              -123.50179200002887,
              48.131987999823615
            ],
            [
              -123.50180700009747,
              48.13198500027085
            ],
            [
              -123.50183100038693,
              48.13198000001659
            ],
            [
              -123.50187099967158,
              48.13197399971084
            ],
            [
              -123.50189599978593,
              48.131970000106136
            ],
            [
              -123.50191099985453,
              48.1319680000039
            ],
            [
              -123.5020699998632,
              48.13196000019377
            ],
            [
              -123.50222899987187,
              48.13195199978282
            ],
            [
              -123.50250900025434,
              48.13194900022792
            ],
            [
              -123.50266499988996,
              48.131940999815264
            ],
            [
              -123.5028230000737,
              48.13193300000092
            ],
            [
              -123.50286300025668,
              48.131931999949096
            ],
            [
              -123.50290300043963,
              48.13193099989725
            ],
            [
              -123.50292699983076,
              48.13192999984538
            ],
            [
              -123.50337299989461,
              48.131897999974036
            ],
            [
              -123.50346800032918,
              48.13189299971131
            ],
            [
              -123.50356399969031,
              48.13188800004761
            ],
            [
              -123.50371500020138,
              48.13188800004761
            ],
            [
              -123.50386400016428,
              48.13189000015296
            ],
            [
              -123.50424800030383,
              48.13188800004761
            ],
            [
              -123.5043649995814,
              48.13188800004761
            ],
            [
              -123.50448400030541,
              48.13188800004761
            ],
            [
              -123.50458100038978,
              48.13188100027785
            ],
            [
              -123.50474000039846,
              48.13187000029507
            ],
            [
              -123.50499300011845,
              48.13185600015014
            ],
            [
              -123.50514100025643,
              48.13185600015014
            ],
            [
              -123.5052869998463,
              48.13185600015014
            ],
            [
              -123.50549299971064,
              48.131873999907576
            ],
            [
              -123.50564300039676,
              48.13188199973111
            ],
            [
              -123.50579200035969,
              48.1318910002056
            ],
            [
              -123.50599900004892,
              48.131882999783905
            ],
            [
              -123.50620699956306,
              48.13187299985459
            ],
            [
              -123.50623800042351,
              48.13187299985459
            ],
            [
              -123.5064979998162,
              48.13188000022501
            ],
            [
              -123.50679300026728,
              48.13188800004761
            ],
            [
              -123.50692700016158,
              48.13189900002653
            ],
            [
              -123.50695200027596,
              48.13190100013144
            ],
            [
              -123.50697200036743,
              48.131903000236285
            ],
            [
              -123.5069999999565,
              48.13190499974148
            ],
            [
              -123.50710700008665,
              48.13191300015979
            ],
            [
              -123.5072379996079,
              48.131912000107576
            ],
            [
              -123.50729399968439,
              48.131912000107576
            ],
            [
              -123.50730999957793,
              48.13191300015979
            ],
            [
              -123.50732700019469,
              48.131914000211985
            ],
            [
              -123.50734399991312,
              48.131915000264165
            ],
            [
              -123.50735899998172,
              48.131915000264165
            ],
            [
              -123.50737599970017,
              48.13191599971676
            ],
            [
              -123.5073919995937,
              48.13191699976889
            ],
            [
              -123.50742400027907,
              48.13191899987311
            ],
            [
              -123.5074400001726,
              48.13191999992519
            ],
            [
              -123.50745699989102,
              48.131922000029284
            ],
            [
              -123.50750299992178,
              48.13192999984538
            ],
            [
              -123.50752399983818,
              48.13193400005273
            ],
            [
              -123.50753800008187,
              48.131937000208026
            ],
            [
              -123.50756200037131,
              48.13194199986691
            ],
            [
              -123.50758300028771,
              48.131947000124875
            ],
            [
              -123.50759900018124,
              48.13195199978282
            ],
            [
              -123.50766500030348,
              48.13197399971084
            ],
            [
              -123.50770899978612,
              48.13198300016921
            ],
            [
              -123.50780900024351,
              48.131988999874345
            ],
            [
              -123.50786000029716,
              48.13200700018473
            ],
            [
              -123.50787299981762,
              48.13201099978655
            ],
            [
              -123.50789200008421,
              48.13201800013815
            ],
            [
              -123.50790999962754,
              48.1320239998392
            ],
            [
              -123.50792999971902,
              48.132029000089176
            ],
            [
              -123.50794800016071,
              48.13203399973915
            ],
            [
              -123.50796900007711,
              48.132038999988154
            ],
            [
              -123.5079890001686,
              48.132043000187
            ],
            [
              -123.50800900026009,
              48.13204599973637
            ],
            [
              -123.50802400032866,
              48.13204899988512
            ],
            [
              -123.50803900039729,
              48.13205099998421
            ],
            [
              -123.50806000031369,
              48.132053000083246
            ],
            [
              -123.50810499962122,
              48.13205999982956
            ],
            [
              -123.50811999968982,
              48.1320629999775
            ],
            [
              -123.50813399993353,
              48.13206500007603
            ],
            [
              -123.50814900000215,
              48.13206700017448
            ],
            [
              -123.50816800026872,
              48.132069999722496
            ],
            [
              -123.50818699963699,
              48.13207199982075
            ],
            [
              -123.50820199970559,
              48.13207499996799
            ],
            [
              -123.50824199988855,
              48.132080000212994
            ],
            [
              -123.50828399972137,
              48.132082999760215
            ],
            [
              -123.50830999966063,
              48.1320859999068
            ],
            [
              -123.508334999775,
              48.13208900005322
            ],
            [
              -123.50837400013306,
              48.13209499974603
            ],
            [
              -123.50841199976787,
              48.13210100003764
            ],
            [
              -123.50843699988222,
              48.132105000231654
            ],
            [
              -123.50846199999658,
              48.13210999987419
            ],
            [
              -123.50848799993588,
              48.13211400006755
            ],
            [
              -123.50851200022531,
              48.1321189997092
            ],
            [
              -123.50853700033967,
              48.132124999998005
            ],
            [
              -123.50866799986092,
              48.132136999974016
            ],
            [
              -123.50869899982305,
              48.13214499975658
            ],
            [
              -123.50872499976235,
              48.13215200008991
            ],
            [
              -123.5087640001204,
              48.13216099991756
            ],
            [
              -123.50879599990743,
              48.132167000201456
            ],
            [
              -123.50882299967162,
              48.13217199983795
            ],
            [
              -123.50886399967949,
              48.13218000021467
            ],
            [
              -123.50889700018978,
              48.132185999896784
            ],
            [
              -123.50894300022053,
              48.132193000224525
            ],
            [
              -123.50901900038852,
              48.132208999770995
            ],
            [
              -123.50909999968103,
              48.13222499991204
            ],
            [
              -123.50911999977254,
              48.1322290000964
            ],
            [
              -123.50914800025996,
              48.1322349997728
            ],
            [
              -123.50918800044293,
              48.1322410000481
            ],
            [
              -123.5092240004279,
              48.132245000231215
            ],
            [
              -123.50925600021499,
              48.132247999768786
            ],
            [
              -123.50929499967472,
              48.13225700017913
            ],
            [
              -123.50933200038297,
              48.13226599998838
            ],
            [
              -123.50935900014716,
              48.132272000260016
            ],
            [
              -123.5093769996905,
              48.13227599984115
            ],
            [
              -123.50940400035297,
              48.132281000066634
            ],
            [
              -123.50942899956902,
              48.13228799978187
            ],
            [
              -123.50944600018579,
              48.132290999916485
            ],
            [
              -123.50948800001858,
              48.132298000229916
            ],
            [
              -123.50951999980562,
              48.13230099976444
            ],
            [
              -123.50959900034664,
              48.132312000254394
            ],
            [
              -123.50962600011083,
              48.13231599983242
            ],
            [
              -123.50964299982928,
              48.132318999965406
            ],
            [
              -123.50967100031667,
              48.13232200009821
            ],
            [
              -123.50970099955558,
              48.13232500023089
            ],
            [
              -123.51004899971012,
              48.13235100017396
            ],
            [
              -123.51008899989313,
              48.132356999836105
            ],
            [
              -123.51012700042627,
              48.1323630000971
            ],
            [
              -123.51016300041127,
              48.132367000270754
            ],
            [
              -123.51020500024406,
              48.1323709998445
            ],
            [
              -123.51023299983314,
              48.132377000103865
            ],
            [
              -123.51027300001611,
              48.13238399980605
            ],
            [
              -123.51031400002401,
              48.1323900000639
            ],
            [
              -123.51034099978817,
              48.132393000192565
            ],
            [
              -123.51035800040493,
              48.13239400023541
            ],
            [
              -123.51048100042858,
              48.13239699976427
            ],
            [
              -123.51060100007919,
              48.13239999989253
            ],
            [
              -123.51064999958467,
              48.13239200014969
            ],
            [
              -123.51069899998849,
              48.13239400023541
            ],
            [
              -123.51075400024007,
              48.13239899984979
            ],
            [
              -123.51078400037728,
              48.13240199997793
            ],
            [
              -123.51080299974555,
              48.1324030000206
            ],
            [
              -123.5108279998599,
              48.13240500010589
            ],
            [
              -123.51084600030158,
              48.132407000191094
            ],
            [
              -123.51085999964695,
              48.13240800023367
            ],
            [
              -123.51090300020297,
              48.13241099976176
            ],
            [
              -123.51095699973132,
              48.1324139998892
            ],
            [
              -123.51097900037095,
              48.13241599997405
            ],
            [
              -123.51099799973922,
              48.13241700001645
            ],
            [
              -123.5110300004246,
              48.13242000014354
            ],
            [
              -123.5110520001659,
              48.13242300027044
            ],
            [
              -123.5110660004096,
              48.13242499975539
            ],
            [
              -123.51109300017379,
              48.13242899992422
            ],
            [
              -123.51116799961852,
              48.13243300009269
            ],
            [
              -123.51119699993087,
              48.13243700026084
            ],
            [
              -123.5112510003575,
              48.132447000080326
            ],
            [
              -123.51138199987878,
              48.13246400018869
            ],
            [
              -123.51144899982592,
              48.132470999879025
            ],
            [
              -123.51154300043555,
              48.13249100010234
            ],
            [
              -123.51162100025337,
              48.132506000114866
            ],
            [
              -123.51165100039061,
              48.1325119997589
            ],
            [
              -123.51175900034565,
              48.13252999988596
            ],
            [
              -123.51183700016344,
              48.13254299980726
            ],
            [
              -123.51189800026282,
              48.132549000046524
            ],
            [
              -123.51193099987476,
              48.13255200016589
            ],
            [
              -123.51194599994339,
              48.13255300020564
            ],
            [
              -123.51197500025569,
              48.13255500028509
            ],
            [
              -123.51202600030932,
              48.1325579998046
            ],
            [
              -123.51205899992128,
              48.132559999883846
            ],
            [
              -123.51207700036296,
              48.1325640000421
            ],
            [
              -123.51209599973122,
              48.13256800020006
            ],
            [
              -123.51213400026435,
              48.13257499987618
            ],
            [
              -123.51219399964049,
              48.1325810001117
            ],
            [
              -123.5123629996949,
              48.132602999770285
            ],
            [
              -123.51244399988575,
              48.1326110000798
            ],
            [
              -123.51251900022883,
              48.13261899978851
            ],
            [
              -123.51259200002376,
              48.13262600005727
            ],
            [
              -123.51270400017677,
              48.13266000014982
            ],
            [
              -123.51277799979658,
              48.132675000112975
            ],
            [
              -123.51279500041335,
              48.132678000224985
            ],
            [
              -123.51287099968305,
              48.13268599992327
            ],
            [
              -123.5129590004449,
              48.132692000145816
            ],
            [
              -123.51302499966881,
              48.13269000007172
            ],
            [
              -123.51309099979106,
              48.1326849998861
            ],
            [
              -123.51311900027845,
              48.13268799999753
            ],
            [
              -123.51314900041567,
              48.13269000007172
            ],
            [
              -123.51319500044643,
              48.13269400021985
            ],
            [
              -123.51324599960172,
              48.13269699973124
            ],
            [
              -123.5132969996554,
              48.13269999984196
            ],
            [
              -123.51334900043223,
              48.13270199991568
            ],
            [
              -123.51346499988485,
              48.132722000049064
            ],
            [
              -123.51350099986988,
              48.13272600019471
            ],
            [
              -123.51351599993849,
              48.13272700023108
            ],
            [
              -123.51353100000709,
              48.132728999704185
            ],
            [
              -123.51354699990061,
              48.13272999974049
            ],
            [
              -123.51356199996923,
              48.132730999776776
            ],
            [
              -123.51358200006072,
              48.13273299984929
            ],
            [
              -123.51375000029022,
              48.132759000185324
            ],
            [
              -123.51385800024525,
              48.13277100001317
            ],
            [
              -123.51399200013955,
              48.13276799990659
            ],
            [
              -123.5141229996608,
              48.132764999799846
            ],
            [
              -123.51416299984376,
              48.132764999799846
            ],
            [
              -123.51421800009538,
              48.13276599983545
            ],
            [
              -123.51425499990528,
              48.13276699987104
            ],
            [
              -123.5142909998903,
              48.13276699987104
            ],
            [
              -123.51438100030197,
              48.13276699987104
            ],
            [
              -123.51454399961027,
              48.132756000078054
            ],
            [
              -123.51470099996912,
              48.132744000246745
            ],
            [
              -123.51484999993203,
              48.13274899982705
            ],
            [
              -123.51498499965125,
              48.13277400011957
            ],
            [
              -123.5151019998271,
              48.13279100011968
            ],
            [
              -123.51516899977426,
              48.13280199990512
            ],
            [
              -123.51523099969853,
              48.1328130002878
            ],
            [
              -123.51526500003374,
              48.13282199999956
            ],
            [
              -123.51527900027743,
              48.132826000137406
            ],
            [
              -123.51529500017095,
              48.13283000027495
            ],
            [
              -123.51532100011022,
              48.1328369999154
            ],
            [
              -123.51533500035393,
              48.13284100005208
            ],
            [
              -123.51534899969933,
              48.13284500018845
            ],
            [
              -123.51537600036183,
              48.13285399989465
            ],
            [
              -123.51540300012599,
              48.13286200016507
            ],
            [
              -123.51541900001952,
              48.1328679997675
            ],
            [
              -123.51545099980655,
              48.1328689998011
            ],
            [
              -123.51546599987518,
              48.1328679997675
            ],
            [
              -123.51548599996666,
              48.13286599970025
            ],
            [
              -123.51550100003529,
              48.13286500026614
            ],
            [
              -123.51553399964723,
              48.13286200016507
            ],
            [
              -123.51555200008892,
              48.13286100013133
            ],
            [
              -123.51556799998242,
              48.13286100013133
            ],
            [
              -123.51559700029475,
              48.13286100013133
            ],
            [
              -123.51572600016617,
              48.13288100020279
            ],
            [
              -123.51577200019693,
              48.132741000138594
            ],
            [
              -123.51592600018272,
              48.132785999943906
            ],
            [
              -123.51610000026001,
              48.132871999901774
            ],
            [
              -123.51634200010932,
              48.132988000062994
            ],
            [
              -123.51657399991292,
              48.13309400027064
            ],
            [
              -123.51687000018892,
              48.13320000025942
            ],
            [
              -123.51716200026696,
              48.13327899994472
            ],
            [
              -123.51739499989547,
              48.13334799986641
            ],
            [
              -123.51766699988202,
              48.13341700029493
            ],
            [
              -123.51794499971639,
              48.13347499979269
            ],
            [
              -123.51806100006735,
              48.13350499983798
            ],
            [
              -123.51819999998453,
              48.13354099998914
            ],
            [
              -123.51842500011543,
              48.13361300021564
            ],
            [
              -123.51865400044429,
              48.13370000000498
            ],
            [
              -123.51891700020998,
              48.133807999972454
            ],
            [
              -123.51931300004512,
              48.133953000187844
            ],
            [
              -123.51982100003323,
              48.13412300022894
            ],
            [
              -123.51999000008766,
              48.13415599992133
            ],
            [
              -123.52013900005055,
              48.13424900003029
            ],
            [
              -123.52037900025006,
              48.134324999884655
            ],
            [
              -123.52039199977057,
              48.134330999915676
            ],
            [
              -123.52062299974924,
              48.134408000251874
            ],
            [
              -123.5208250003139,
              48.13447399984857
            ],
            [
              -123.52108800007964,
              48.134164999997246
            ],
            [
              -123.5212040004306,
              48.13402699985875
            ],
            [
              -123.52119100001181,
              48.13386400019925
            ],
            [
              -123.52136599991401,
              48.133797999818476
            ],
            [
              -123.5215070003793,
              48.1337500002513
            ],
            [
              -123.52178900041162,
              48.133638000087494
            ],
            [
              -123.52182799987135,
              48.13348500000956
            ],
            [
              -123.5218889999707,
              48.13324200018315
            ],
            [
              -123.52225899986657,
              48.133131000138846
            ],
            [
              -123.52207800011661,
              48.132815999792186
            ],
            [
              -123.52206999972069,
              48.13265900011215
            ],
            [
              -123.52205600037529,
              48.13264500018227
            ],
            [
              -123.5218670002294,
              48.13245499981463
            ],
            [
              -123.52181600017578,
              48.132404000063254
            ],
            [
              -123.5218039995819,
              48.13239200014969
            ],
            [
              -123.52171300024361,
              48.13229999971978
            ],
            [
              -123.52170300019787,
              48.13195499993708
            ],
            [
              -123.5214439997318,
              48.13176099979358
            ],
            [
              -123.52139600005121,
              48.13157800016394
            ],
            [
              -123.52133199957879,
              48.13133200011588
            ],
            [
              -123.52128300007331,
              48.131142000286076
            ],
            [
              -123.52130099961666,
              48.13097500018016
            ],
            [
              -123.52106999963796,
              48.13091799972889
            ],
            [
              -123.5208460002303,
              48.130581000280586
            ],
            [
              -123.52080199984935,
              48.13051000007919
            ],
            [
              -123.52083500035965,
              48.13049799972299
            ],
            [
              -123.52143200003621,
              48.13029299975031
            ],
            [
              -123.52155500005989,
              48.13024900024322
            ],
            [
              -123.52187599955194,
              48.13016699983482
            ],
            [
              -123.52188300012294,
              48.130158999744076
            ],
            [
              -123.52190599968915,
              48.13010300027329
            ],
            [
              -123.52190499986423,
              48.13008399980726
            ],
            [
              -123.52190200038952,
              48.13007199995109
            ],
            [
              -123.52189800019154,
              48.1300559997388
            ],
            [
              -123.5218959996434,
              48.13004399987608
            ],
            [
              -123.52189300016867,
              48.13003099992172
            ],
            [
              -123.52189200034378,
              48.13002100023131
            ],
            [
              -123.52189099962054,
              48.13000800027117
            ],
            [
              -123.52189200034378,
              48.129996999887176
            ],
            [
              -123.52189499981851,
              48.129986000100416
            ],
            [
              -123.52189700036665,
              48.12997599980171
            ],
            [
              -123.52189999984135,
              48.12996500001046
            ],
            [
              -123.52190300021444,
              48.1299549997076
            ],
            [
              -123.52190599968915,
              48.12994399991189
            ],
            [
              -123.5219099998871,
              48.129934000204535
            ],
            [
              -123.52191400008509,
              48.129922999804705
            ],
            [
              -123.5219169995598,
              48.12991300009326
            ],
            [
              -123.52192099975775,
              48.129903999871665
            ],
            [
              -123.52191800028302,
              48.129894000156526
            ],
            [
              -123.52191400008509,
              48.12988399983989
            ],
            [
              -123.52191099971202,
              48.12987300002893
            ],
            [
              -123.52190800023727,
              48.12985699975464
            ],
            [
              -123.5218959996434,
              48.12983899988979
            ],
            [
              -123.52188300012294,
              48.12983000025476
            ],
            [
              -123.52186300003143,
              48.12981600015319
            ],
            [
              -123.52184700013791,
              48.12980200004781
            ],
            [
              -123.52183899974202,
              48.129793999900244
            ],
            [
              -123.52182500039662,
              48.12977999978886
            ],
            [
              -123.5218170000007,
              48.129770000049575
            ],
            [
              -123.52180100010716,
              48.12974600018769
            ],
            [
              -123.52178400038872,
              48.12969600023958
            ],
            [
              -123.52179100006143,
              48.129661999983256
            ],
            [
              -123.52179400043448,
              48.129651000124746
            ],
            [
              -123.52180000028227,
              48.129640999760795
            ],
            [
              -123.52180600013004,
              48.12963200009108
            ],
            [
              -123.52181199997783,
              48.1296229998202
            ],
            [
              -123.5218189996505,
              48.12961400014736
            ],
            [
              -123.52182600022151,
              48.12960499987333
            ],
            [
              -123.52185100033589,
              48.12958300012957
            ],
            [
              -123.52186300003143,
              48.129572999752334
            ],
            [
              -123.52187499972702,
              48.129566000266564
            ],
            [
              -123.5218889999707,
              48.12955900018029
            ],
            [
              -123.52190200038952,
              48.129554000289396
            ],
            [
              -123.52191400008509,
              48.12954899979838
            ],
            [
              -123.52193099980352,
              48.129542999808166
            ],
            [
              -123.52194500004722,
              48.129540000112584
            ],
            [
              -123.52199799975065,
              48.12952999972698
            ],
            [
              -123.52202299986503,
              48.129524999833265
            ],
            [
              -123.52205499965206,
              48.12951600014322
            ],
            [
              -123.52207800011661,
              48.12950699985205
            ],
            [
              -123.52209200036032,
              48.12949900025808
            ],
            [
              -123.52211499992653,
              48.129481000267745
            ],
            [
              -123.52212300032245,
              48.12945799977123
            ],
            [
              -123.52212099977432,
              48.12944400016784
            ],
            [
              -123.52211599975142,
              48.129427999759876
            ],
            [
              -123.52223100027746,
              48.12926100007592
            ],
            [
              -123.5222329999273,
              48.129251000235584
            ],
            [
              -123.5222329999273,
              48.129047000189665
            ],
            [
              -123.52226600043757,
              48.129026999824134
            ],
            [
              -123.52229400002668,
              48.12900900026797
            ],
            [
              -123.52231199957002,
              48.12899600005161
            ],
            [
              -123.52232699963865,
              48.128983999941205
            ],
            [
              -123.522351999753,
              48.128966999879964
            ],
            [
              -123.5223740003926,
              48.12895099992298
            ],
            [
              -123.52239600013392,
              48.12893200022989
            ],
            [
              -123.5224089996544,
              48.128917999883505
            ],
            [
              -123.52242100024829,
              48.12890400013291
            ],
            [
              -123.52243499959366,
              48.1288839997117
            ],
            [
              -123.5224439998145,
              48.12886899984036
            ],
            [
              -123.52245300003533,
              48.128849000005054
            ],
            [
              -123.5224580000582,
              48.12883900008449
            ],
            [
              -123.52246200025617,
              48.1288199997504
            ],
            [
              -123.52246399990598,
              48.128803999747625
            ],
            [
              -123.52246599955579,
              48.12879299970534
            ],
            [
              -123.52246899992885,
              48.128782000260294
            ],
            [
              -123.52247300012682,
              48.1287710002133
            ],
            [
              -123.52248300017256,
              48.12875299996781
            ],
            [
              -123.52248999984525,
              48.12874099980062
            ],
            [
              -123.52250499991388,
              48.128718000171936
            ],
            [
              -123.5225290002033,
              48.128684999982745
            ],
            [
              -123.52255599996748,
              48.1286529998881
            ],
            [
              -123.52257500023407,
              48.12863199985259
            ],
            [
              -123.52259299977742,
              48.128614000157974
            ],
            [
              -123.52261500041705,
              48.12859199998966
            ],
            [
              -123.5226349996102,
              48.12856999981196
            ],
            [
              -123.5226470002041,
              48.128553999731295
            ],
            [
              -123.52265700024984,
              48.12854200011718
            ],
            [
              -123.5226620002727,
              48.128522000154575
            ],
            [
              -123.5226759996181,
              48.1284760000911
            ],
            [
              -123.52268599966384,
              48.12842600010567
            ],
            [
              -123.52294299958177,
              48.12842899986632
            ],
            [
              -123.5229519998026,
              48.128012000275
            ],
            [
              -123.52295299962752,
              48.12798800019115
            ],
            [
              -123.52299500035862,
              48.12798899972018
            ],
            [
              -123.52307300017644,
              48.12798999984879
            ],
            [
              -123.5235490003775,
              48.127993000234504
            ],
            [
              -123.5235490003775,
              48.127969000141796
            ],
            [
              -123.5235500002024,
              48.12762400004298
            ],
            [
              -123.52355199985224,
              48.127542000240005
            ],
            [
              -123.5242670004279,
              48.12754699972717
            ],
            [
              -123.52426999990264,
              48.127081999766126
            ],
            [
              -123.52462999975275,
              48.12708500020489
            ],
            [
              -123.52462999975275,
              48.12698099988213
            ],
            [
              -123.52463300012579,
              48.126702999888145
            ],
            [
              -123.5244780003151,
              48.1267010001804
            ],
            [
              -123.52411000006904,
              48.12669700016501
            ],
            [
              -123.52307099962832,
              48.126686999825466
            ],
            [
              -123.52282600030422,
              48.12668399996302
            ],
            [
              -123.52042600010573,
              48.126658999703714
            ],
            [
              -123.52030300008208,
              48.126658999703714
            ],
            [
              -123.52030200025719,
              48.12654899997714
            ],
            [
              -123.52028999966329,
              48.12564999997172
            ],
            [
              -123.52305399990986,
              48.12568699980684
            ],
            [
              -123.52394500021262,
              48.12569900008798
            ],
            [
              -123.52559300002552,
              48.12572000012351
            ]
          ]
        ]
      },
      "properties": {
        "AREALAND": "27741228",
        "AREAWATER": "9890799",
        "BASENAME": "Port Angeles",
        "CBSAPCI": "Y",
        "CENTLAT": "+48.1174110",
        "CENTLON": "-123.4494417",
        "FUNCSTAT": "A",
        "GEOID": "5355365",
        "INTPTLAT": "+48.1192489",
        "INTPTLON": "-123.4481103",
        "LSADC": "25",
        "MTFCC": "G4110",
        "NAME": "Port Angeles city",
        "NECTAPCI": "N",
        "OBJECTID": 29097,
        "OID": "27890479118074",
        "PLACE": "55365",
        "PLACECC": "C1",
        "PLACENS": "02411459",
        "STATE": "53",
        "DISP_CLR": 5,
        "slug": "port_angeles",
        "jurisdiction_key": "port_angeles_city",
        "county_fips": [
          "53009"
        ]
      }
    }
  ]
}
