{
  "type": "FeatureCollection",
  "features": [
    {
      "type": "Feature",
      "geometry": {
        "type": "MultiPolygon",
        "coordinates": [
          [
            [
              [
                -122.16498100009036,
                47.68981799979645
              ],
              [
                -122.16497699989242,
                47.689558000041835
              ],
              [
                -122.1649760000675,
                47.68946000009103
              ],
              [
                -122.16489800024968,
                47.688866999829436
              ],
              [
                -122.1647939995943,
                47.68811899971471
              ],
              [
                -122.16478500027179,
                47.6880540000478
              ],
              [
                -122.16477699987587,
                47.687997000096445
              ],
              [
                -122.16470599973074,
                47.68754700010778
              ],
              [
                -122.16468599963926,
                47.68741900029671
              ],
              [
                -122.16466399989794,
                47.68727599997099
              ],
              [
                -122.16461299984434,
                47.686953000249304
              ],
              [
                -122.16446899990427,
                47.68603699995469
              ],
              [
                -122.16436400032232,
                47.68538299990249
              ],
              [
                -122.16426300003997,
                47.68474800029017
              ],
              [
                -122.1642370001007,
                47.68458600027813
              ],
              [
                -122.16418500022218,
                47.684205000092234
              ],
              [
                -122.16413900019141,
                47.68397300011746
              ],
              [
                -122.16410800022928,
                47.683781999806975
              ],
              [
                -122.16399500025135,
                47.68306700004108
              ],
              [
                -122.16393699962673,
                47.6826000001187
              ],
              [
                -122.16392900012913,
                47.682529999906
              ],
              [
                -122.1639140000605,
                47.68234099976975
              ],
              [
                -122.16391700043357,
                47.68186100008989
              ],
              [
                -122.16391700043357,
                47.68162600021117
              ],
              [
                -122.1639130002356,
                47.680740000053895
              ],
              [
                -122.1639130002356,
                47.6806529999999
              ],
              [
                -122.16391900008338,
                47.67949499985395
              ],
              [
                -122.16391700043357,
                47.67899400001059
              ],
              [
                -122.16391499988542,
                47.67847400016279
              ],
              [
                -122.16391200041068,
                47.677211000239616
              ],
              [
                -122.16390900003762,
                47.676724999848545
              ],
              [
                -122.16390200036494,
                47.67531900009103
              ],
              [
                -122.16390999986254,
                47.674411000017116
              ],
              [
                -122.16391800025846,
                47.67367600021715
              ],
              [
                -122.16393800034997,
                47.6716829997235
              ],
              [
                -122.16394900022063,
                47.67081799974642
              ],
              [
                -122.16396000009128,
                47.670162000178884
              ],
              [
                -122.16396900031211,
                47.66963800023296
              ],
              [
                -122.163970000137,
                47.66940400030106
              ],
              [
                -122.163970000137,
                47.66916899996759
              ],
              [
                -122.16397099996192,
                47.668906000241975
              ],
              [
                -122.16397299961173,
                47.66837999983965
              ],
              [
                -122.16397400033497,
                47.66801200021096
              ],
              [
                -122.1639900002285,
                47.66664700005787
              ],
              [
                -122.16387800007548,
                47.666624999928835
              ],
              [
                -122.16375000002898,
                47.66660999983557
              ],
              [
                -122.16353800031686,
                47.6665860002823
              ],
              [
                -122.1633240000566,
                47.66657200018492
              ],
              [
                -122.16258799956455,
                47.666569000163534
              ],
              [
                -122.16197599981938,
                47.66656700014919
              ],
              [
                -122.16167899971843,
                47.66656600014201
              ],
              [
                -122.16168000044168,
                47.66648800012668
              ],
              [
                -122.16168000044168,
                47.66645899986631
              ],
              [
                -122.16169399978709,
                47.66582299978445
              ],
              [
                -122.16169700016012,
                47.66552599983143
              ],
              [
                -122.16169600033523,
                47.665473000181535
              ],
              [
                -122.16146000033366,
                47.6654710001252
              ],
              [
                -122.16133700031001,
                47.66547000009699
              ],
              [
                -122.16121699976108,
                47.66546900006878
              ],
              [
                -122.16113200027058,
                47.66546800004053
              ],
              [
                -122.161117000202,
                47.66546800004053
              ],
              [
                -122.16101199972171,
                47.6654670000123
              ],
              [
                -122.16090999961443,
                47.6654670000123
              ],
              [
                -122.1608090002304,
                47.66546599998406
              ],
              [
                -122.1607099995979,
                47.66546499995574
              ],
              [
                -122.16066199991731,
                47.66546499995574
              ],
              [
                -122.16060800038896,
                47.66546399992745
              ],
              [
                -122.16050499955848,
                47.6654629998991
              ],
              [
                -122.16040599982426,
                47.665461999870764
              ],
              [
                -122.16010000040085,
                47.665459999814004
              ],
              [
                -122.15999699957037,
                47.66545899978558
              ],
              [
                -122.15991399972968,
                47.66545799975717
              ],
              [
                -122.15988600014059,
                47.66545799975717
              ],
              [
                -122.15979099970603,
                47.665456999728754
              ],
              [
                -122.15968699994897,
                47.665455999700264
              ],
              [
                -122.15958700038983,
                47.665455999700264
              ],
              [
                -122.15938300017535,
                47.66545400024827
              ],
              [
                -122.15932899974867,
                47.66545300021976
              ],
              [
                -122.15917899996086,
                47.6654520001912
              ],
              [
                -122.15907900040175,
                47.66545100016267
              ],
              [
                -122.15897599957124,
                47.66545100016267
              ],
              [
                -122.15892000039308,
                47.66545100016267
              ],
              [
                -122.15868500021642,
                47.66544900010549
              ],
              [
                -122.15869100006422,
                47.66484299982204
              ],
              [
                -122.15870199993488,
                47.664314000066994
              ],
              [
                -122.15871600017856,
                47.66318700012586
              ],
              [
                -122.15872299985128,
                47.6626770002701
              ],
              [
                -122.15872600022432,
                47.662462999890614
              ],
              [
                -122.15872799987415,
                47.66231200002509
              ],
              [
                -122.15874999961544,
                47.66067400025085
              ],
              [
                -122.15874999961544,
                47.66064400026997
              ],
              [
                -122.15842800029849,
                47.66063900027145
              ],
              [
                -122.15803300028827,
                47.66063599990912
              ],
              [
                -122.1578170003782,
                47.66063200003076
              ],
              [
                -122.15778499969286,
                47.66063099990984
              ],
              [
                -122.15697399975603,
                47.660618000151544
              ],
              [
                -122.1568669996259,
                47.66061599990919
              ],
              [
                -122.15637700007944,
                47.6606080001491
              ],
              [
                -122.1555860002341,
                47.660618000151544
              ],
              [
                -122.15431800036282,
                47.66058400025645
              ],
              [
                -122.15340299977059,
                47.66055900023042
              ],
              [
                -122.15151800013122,
                47.66057499976441
              ],
              [
                -122.14949600022452,
                47.66059200002022
              ],
              [
                -122.14908500032078,
                47.660597000023195
              ],
              [
                -122.1481420001395,
                47.66060499978498
              ],
              [
                -122.14442700021402,
                47.66063900027145
              ],
              [
                -122.14335000013841,
                47.66064300014928
              ],
              [
                -122.14336100000908,
                47.65921699978047
              ],
              [
                -122.14335199978824,
                47.65853100023876
              ],
              [
                -122.14334199974252,
                47.65784599972375
              ],
              [
                -122.1433359998947,
                47.65744800025038
              ],
              [
                -122.14333099987186,
                47.65704899997395
              ],
              [
                -122.1433409999176,
                47.65512600006361
              ],
              [
                -122.1433409999176,
                47.6550609998321
              ],
              [
                -122.14340799986473,
                47.65356600001083
              ],
              [
                -122.14340299984187,
                47.65345899971357
              ],
              [
                -122.14339600016916,
                47.65328499986477
              ],
              [
                -122.14335199978824,
                47.65234000004509
              ],
              [
                -122.14334799959029,
                47.652271999738545
              ],
              [
                -122.14326200027486,
                47.65054100016402
              ],
              [
                -122.14323700016051,
                47.650001999900866
              ],
              [
                -122.14317500023624,
                47.6487049998345
              ],
              [
                -122.14308300017474,
                47.64687099988152
              ],
              [
                -122.14307800015185,
                47.64677000028947
              ],
              [
                -122.14304800001463,
                47.64595099996801
              ],
              [
                -122.14304899983952,
                47.64503599986854
              ],
              [
                -122.14304999966444,
                47.64437000000199
              ],
              [
                -122.14305600041052,
                47.644027000061286
              ],
              [
                -122.14306399990815,
                47.6424040002143
              ],
              [
                -122.14307300012898,
                47.641467999765744
              ],
              [
                -122.14308499982455,
                47.64014400030092
              ],
              [
                -122.14308599964947,
                47.6388209999009
              ],
              [
                -122.14308200034982,
                47.63871199978786
              ],
              [
                -122.14307999980169,
                47.6386190002613
              ],
              [
                -122.1430809996266,
                47.63786099997777
              ],
              [
                -122.14307599960371,
                47.63762100011611
              ],
              [
                -122.14308200034982,
                47.6368879997514
              ],
              [
                -122.14308499982455,
                47.636655000086996
              ],
              [
                -122.14307999980169,
                47.63616999976286
              ],
              [
                -122.14308599964947,
                47.63591500017062
              ],
              [
                -122.1430890000225,
                47.63563700007556
              ],
              [
                -122.14308200034982,
                47.63536299971041
              ],
              [
                -122.14304600036482,
                47.63520700015524
              ],
              [
                -122.14304399981668,
                47.634755000087246
              ],
              [
                -122.14304399981668,
                47.63453500019302
              ],
              [
                -122.14304299999176,
                47.63434099987552
              ],
              [
                -122.14304600036482,
                47.63418899977876
              ],
              [
                -122.14305499968731,
                47.633741000107726
              ],
              [
                -122.14306399990815,
                47.63325599997704
              ],
              [
                -122.14305499968731,
                47.633111000049944
              ],
              [
                -122.14302399972519,
                47.63297899970386
              ],
              [
                -122.14301100020471,
                47.63286199973746
              ],
              [
                -122.14300399963368,
                47.63242799976273
              ],
              [
                -122.14301600022758,
                47.63208500011312
              ],
              [
                -122.14304100034194,
                47.63149099970469
              ],
              [
                -122.14308800019761,
                47.628246000240964
              ],
              [
                -122.14309300022047,
                47.62786300012913
              ],
              [
                -122.14310300026621,
                47.6272960000919
              ],
              [
                -122.14310599974095,
                47.6271609997242
              ],
              [
                -122.14286499971651,
                47.627249000102125
              ],
              [
                -122.14250300021659,
                47.627380999785736
              ],
              [
                -122.14249800019373,
                47.627648999952555
              ],
              [
                -122.1423919998885,
                47.62770400014664
              ],
              [
                -122.14239100006358,
                47.62777400003482
              ],
              [
                -122.14239100006358,
                47.627864000272154
              ],
              [
                -122.14182299980102,
                47.62786499980977
              ],
              [
                -122.14142899961573,
                47.6278659999528
              ],
              [
                -122.14096599983345,
                47.627867000095804
              ],
              [
                -122.14054700043211,
                47.62786899977629
              ],
              [
                -122.13808500030935,
                47.62787899999394
              ],
              [
                -122.13772999958377,
                47.62787600017102
              ],
              [
                -122.13727500019742,
                47.62787299974251
              ],
              [
                -122.13677899990488,
                47.62803900018917
              ],
              [
                -122.13652199998694,
                47.62813199977864
              ],
              [
                -122.1362099998174,
                47.62825999971766
              ],
              [
                -122.13586800040895,
                47.62841800029795
              ],
              [
                -122.1356059995698,
                47.6285740001417
              ],
              [
                -122.13550299963764,
                47.62864400007549
              ],
              [
                -122.13528000005488,
                47.62881800028313
              ],
              [
                -122.13517899977256,
                47.62891000017971
              ],
              [
                -122.13500600041849,
                47.629095000211855
              ],
              [
                -122.13492900042561,
                47.62918999997392
              ],
              [
                -122.13476100019611,
                47.629445000297586
              ],
              [
                -122.13465499989091,
                47.629674999700406
              ],
              [
                -122.1346270003018,
                47.62975800015496
              ],
              [
                -122.13459600033967,
                47.62987900022408
              ],
              [
                -122.13457799989801,
                47.629956999839976
              ],
              [
                -122.13452500019456,
                47.630227999804866
              ],
              [
                -122.13440999966852,
                47.63091299995607
              ],
              [
                -122.13438600027739,
                47.63100499979709
              ],
              [
                -122.13432699982783,
                47.631157000074545
              ],
              [
                -122.13425499985783,
                47.631296000116535
              ],
              [
                -122.13414799972772,
                47.631468999896235
              ],
              [
                -122.13411699976555,
                47.63150099983471
              ],
              [
                -122.13404099959757,
                47.63158299973898
              ],
              [
                -122.13384099958104,
                47.63178000020862
              ],
              [
                -122.13373500017416,
                47.63187299980051
              ],
              [
                -122.13363700026487,
                47.63194699981315
              ],
              [
                -122.1334580001647,
                47.632068000262535
              ],
              [
                -122.13342300000461,
                47.63208800029984
              ],
              [
                -122.13286899998573,
                47.632406999799436
              ],
              [
                -122.13235400032492,
                47.63269500003015
              ],
              [
                -122.1323519997768,
                47.633657999925326
              ],
              [
                -122.13234900030206,
                47.63513699993183
              ],
              [
                -122.13164600032027,
                47.63512099986759
              ],
              [
                -122.13038000009881,
                47.635102999789474
              ],
              [
                -122.12967399974397,
                47.635102999789474
              ],
              [
                -122.12949600036704,
                47.635102999789474
              ],
              [
                -122.12927399971086,
                47.635117999855
              ],
              [
                -122.12909200013598,
                47.63516800004235
              ],
              [
                -122.12905399960285,
                47.635178000074035
              ],
              [
                -122.12898900020384,
                47.63521500017479
              ],
              [
                -122.1283609996668,
                47.63520400014759
              ],
              [
                -122.12821799955168,
                47.635200000137104
              ],
              [
                -122.12802799958088,
                47.635194000120826
              ],
              [
                -122.12722099984202,
                47.63566299992068
              ],
              [
                -122.12673399977031,
                47.635949999772905
              ],
              [
                -122.12581200040368,
                47.63649800017407
              ],
              [
                -122.12560700036431,
                47.63661899977084
              ],
              [
                -122.12491799972791,
                47.63702900022313
              ],
              [
                -122.12371799962867,
                47.6376919999933
              ],
              [
                -122.12324999982353,
                47.63799000024996
              ],
              [
                -122.12313500019579,
                47.63806799986583
              ],
              [
                -122.12286099966109,
                47.63827899991944
              ],
              [
                -122.12241999962012,
                47.6386190002613
              ],
              [
                -122.12226800018246,
                47.63873799991874
              ],
              [
                -122.12184700023298,
                47.63906699987555
              ],
              [
                -122.12051300023944,
                47.64011300011622
              ],
              [
                -122.11990399996897,
                47.640593000054025
              ],
              [
                -122.11969700027974,
                47.64075700025269
              ],
              [
                -122.11840099992105,
                47.641778999884366
              ],
              [
                -122.1173780002721,
                47.64259900011349
              ],
              [
                -122.11728700003552,
                47.642672000208215
              ],
              [
                -122.11587199985112,
                47.6438060000287
              ],
              [
                -122.11563500002465,
                47.644017999741386
              ],
              [
                -122.11469299966828,
                47.644972000208355
              ],
              [
                -122.11452299978895,
                47.64511900013376
              ],
              [
                -122.11447199973531,
                47.64517400009834
              ],
              [
                -122.11438300004689,
                47.64528300004409
              ],
              [
                -122.11428500013756,
                47.6454710002378
              ],
              [
                -122.11426099984814,
                47.64553400008694
              ],
              [
                -122.11423200043413,
                47.645701999716714
              ],
              [
                -122.11423300025905,
                47.64583900020358
              ],
              [
                -122.11427799956655,
                47.646080000236665
              ],
              [
                -122.1134619996069,
                47.646084000019435
              ],
              [
                -122.11288199964875,
                47.64608700000755
              ],
              [
                -122.11238100023164,
                47.64608999999554
              ],
              [
                -122.11204999979553,
                47.646083000225055
              ],
              [
                -122.11174400037208,
                47.64608600021327
              ],
              [
                -122.1109019995748,
                47.64608799980184
              ],
              [
                -122.11092300038952,
                47.6452549999187
              ],
              [
                -122.1109149999936,
                47.64485600028397
              ],
              [
                -122.11091599981853,
                47.64391099985403
              ],
              [
                -122.1109140001687,
                47.64369200022144
              ],
              [
                -122.11091300034379,
                47.643471999826346
              ],
              [
                -122.11090599977278,
                47.643234000017294
              ],
              [
                -122.11090800032092,
                47.642363000294935
              ],
              [
                -122.11090800032092,
                47.6423290000127
              ],
              [
                -122.110899999925,
                47.64129499979947
              ],
              [
                -122.110899999925,
                47.64064899984023
              ],
              [
                -122.11090999997073,
                47.63942100005042
              ],
              [
                -122.11091300034379,
                47.63921599992685
              ],
              [
                -122.11090300029805,
                47.63874200026368
              ],
              [
                -122.110899999925,
                47.63860399999021
              ],
              [
                -122.11090499994786,
                47.638453000128685
              ],
              [
                -122.110899999925,
                47.638076000052656
              ],
              [
                -122.11090999997073,
                47.637259000145995
              ],
              [
                -122.1109069995977,
                47.636724000119266
              ],
              [
                -122.11090800032092,
                47.636314000300295
              ],
              [
                -122.11091900019157,
                47.635605000248376
              ],
              [
                -122.1109140001687,
                47.63544700020922
              ],
              [
                -122.11089499990213,
                47.6354070002768
              ],
              [
                -122.1108659995898,
                47.635374999703465
              ],
              [
                -122.11083100032802,
                47.635357999712454
              ],
              [
                -122.11085399989423,
                47.63530699970634
              ],
              [
                -122.11085499971915,
                47.63506000018314
              ],
              [
                -122.11085499971915,
                47.63490899976474
              ],
              [
                -122.11085499971915,
                47.63401399987252
              ],
              [
                -122.11085499971915,
                47.63389899985722
              ],
              [
                -122.11085800009221,
                47.63294600001923
              ],
              [
                -122.11086300011507,
                47.63123999999166
              ],
              [
                -122.1109209998414,
                47.63009000004973
              ],
              [
                -122.11093000006221,
                47.62816000000019
              ],
              [
                -122.11093699973492,
                47.62763400016476
              ],
              [
                -122.11039399958669,
                47.6276330000173
              ],
              [
                -122.10862000027541,
                47.62763700000157
              ],
              [
                -122.10686100013444,
                47.627618999767236
              ],
              [
                -122.10565299963928,
                47.62761099979562
              ],
              [
                -122.10433799991227,
                47.62760399997082
              ],
              [
                -122.10371799977118,
                47.627584000033806
              ],
              [
                -122.10357300000622,
                47.627584000033806
              ],
              [
                -122.10266400016013,
                47.627584000033806
              ],
              [
                -122.102368999709,
                47.627581000193956
              ],
              [
                -122.1011080004087,
                47.6275720000679
              ],
              [
                -122.10036000022107,
                47.62756699992996
              ],
              [
                -122.09972099981339,
                47.62756299994033
              ],
              [
                -122.09848599955407,
                47.62756100024809
              ],
              [
                -122.09828800008566,
                47.62755799980149
              ],
              [
                -122.09771499980022,
                47.62755499996015
              ],
              [
                -122.09732399998798,
                47.6275530002676
              ],
              [
                -122.09654800021124,
                47.62754800012785
              ],
              [
                -122.09597199955275,
                47.627545000285934
              ],
              [
                -122.09555999982409,
                47.627541999838414
              ],
              [
                -122.09551899981622,
                47.627541999838414
              ],
              [
                -122.09550100027288,
                47.627541999838414
              ],
              [
                -122.0949199995915,
                47.62753799984687
              ],
              [
                -122.09370399959874,
                47.627529999862865
              ],
              [
                -122.092968000005,
                47.627529999862865
              ],
              [
                -122.09255399972821,
                47.627529999862865
              ],
              [
                -122.09221899999245,
                47.62718300013529
              ],
              [
                -122.09209000012102,
                47.62724399993325
              ],
              [
                -122.0920320003947,
                47.62728100020281
              ],
              [
                -122.09195299985367,
                47.62734400019243
              ],
              [
                -122.09185699959419,
                47.627452000257435
              ],
              [
                -122.09181899995937,
                47.6275110000473
              ],
              [
                -122.09090099989243,
                47.6275120001971
              ],
              [
                -122.08988999993907,
                47.62752800016936
              ],
              [
                -122.08873300039585,
                47.627528999713405
              ],
              [
                -122.08818900042272,
                47.6275310000123
              ],
              [
                -122.08692599967596,
                47.62753299970564
              ],
              [
                -122.08359499989005,
                47.62753299970564
              ],
              [
                -122.07930099983135,
                47.627536000153675
              ],
              [
                -122.07930099983135,
                47.62808099998519
              ],
              [
                -122.07951799956633,
                47.63053800014588
              ],
              [
                -122.07968900016888,
                47.63111900004665
              ],
              [
                -122.07999100029267,
                47.63214199999907
              ],
              [
                -122.08056000038015,
                47.63337899989199
              ],
              [
                -122.08071000016798,
                47.63370400017398
              ],
              [
                -122.08080100040456,
                47.63384800024314
              ],
              [
                -122.08166599986973,
                47.63520700015524
              ],
              [
                -122.08284900025056,
                47.63663300003126
              ],
              [
                -122.0842469998182,
                47.63796900010065
              ],
              [
                -122.08584399957749,
                47.639198000048864
              ],
              [
                -122.08647499958924,
                47.63970099982008
              ],
              [
                -122.08884700019865,
                47.64135299981353
              ],
              [
                -122.08902899977353,
                47.641467999765744
              ],
              [
                -122.08932699969937,
                47.64164200024904
              ],
              [
                -122.09196299989941,
                47.64337200016579
              ],
              [
                -122.09238700022193,
                47.6436510001025
              ],
              [
                -122.09254100020772,
                47.64375799991719
              ],
              [
                -122.09352200002387,
                47.64448999969999
              ],
              [
                -122.09662799967887,
                47.64713800018143
              ],
              [
                -122.09724600017016,
                47.64766500015411
              ],
              [
                -122.09751099958574,
                47.64787400005451
              ],
              [
                -122.09815400019136,
                47.64838100001813
              ],
              [
                -122.09958100007132,
                47.6493170000555
              ],
              [
                -122.10114500021862,
                47.650147999872544
              ],
              [
                -122.10282900001657,
                47.65086299988322
              ],
              [
                -122.10631100031351,
                47.65218500002708
              ],
              [
                -122.10683000017228,
                47.652392999715374
              ],
              [
                -122.10738199964302,
                47.652593000007556
              ],
              [
                -122.10868499967444,
                47.65309500003545
              ],
              [
                -122.11081500043449,
                47.65387099981899
              ],
              [
                -122.11146099961657,
                47.65405899996202
              ],
              [
                -122.1118869995889,
                47.65424000014574
              ],
              [
                -122.11239100027737,
                47.654637000237194
              ],
              [
                -122.1127879999374,
                47.655177000086226
              ],
              [
                -122.1129560001669,
                47.65542900000062
              ],
              [
                -122.11335200000202,
                47.65594600013131
              ],
              [
                -122.1138089999365,
                47.65652200029806
              ],
              [
                -122.11422900006109,
                47.65682300021784
              ],
              [
                -122.11464900018564,
                47.65703899989298
              ],
              [
                -122.11518200028813,
                47.65725199993302
              ],
              [
                -122.11870600041789,
                47.65575000022659
              ],
              [
                -122.11890700025931,
                47.65566600030157
              ],
              [
                -122.1190319999328,
                47.6557840002443
              ],
              [
                -122.11979400036414,
                47.65649400014692
              ],
              [
                -122.11999600003048,
                47.65668300011918
              ],
              [
                -122.12024799992557,
                47.6569110002606
              ],
              [
                -122.12058600003436,
                47.6572159998935
              ],
              [
                -122.12129400003904,
                47.657810000093825
              ],
              [
                -122.12174000010286,
                47.658161999981814
              ],
              [
                -122.12182100029372,
                47.65822699998348
              ],
              [
                -122.12297500036222,
                47.65909999988053
              ],
              [
                -122.1233529997557,
                47.65938500017115
              ],
              [
                -122.12443499985415,
                47.66023699979369
              ],
              [
                -122.12455399967983,
                47.66032299987924
              ],
              [
                -122.12438600034866,
                47.66040300028191
              ],
              [
                -122.12476600029025,
                47.66069499974318
              ],
              [
                -122.1256280002807,
                47.661441000200305
              ],
              [
                -122.12587599997782,
                47.66177800014245
              ],
              [
                -122.12606900032165,
                47.66204100008858
              ],
              [
                -122.1261420001166,
                47.66219599989183
              ],
              [
                -122.12650299979161,
                47.66296399994191
              ],
              [
                -122.12642800034686,
                47.662976000250055
              ],
              [
                -122.12632600023962,
                47.662995999950894
              ],
              [
                -122.12639300018675,
                47.663049999770294
              ],
              [
                -122.12655499967016,
                47.66325700027476
              ],
              [
                -122.12661599976954,
                47.66333400020914
              ],
              [
                -122.12670000033341,
                47.66346900029134
              ],
              [
                -122.12671399967881,
                47.66349200000165
              ],
              [
                -122.12693499961175,
                47.66410600006964
              ],
              [
                -122.12695499970322,
                47.66419600004223
              ],
              [
                -122.12697499979473,
                47.66446500019156
              ],
              [
                -122.12696999977186,
                47.66454699978374
              ],
              [
                -122.12695399987832,
                47.66462799980774
              ],
              [
                -122.126932000137,
                47.66474199989751
              ],
              [
                -122.12681999998402,
                47.6650039999986
              ],
              [
                -122.12678399999899,
                47.665062999736065
              ],
              [
                -122.12672200007474,
                47.665242999856005
              ],
              [
                -122.12656200024117,
                47.66570300009857
              ],
              [
                -122.12646699980661,
                47.666375000231184
              ],
              [
                -122.12641800030113,
                47.666617999885844
              ],
              [
                -122.12646000013392,
                47.66676599999004
              ],
              [
                -122.12638499979086,
                47.666769000000066
              ],
              [
                -122.12609699991074,
                47.66678400004768
              ],
              [
                -122.12161299988125,
                47.66702200022597
              ],
              [
                -122.11239700012516,
                47.66687200024007
              ],
              [
                -122.11202499968115,
                47.66688900026012
              ],
              [
                -122.11113599992655,
                47.667050000175635
              ],
              [
                -122.11091300034379,
                47.66708900008044
              ],
              [
                -122.1109140001687,
                47.666744999914975
              ],
              [
                -122.11092000001649,
                47.66622500020079
              ],
              [
                -122.1109280004124,
                47.665280999869196
              ],
              [
                -122.11093900028305,
                47.66406100002517
              ],
              [
                -122.11064899985482,
                47.66405599974892
              ],
              [
                -122.10954599983995,
                47.66404599980005
              ],
              [
                -122.10876300039052,
                47.66403699990492
              ],
              [
                -122.10796999999707,
                47.66402900006404
              ],
              [
                -122.10728999958152,
                47.66402100022192
              ],
              [
                -122.10577800021105,
                47.664000999703816
              ],
              [
                -122.1055990001109,
                47.66400599998531
              ],
              [
                -122.10555499972997,
                47.66400599998531
              ],
              [
                -122.10554899988219,
                47.66392400014834
              ],
              [
                -122.10554999970711,
                47.66367100003125
              ],
              [
                -122.10555100043034,
                47.663361999717104
              ],
              [
                -122.10555100043034,
                47.663276999867904
              ],
              [
                -122.10555399990506,
                47.66222199982935
              ],
              [
                -122.10549100015587,
                47.66222199982935
              ],
              [
                -122.10446900033185,
                47.6622089998622
              ],
              [
                -122.10360300014347,
                47.66219800007365
              ],
              [
                -122.10194100008684,
                47.66217800006709
              ],
              [
                -122.10176399963652,
                47.662175999884504
              ],
              [
                -122.10015400035677,
                47.66215599986956
              ],
              [
                -122.10015400035677,
                47.66187299977435
              ],
              [
                -122.10015299963352,
                47.661568000119765
              ],
              [
                -122.10015299963352,
                47.661312999864094
              ],
              [
                -122.10014500013592,
                47.66115600024262
              ],
              [
                -122.10011900019668,
                47.66071300007925
              ],
              [
                -122.10011099980076,
                47.66035800007049
              ],
              [
                -122.10009699955705,
                47.65981000007119
              ],
              [
                -122.10009400008231,
                47.65964599979219
              ],
              [
                -122.10008700040963,
                47.65936999981251
              ],
              [
                -122.09981500042305,
                47.65936999981251
              ],
              [
                -122.0997910001336,
                47.65936999981251
              ],
              [
                -122.0993829997046,
                47.65936900027247
              ],
              [
                -122.09916199977167,
                47.65936900027247
              ],
              [
                -122.09796599987037,
                47.65936699998227
              ],
              [
                -122.09772499984595,
                47.65936699998227
              ],
              [
                -122.09772200037122,
                47.65974500022515
              ],
              [
                -122.09767399979232,
                47.65974500022515
              ],
              [
                -122.09688200012208,
                47.65974000014054
              ],
              [
                -122.09685600018281,
                47.659739000002574
              ],
              [
                -122.09647500041632,
                47.65973699972654
              ],
              [
                -122.09625500030828,
                47.65974100027853
              ],
              [
                -122.09612300006381,
                47.659536000032155
              ],
              [
                -122.0955170001664,
                47.65856500026076
              ],
              [
                -122.09525500022559,
                47.65814599970835
              ],
              [
                -122.09516300016409,
                47.657992000153456
              ],
              [
                -122.09504500016328,
                47.657769999736374
              ],
              [
                -122.09494200023113,
                47.65754400007567
              ],
              [
                -122.09480499996377,
                47.65721899984734
              ],
              [
                -122.09466900041966,
                47.656894000016344
              ],
              [
                -122.09459599972641,
                47.656739999794084
              ],
              [
                -122.09450799986286,
                47.65658899971266
              ],
              [
                -122.09440499993069,
                47.65644300020048
              ],
              [
                -122.09428799975481,
                47.65630300029313
              ],
              [
                -122.0941570002336,
                47.65616700023115
              ],
              [
                -122.09401199957031,
                47.656039000276365
              ],
              [
                -122.09385500010978,
                47.65591700006521
              ],
              [
                -122.09371600019261,
                47.655823000094934
              ],
              [
                -122.09297999970056,
                47.65537000026656
              ],
              [
                -122.09280200032363,
                47.655253000217286
              ],
              [
                -122.0927010000413,
                47.655178999931856
              ],
              [
                -122.09276899981336,
                47.6551350002848
              ],
              [
                -122.09290400043089,
                47.655049000124976
              ],
              [
                -122.09323900016666,
                47.65483800003338
              ],
              [
                -122.0920170003261,
                47.65365299984206
              ],
              [
                -122.09199899988441,
                47.653624999967825
              ],
              [
                -122.0918559997693,
                47.65366900028215
              ],
              [
                -122.0916030000493,
                47.65374799973571
              ],
              [
                -122.09138700013926,
                47.65381599993561
              ],
              [
                -122.09109300041135,
                47.653907999993955
              ],
              [
                -122.09114699993971,
                47.65398700029618
              ],
              [
                -122.09123300015345,
                47.65411400019453
              ],
              [
                -122.09104200035773,
                47.65417100025335
              ],
              [
                -122.09086599973233,
                47.6542459997901
              ],
              [
                -122.09075000027968,
                47.65431899994571
              ],
              [
                -122.09070300042403,
                47.654363999916214
              ],
              [
                -122.09060899981438,
                47.654476000158496
              ],
              [
                -122.0904630002245,
                47.65472400009944
              ],
              [
                -122.09035600009439,
                47.6549060000241
              ],
              [
                -122.09021899982704,
                47.65514000020528
              ],
              [
                -122.0899130004036,
                47.655637000079956
              ],
              [
                -122.08957799976955,
                47.65607600012535
              ],
              [
                -122.0893650002325,
                47.656531000278584
              ],
              [
                -122.08925499972936,
                47.656671999771405
              ],
              [
                -122.08912099983506,
                47.65682699978293
              ],
              [
                -122.08902399975067,
                47.6569170002031
              ],
              [
                -122.08891199959768,
                47.65697700019534
              ],
              [
                -122.08873599987056,
                47.65705799986369
              ],
              [
                -122.08848200032568,
                47.657198999748594
              ],
              [
                -122.0881619997602,
                47.65748700006833
              ],
              [
                -122.08811800027762,
                47.65748100019134
              ],
              [
                -122.0875550000379,
                47.65740700003799
              ],
              [
                -122.0872520000892,
                47.65736599979346
              ],
              [
                -122.0869630003842,
                47.6573239999375
              ],
              [
                -122.08704700004978,
                47.65750800023747
              ],
              [
                -122.08714499995908,
                47.65773100012981
              ],
              [
                -122.08715900020276,
                47.657985000162874
              ],
              [
                -122.08726100031004,
                47.65827399994356
              ],
              [
                -122.0872100002564,
                47.6585809998008
              ],
              [
                -122.08711599964676,
                47.65882000002253
              ],
              [
                -122.08703100015626,
                47.65900799989405
              ],
              [
                -122.08693400007188,
                47.659220999767236
              ],
              [
                -122.08685299988103,
                47.65940299974876
              ],
              [
                -122.08672200035979,
                47.65982999977483
              ],
              [
                -122.08649499968074,
                47.66012099989011
              ],
              [
                -122.08651999979509,
                47.66033100028806
              ],
              [
                -122.08645200002303,
                47.66070199997547
              ],
              [
                -122.08634800026597,
                47.66094000005351
              ],
              [
                -122.08621099999861,
                47.66122299976119
              ],
              [
                -122.0860600003859,
                47.66140500002403
              ],
              [
                -122.08596699960115,
                47.661652000230205
              ],
              [
                -122.08593999983694,
                47.66177900024136
              ],
              [
                -122.08584600012564,
                47.66188499972831
              ],
              [
                -122.08578699967609,
                47.66195100003071
              ],
              [
                -122.08485799973849,
                47.66244500015794
              ],
              [
                -122.0843940001313,
                47.662775999795514
              ],
              [
                -122.0840910001826,
                47.66290899995626
              ],
              [
                -122.08380499995233,
                47.66296700017045
              ],
              [
                -122.08350799985142,
                47.663014000098556
              ],
              [
                -122.08333600032228,
                47.66302200009498
              ],
              [
                -122.08289699993114,
                47.66316200013639
              ],
              [
                -122.08243900017173,
                47.66316200013639
              ],
              [
                -122.08176600032719,
                47.66333400020914
              ],
              [
                -122.08152000027988,
                47.66350899991256
              ],
              [
                -122.08138100036271,
                47.6635870001445
              ],
              [
                -122.08110199980514,
                47.663644000147194
              ],
              [
                -122.08073600010725,
                47.663688999946174
              ],
              [
                -122.080189999586,
                47.663683000176874
              ],
              [
                -122.08003099957732,
                47.66372200017742
              ],
              [
                -122.0798470003526,
                47.66376799996999
              ],
              [
                -122.07954400040391,
                47.66385699986125
              ],
              [
                -122.07927800026513,
                47.66396999976288
              ],
              [
                -122.0791140002336,
                47.664185000067356
              ],
              [
                -122.0789800003393,
                47.66446799972888
              ],
              [
                -122.07901799997413,
                47.66473500020693
              ],
              [
                -122.0790420002636,
                47.66510399998605
              ],
              [
                -122.07913699979984,
                47.6654029999793
              ],
              [
                -122.07936199993073,
                47.66571199970647
              ],
              [
                -122.07947099971068,
                47.66604399982015
              ],
              [
                -122.07959999958211,
                47.66623399971869
              ],
              [
                -122.07964700033608,
                47.66629999996741
              ],
              [
                -122.07991000010182,
                47.66671399978869
              ],
              [
                -122.07994600008685,
                47.666769000000066
              ],
              [
                -122.08008699965383,
                47.66698900026607
              ],
              [
                -122.08013100003475,
                47.667062000149436
              ],
              [
                -122.08053100006784,
                47.667667000093054
              ],
              [
                -122.08062499977916,
                47.667833999926415
              ],
              [
                -122.08068599987853,
                47.66811999970031
              ],
              [
                -122.08071199981782,
                47.66824599972949
              ],
              [
                -122.08073699993217,
                47.668296000271305
              ],
              [
                -122.08083999986432,
                47.66848499986616
              ],
              [
                -122.08085499993294,
                47.66850499987609
              ],
              [
                -122.0811699995772,
                47.668919999713374
              ],
              [
                -122.08121599960796,
                47.66903999986754
              ],
              [
                -122.08128799957797,
                47.66923099970526
              ],
              [
                -122.08134899967735,
                47.66949600011508
              ],
              [
                -122.08141399997469,
                47.66977999996451
              ],
              [
                -122.08153799982323,
                47.67005799983693
              ],
              [
                -122.0816909999841,
                47.67041299981898
              ],
              [
                -122.08167799956531,
                47.671327999911526
              ],
              [
                -122.08208199979637,
                47.671326999995564
              ],
              [
                -122.0821260001773,
                47.67236800015189
              ],
              [
                -122.0821620001623,
                47.672552999948564
              ],
              [
                -122.08222400008658,
                47.67287199976431
              ],
              [
                -122.08165400017418,
                47.6728740001419
              ],
              [
                -122.08143300024125,
                47.67287599991457
              ],
              [
                -122.08113199994237,
                47.67287500002827
              ],
              [
                -122.08113699996522,
                47.67318600004311
              ],
              [
                -122.08098999965216,
                47.67318699992345
              ],
              [
                -122.08056299985489,
                47.6731900001693
              ],
              [
                -122.08033799972398,
                47.673189000289014
              ],
              [
                -122.07899200003489,
                47.67319500017541
              ],
              [
                -122.07899299985978,
                47.67324699996864
              ],
              [
                -122.0789939996847,
                47.67373300009053
              ],
              [
                -122.07899299985978,
                47.674997999816014
              ],
              [
                -122.0810630003454,
                47.6750040000993
              ],
              [
                -122.08124400009537,
                47.6750040000993
              ],
              [
                -122.08134899967735,
                47.6750040000993
              ],
              [
                -122.08143700043922,
                47.67500899993159
              ],
              [
                -122.08153899964815,
                47.67501500021361
              ],
              [
                -122.08170000020495,
                47.67503200000084
              ],
              [
                -122.08170000020495,
                47.67511799990685
              ],
              [
                -122.08169799965681,
                47.67545400002383
              ],
              [
                -122.08170000020495,
                47.675508000262106
              ],
              [
                -122.08169699983189,
                47.675908000219515
              ],
              [
                -122.08169600000697,
                47.67615699979523
              ],
              [
                -122.08169500018208,
                47.67681600025252
              ],
              [
                -122.08169400035719,
                47.67717200003554
              ],
              [
                -122.08169299963394,
                47.677385999990044
              ],
              [
                -122.08169299963394,
                47.67757899972197
              ],
              [
                -122.08169199980902,
                47.67772400021044
              ],
              [
                -122.0816909999841,
                47.678233000236766
              ],
              [
                -122.08169000015918,
                47.678629000159454
              ],
              [
                -122.08351000039956,
                47.67862499984537
              ],
              [
                -122.08424299962026,
                47.67862199991201
              ],
              [
                -122.08436700036714,
                47.67862100013581
              ],
              [
                -122.08436399999407,
                47.67882099975492
              ],
              [
                -122.08435599959815,
                47.679443000238805
              ],
              [
                -122.0843430000777,
                47.680516000128186
              ],
              [
                -122.08432100033637,
                47.68196400017917
              ],
              [
                -122.08432100033637,
                47.6822359998014
              ],
              [
                -122.07940899978641,
                47.682284000227845
              ],
              [
                -122.07917500033297,
                47.68233100030027
              ],
              [
                -122.07927499989208,
                47.68253900024101
              ],
              [
                -122.07956799979506,
                47.683045000181316
              ],
              [
                -122.07966300022962,
                47.68320999981062
              ],
              [
                -122.0814230001955,
                47.683182999753036
              ],
              [
                -122.08135700007327,
                47.684334000200096
              ],
              [
                -122.08128599992816,
                47.68438300017624
              ],
              [
                -122.08135500042344,
                47.68438300017624
              ],
              [
                -122.08159700027278,
                47.68439000025546
              ],
              [
                -122.08202700044308,
                47.684381999905675
              ],
              [
                -122.08432100033637,
                47.68438100023981
              ],
              [
                -122.08434700027564,
                47.68391799989395
              ],
              [
                -122.08642400043395,
                47.68390699984226
              ],
              [
                -122.08694199956949,
                47.68390099997803
              ],
              [
                -122.08693800026985,
                47.68405200028208
              ],
              [
                -122.08692400002614,
                47.6844190002281
              ],
              [
                -122.08690800013261,
                47.684684999975715
              ],
              [
                -122.0868939998889,
                47.68528800012366
              ],
              [
                -122.08687299997251,
                47.685597000043565
              ],
              [
                -122.08694300029272,
                47.685597000043565
              ],
              [
                -122.08763700005368,
                47.685597000043565
              ],
              [
                -122.08890800029802,
                47.685597000043565
              ],
              [
                -122.08916900041392,
                47.685597000043565
              ],
              [
                -122.08949599975375,
                47.685597000043565
              ],
              [
                -122.09004399992484,
                47.685597000043565
              ],
              [
                -122.09037299981281,
                47.685597000043565
              ],
              [
                -122.09045999985145,
                47.685597000043565
              ],
              [
                -122.09056899963142,
                47.685597000043565
              ],
              [
                -122.09056699998159,
                47.685683000073375
              ],
              [
                -122.09056600015667,
                47.68574000013457
              ],
              [
                -122.09053900039248,
                47.68657400027209
              ],
              [
                -122.09052299960064,
                47.687080999994485
              ],
              [
                -122.09048900016377,
                47.68707999977566
              ],
              [
                -122.0904680002474,
                47.68707999977566
              ],
              [
                -122.08995100003844,
                47.6870719998384
              ],
              [
                -122.08949300027903,
                47.68706899978602
              ],
              [
                -122.08943999967727,
                47.68706899978602
              ],
              [
                -122.08943499965437,
                47.687204999769314
              ],
              [
                -122.08943300000459,
                47.687279000011465
              ],
              [
                -122.0894199995858,
                47.68758399999932
              ],
              [
                -122.08941600028614,
                47.6877210000558
              ],
              [
                -122.08938199995096,
                47.68885500003193
              ],
              [
                -122.08938100012604,
                47.688912000255
              ],
              [
                -122.08938199995096,
                47.688941000132395
              ],
              [
                -122.08938199995096,
                47.68898700007168
              ],
              [
                -122.08938000030113,
                47.68901700008907
              ],
              [
                -122.08943999967727,
                47.688990000013725
              ],
              [
                -122.08949499992886,
                47.688965999867804
              ],
              [
                -122.08972400025772,
                47.688972999936695
              ],
              [
                -122.08980700009838,
                47.68897500030174
              ],
              [
                -122.08993099994697,
                47.68897899982225
              ],
              [
                -122.08989999998481,
                47.689051000208906
              ],
              [
                -122.08986700037286,
                47.68915699994216
              ],
              [
                -122.0898570003271,
                47.68923700029419
              ],
              [
                -122.08985300012914,
                47.689273000019554
              ],
              [
                -122.08987800024352,
                47.689318000094765
              ],
              [
                -122.08991800042647,
                47.689339999727714
              ],
              [
                -122.08995500023639,
                47.689367000226625
              ],
              [
                -122.09006999986411,
                47.68937199989192
              ],
              [
                -122.09013400033653,
                47.689440000251246
              ],
              [
                -122.09021700017722,
                47.689498000007454
              ],
              [
                -122.09025499981205,
                47.68958899990157
              ],
              [
                -122.09030400021587,
                47.689618000007236
              ],
              [
                -122.09039399972924,
                47.68968799977881
              ],
              [
                -122.09049500001156,
                47.689734000268665
              ],
              [
                -122.09064899999734,
                47.68981200000743
              ],
              [
                -122.09078999956435,
                47.68986499973238
              ],
              [
                -122.09087499995317,
                47.68990599984773
              ],
              [
                -122.09096000034197,
                47.68994100015667
              ],
              [
                -122.09107300031987,
                47.68998699981867
              ],
              [
                -122.09114399956667,
                47.69000199984427
              ],
              [
                -122.0912380001763,
                47.690015000145195
              ],
              [
                -122.09134000028357,
                47.69002200007325
              ],
              [
                -122.09140700023073,
                47.69001900019061
              ],
              [
                -122.09146800033008,
                47.69004299985193
              ],
              [
                -122.09170599998147,
                47.69004800005718
              ],
              [
                -122.09178399979926,
                47.69004400001394
              ],
              [
                -122.09188599990654,
                47.69004100013256
              ],
              [
                -122.09188199970856,
                47.69009700010784
              ],
              [
                -122.09188799955632,
                47.690360000062064
              ],
              [
                -122.09191400039393,
                47.69053300014805
              ],
              [
                -122.09192299971646,
                47.69056800003621
              ],
              [
                -122.09196600027246,
                47.69072299977696
              ],
              [
                -122.09204300026533,
                47.69087899980769
              ],
              [
                -122.09273899967611,
                47.69215100008625
              ],
              [
                -122.09290500025578,
                47.692820999857986
              ],
              [
                -122.09293200001997,
                47.692931000216234
              ],
              [
                -122.09301499986064,
                47.694280999731276
              ],
              [
                -122.0930180002337,
                47.69433000003722
              ],
              [
                -122.09306300043956,
                47.69464299989345
              ],
              [
                -122.09322999994582,
                47.695589000067486
              ],
              [
                -122.09324599983934,
                47.695944999925985
              ],
              [
                -122.09325000003732,
                47.69676599969997
              ],
              [
                -122.09325300041034,
                47.69749700002321
              ],
              [
                -122.09325300041034,
                47.6977909999647
              ],
              [
                -122.0932519996871,
                47.698327000177684
              ],
              [
                -122.0932519996871,
                47.69865200018946
              ],
              [
                -122.09323199959563,
                47.698827999954844
              ],
              [
                -122.09321999990007,
                47.69889100011464
              ],
              [
                -122.09319700033386,
                47.69901200025605
              ],
              [
                -122.09316600037171,
                47.69914299999258
              ],
              [
                -122.09312899966346,
                47.699282999868686
              ],
              [
                -122.09304900019583,
                47.69958399987096
              ],
              [
                -122.09292799982202,
                47.69957600003803
              ],
              [
                -122.09279099955468,
                47.699562999702245
              ],
              [
                -122.09269199982046,
                47.69955399988643
              ],
              [
                -122.09168400024015,
                47.69947700018973
              ],
              [
                -122.09042499969136,
                47.69938300006822
              ],
              [
                -122.09042800006439,
                47.69944100025328
              ],
              [
                -122.09043899993506,
                47.69968600005199
              ],
              [
                -122.0904559996535,
                47.69968700002906
              ],
              [
                -122.09060100031678,
                47.699746999827774
              ],
              [
                -122.09084700036406,
                47.7000110000565
              ],
              [
                -122.09092600000677,
                47.700107000192965
              ],
              [
                -122.09108400019052,
                47.70037299973574
              ],
              [
                -122.09109400023627,
                47.70038999972405
              ],
              [
                -122.0911379997189,
                47.70052899991812
              ],
              [
                -122.09111299960453,
                47.70060100007738
              ],
              [
                -122.09102999976383,
                47.70069000002767
              ],
              [
                -122.09088099980096,
                47.70076799970292
              ],
              [
                -122.09069199965505,
                47.70082900002646
              ],
              [
                -122.09064800017244,
                47.70084399995634
              ],
              [
                -122.0905129995549,
                47.70089000027859
              ],
              [
                -122.09049099981361,
                47.70090700009831
              ],
              [
                -122.09052400032388,
                47.70138899972081
              ],
              [
                -122.09052299960064,
                47.70159300007515
              ],
              [
                -122.09093000020475,
                47.701614000030744
              ],
              [
                -122.09094500027335,
                47.701614000030744
              ],
              [
                -122.09095699996891,
                47.70210700021412
              ],
              [
                -122.09093199985456,
                47.70210499974823
              ],
              [
                -122.0908699999303,
                47.70210199995606
              ],
              [
                -122.09072799964008,
                47.702094999835815
              ],
              [
                -122.09094699992318,
                47.70238199976352
              ],
              [
                -122.09099999962662,
                47.70254400011828
              ],
              [
                -122.09109800043424,
                47.70289500006678
              ],
              [
                -122.09114899958955,
                47.702900000248775
              ],
              [
                -122.0912790001842,
                47.70291199983721
              ],
              [
                -122.09132299966683,
                47.702916000102455
              ],
              [
                -122.09195200002874,
                47.702974999898274
              ],
              [
                -122.09215000039548,
                47.7029940000745
              ],
              [
                -122.0927160001099,
                47.70304599978949
              ],
              [
                -122.09282200041513,
                47.70305600012403
              ],
              [
                -122.09294399971553,
                47.70306800028111
              ],
              [
                -122.09296700018008,
                47.703070000105484
              ],
              [
                -122.0929899997463,
                47.70307299984195
              ],
              [
                -122.0950529996609,
                47.70326899978112
              ],
              [
                -122.09600099986507,
                47.703356000199605
              ],
              [
                -122.09675700044862,
                47.70342600027108
              ],
              [
                -122.0974179996993,
                47.70348899971095
              ],
              [
                -122.09884600030249,
                47.70362700020432
              ],
              [
                -122.09961299985838,
                47.703696999911934
              ],
              [
                -122.0999259998528,
                47.70372000002846
              ],
              [
                -122.09991300033235,
                47.70381400018919
              ],
              [
                -122.0999099999593,
                47.703966000167554
              ],
              [
                -122.09990699958625,
                47.704144999804456
              ],
              [
                -122.09988800021799,
                47.70511599972105
              ],
              [
                -122.0998749997992,
                47.70572899983507
              ],
              [
                -122.09985899990566,
                47.70652199978102
              ],
              [
                -122.09985300005788,
                47.70680100018691
              ],
              [
                -122.09984899985993,
                47.70700300024202
              ],
              [
                -122.09984499966195,
                47.70720299984854
              ],
              [
                -122.09984200018722,
                47.70735399978654
              ],
              [
                -122.09980399965409,
                47.70916599998065
              ],
              [
                -122.09980000035442,
                47.7095519999104
              ],
              [
                -122.09979000030872,
                47.71006399999139
              ],
              [
                -122.09978799976055,
                47.71011599990715
              ],
              [
                -122.09975900034655,
                47.71096700025766
              ],
              [
                -122.09975799962334,
                47.710985000178255
              ],
              [
                -122.10244800025004,
                47.710985999938586
              ],
              [
                -122.10307300041403,
                47.710988000063644
              ],
              [
                -122.10344199958666,
                47.71098899982392
              ],
              [
                -122.10358100040214,
                47.71098899982392
              ],
              [
                -122.10367299956533,
                47.71099000018863
              ],
              [
                -122.10370900044866,
                47.71099000018863
              ],
              [
                -122.10384400016788,
                47.71099000018863
              ],
              [
                -122.10463800038625,
                47.71099199970913
              ],
              [
                -122.10476600043279,
                47.71099199970913
              ],
              [
                -122.10520400010068,
                47.710993000073785
              ],
              [
                -122.10872200038266,
                47.71101500023349
              ],
              [
                -122.11062100026574,
                47.71102300012443
              ],
              [
                -122.11065800007566,
                47.71102300012443
              ],
              [
                -122.1107390002665,
                47.71102300012443
              ],
              [
                -122.11086899996283,
                47.71102199976034
              ],
              [
                -122.11139299984451,
                47.71101699975303
              ],
              [
                -122.11189900018277,
                47.71102699976723
              ],
              [
                -122.1134409996905,
                47.711031000014124
              ],
              [
                -122.11398899986156,
                47.71103300013746
              ],
              [
                -122.11398999968648,
                47.71101399986926
              ],
              [
                -122.11399399988446,
                47.71093299992062
              ],
              [
                -122.11401800017389,
                47.710370999847264
              ],
              [
                -122.11471399958467,
                47.710370999847264
              ],
              [
                -122.11472000033078,
                47.71019100005459
              ],
              [
                -122.1153139996343,
                47.710191999830165
              ],
              [
                -122.11530699996158,
                47.710423999832294
              ],
              [
                -122.11599900007273,
                47.71042599997893
              ],
              [
                -122.11599599969968,
                47.71055499990616
              ],
              [
                -122.11599200040003,
                47.710658000148285
              ],
              [
                -122.11704199981313,
                47.7106569997772
              ],
              [
                -122.11711899980602,
                47.7106569997772
              ],
              [
                -122.1173289998683,
                47.7106569997772
              ],
              [
                -122.1173129999748,
                47.71102199976034
              ],
              [
                -122.11730299992904,
                47.71124399972367
              ],
              [
                -122.11729000040857,
                47.711644000074934
              ],
              [
                -122.11726199992114,
                47.71229299972672
              ],
              [
                -122.11871599956531,
                47.71181800000992
              ],
              [
                -122.11923899962203,
                47.7117270002241
              ],
              [
                -122.1196670001425,
                47.71168999993358
              ],
              [
                -122.11977900029551,
                47.71168000004662
              ],
              [
                -122.12078299967787,
                47.71164199997504
              ],
              [
                -122.12156199982765,
                47.71155700019181
              ],
              [
                -122.1229400002021,
                47.71125700016867
              ],
              [
                -122.12307099972335,
                47.71123399975112
              ],
              [
                -122.12354199990158,
                47.711148999906875
              ],
              [
                -122.12380200019254,
                47.71111699980869
              ],
              [
                -122.12418299995907,
                47.71108500029531
              ],
              [
                -122.12458800001502,
                47.71107199980736
              ],
              [
                -122.12537200018765,
                47.711066000046024
              ],
              [
                -122.12729799983492,
                47.711093999933766
              ],
              [
                -122.12778800027968,
                47.7111000002963
              ],
              [
                -122.12856900007925,
                47.711108999932186
              ],
              [
                -122.13115699970042,
                47.71114199979262
              ],
              [
                -122.13185200018461,
                47.711153000144414
              ],
              [
                -122.13188200032182,
                47.71017500001607
              ],
              [
                -122.13183899976582,
                47.70910300014828
              ],
              [
                -122.1318449996136,
                47.708000000214895
              ],
              [
                -122.1318449996136,
                47.7079730002965
              ],
              [
                -122.1318449996136,
                47.70788499990569
              ],
              [
                -122.13185200018461,
                47.707578999739326
              ],
              [
                -122.13195299956861,
                47.707580000169486
              ],
              [
                -122.13439899979787,
                47.70760400021147
              ],
              [
                -122.13451199977577,
                47.70709900019731
              ],
              [
                -122.13454699993588,
                47.70683299991266
              ],
              [
                -122.13454500028607,
                47.70662599997907
              ],
              [
                -122.13454399956282,
                47.706497999845375
              ],
              [
                -122.13454399956282,
                47.706461000074015
              ],
              [
                -122.13453100004236,
                47.706354999848465
              ],
              [
                -122.13451699979863,
                47.7062600001874
              ],
              [
                -122.13448500001161,
                47.70612799974093
              ],
              [
                -122.13442399991224,
                47.70593399998941
              ],
              [
                -122.13433299967562,
                47.705701999949234
              ],
              [
                -122.13426699955339,
                47.705563000248695
              ],
              [
                -122.13414899955261,
                47.705321999737166
              ],
              [
                -122.13391500009921,
                47.70484299984215
              ],
              [
                -122.13391000007633,
                47.704832999850424
              ],
              [
                -122.13374199984685,
                47.70446899993455
              ],
              [
                -122.13367499989968,
                47.70427599994285
              ],
              [
                -122.1336620003792,
                47.70421400013525
              ],
              [
                -122.13365099961024,
                47.70407799977254
              ],
              [
                -122.13364499976247,
                47.70401900001602
              ],
              [
                -122.13364300011263,
                47.7039940002425
              ],
              [
                -122.13364200028771,
                47.70395799979794
              ],
              [
                -122.13464900004313,
                47.70398099979936
              ],
              [
                -122.13486800032625,
                47.70398699977178
              ],
              [
                -122.13841800039529,
                47.70403699991807
              ],
              [
                -122.14035099971522,
                47.704058999991446
              ],
              [
                -122.14066299988474,
                47.7040620002755
              ],
              [
                -122.14253800037667,
                47.704074000201
              ],
              [
                -122.14261299982144,
                47.704074000201
              ],
              [
                -122.1426160001945,
                47.70408700001644
              ],
              [
                -122.14264200013376,
                47.704187999960006
              ],
              [
                -122.1426589998522,
                47.70422400024573
              ],
              [
                -122.14267399992082,
                47.70424299996667
              ],
              [
                -122.14272300032464,
                47.70430499973977
              ],
              [
                -122.14274500006593,
                47.70434000005689
              ],
              [
                -122.14277100000518,
                47.704431999932
              ],
              [
                -122.14266999972284,
                47.707114000136556
              ],
              [
                -122.1426539998293,
                47.70733400016017
              ],
              [
                -122.1426370001109,
                47.707671999766575
              ],
              [
                -122.14274000004305,
                47.707671999766575
              ],
              [
                -122.1428139996629,
                47.70767300019496
              ],
              [
                -122.14289400002883,
                47.70767400001883
              ],
              [
                -122.1429400000596,
                47.70767499984267
              ],
              [
                -122.14296400034902,
                47.70767499984267
              ],
              [
                -122.14368900007213,
                47.70768400007002
              ],
              [
                -122.14392199970064,
                47.70768700014542
              ],
              [
                -122.15365700021383,
                47.70780499975116
              ],
              [
                -122.15404600037625,
                47.70978200017236
              ],
              [
                -122.15412599984388,
                47.71027400010005
              ],
              [
                -122.15412400019405,
                47.710622999842336
              ],
              [
                -122.15404700020117,
                47.71123700022663
              ],
              [
                -122.15397699988095,
                47.71137500015412
              ],
              [
                -122.15402399973661,
                47.71137500015412
              ],
              [
                -122.15406200026978,
                47.71137500015412
              ],
              [
                -122.15416000017908,
                47.71137599990701
              ],
              [
                -122.15425899991327,
                47.71137800001712
              ],
              [
                -122.1548189997799,
                47.711387999962035
              ],
              [
                -122.15544599959372,
                47.711404000232605
              ],
              [
                -122.15605800023724,
                47.71146500019906
              ],
              [
                -122.15673100008179,
                47.711548999778394
              ],
              [
                -122.1571820001685,
                47.71160699972554
              ],
              [
                -122.15760099956982,
                47.71167500010243
              ],
              [
                -122.15787000008166,
                47.71167099990491
              ],
              [
                -122.1582819998103,
                47.711632000078865
              ],
              [
                -122.15896800007366,
                47.711553999734704
              ],
              [
                -122.15928000024319,
                47.71152100013516
              ],
              [
                -122.15973800000259,
                47.71147300002092
              ],
              [
                -122.16046199990078,
                47.711439000013996
              ],
              [
                -122.16169100031233,
                47.71145199980595
              ],
              [
                -122.16303500035161,
                47.71146199973667
              ],
              [
                -122.16303700000145,
                47.711138000158655
              ],
              [
                -122.16304100019943,
                47.71080700022044
              ],
              [
                -122.16304100019943,
                47.71072500018476
              ],
              [
                -122.16304200002432,
                47.71068400011853
              ],
              [
                -122.16304200002432,
                47.71064200025314
              ],
              [
                -122.16304600022227,
                47.71028400025681
              ],
              [
                -122.1630470000472,
                47.710150999949086
              ],
              [
                -122.1630470000472,
                47.71012499971294
              ],
              [
                -122.16304799987212,
                47.71004700013555
              ],
              [
                -122.16304799987212,
                47.71001200002373
              ],
              [
                -122.16304899969701,
                47.709844000006214
              ],
              [
                -122.16305000042024,
                47.70978599991035
              ],
              [
                -122.16305100024515,
                47.70972000026475
              ],
              [
                -122.16305600026801,
                47.709133000077955
              ],
              [
                -122.16306299994072,
                47.70837700021139
              ],
              [
                -122.16306399976564,
                47.70828800008614
              ],
              [
                -122.16306799996359,
                47.70789000021349
              ],
              [
                -122.16313599973564,
                47.70789000021349
              ],
              [
                -122.16376000007472,
                47.707894999916356
              ],
              [
                -122.16427499973553,
                47.707894999916356
              ],
              [
                -122.16439500028444,
                47.70789599973597
              ],
              [
                -122.16439500028444,
                47.70782600022675
              ],
              [
                -122.16440100013222,
                47.70720999988736
              ],
              [
                -122.16441600020084,
                47.706176999794565
              ],
              [
                -122.16441799985066,
                47.70599399985257
              ],
              [
                -122.16441000035306,
                47.70576399980052
              ],
              [
                -122.16440899962981,
                47.70566900027136
              ],
              [
                -122.16442500042169,
                47.70413200000347
              ],
              [
                -122.16444399978992,
                47.7035600001112
              ],
              [
                -122.16445300001077,
                47.70327800016467
              ],
              [
                -122.16446200023158,
                47.70299900024695
              ],
              [
                -122.16446800007938,
                47.702786000091194
              ],
              [
                -122.16447499975209,
                47.70257400019594
              ],
              [
                -122.1644909996456,
                47.70199899973274
              ],
              [
                -122.16449900004152,
                47.70166400003491
              ],
              [
                -122.16451499993504,
                47.70109099971243
              ],
              [
                -122.16451800030809,
                47.70100399974585
              ],
              [
                -122.16451800030809,
                47.70098600000562
              ],
              [
                -122.16454400024736,
                47.70018100026568
              ],
              [
                -122.1645559999429,
                47.69977699970124
              ],
              [
                -122.16456900036172,
                47.69937100027207
              ],
              [
                -122.16458100005731,
                47.69902200015523
              ],
              [
                -122.1646029997986,
                47.69834500023134
              ],
              [
                -122.16462999956278,
                47.697451999750136
              ],
              [
                -122.16464800000445,
                47.69691300012501
              ],
              [
                -122.16464999965426,
                47.69686699992139
              ],
              [
                -122.16471099975364,
                47.695522999979524
              ],
              [
                -122.1647519997615,
                47.69460199987433
              ],
              [
                -122.16484499964793,
                47.693199999790416
              ],
              [
                -122.16490200044764,
                47.69178900016001
              ],
              [
                -122.16496500019686,
                47.69013699988059
              ],
              [
                -122.16498100009036,
                47.68981799979645
              ]
            ]
          ],
          [
            [
              [
                -122.05742600038026,
                47.70212999982315
              ],
              [
                -122.05742300000723,
                47.70129699991621
              ],
              [
                -122.05741899980923,
                47.70041899986905
              ],
              [
                -122.05741399978636,
                47.699359999851865
              ],
              [
                -122.05741999963415,
                47.698285000028335
              ],
              [
                -122.05740799993858,
                47.697887999968316
              ],
              [
                -122.0574020000908,
                47.69656099976841
              ],
              [
                -122.05740000044099,
                47.69604599992386
              ],
              [
                -122.0574020000908,
                47.69578599977833
              ],
              [
                -122.05739700006794,
                47.69549600024927
              ],
              [
                -122.05739399969488,
                47.69474299992281
              ],
              [
                -122.05190600028304,
                47.69461799985614
              ],
              [
                -122.04689599982378,
                47.69451000018604
              ],
              [
                -122.04683600044764,
                47.694502000179185
              ],
              [
                -122.04642800001864,
                47.6944920000177
              ],
              [
                -122.04642899984353,
                47.694529999895494
              ],
              [
                -122.04645999980566,
                47.69532499981899
              ],
              [
                -122.04646499982856,
                47.695468999900356
              ],
              [
                -122.04647999989717,
                47.69587299998762
              ],
              [
                -122.04650099981356,
                47.696427000076504
              ],
              [
                -122.04652900030099,
                47.69716899999111
              ],
              [
                -122.04654699984432,
                47.69765000029834
              ],
              [
                -122.0465669999358,
                47.698145999897385
              ],
              [
                -122.04663499970786,
                47.69996700011121
              ],
              [
                -122.04663800008092,
                47.70004900014427
              ],
              [
                -122.04664099955565,
                47.70012600020532
              ],
              [
                -122.04671300042398,
                47.7018989997145
              ],
              [
                -122.04549700043123,
                47.70187999974373
              ],
              [
                -122.0440460002618,
                47.701840999845736
              ],
              [
                -122.0426999996744,
                47.70181099995083
              ],
              [
                -122.04148000038197,
                47.7017839998493
              ],
              [
                -122.04124100000736,
                47.70177900016483
              ],
              [
                -122.04001800034187,
                47.70175200004671
              ],
              [
                -122.03867699977734,
                47.701723000038655
              ],
              [
                -122.037336999936,
                47.70169499995296
              ],
              [
                -122.03599899974448,
                47.70166599991319
              ],
              [
                -122.03596500030761,
                47.70239300015061
              ],
              [
                -122.03586999987306,
                47.70442900027377
              ],
              [
                -122.0358220001925,
                47.70542199983884
              ],
              [
                -122.03578000035971,
                47.70632199997947
              ],
              [
                -122.03568900012309,
                47.708268000213664
              ],
              [
                -122.03565800016096,
                47.70908699977574
              ],
              [
                -122.0356459995671,
                47.7091789997351
              ],
              [
                -122.03539200002217,
                47.711018999876906
              ],
              [
                -122.03513199973118,
                47.712912000207716
              ],
              [
                -122.03479199997255,
                47.7153789998188
              ],
              [
                -122.03477100005615,
                47.715530999918045
              ],
              [
                -122.03461700007036,
                47.71664499982022
              ],
              [
                -122.03564200026743,
                47.71666199994129
              ],
              [
                -122.03675500032804,
                47.716677999801306
              ],
              [
                -122.0373520000046,
                47.71668499977632
              ],
              [
                -122.04003400023544,
                47.71672400005147
              ],
              [
                -122.04266299986446,
                47.71676300029743
              ],
              [
                -122.04513400020804,
                47.7167980001059
              ],
              [
                -122.04882800021713,
                47.716868000256646
              ],
              [
                -122.04976300000251,
                47.71688599995214
              ],
              [
                -122.05026000011996,
                47.71689700030023
              ],
              [
                -122.05067400039674,
                47.71690499989254
              ],
              [
                -122.05408300000046,
                47.71697199975444
              ],
              [
                -122.05471099963918,
                47.71698499997926
              ],
              [
                -122.05576000012569,
                47.717005999777655
              ],
              [
                -122.05639100013744,
                47.71701799974501
              ],
              [
                -122.056443000016,
                47.71646300002508
              ],
              [
                -122.0565359999024,
                47.71535299977334
              ],
              [
                -122.05661200007037,
                47.71448999978221
              ],
              [
                -122.05670400013189,
                47.71342900029891
              ],
              [
                -122.05678600014765,
                47.71248099978412
              ],
              [
                -122.05683399982824,
                47.71192499974746
              ],
              [
                -122.05687999985898,
                47.7113770002643
              ],
              [
                -122.05703499966967,
                47.70957799982793
              ],
              [
                -122.05713199975408,
                47.70774399973217
              ],
              [
                -122.05719600022647,
                47.70651100026529
              ],
              [
                -122.05723100038658,
                47.705853999862896
              ],
              [
                -122.05733299959552,
                47.7039130002652
              ],
              [
                -122.05738000034951,
                47.70301500007025
              ],
              [
                -122.05742600038026,
                47.70212999982315
              ]
            ]
          ],
          [
            [
              [
                -122.08404500015186,
                47.69854299980673
              ],
              [
                -122.08405400037267,
                47.69833400019927
              ],
              [
                -122.08403099990817,
                47.697834999932624
              ],
              [
                -122.0839570002883,
                47.69564300002239
              ],
              [
                -122.08388100012031,
                47.69231099994772
              ],
              [
                -122.08387799974729,
                47.692222000206286
              ],
              [
                -122.07926900004429,
                47.692058999701715
              ],
              [
                -122.07925800017367,
                47.692073000217654
              ],
              [
                -122.07899200003489,
                47.69239400004529
              ],
              [
                -122.07880799991187,
                47.69268600011816
              ],
              [
                -122.07856699988743,
                47.69305999990646
              ],
              [
                -122.07860000039771,
                47.69524200015405
              ],
              [
                -122.0787200000483,
                47.69524799992301
              ],
              [
                -122.07869699958378,
                47.695923000056105
              ],
              [
                -122.07864600042846,
                47.697973000278125
              ],
              [
                -122.07864300005544,
                47.698327000177684
              ],
              [
                -122.08250299974584,
                47.69848299983158
              ],
              [
                -122.08404500015186,
                47.69854299980673
              ]
            ]
          ]
        ]
      },
      "properties": {
        "AREALAND": "42979356",
        "AREAWATER": "1732419",
        "BASENAME": "Redmond",
        "CBSAPCI": "Y",
        "CENTLAT": "+47.6762613",
        "CENTLON": "-122.1169556",
        "FUNCSTAT": "A",
        "GEOID": "5357535",
        "INTPTLAT": "+47.6779241",
        "INTPTLON": "-122.1153356",
        "LSADC": "25",
        "MTFCC": "G4110",
        "NAME": "Redmond city",
        "NECTAPCI": "N",
        "OBJECTID": 30046,
        "OID": "27890836057941",
        "PLACE": "57535",
        "PLACECC": "C1",
        "PLACENS": "02411534",
        "STATE": "53",
        "DISP_CLR": 3,
        "slug": "redmond",
        "jurisdiction_key": "redmond_city",
        "county_fips": [
          "53033"
        ]
      }
    }
  ]
}
