{
  "type": "FeatureCollection",
  "features": [
    {
      "type": "Feature",
      "geometry": {
        "type": "MultiPolygon",
        "coordinates": [
          [
            [
              [
                -123.1403690002173,
                48.07462500000865
              ],
              [
                -123.14037199969204,
                48.07440500020899
              ],
              [
                -123.14025100021652,
                48.07438500018054
              ],
              [
                -123.13991300010771,
                48.074329999912216
              ],
              [
                -123.13969600037272,
                48.074295000256505
              ],
              [
                -123.13901900033022,
                48.0741860000444
              ],
              [
                -123.13901900033022,
                48.0741570001473
              ],
              [
                -123.13901699978207,
                48.07410500016672
              ],
              [
                -123.13901599995718,
                48.07399800011061
              ],
              [
                -123.13901799960699,
                48.0738159999865
              ],
              [
                -123.13901900033022,
                48.07376500024523
              ],
              [
                -123.13902000015516,
                48.07349899970416
              ],
              [
                -123.13902000015516,
                48.073369999783814
              ],
              [
                -123.13896300025372,
                48.073369999783814
              ],
              [
                -123.13891999969769,
                48.073369999783814
              ],
              [
                -123.13875300019144,
                48.07336699980976
              ],
              [
                -123.13766900044315,
                48.07335399992008
              ],
              [
                -123.13767100009298,
                48.07319899978178
              ],
              [
                -123.13767299974279,
                48.07306799971524
              ],
              [
                -123.13767500029094,
                48.072903999913244
              ],
              [
                -123.13767600011587,
                48.07280399977748
              ],
              [
                -123.13768600016158,
                48.072532000225706
              ],
              [
                -123.13718400002125,
                48.072533000233285
              ],
              [
                -123.13671399966798,
                48.0725310002181
              ],
              [
                -123.13612200001428,
                48.07253000021043
              ],
              [
                -123.13491500024233,
                48.07253900027852
              ],
              [
                -123.13491699989217,
                48.07242599990953
              ],
              [
                -123.13492699993787,
                48.072089999763406
              ],
              [
                -123.13493100013585,
                48.07197900024594
              ],
              [
                -123.13493299978569,
                48.071918000290204
              ],
              [
                -123.13493100013585,
                48.07188800029528
              ],
              [
                -123.13492199991504,
                48.07161800015428
              ],
              [
                -123.13491900044029,
                48.07152800019266
              ],
              [
                -123.13491900044029,
                48.07098500000566
              ],
              [
                -123.1349200002652,
                48.07067600004083
              ],
              [
                -123.13492199991504,
                48.069359000091154
              ],
              [
                -123.13492299973996,
                48.06881699990837
              ],
              [
                -123.13493399961061,
                48.06790199978875
              ],
              [
                -123.1349489996792,
                48.06676300029369
              ],
              [
                -123.13489799962558,
                48.0667780002864
              ],
              [
                -123.13483200040166,
                48.066794999912645
              ],
              [
                -123.13465699960115,
                48.06679800026988
              ],
              [
                -123.13413699991747,
                48.06680399978315
              ],
              [
                -123.13413699991747,
                48.066983999863965
              ],
              [
                -123.13291500007692,
                48.06699899979226
              ],
              [
                -123.13250300034828,
                48.06699899979226
              ],
              [
                -123.13246200034038,
                48.06699899979226
              ],
              [
                -123.13237199992872,
                48.06699899979226
              ],
              [
                -123.1322940001109,
                48.06699899979226
              ],
              [
                -123.13223399983644,
                48.06699999990741
              ],
              [
                -123.13218600015587,
                48.06702300014871
              ],
              [
                -123.13218399960773,
                48.06751699979649
              ],
              [
                -123.13218500033096,
                48.06824900006616
              ],
              [
                -123.13218500033096,
                48.06872900001343
              ],
              [
                -123.13218199995791,
                48.06880299998969
              ],
              [
                -123.13217799975995,
                48.06888700004476
              ],
              [
                -123.13217799975995,
                48.0690019999335
              ],
              [
                -123.13217799975995,
                48.0692719999934
              ],
              [
                -123.13217799975995,
                48.06932199991577
              ],
              [
                -123.13217799975995,
                48.069370000251716
              ],
              [
                -123.13217899958487,
                48.069607999930625
              ],
              [
                -123.13217899958487,
                48.06981500024699
              ],
              [
                -123.13218000030807,
                48.0701189997069
              ],
              [
                -123.13218000030807,
                48.0702439997655
              ],
              [
                -123.1322039996992,
                48.07048200020461
              ],
              [
                -123.13221799994292,
                48.07061799987557
              ],
              [
                -123.13221499956987,
                48.07144599970371
              ],
              [
                -123.13221399974496,
                48.07152800019266
              ],
              [
                -123.13221399974496,
                48.07156700003528
              ],
              [
                -123.13221399974496,
                48.07161099997617
              ],
              [
                -123.13221000044531,
                48.07242599990953
              ],
              [
                -123.13209800029233,
                48.07242599990953
              ],
              [
                -123.13112800034683,
                48.07242299988043
              ],
              [
                -123.13028999974755,
                48.072417999831536
              ],
              [
                -123.1298589997523,
                48.07241699982168
              ],
              [
                -123.1294799996356,
                48.072413999792055
              ],
              [
                -123.12923399958834,
                48.072368999926745
              ],
              [
                -123.1289220003171,
                48.072370999948234
              ],
              [
                -123.12885000034709,
                48.07237199995899
              ],
              [
                -123.12848499957578,
                48.07236599989428
              ],
              [
                -123.12777900011925,
                48.07237199995899
              ],
              [
                -123.12748299984325,
                48.072374999991055
              ],
              [
                -123.12739900017768,
                48.072370999948234
              ],
              [
                -123.12703199975657,
                48.07236999993749
              ],
              [
                -123.12693200019743,
                48.07236999993749
              ],
              [
                -123.12685400037964,
                48.07236199985076
              ],
              [
                -123.12673200018088,
                48.07240000025168
              ],
              [
                -123.12667199990646,
                48.07240000025168
              ],
              [
                -123.12633200014783,
                48.07239800023128
              ],
              [
                -123.12566099995307,
                48.07239400019025
              ],
              [
                -123.12498100043584,
                48.07239100015924
              ],
              [
                -123.12463800030416,
                48.072389000138486
              ],
              [
                -123.12402400001085,
                48.072386000107244
              ],
              [
                -123.12324700040921,
                48.07238500009675
              ],
              [
                -123.12274000024601,
                48.07238500009675
              ],
              [
                -123.12266800027598,
                48.07238500009675
              ],
              [
                -123.12252400033591,
                48.07238500009675
              ],
              [
                -123.12179299986674,
                48.07238500009675
              ],
              [
                -123.12147599967435,
                48.07238500009675
              ],
              [
                -123.1201080002439,
                48.07238500009675
              ],
              [
                -123.11996900032673,
                48.07238500009675
              ],
              [
                -123.11996900032673,
                48.07224800028045
              ],
              [
                -123.11989200033386,
                48.0722490002936
              ],
              [
                -123.11970999986063,
                48.07224800028045
              ],
              [
                -123.11948700027789,
                48.07224800028045
              ],
              [
                -123.11905200008472,
                48.07224700026733
              ],
              [
                -123.11872499984656,
                48.07224300021456
              ],
              [
                -123.11857000003587,
                48.07223300008127
              ],
              [
                -123.11856900021097,
                48.072194000143135
              ],
              [
                -123.11856900021097,
                48.0720780001678
              ],
              [
                -123.11856900021097,
                48.07204000012936
              ],
              [
                -123.11856800038605,
                48.07174800028784
              ],
              [
                -123.118565000013,
                48.070872999865635
              ],
              [
                -123.118565000013,
                48.07058200005062
              ],
              [
                -123.11858699975429,
                48.07024499981759
              ],
              [
                -123.1185859999294,
                48.07022099976312
              ],
              [
                -123.1185859999294,
                48.069886999744284
              ],
              [
                -123.11858400027955,
                48.06913699984037
              ],
              [
                -123.11858400027955,
                48.06910399980245
              ],
              [
                -123.11860600002088,
                48.06877699970192
              ],
              [
                -123.11997500017452,
                48.06877400006034
              ],
              [
                -123.12001799983224,
                48.06877400006034
              ],
              [
                -123.12074900030143,
                48.06877299997971
              ],
              [
                -123.12107599964126,
                48.06877799978251
              ],
              [
                -123.12187900008045,
                48.06877699970192
              ],
              [
                -123.12198700003549,
                48.06877699970192
              ],
              [
                -123.12273799969789,
                48.06877799978251
              ],
              [
                -123.12312900040844,
                48.06877799978251
              ],
              [
                -123.12354699998484,
                48.06878300018508
              ],
              [
                -123.12386099980421,
                48.06878400026552
              ],
              [
                -123.12405199959993,
                48.06878499974568
              ],
              [
                -123.12405199959993,
                48.0686759998677
              ],
              [
                -123.12405400014806,
                48.068442999916044
              ],
              [
                -123.12405499997298,
                48.06829500002245
              ],
              [
                -123.12405499997298,
                48.06822400019012
              ],
              [
                -123.12405599979787,
                48.068005000132565
              ],
              [
                -123.12406199964566,
                48.067505999840144
              ],
              [
                -123.12406599984364,
                48.066946000266185
              ],
              [
                -123.12406699966853,
                48.06680300026451
              ],
              [
                -123.12406900021666,
                48.06655799995528
              ],
              [
                -123.12406900021666,
                48.06634799996266
              ],
              [
                -123.1240709998665,
                48.06610400002133
              ],
              [
                -123.1240709998665,
                48.06608600003401
              ],
              [
                -123.12487299958246,
                48.06608700016685
              ],
              [
                -123.12513000039874,
                48.06608700016685
              ],
              [
                -123.1251909995998,
                48.06608700016685
              ],
              [
                -123.12601699960523,
                48.06608800029973
              ],
              [
                -123.12667000025662,
                48.06608800029973
              ],
              [
                -123.12680199960279,
                48.0660910000978
              ],
              [
                -123.12679300028026,
                48.065556000119564
              ],
              [
                -123.12678700043247,
                48.065197999846134
              ],
              [
                -123.12667199990646,
                48.06519200014563
              ],
              [
                -123.12632700012496,
                48.06518999984509
              ],
              [
                -123.12626500020066,
                48.06518999984509
              ],
              [
                -123.12550899961714,
                48.0651840001437
              ],
              [
                -123.12494999957539,
                48.06517899999175
              ],
              [
                -123.12466500006835,
                48.065177000291044
              ],
              [
                -123.12449199981599,
                48.06517899999175
              ],
              [
                -123.12408000008732,
                48.065182999993304
              ],
              [
                -123.1240929996078,
                48.06334400028411
              ],
              [
                -123.12492899965899,
                48.06334400028411
              ],
              [
                -123.12555499964785,
                48.06334499986987
              ],
              [
                -123.12612200008553,
                48.06334600005603
              ],
              [
                -123.12663500009651,
                48.06334600005603
              ],
              [
                -123.12668500032522,
                48.06334600005603
              ],
              [
                -123.12675700029526,
                48.0633470002421
              ],
              [
                -123.1267969995799,
                48.0633470002421
              ],
              [
                -123.1267969995799,
                48.063306999986864
              ],
              [
                -123.1267969995799,
                48.06328800003486
              ],
              [
                -123.1267949999301,
                48.063130000225314
              ],
              [
                -123.12678900008231,
                48.0626029998923
              ],
              [
                -123.12678700043247,
                48.0624269997151
              ],
              [
                -123.12678200040962,
                48.0622830001595
              ],
              [
                -123.12676800016591,
                48.061853999721144
              ],
              [
                -123.12676399996796,
                48.061710999981294
              ],
              [
                -123.12676399996796,
                48.06150700015607
              ],
              [
                -123.12695599958859,
                48.06150700015607
              ],
              [
                -123.13063100022939,
                48.06151399990742
              ],
              [
                -123.13085800001011,
                48.06151500012914
              ],
              [
                -123.13085600036027,
                48.061977999828976
              ],
              [
                -123.13085600036027,
                48.062438000156554
              ],
              [
                -123.13085600036027,
                48.06289699978085
              ],
              [
                -123.130858999835,
                48.06322200024179
              ],
              [
                -123.130858999835,
                48.0632950001444
              ],
              [
                -123.13087700027668,
                48.06329599973111
              ],
              [
                -123.1308999998429,
                48.06329599973111
              ],
              [
                -123.1315760000605,
                48.06329599973111
              ],
              [
                -123.13210199959197,
                48.06329599973111
              ],
              [
                -123.13220600024734,
                48.063296999918215
              ],
              [
                -123.13220500042245,
                48.06289600018634
              ],
              [
                -123.13220500042245,
                48.06260800029449
              ],
              [
                -123.13495200005225,
                48.062613000095816
              ],
              [
                -123.13495200005225,
                48.0626029998923
              ],
              [
                -123.13495299987717,
                48.06238899975473
              ],
              [
                -123.13495799990004,
                48.06189699994732
              ],
              [
                -123.13496000044817,
                48.06166200008821
              ],
              [
                -123.13496000044817,
                48.06163399995687
              ],
              [
                -123.13496000044817,
                48.06155199991333
              ],
              [
                -123.1349610002731,
                48.06152499994364
              ],
              [
                -123.13497200014375,
                48.06121199990606
              ],
              [
                -123.13496799994577,
                48.06077600029764
              ],
              [
                -123.13495899972496,
                48.059699000171065
              ],
              [
                -123.13496499957274,
                48.05878299978882
              ],
              [
                -123.13496600029596,
                48.05852999989611
              ],
              [
                -123.1349699995956,
                48.05785699999557
              ],
              [
                -123.13475100021078,
                48.057855999702774
              ],
              [
                -123.13462700036226,
                48.05785500001037
              ],
              [
                -123.13433199991115,
                48.05785399971759
              ],
              [
                -123.13420100038991,
                48.05785399971759
              ],
              [
                -123.13370000007447,
                48.057851999732314
              ],
              [
                -123.13306999988761,
                48.057849999746935
              ],
              [
                -123.13228800026313,
                48.057847000069
              ],
              [
                -123.13221799994292,
                48.057847000069
              ],
              [
                -123.13096299959209,
                48.05784199980477
              ],
              [
                -123.13092199958422,
                48.05784199980477
              ],
              [
                -123.12954699958277,
                48.05783700014049
              ],
              [
                -123.12944299982571,
                48.0578359998473
              ],
              [
                -123.12789899976987,
                48.057831000182425
              ],
              [
                -123.12752899987402,
                48.05782900019627
              ],
              [
                -123.1268519998315,
                48.05782700021003
              ],
              [
                -123.12643400025505,
                48.057825000223666
              ],
              [
                -123.12430000019536,
                48.05781799997072
              ],
              [
                -123.12405900017093,
                48.05781700027763
              ],
              [
                -123.12399100039887,
                48.05781700027763
              ],
              [
                -123.12362499980266,
                48.05781599998406
              ],
              [
                -123.12325800027988,
                48.05781500029089
              ],
              [
                -123.12320100037844,
                48.05781399999731
              ],
              [
                -123.12272500017738,
                48.05781299970368
              ],
              [
                -123.12229099980911,
                48.05781200001049
              ],
              [
                -123.12212699977758,
                48.05781299970368
              ],
              [
                -123.11937400029998,
                48.057806999742866
              ],
              [
                -123.11927600039071,
                48.057806000049524
              ],
              [
                -123.11898199976453,
                48.05780299976856
              ],
              [
                -123.11888499968013,
                48.05780200007518
              ],
              [
                -123.11882000028112,
                48.057800999781314
              ],
              [
                -123.11862500028745,
                48.057800000087894
              ],
              [
                -123.11855999999011,
                48.057800000087894
              ],
              [
                -123.118565000013,
                48.05785699999557
              ],
              [
                -123.11857599988366,
                48.05836200006594
              ],
              [
                -123.1186140004168,
                48.06001800010584
              ],
              [
                -123.1186140004168,
                48.06005099996562
              ],
              [
                -123.11861500024169,
                48.06015199991427
              ],
              [
                -123.1174729998688,
                48.06015100026646
              ],
              [
                -123.11729499959357,
                48.06015100026646
              ],
              [
                -123.11729499959357,
                48.06002000000702
              ],
              [
                -123.1172970001417,
                48.05964800024853
              ],
              [
                -123.11702199978207,
                48.05964800024853
              ],
              [
                -123.11630999957947,
                48.059645999732545
              ],
              [
                -123.11592299996515,
                48.059645999732545
              ],
              [
                -123.11547600007643,
                48.05964500007495
              ],
              [
                -123.11488699989744,
                48.059643999816885
              ],
              [
                -123.11469500027682,
                48.05964300015922
              ],
              [
                -123.11457499972792,
                48.05964300015922
              ],
              [
                -123.11457599955281,
                48.06069799983782
              ],
              [
                -123.11457599955281,
                48.06148500007367
              ],
              [
                -123.11321399997017,
                48.061486999917804
              ],
              [
                -123.11122800004847,
                48.061486999917804
              ],
              [
                -123.11063499967156,
                48.06148800014005
              ],
              [
                -123.11050999999807,
                48.06148800014005
              ],
              [
                -123.1099429995604,
                48.06148800014005
              ],
              [
                -123.10994500010855,
                48.061842000140345
              ],
              [
                -123.10994599993347,
                48.06205999979427
              ],
              [
                -123.10994599993347,
                48.062157999976826
              ],
              [
                -123.10995000013142,
                48.063134999975944
              ],
              [
                -123.10995099995634,
                48.06331400009381
              ],
              [
                -123.10995199978127,
                48.06337799999834
              ],
              [
                -123.10995299960616,
                48.063409999920715
              ],
              [
                -123.11023200016373,
                48.0634110001056
              ],
              [
                -123.11052599989159,
                48.063402999826856
              ],
              [
                -123.11052599989159,
                48.06336200002966
              ],
              [
                -123.11067499985452,
                48.06336200002966
              ],
              [
                -123.11136100011787,
                48.06336399980088
              ],
              [
                -123.11187300030393,
                48.06336499998662
              ],
              [
                -123.11187199958073,
                48.063615000189984
              ],
              [
                -123.11187199958073,
                48.063705999760835
              ],
              [
                -123.11187099975581,
                48.06376800002289
              ],
              [
                -123.11186599973293,
                48.06440599971717
              ],
              [
                -123.11179200011311,
                48.06438199994145
              ],
              [
                -123.11175699995297,
                48.06437200008165
              ],
              [
                -123.11125200033791,
                48.0642070000128
              ],
              [
                -123.1106029998845,
                48.0640729999534
              ],
              [
                -123.11052199969363,
                48.06405600002842
              ],
              [
                -123.11051699967078,
                48.06501400010852
              ],
              [
                -123.11051699967078,
                48.065185000294065
              ],
              [
                -123.10989999990271,
                48.065182999993304
              ],
              [
                -123.10955500012122,
                48.065185999844125
              ],
              [
                -123.10852300025148,
                48.065188000144815
              ],
              [
                -123.10824700006694,
                48.06518999984509
              ],
              [
                -123.108246000242,
                48.065033000023774
              ],
              [
                -123.10824500041711,
                48.06482600028455
              ],
              [
                -123.10794800031617,
                48.06482500012715
              ],
              [
                -123.10776300036827,
                48.06482500012715
              ],
              [
                -123.10776400019316,
                48.06475099983424
              ],
              [
                -123.10776400019316,
                48.06460600001456
              ],
              [
                -123.10776400019316,
                48.06426500019916
              ],
              [
                -123.10770300009382,
                48.06426100012631
              ],
              [
                -123.10764600019242,
                48.06426200029462
              ],
              [
                -123.10678500002687,
                48.06426100012631
              ],
              [
                -123.10565600007274,
                48.06425999995793
              ],
              [
                -123.10538800028415,
                48.06425999995793
              ],
              [
                -123.10514899990955,
                48.06425999995793
              ],
              [
                -123.10514800008463,
                48.0647179999857
              ],
              [
                -123.10494899989298,
                48.06471699982621
              ],
              [
                -123.10480199957989,
                48.0647179999857
              ],
              [
                -123.10482099984647,
                48.06477100000504
              ],
              [
                -123.10483500009016,
                48.064869999985575
              ],
              [
                -123.10484000011306,
                48.06491499980461
              ],
              [
                -123.10485699983147,
                48.06496199989382
              ],
              [
                -123.10487500027315,
                48.065000999909685
              ],
              [
                -123.10489000034177,
                48.0650660002707
              ],
              [
                -123.10489899966427,
                48.06510999976656
              ],
              [
                -123.10491899975577,
                48.06516400013338
              ],
              [
                -123.10487199990008,
                48.06516500028418
              ],
              [
                -123.10460099973845,
                48.06516400013338
              ],
              [
                -123.10441099976765,
                48.06516400013338
              ],
              [
                -123.10430399963751,
                48.06516400013338
              ],
              [
                -123.10425199975899,
                48.0651629999826
              ],
              [
                -123.10414100032921,
                48.06516199983175
              ],
              [
                -123.10405900031344,
                48.06516199983175
              ],
              [
                -123.10401499993252,
                48.06516100028123
              ],
              [
                -123.10374299994598,
                48.06515300027448
              ],
              [
                -123.10335600033166,
                48.0651370002572
              ],
              [
                -123.10309799969048,
                48.06499800004804
              ],
              [
                -123.10275999958169,
                48.06485100001011
              ],
              [
                -123.10244699958724,
                48.06471500010756
              ],
              [
                -123.10244599976232,
                48.06464199981742
              ],
              [
                -123.10244199956438,
                48.06431699991736
              ],
              [
                -123.10243999991457,
                48.06418099980454
              ],
              [
                -123.10243099969372,
                48.06342899982773
              ],
              [
                -123.1024290000439,
                48.06328300029909
              ],
              [
                -123.1024290000439,
                48.06324899992175
              ],
              [
                -123.10242700039406,
                48.063033999876176
              ],
              [
                -123.10241899999816,
                48.06251999998947
              ],
              [
                -123.10241800017324,
                48.06238800015041
              ],
              [
                -123.10241200032546,
                48.061955999947834
              ],
              [
                -123.10240800012751,
                48.06164100029129
              ],
              [
                -123.10240999977732,
                48.06160399997074
              ],
              [
                -123.10240800012751,
                48.06149499989399
              ],
              [
                -123.09968999991167,
                48.06148300022946
              ],
              [
                -123.09902700011287,
                48.061480999784784
              ],
              [
                -123.0983380003748,
                48.061477999717994
              ],
              [
                -123.09763100019505,
                48.061475000251406
              ],
              [
                -123.09694199955864,
                48.06147200018425
              ],
              [
                -123.09694199955864,
                48.061486000295915
              ],
              [
                -123.09694300028187,
                48.06168100004004
              ],
              [
                -123.09694400010679,
                48.061773000244756
              ],
              [
                -123.09694499993171,
                48.06196899971501
              ],
              [
                -123.09694599975663,
                48.06204800026144
              ],
              [
                -123.09694699958153,
                48.06224300027815
              ],
              [
                -123.09694900012965,
                48.06243500014554
              ],
              [
                -123.09694999995456,
                48.06262699989716
              ],
              [
                -123.0969519996044,
                48.06276400011076
              ],
              [
                -123.09695499997746,
                48.06316100011218
              ],
              [
                -123.09695599980235,
                48.06330400002653
              ],
              [
                -123.09695699962727,
                48.063458999951
              ],
              [
                -123.09696000000032,
                48.06380600016593
              ],
              [
                -123.09696099982521,
                48.06396300012775
              ],
              [
                -123.09696300037335,
                48.06416200017514
              ],
              [
                -123.09696500002319,
                48.064398999758765
              ],
              [
                -123.09696599984811,
                48.06455599971291
              ],
              [
                -123.096966999673,
                48.064738000169314
              ],
              [
                -123.09696800039625,
                48.06487699987992
              ],
              [
                -123.09697000004606,
                48.065003999771164
              ],
              [
                -123.09697000004606,
                48.06510500020777
              ],
              [
                -123.09696900022114,
                48.06521399984441
              ],
              [
                -123.09691200031973,
                48.06520999984531
              ],
              [
                -123.0968870002054,
                48.06534600024098
              ],
              [
                -123.09675499996088,
                48.06538099998008
              ],
              [
                -123.09662299971643,
                48.06541500014979
              ],
              [
                -123.09654300024879,
                48.06543699975326
              ],
              [
                -123.0964729999286,
                48.06545499996759
              ],
              [
                -123.09641500020228,
                48.06547600000956
              ],
              [
                -123.09636199960052,
                48.065518000067826
              ],
              [
                -123.09630800007217,
                48.065548999717166
              ],
              [
                -123.09603899956034,
                48.06554000022756
              ],
              [
                -123.09566899966447,
                48.06561000001847
              ],
              [
                -123.09540699972365,
                48.06579000007277
              ],
              [
                -123.09516599969925,
                48.06578100002496
              ],
              [
                -123.09509799992716,
                48.06577700006992
              ],
              [
                -123.0950450002237,
                48.065774000253505
              ],
              [
                -123.09494800013933,
                48.065768000019844
              ],
              [
                -123.09480699967403,
                48.06576000010743
              ],
              [
                -123.09467399960462,
                48.06592500000052
              ],
              [
                -123.09447799978604,
                48.06605199970721
              ],
              [
                -123.09432899982315,
                48.06615000009385
              ],
              [
                -123.09426100005108,
                48.06619399986368
              ],
              [
                -123.09372600029877,
                48.06622800009672
              ],
              [
                -123.09361800034377,
                48.06617999983187
              ],
              [
                -123.0935389998027,
                48.06601699982405
              ],
              [
                -123.09344400026646,
                48.06602099976045
              ],
              [
                -123.09334999965682,
                48.06605799990776
              ],
              [
                -123.09318599962528,
                48.06610199975625
              ],
              [
                -123.09280200038407,
                48.066203999969886
              ],
              [
                -123.09263099978153,
                48.06659199994786
              ],
              [
                -123.09241099967349,
                48.06669899979545
              ],
              [
                -123.09235600032022,
                48.06672499993242
              ],
              [
                -123.09233899970346,
                48.06673399981516
              ],
              [
                -123.09224900019011,
                48.06677700016697
              ],
              [
                -123.09217200019721,
                48.06681399977079
              ],
              [
                -123.09211699994563,
                48.06681700012691
              ],
              [
                -123.09207000008996,
                48.0668189997639
              ],
              [
                -123.09202800025717,
                48.066821000001134
              ],
              [
                -123.09174399967672,
                48.06683499985859
              ],
              [
                -123.09166699968382,
                48.06687200002107
              ],
              [
                -123.09159499971379,
                48.066913000024016
              ],
              [
                -123.09153699998748,
                48.06692500022366
              ],
              [
                -123.09149199978164,
                48.0669350001878
              ],
              [
                -123.09126500000093,
                48.066983999863965
              ],
              [
                -123.09118700018314,
                48.06697799977137
              ],
              [
                -123.09106099978642,
                48.06696899993129
              ],
              [
                -123.09092699989212,
                48.067075000082134
              ],
              [
                -123.09090299960266,
                48.067093999836914
              ],
              [
                -123.09067300034721,
                48.06700100002249
              ],
              [
                -123.09055699999625,
                48.066952999878254
              ],
              [
                -123.09047800035356,
                48.06692199987388
              ],
              [
                -123.09037899972103,
                48.066951999762196
              ],
              [
                -123.09029099985749,
                48.06698000000242
              ],
              [
                -123.09008699964298,
                48.06698899984056
              ],
              [
                -123.08992199978654,
                48.0669960000471
              ],
              [
                -123.08975500028029,
                48.06700499988241
              ],
              [
                -123.08954199984497,
                48.06701599994584
              ],
              [
                -123.08943999973769,
                48.067050000236144
              ],
              [
                -123.08921600033001,
                48.06717700016843
              ],
              [
                -123.08912900029138,
                48.067237000230705
              ],
              [
                -123.08949800036233,
                48.06738699978018
              ],
              [
                -123.08950800040809,
                48.067453000235844
              ],
              [
                -123.08942300001927,
                48.0674760002747
              ],
              [
                -123.08939200005712,
                48.06748399992044
              ],
              [
                -123.08927700042939,
                48.06751000026112
              ],
              [
                -123.08919399969038,
                48.0675200001116
              ],
              [
                -123.08913900033711,
                48.067538999702144
              ],
              [
                -123.08906200034424,
                48.06757100003921
              ],
              [
                -123.08900299989469,
                48.06758800000386
              ],
              [
                -123.08893400029771,
                48.067604999962875
              ],
              [
                -123.08849200043183,
                48.06772099981589
              ],
              [
                -123.08818299973704,
                48.067801000038294
              ],
              [
                -123.08798199989559,
                48.0678539998845
              ],
              [
                -123.08760899962667,
                48.067938999784474
              ],
              [
                -123.08754199967953,
                48.06796800018434
              ],
              [
                -123.08745299999107,
                48.06799699996754
              ],
              [
                -123.0874050003105,
                48.06801100010543
              ],
              [
                -123.08723000040833,
                48.06805500008526
              ],
              [
                -123.08718199982943,
                48.06806300024126
              ],
              [
                -123.08708399992013,
                48.06806999970142
              ],
              [
                -123.08703299986652,
                48.06807299998429
              ],
              [
                -123.08694800037598,
                48.06807799985509
              ],
              [
                -123.08685299994146,
                48.068084999913516
              ],
              [
                -123.08677599994856,
                48.068101999708375
              ],
              [
                -123.0867080001765,
                48.06811300013761
              ],
              [
                -123.08656400023644,
                48.06812000019127
              ],
              [
                -123.08645100025855,
                48.068140999746205
              ],
              [
                -123.08640299967965,
                48.06814600021066
              ],
              [
                -123.08622199992966,
                48.06814400002493
              ],
              [
                -123.08618099992182,
                48.06814500011782
              ],
              [
                -123.08613099969308,
                48.06814699970322
              ],
              [
                -123.08611399997466,
                48.06814899988884
              ],
              [
                -123.08607700016474,
                48.06815300025984
              ],
              [
                -123.08607499961659,
                48.06820300006875
              ],
              [
                -123.08606299992103,
                48.068566000274465
              ],
              [
                -123.08606399974595,
                48.068624999834505
              ],
              [
                -123.08606399974595,
                48.068660999827856
              ],
              [
                -123.08606399974595,
                48.068698999960304
              ],
              [
                -123.08603199995889,
                48.068697999878175
              ],
              [
                -123.08596699966157,
                48.06869599971389
              ],
              [
                -123.08545299982566,
                48.06867900011524
              ],
              [
                -123.0853919997263,
                48.06867699995021
              ],
              [
                -123.08526200002997,
                48.068659000262436
              ],
              [
                -123.08520500012854,
                48.068642000051256
              ],
              [
                -123.08491700024847,
                48.06863999988479
              ],
              [
                -123.08475300021693,
                48.06863799971826
              ],
              [
                -123.08347899959952,
                48.06862900016851
              ],
              [
                -123.08202800032842,
                48.06861799984953
              ],
              [
                -123.08159599960999,
                48.06861500019869
              ],
              [
                -123.08077200015266,
                48.0686099997798
              ],
              [
                -123.08062800021263,
                48.068609000296235
              ],
              [
                -123.08062400001468,
                48.068091999970946
              ],
              [
                -123.08062200036487,
                48.06748299981469
              ],
              [
                -123.0806199998167,
                48.067083999903666
              ],
              [
                -123.08061700034197,
                48.066676000009686
              ],
              [
                -123.08061700034197,
                48.06662400027341
              ],
              [
                -123.08061399996892,
                48.06600600014745
              ],
              [
                -123.08060800012116,
                48.06493700022212
              ],
              [
                -123.08060800012116,
                48.06483300018488
              ],
              [
                -123.08060399992321,
                48.06408699995797
              ],
              [
                -123.08060200027336,
                48.06355800005354
              ],
              [
                -123.08059800007541,
                48.06281799993699
              ],
              [
                -123.08059499970234,
                48.06212400005715
              ],
              [
                -123.08059499970234,
                48.06203999977086
              ],
              [
                -123.08059399987744,
                48.061845999800795
              ],
              [
                -123.0805910004027,
                48.061370000199325
              ],
              [
                -123.08059399987744,
                48.06128200017942
              ],
              [
                -123.07863700026806,
                48.06128500025764
              ],
              [
                -123.07824800010565,
                48.06128899996137
              ],
              [
                -123.07741799990224,
                48.06129699996833
              ],
              [
                -123.07693400020356,
                48.06130199989699
              ],
              [
                -123.07677000017203,
                48.06130399974823
              ],
              [
                -123.0761960000617,
                48.06130999990189
              ],
              [
                -123.07577900031016,
                48.06131400020406
              ],
              [
                -123.07493999988596,
                48.0613229998322
              ],
              [
                -123.07497099984809,
                48.06122400023414
              ],
              [
                -123.07503500032051,
                48.06114000028036
              ],
              [
                -123.07505399968875,
                48.06113299987777
              ],
              [
                -123.07508499965091,
                48.06090000000022
              ],
              [
                -123.07506899975738,
                48.06088199999415
              ],
              [
                -123.07503699997032,
                48.06081900022347
              ],
              [
                -123.074795000121,
                48.060326999819885
              ],
              [
                -123.07457099981501,
                48.059873000162206
              ],
              [
                -123.07446299985997,
                48.05979700004518
              ],
              [
                -123.0742119997898,
                48.059620000222495
              ],
              [
                -123.07401400032138,
                48.05959499975754
              ],
              [
                -123.07400299955243,
                48.059509000226726
              ],
              [
                -123.07398300035925,
                48.05935899993338
              ],
              [
                -123.07339900020315,
                48.05940899987959
              ],
              [
                -123.07328100020239,
                48.0594199997652
              ],
              [
                -123.07319400016374,
                48.05940300010473
              ],
              [
                -123.07295499978915,
                48.05935599974291
              ],
              [
                -123.07233800002108,
                48.05923399985539
              ],
              [
                -123.07163400021437,
                48.05891099997759
              ],
              [
                -123.07126599996835,
                48.05902299973162
              ],
              [
                -123.07110299976175,
                48.05903300003018
              ],
              [
                -123.07083599979805,
                48.058985999930954
              ],
              [
                -123.070515000306,
                48.05903100009072
              ],
              [
                -123.07051000028312,
                48.05886699998611
              ],
              [
                -123.07036799999291,
                48.05890900003338
              ],
              [
                -123.07015899975552,
                48.05902400000175
              ],
              [
                -123.07004800032578,
                48.05903300003018
              ],
              [
                -123.06989299961677,
                48.05904599993505
              ],
              [
                -123.069882999571,
                48.05933000008642
              ],
              [
                -123.06987599989831,
                48.05953999989267
              ],
              [
                -123.0698750000734,
                48.05963899972719
              ],
              [
                -123.06987400024848,
                48.05967100017278
              ],
              [
                -123.06986800040069,
                48.060373000252156
              ],
              [
                -123.06986400020277,
                48.06082699970307
              ],
              [
                -123.06985900017987,
                48.061375999744946
              ],
              [
                -123.0643890003114,
                48.0613540002069
              ],
              [
                -123.06439199978611,
                48.06107900008506
              ],
              [
                -123.06355200043531,
                48.06107400013473
              ],
              [
                -123.06312200026498,
                48.06107200027456
              ],
              [
                -123.06219099977926,
                48.06106900018397
              ],
              [
                -123.06026400030709,
                48.061063000002186
              ],
              [
                -123.0589560002528,
                48.0610580000503
              ],
              [
                -123.05885199959741,
                48.06105699981975
              ],
              [
                -123.0582449998751,
                48.061054999958905
              ],
              [
                -123.05807900019374,
                48.06104500005311
              ],
              [
                -123.05796700004076,
                48.061155000110645
              ],
              [
                -123.05790799959121,
                48.06121499998836
              ],
              [
                -123.05788599984992,
                48.06123700018619
              ],
              [
                -123.05780600038226,
                48.06133099983383
              ],
              [
                -123.05778399974265,
                48.06136200020376
              ],
              [
                -123.05586200029335,
                48.061368999974825
              ],
              [
                -123.05561500042114,
                48.06117900019017
              ],
              [
                -123.05555599997162,
                48.06113499973558
              ],
              [
                -123.0546470001255,
                48.06045400013023
              ],
              [
                -123.05318599991037,
                48.05936200012362
              ],
              [
                -123.05305299984096,
                48.059262000091344
              ],
              [
                -123.05176400005324,
                48.0576849997871
              ],
              [
                -123.05170399977881,
                48.05760399975524
              ],
              [
                -123.05161099989238,
                48.05748300021889
              ],
              [
                -123.0503520002419,
                48.05582700029721
              ],
              [
                -123.05012299991306,
                48.05552499995859
              ],
              [
                -123.05008100008024,
                48.05548500023021
              ],
              [
                -123.04996300007944,
                48.05537399972544
              ],
              [
                -123.04985199975138,
                48.05528700000642
              ],
              [
                -123.04976899991073,
                48.05521999981888
              ],
              [
                -123.04972000040522,
                48.05518600012056
              ],
              [
                -123.0495930001836,
                48.05509600024563
              ],
              [
                -123.04950500032007,
                48.05503399974657
              ],
              [
                -123.0493749997254,
                48.054944999955296
              ],
              [
                -123.04918200027988,
                48.05481500001071
              ],
              [
                -123.04912600020339,
                48.05478399990156
              ],
              [
                -123.04889799969942,
                48.0546579997694
              ],
              [
                -123.048656999675,
                48.05454100014259
              ],
              [
                -123.04847299955199,
                48.054452999858114
              ],
              [
                -123.04831899956619,
                48.05437799990631
              ],
              [
                -123.0483179997413,
                48.05470899983142
              ],
              [
                -123.04831699991638,
                48.05511300012734
              ],
              [
                -123.0483179997413,
                48.0552179997313
              ],
              [
                -123.04831699991638,
                48.05559899970436
              ],
              [
                -123.04831699991638,
                48.05583799974724
              ],
              [
                -123.04831699991638,
                48.05711199984808
              ],
              [
                -123.04831699991638,
                48.057680000107574
              ],
              [
                -123.04830799969557,
                48.058091000124485
              ],
              [
                -123.0462289998874,
                48.05805800020919
              ],
              [
                -123.04608099974942,
                48.05805800020919
              ],
              [
                -123.0458539999687,
                48.05804900001031
              ],
              [
                -123.04569400013513,
                48.05804300007696
              ],
              [
                -123.04462700010527,
                48.05800099992362
              ],
              [
                -123.04417000017078,
                48.05798300010473
              ],
              [
                -123.0439810000249,
                48.058183999826475
              ],
              [
                -123.04393499999414,
                48.05822500014531
              ],
              [
                -123.04336000005888,
                48.058723999754115
              ],
              [
                -123.04269200023718,
                48.05912300022817
              ],
              [
                -123.04210800008109,
                48.059281999993274
              ],
              [
                -123.0411149996711,
                48.0594350000966
              ],
              [
                -123.03976099958605,
                48.05996300009248
              ],
              [
                -123.03886299961059,
                48.06052299999258
              ],
              [
                -123.03866099994423,
                48.06064900018129
              ],
              [
                -123.03853000042298,
                48.06078899976238
              ],
              [
                -123.03827400032993,
                48.06106199977171
              ],
              [
                -123.03805500004684,
                48.06129800019422
              ],
              [
                -123.03780499980158,
                48.06156499978248
              ],
              [
                -123.03767599993016,
                48.061703000038726
              ],
              [
                -123.03761400000586,
                48.061770000195025
              ],
              [
                -123.03772299978579,
                48.06213000011523
              ],
              [
                -123.03781200037258,
                48.062423999703434
              ],
              [
                -123.03797100038126,
                48.06255900005453
              ],
              [
                -123.03825099986541,
                48.06279700001128
              ],
              [
                -123.0386319996319,
                48.06312000012224
              ],
              [
                -123.0392850002833,
                48.06367500020218
              ],
              [
                -123.03935600042841,
                48.06373599972266
              ],
              [
                -123.039624000217,
                48.06386899988308
              ],
              [
                -123.03972899979901,
                48.063921000001336
              ],
              [
                -123.04017400003794,
                48.06414199976771
              ],
              [
                -123.04044199982654,
                48.06427399991169
              ],
              [
                -123.0404760001617,
                48.064297999737775
              ],
              [
                -123.04050899977368,
                48.06432099998586
              ],
              [
                -123.04053999973581,
                48.064344999790016
              ],
              [
                -123.04056400002528,
                48.06436500011857
              ],
              [
                -123.04061799955363,
                48.06441300027502
              ],
              [
                -123.04065699991169,
                48.064446999883494
              ],
              [
                -123.04071600036121,
                48.06450499979943
              ],
              [
                -123.04076800023975,
                48.06454899977486
              ],
              [
                -123.04083500018692,
                48.064615000267814
              ],
              [
                -123.04088600024055,
                48.064670000113686
              ],
              [
                -123.0409180000276,
                48.06470000011397
              ],
              [
                -123.04097099973106,
                48.06476500025475
              ],
              [
                -123.04099900021845,
                48.064800999946456
              ],
              [
                -123.04102799963245,
                48.06483700021333
              ],
              [
                -123.04106199996764,
                48.06488499992962
              ],
              [
                -123.0410879999069,
                48.06493700022212
              ],
              [
                -123.04111899986904,
                48.0649569997203
              ],
              [
                -123.0412069997326,
                48.06501400010852
              ],
              [
                -123.04127100020503,
                48.065057000096296
              ],
              [
                -123.04135400004569,
                48.065121000234996
              ],
              [
                -123.0414040002744,
                48.065157999828614
              ],
              [
                -123.04143000021367,
                48.065177000291044
              ],
              [
                -123.04145199995499,
                48.06519899999624
              ],
              [
                -123.04147399969628,
                48.065221999841725
              ],
              [
                -123.04152599957483,
                48.06527300024541
              ],
              [
                -123.04156499993289,
                48.06531899985993
              ],
              [
                -123.04162699985716,
                48.06538499996589
              ],
              [
                -123.04167500043606,
                48.065453999822424
              ],
              [
                -123.04171499972071,
                48.065545999887505
              ],
              [
                -123.04172999978933,
                48.065578999805524
              ],
              [
                -123.04173999983506,
                48.06560799973417
              ],
              [
                -123.04174900005587,
                48.06563899992969
              ],
              [
                -123.04176800032245,
                48.06571400028671
              ],
              [
                -123.04180900033035,
                48.06580499974871
              ],
              [
                -123.04183199989656,
                48.065866999883724
              ],
              [
                -123.0418629998587,
                48.065954999869724
              ],
              [
                -123.04187399972936,
                48.06602099976045
              ],
              [
                -123.04190200021675,
                48.06608499990111
              ],
              [
                -123.04193499982873,
                48.06616099973968
              ],
              [
                -123.0419459996994,
                48.066184999886566
              ],
              [
                -123.04198900025541,
                48.06616800005884
              ],
              [
                -123.04215999995964,
                48.06610299988883
              ],
              [
                -123.04285999956838,
                48.065842000051305
              ],
              [
                -123.04304399969139,
                48.06583400015039
              ],
              [
                -123.04520700006341,
                48.06584399972617
              ],
              [
                -123.04564700027947,
                48.06584499986376
              ],
              [
                -123.04590500002233,
                48.06584600000129
              ],
              [
                -123.04609599981804,
                48.065842000051305
              ],
              [
                -123.04625099962873,
                48.06595300019912
              ],
              [
                -123.04643200027701,
                48.06610500015388
              ],
              [
                -123.04645400001831,
                48.06613399978616
              ],
              [
                -123.04660399980615,
                48.066327000276424
              ],
              [
                -123.04661800004986,
                48.066359000166464
              ],
              [
                -123.04666300025568,
                48.06646199999635
              ],
              [
                -123.04671699978405,
                48.06658599980951
              ],
              [
                -123.04675699996703,
                48.06673999993621
              ],
              [
                -123.04676199998993,
                48.06678300028301
              ],
              [
                -123.04677500040869,
                48.06689599983642
              ],
              [
                -123.04678799992917,
                48.06701499983104
              ],
              [
                -123.04682800011214,
                48.067374000180706
              ],
              [
                -123.04682999976195,
                48.0673840000576
              ],
              [
                -123.04684700037872,
                48.067493000270716
              ],
              [
                -123.04687300031799,
                48.0677629998431
              ],
              [
                -123.04690199973199,
                48.067943000171795
              ],
              [
                -123.04691199977772,
                48.06797099987284
              ],
              [
                -123.04700100036452,
                48.06822099991601
              ],
              [
                -123.04716200002298,
                48.068497999873514
              ],
              [
                -123.04737600028321,
                48.06880799978958
              ],
              [
                -123.04767400020904,
                48.06915299981474
              ],
              [
                -123.04770099997326,
                48.06917400014876
              ],
              [
                -123.04789000011914,
                48.06931600009573
              ],
              [
                -123.04809400033362,
                48.069458000251146
              ],
              [
                -123.04802099964039,
                48.06951599992294
              ],
              [
                -123.04798600037859,
                48.069546000100104
              ],
              [
                -123.04795399969322,
                48.06972199994688
              ],
              [
                -123.04795399969322,
                48.06977600027713
              ],
              [
                -123.04795500041644,
                48.06986999993875
              ],
              [
                -123.04795700006628,
                48.07008400018833
              ],
              [
                -123.04497699990964,
                48.070079999967426
              ],
              [
                -123.04344899974734,
                48.07030499990477
              ],
              [
                -123.043467000189,
                48.07035900022356
              ],
              [
                -123.04347600040984,
                48.07037499981802
              ],
              [
                -123.043503000174,
                48.07042499986927
              ],
              [
                -123.04351300021976,
                48.07047199972911
              ],
              [
                -123.04356900029624,
                48.07061200020664
              ],
              [
                -123.04357400031914,
                48.0706329999453
              ],
              [
                -123.04358400036487,
                48.0706819997023
              ],
              [
                -123.04362299982462,
                48.070763000166146
              ],
              [
                -123.04362899967238,
                48.070776000110115
              ],
              [
                -123.04366100035774,
                48.07084700002337
              ],
              [
                -123.04368399992396,
                48.07092300003331
              ],
              [
                -123.04368999977176,
                48.07094500028378
              ],
              [
                -123.04373699962744,
                48.07107999989584
              ],
              [
                -123.04376000009196,
                48.071132999966906
              ],
              [
                -123.04378600003123,
                48.0712009998875
              ],
              [
                -123.04381799981826,
                48.07128400019844
              ],
              [
                -123.04383299988692,
                48.07135299995003
              ],
              [
                -123.04386399984905,
                48.07139900013321
              ],
              [
                -123.0438749997197,
                48.07142799978386
              ],
              [
                -123.04390900005487,
                48.07152200002954
              ],
              [
                -123.04394099984192,
                48.07160199974574
              ],
              [
                -123.04394699968972,
                48.071616000103475
              ],
              [
                -123.04395699973546,
                48.07164799970635
              ],
              [
                -123.04396500013138,
                48.071663000076065
              ],
              [
                -123.0440019999413,
                48.07173600001227
              ],
              [
                -123.04401399963686,
                48.071793000095994
              ],
              [
                -123.04401799983482,
                48.07180999986651
              ],
              [
                -123.04402799988057,
                48.07182900027427
              ],
              [
                -123.04404499959901,
                48.07186299978596
              ],
              [
                -123.04406200021575,
                48.0719189997095
              ],
              [
                -123.0440789999342,
                48.07197900024594
              ],
              [
                -123.0440940000028,
                48.07200400009869
              ],
              [
                -123.04412599978986,
                48.07208799973096
              ],
              [
                -123.04568800028734,
                48.07205599980145
              ],
              [
                -123.04572900029524,
                48.07205599980145
              ],
              [
                -123.04580299991507,
                48.0720549997846
              ],
              [
                -123.04627400009328,
                48.0720549997846
              ],
              [
                -123.04636199995682,
                48.0720549997846
              ],
              [
                -123.04771900041489,
                48.07205599980145
              ],
              [
                -123.0477269999125,
                48.07217599988466
              ],
              [
                -123.04773000028554,
                48.07222099991875
              ],
              [
                -123.04785300030922,
                48.07222099991875
              ],
              [
                -123.04797600033285,
                48.07222099991875
              ],
              [
                -123.05054499968743,
                48.07222299994603
              ],
              [
                -123.05121300040743,
                48.07222299994603
              ],
              [
                -123.0513589999973,
                48.07222299994603
              ],
              [
                -123.05135399997444,
                48.072271999989844
              ],
              [
                -123.05133399988294,
                48.07246200024527
              ],
              [
                -123.0513310004082,
                48.0724849998463
              ],
              [
                -123.05132999968497,
                48.07249799995557
              ],
              [
                -123.05143199979224,
                48.07249799995557
              ],
              [
                -123.05160000002172,
                48.07249799995557
              ],
              [
                -123.05306200006177,
                48.07250099998029
              ],
              [
                -123.05323399959092,
                48.072501999988475
              ],
              [
                -123.05343799980541,
                48.072501999988475
              ],
              [
                -123.05343899963033,
                48.072454000172826
              ],
              [
                -123.0534300003078,
                48.072230000040875
              ],
              [
                -123.05359500016426,
                48.07222399995967
              ],
              [
                -123.05507499974766,
                48.07222499997323
              ],
              [
                -123.05642999965762,
                48.07222599998683
              ],
              [
                -123.05891400042002,
                48.07222700000035
              ],
              [
                -123.05891400042002,
                48.07234400025132
              ],
              [
                -123.05891400042002,
                48.072459000218224
              ],
              [
                -123.05891299969679,
                48.072821999816234
              ],
              [
                -123.05888599993263,
                48.074360000284116
              ],
              [
                -123.05886800038928,
                48.075178999718965
              ],
              [
                -123.05887699971179,
                48.07597500009102
              ],
              [
                -123.05895500042789,
                48.07597500009102
              ],
              [
                -123.05906199965972,
                48.07601500010444
              ],
              [
                -123.05908000010137,
                48.07601999980382
              ],
              [
                -123.060441999684,
                48.075976000031694
              ],
              [
                -123.06088000025024,
                48.075976000031694
              ],
              [
                -123.06219699962705,
                48.07597799991303
              ],
              [
                -123.06263600001819,
                48.07597899985364
              ],
              [
                -123.06324500028863,
                48.07597400015029
              ],
              [
                -123.06507499967641,
                48.075960999718816
              ],
              [
                -123.06568499977178,
                48.07595799989583
              ],
              [
                -123.06595799958325,
                48.07595799989583
              ],
              [
                -123.06678100011396,
                48.07595899983683
              ],
              [
                -123.06705499975033,
                48.07595999977785
              ],
              [
                -123.06756399956336,
                48.075960999718816
              ],
              [
                -123.06909099990077,
                48.07596400014185
              ],
              [
                -123.069601000437,
                48.07596500008279
              ],
              [
                -123.06984699958598,
                48.07596400014185
              ],
              [
                -123.06984599976109,
                48.076029999801364
              ],
              [
                -123.06992799977685,
                48.076029999801364
              ],
              [
                -123.06992000027924,
                48.078767000062975
              ],
              [
                -123.06975600024771,
                48.078767000062975
              ],
              [
                -123.06975399969957,
                48.079814000151
              ],
              [
                -123.06975200004973,
                48.080441999847764
              ],
              [
                -123.06975000039994,
                48.08096800012372
              ],
              [
                -123.0697489996767,
                48.08135999976181
              ],
              [
                -123.06974799985181,
                48.08179399999197
              ],
              [
                -123.06974500037704,
                48.08300200021157
              ],
              [
                -123.06974100017909,
                48.08431799986938
              ],
              [
                -123.0697339996081,
                48.08685500019883
              ],
              [
                -123.07039700030522,
                48.08685700025736
              ],
              [
                -123.07520199982676,
                48.08683599993908
              ],
              [
                -123.07518599993323,
                48.085199999826465
              ],
              [
                -123.07520100000184,
                48.08319499985447
              ],
              [
                -123.0804499999374,
                48.08318700025059
              ],
              [
                -123.08063400006041,
                48.08318299984802
              ],
              [
                -123.08063599971024,
                48.08365200021662
              ],
              [
                -123.08063499988533,
                48.08439500016337
              ],
              [
                -123.0806330002355,
                48.084577000072656
              ],
              [
                -123.08145900024095,
                48.084698000130814
              ],
              [
                -123.0823439997976,
                48.08464800014626
              ],
              [
                -123.08282699967137,
                48.08453299981729
              ],
              [
                -123.0860529998753,
                48.08375699982078
              ],
              [
                -123.08605500042344,
                48.08393100009889
              ],
              [
                -123.08605700007324,
                48.084109000119255
              ],
              [
                -123.08605200005037,
                48.084279999868876
              ],
              [
                -123.08604500037768,
                48.084519999748295
              ],
              [
                -123.08605500042344,
                48.084792999907556
              ],
              [
                -123.08606200009613,
                48.084965000149715
              ],
              [
                -123.08604899967732,
                48.0850199998511
              ],
              [
                -123.08602899958584,
                48.08510899985429
              ],
              [
                -123.08602100008824,
                48.08518699992602
              ],
              [
                -123.08602000026333,
                48.08520999983996
              ],
              [
                -123.08603000030908,
                48.08524299975069
              ],
              [
                -123.08592800020183,
                48.08527600024036
              ],
              [
                -123.08592400000386,
                48.08578399999664
              ],
              [
                -123.08591700033118,
                48.086806999971245
              ],
              [
                -123.08610700030195,
                48.08680099978963
              ],
              [
                -123.08623899964812,
                48.08680099978963
              ],
              [
                -123.08663500038156,
                48.08680200011999
              ],
              [
                -123.08676799955263,
                48.08680299985027
              ],
              [
                -123.08729399998244,
                48.08680200011999
              ],
              [
                -123.08806399991136,
                48.08680200011999
              ],
              [
                -123.08887200037341,
                48.08681100009196
              ],
              [
                -123.0893989997298,
                48.08681800000235
              ],
              [
                -123.08965300017304,
                48.08681800000235
              ],
              [
                -123.09041499970606,
                48.08682099979225
              ],
              [
                -123.09066999997418,
                48.08682200012221
              ],
              [
                -123.09081399991422,
                48.08682200012221
              ],
              [
                -123.09124599973435,
                48.08682200012221
              ],
              [
                -123.09138999967439,
                48.08682299985206
              ],
              [
                -123.09142599965939,
                48.08633800016591
              ],
              [
                -123.0914659998424,
                48.08582099973677
              ],
              [
                -123.091480999911,
                48.08488199970342
              ],
              [
                -123.09148799958369,
                48.08448999989962
              ],
              [
                -123.09147699971302,
                48.08439699971745
              ],
              [
                -123.09147199969016,
                48.084360999930844
              ],
              [
                -123.0915939998889,
                48.08436000015314
              ],
              [
                -123.09345400031222,
                48.08437999990471
              ],
              [
                -123.09345199976408,
                48.084457000105886
              ],
              [
                -123.0936779997199,
                48.08446000003345
              ],
              [
                -123.09422500006607,
                48.08446099980921
              ],
              [
                -123.09457400004551,
                48.08446299996083
              ],
              [
                -123.09486199992558,
                48.084463999736535
              ],
              [
                -123.09486199992558,
                48.08455199972763
              ],
              [
                -123.09486199992558,
                48.08481899990429
              ],
              [
                -123.09486199992558,
                48.08493999999323
              ],
              [
                -123.09486699994848,
                48.085272000000266
              ],
              [
                -123.0948629997505,
                48.085563000151026
              ],
              [
                -123.09486100010069,
                48.085658000130444
              ],
              [
                -123.09486100010069,
                48.08577499984496
              ],
              [
                -123.0948600002758,
                48.08597299981726
              ],
              [
                -123.09498300029944,
                48.08597400016376
              ],
              [
                -123.09501900028444,
                48.08597400016376
              ],
              [
                -123.09532499970788,
                48.08597499991009
              ],
              [
                -123.09552800009747,
                48.0859760002565
              ],
              [
                -123.09567700006039,
                48.0859760002565
              ],
              [
                -123.09603299971255,
                48.08597700000284
              ],
              [
                -123.09620299959187,
                48.08597799974911
              ],
              [
                -123.09638500006504,
                48.08597799974911
              ],
              [
                -123.09687899980948,
                48.08597999984174
              ],
              [
                -123.09688399983234,
                48.08506700018213
              ],
              [
                -123.09762699999708,
                48.08507500009374
              ],
              [
                -123.09978600017116,
                48.08510099994797
              ],
              [
                -123.10228400027894,
                48.085088999786066
              ],
              [
                -123.10228599992877,
                48.085311000227364
              ],
              [
                -123.10228500010383,
                48.08542800013114
              ],
              [
                -123.10228299955571,
                48.0856279997453
              ],
              [
                -123.09963600038333,
                48.0856199999197
              ],
              [
                -123.0996339998352,
                48.08598999970361
              ],
              [
                -123.10005800015773,
                48.085991000049724
              ],
              [
                -123.10039299989349,
                48.08599300014185
              ],
              [
                -123.10227900025605,
                48.08600099990944
              ],
              [
                -123.10227800043116,
                48.0860610002271
              ],
              [
                -123.10227800043116,
                48.08616099980078
              ],
              [
                -123.10227699970793,
                48.08625799995766
              ],
              [
                -123.10227400023321,
                48.086548000195506
              ],
              [
                -123.10227400023321,
                48.08664599995586
              ],
              [
                -123.10227300040829,
                48.08668100021083
              ],
              [
                -123.10227199968507,
                48.08678800029385
              ],
              [
                -123.10227199968507,
                48.08682400018202
              ],
              [
                -123.10227199968507,
                48.08685100008158
              ],
              [
                -123.10227300040829,
                48.08689700021121
              ],
              [
                -123.10227300040829,
                48.086935000078576
              ],
              [
                -123.10227300040829,
                48.08696300024713
              ],
              [
                -123.10227800043116,
                48.087294000076994
              ],
              [
                -123.10228400027894,
                48.08759899979836
              ],
              [
                -123.10228400027894,
                48.087652000256064
              ],
              [
                -123.10216499955493,
                48.08765499999728
              ],
              [
                -123.10150099993123,
                48.08765400028356
              ],
              [
                -123.10081899986584,
                48.08765400028356
              ],
              [
                -123.10081800004092,
                48.08805099970666
              ],
              [
                -123.1013929999762,
                48.088056000036524
              ],
              [
                -123.1022819997308,
                48.088066000094834
              ],
              [
                -123.10228099990589,
                48.08823899989538
              ],
              [
                -123.10228099990589,
                48.088262999946565
              ],
              [
                -123.10240700030259,
                48.08826499995035
              ],
              [
                -123.10291600011563,
                48.088266999954044
              ],
              [
                -123.10315600031511,
                48.088266999954044
              ],
              [
                -123.10332100017158,
                48.08826800025587
              ],
              [
                -123.10352399966285,
                48.08826800025587
              ],
              [
                -123.10352600021098,
                48.087863000030815
              ],
              [
                -123.10352899968572,
                48.08768800013951
              ],
              [
                -123.10352700003588,
                48.08745499986412
              ],
              [
                -123.10347199978432,
                48.08745499986412
              ],
              [
                -123.10320599964554,
                48.087454000146515
              ],
              [
                -123.10292699998628,
                48.08745299982885
              ],
              [
                -123.10292399961322,
                48.08709599978934
              ],
              [
                -123.1029229997883,
                48.08694499975475
              ],
              [
                -123.1029229997883,
                48.08682999976085
              ],
              [
                -123.10294899972757,
                48.08683100009064
              ],
              [
                -123.10301200037507,
                48.08683199982036
              ],
              [
                -123.10335700015658,
                48.086837999998345
              ],
              [
                -123.10369500026539,
                48.08684499990511
              ],
              [
                -123.10458400002001,
                48.08684499990511
              ],
              [
                -123.10499300027394,
                48.08684499990511
              ],
              [
                -123.10580900023359,
                48.08684499990511
              ],
              [
                -123.105942000303,
                48.08684499990511
              ],
              [
                -123.10741000019084,
                48.08685199981087
              ],
              [
                -123.10766799993371,
                48.08685100008158
              ],
              [
                -123.10879199986498,
                48.08685100008158
              ],
              [
                -123.10951999996114,
                48.08685100008158
              ],
              [
                -123.10952699963381,
                48.08700700022396
              ],
              [
                -123.10952199961092,
                48.08758900024934
              ],
              [
                -123.10952099978603,
                48.087765000189044
              ],
              [
                -123.1095190001362,
                48.08825899993884
              ],
              [
                -123.1095190001362,
                48.08833999973531
              ],
              [
                -123.10951599976316,
                48.088905999849786
              ],
              [
                -123.10951499993826,
                48.08907000024989
              ],
              [
                -123.10951199956519,
                48.08955499997548
              ],
              [
                -123.10951199956519,
                48.08963400018052
              ],
              [
                -123.10950900009047,
                48.09025199976897
              ],
              [
                -123.10950800026555,
                48.09042399975668
              ],
              [
                -123.10950700044063,
                48.090651999704924
              ],
              [
                -123.10950599971741,
                48.09084199988966
              ],
              [
                -123.10950599971741,
                48.09087099998242
              ],
              [
                -123.1095040000676,
                48.091193999703336
              ],
              [
                -123.10950300024268,
                48.09137699979663
              ],
              [
                -123.10950200041776,
                48.09155499984951
              ],
              [
                -123.10950099969455,
                48.091727999913864
              ],
              [
                -123.10950099969455,
                48.09178500005039
              ],
              [
                -123.10835300037215,
                48.09175700010701
              ],
              [
                -123.107737000429,
                48.091742999829584
              ],
              [
                -123.10703899957177,
                48.09172600004476
              ],
              [
                -123.10640400026038,
                48.09170999988921
              ],
              [
                -123.10626199997013,
                48.091706000149536
              ],
              [
                -123.1061680002588,
                48.09187100025256
              ],
              [
                -123.10616400006086,
                48.09188100016908
              ],
              [
                -123.10615900003799,
                48.09189400017761
              ],
              [
                -123.10613399992361,
                48.09196200026108
              ],
              [
                -123.10611499965704,
                48.09201299996462
              ],
              [
                -123.10611399983212,
                48.092022000224716
              ],
              [
                -123.1061110003574,
                48.09203599982615
              ],
              [
                -123.10610899980925,
                48.09205100025206
              ],
              [
                -123.10598300031087,
                48.09205999990552
              ],
              [
                -123.10542500009404,
                48.09205800004933
              ],
              [
                -123.10499200044902,
                48.09205499996491
              ],
              [
                -123.10499200044902,
                48.091576000040945
              ],
              [
                -123.10499200044902,
                48.09142499995922
              ],
              [
                -123.10499200044902,
                48.09109899974897
              ],
              [
                -123.10499099972577,
                48.090577999948344
              ],
              [
                -123.10498900007596,
                48.090562000035604
              ],
              [
                -123.10498200040327,
                48.09053200011081
              ],
              [
                -123.10498499987801,
                48.09010200026592
              ],
              [
                -123.10498700042614,
                48.08962199987616
              ],
              [
                -123.1041320001084,
                48.08961900024967
              ],
              [
                -123.10227099986015,
                48.08961400007172
              ],
              [
                -123.10227800043116,
                48.08904299971505
              ],
              [
                -123.10227800043116,
                48.089026000237794
              ],
              [
                -123.10227800043116,
                48.08897800023618
              ],
              [
                -123.10227900025605,
                48.08896300011401
              ],
              [
                -123.10227900025605,
                48.08889399997562
              ],
              [
                -123.10227900025605,
                48.08872099997815
              ],
              [
                -123.10215899970717,
                48.08872099997815
              ],
              [
                -123.1018370003902,
                48.08871899999212
              ],
              [
                -123.10094699991235,
                48.0887139997267
              ],
              [
                -123.10081800004092,
                48.0887139997267
              ],
              [
                -123.10058100021445,
                48.08871300003356
              ],
              [
                -123.10015600006703,
                48.08871100004721
              ],
              [
                -123.09948800024532,
                48.088707000074315
              ],
              [
                -123.09905600042521,
                48.08870500008773
              ],
              [
                -123.09817799964291,
                48.08869999982091
              ],
              [
                -123.09795800043321,
                48.08869900012755
              ],
              [
                -123.09686600028897,
                48.08869399986014
              ],
              [
                -123.09686499956577,
                48.08897699994816
              ],
              [
                -123.09686600028897,
                48.08905799981394
              ],
              [
                -123.09686499956577,
                48.08929199970957
              ],
              [
                -123.09686499956577,
                48.08949999972309
              ],
              [
                -123.09686399974083,
                48.089582999917724
              ],
              [
                -123.09686399974083,
                48.08966499970376
              ],
              [
                -123.0968610002661,
                48.09042699993626
              ],
              [
                -123.09685700006816,
                48.090504999743544
              ],
              [
                -123.09739199982046,
                48.09050700026013
              ],
              [
                -123.0982060001303,
                48.09050900017664
              ],
              [
                -123.09846200022335,
                48.09050900017664
              ],
              [
                -123.09888599964756,
                48.090511000093066
              ],
              [
                -123.09958600015462,
                48.090514000267575
              ],
              [
                -123.09956900043616,
                48.09230600022285
              ],
              [
                -123.09885600040865,
                48.09230600022285
              ],
              [
                -123.09870599972253,
                48.09230499999956
              ],
              [
                -123.09820000028252,
                48.09230600022285
              ],
              [
                -123.09819699990949,
                48.09321899978002
              ],
              [
                -123.09819600008457,
                48.093416999894465
              ],
              [
                -123.09756599989774,
                48.09341500009105
              ],
              [
                -123.097563000423,
                48.09404299993735
              ],
              [
                -123.09756599989774,
                48.09416099996397
              ],
              [
                -123.09794800038745,
                48.09416399992552
              ],
              [
                -123.09821399962792,
                48.09416500011265
              ],
              [
                -123.09818699986376,
                48.097409000242884
              ],
              [
                -123.09733499991903,
                48.09739599982875
              ],
              [
                -123.09561699978593,
                48.09737099971538
              ],
              [
                -123.09557900015112,
                48.09718799995506
              ],
              [
                -123.09566500036483,
                48.09709200014486
              ],
              [
                -123.09588299992471,
                48.096896000050855
              ],
              [
                -123.09545399957932,
                48.09641099996412
              ],
              [
                -123.0956839997331,
                48.0963439999092
              ],
              [
                -123.09546299980013,
                48.09575900009898
              ],
              [
                -123.09585299978748,
                48.09572299986558
              ],
              [
                -123.09573200031197,
                48.094140999815785
              ],
              [
                -123.09556300025756,
                48.09413900004057
              ],
              [
                -123.09426100005108,
                48.09411800029581
              ],
              [
                -123.09369600016156,
                48.094121999847836
              ],
              [
                -123.09322099978542,
                48.09412400022376
              ],
              [
                -123.0917980001034,
                48.09413300011437
              ],
              [
                -123.0917289996081,
                48.0941339997021
              ],
              [
                -123.09143099968229,
                48.094128999963154
              ],
              [
                -123.09143099968229,
                48.0941799999175
              ],
              [
                -123.09142700038262,
                48.09522300001731
              ],
              [
                -123.09142700038262,
                48.095264000229875
              ],
              [
                -123.09141300013894,
                48.09917700014335
              ],
              [
                -123.09140999976589,
                48.09995800002516
              ],
              [
                -123.09140700029116,
                48.10059599976749
              ],
              [
                -123.09140499974302,
                48.1013299998655
              ],
              [
                -123.09140499974302,
                48.10135599990071
              ],
              [
                -123.09145199959868,
                48.10135599990071
              ],
              [
                -123.09151199987313,
                48.10135599990071
              ],
              [
                -123.09170900041494,
                48.10135699994793
              ],
              [
                -123.09179499973037,
                48.10135699994793
              ],
              [
                -123.0932559999455,
                48.101366999819355
              ],
              [
                -123.09345099993917,
                48.10139199978933
              ],
              [
                -123.09361300032087,
                48.10140299970028
              ],
              [
                -123.09384500012446,
                48.10142099993124
              ],
              [
                -123.09409899966937,
                48.10144699992043
              ],
              [
                -123.09496700040592,
                48.101480000210806
              ],
              [
                -123.0955239998995,
                48.101524999809094
              ],
              [
                -123.09572399991607,
                48.10152000018897
              ],
              [
                -123.09589100032063,
                48.10148499983481
              ],
              [
                -123.09605000032929,
                48.10143399992746
              ],
              [
                -123.09640000013367,
                48.10131000010631
              ],
              [
                -123.09661699986864,
                48.10124000028808
              ],
              [
                -123.09675199958785,
                48.10121300014415
              ],
              [
                -123.09692999986308,
                48.101208999943864
              ],
              [
                -123.09709300006972,
                48.10121500024419
              ],
              [
                -123.09734300031495,
                48.10125200028082
              ],
              [
                -123.09763899969266,
                48.10131599979492
              ],
              [
                -123.09793199959563,
                48.101382999969495
              ],
              [
                -123.09798500019737,
                48.10139599997537
              ],
              [
                -123.09818299966578,
                48.10141300016262
              ],
              [
                -123.09818100001596,
                48.10040099989939
              ],
              [
                -123.0981850002139,
                48.09993500010758
              ],
              [
                -123.09818299966578,
                48.09896700008839
              ],
              [
                -123.10222499982942,
                48.0989899998391
              ],
              [
                -123.1022240000045,
                48.09913499996101
              ],
              [
                -123.10407900040495,
                48.09914400017436
              ],
              [
                -123.10408199987968,
                48.099008999808035
              ],
              [
                -123.1040829997046,
                48.09897199995681
              ],
              [
                -123.10408600007763,
                48.09850699991309
              ],
              [
                -123.10408699990255,
                48.09839500029074
              ],
              [
                -123.1040900002756,
                48.09800200017848
              ],
              [
                -123.1040900002756,
                48.097871999788495
              ],
              [
                -123.10409699994828,
                48.09784699990659
              ],
              [
                -123.10437599960754,
                48.097848000022076
              ],
              [
                -123.10441199959254,
                48.09784900013755
              ],
              [
                -123.10495899993872,
                48.09785199988392
              ],
              [
                -123.10494100039537,
                48.09779200012353
              ],
              [
                -123.10494300004522,
                48.09771000009775
              ],
              [
                -123.10494499969504,
                48.097528999987674
              ],
              [
                -123.10494700024317,
                48.097355000116394
              ],
              [
                -123.10494800006809,
                48.09727500024689
              ],
              [
                -123.10495100044112,
                48.097060000168305
              ],
              [
                -123.10495499974077,
                48.0968220002802
              ],
              [
                -123.1049570002889,
                48.096621999799595
              ],
              [
                -123.10495999976364,
                48.09640000018498
              ],
              [
                -123.10496300013669,
                48.096182999751456
              ],
              [
                -123.10496599961142,
                48.095965000049915
              ],
              [
                -123.10496899998445,
                48.095744000154816
              ],
              [
                -123.10497400000735,
                48.09538000012735
              ],
              [
                -123.10497999985512,
                48.094950000021946
              ],
              [
                -123.10498900007596,
                48.0942360001503
              ],
              [
                -123.10498900007596,
                48.09414999970342
              ],
              [
                -123.10548899966815,
                48.09414600015357
              ],
              [
                -123.10551100030779,
                48.09414600015357
              ],
              [
                -123.10557599970679,
                48.09414600015357
              ],
              [
                -123.10632300006951,
                48.09415300026562
              ],
              [
                -123.10681000014122,
                48.09415300026562
              ],
              [
                -123.10776300036827,
                48.094153999853006
              ],
              [
                -123.10784200001098,
                48.094153999853006
              ],
              [
                -123.10786899977516,
                48.094153999853006
              ],
              [
                -123.10827100035638,
                48.094159000189485
              ],
              [
                -123.10875900025302,
                48.09416500011265
              ],
              [
                -123.10889700034527,
                48.094166999886895
              ],
              [
                -123.10931099972375,
                48.09417299980913
              ],
              [
                -123.10944999964092,
                48.09417599976999
              ],
              [
                -123.1095049998925,
                48.09417599976999
              ],
              [
                -123.10966999974896,
                48.09417699995688
              ],
              [
                -123.10972599982543,
                48.09417800014376
              ],
              [
                -123.10989599970476,
                48.09417899973066
              ],
              [
                -123.11040899971574,
                48.09418200029117
              ],
              [
                -123.1105800003183,
                48.094184000064715
              ],
              [
                -123.11093900034348,
                48.094185999838224
              ],
              [
                -123.11201600041908,
                48.09419400013144
              ],
              [
                -123.1122850000326,
                48.09419599990451
              ],
              [
                -123.11228099983462,
                48.094101000096124
              ],
              [
                -123.11228699968241,
                48.0932979997565
              ],
              [
                -123.11229000005547,
                48.09298199972247
              ],
              [
                -123.11245099971394,
                48.09298199972247
              ],
              [
                -123.11298600036457,
                48.0929849997528
              ],
              [
                -123.11310199981718,
                48.09300499975056
              ],
              [
                -123.11310099999228,
                48.09314699993122
              ],
              [
                -123.11310099999228,
                48.09357400011898
              ],
              [
                -123.11310099999228,
                48.093717000124144
              ],
              [
                -123.11310000016736,
                48.09381399983
              ],
              [
                -123.11310000016736,
                48.094104000061186
              ],
              [
                -123.11310000016736,
                48.094201999823355
              ],
              [
                -123.11402699955683,
                48.09420499978252
              ],
              [
                -123.11681000006998,
                48.09421499984516
              ],
              [
                -123.11773800018265,
                48.09421899998964
              ],
              [
                -123.11866600029532,
                48.09422799986363
              ],
              [
                -123.11892700041123,
                48.09423099982127
              ],
              [
                -123.11900799970377,
                48.094232000007096
              ],
              [
                -123.11971300023369,
                48.094232000007096
              ],
              [
                -123.11997500017452,
                48.09423300019295
              ],
              [
                -123.1199740003496,
                48.09396099993227
              ],
              [
                -123.1199729996264,
                48.093366999986
              ],
              [
                -123.1199740003496,
                48.093145999724285
              ],
              [
                -123.11997500017452,
                48.09303699985087
              ],
              [
                -123.11977099996001,
                48.09303099979607
              ],
              [
                -123.11960000025579,
                48.09303099979607
              ],
              [
                -123.11931400002553,
                48.0930300001869
              ],
              [
                -123.1191929996517,
                48.09302899997765
              ],
              [
                -123.11866499957212,
                48.093024000131294
              ],
              [
                -123.11853099967782,
                48.09302299992193
              ],
              [
                -123.11853400005084,
                48.09237900027109
              ],
              [
                -123.11853599970068,
                48.09191799972322
              ],
              [
                -123.11853800024882,
                48.09147699983476
              ],
              [
                -123.11853999989863,
                48.09102899982816
              ],
              [
                -123.11854200044677,
                48.09057499977758
              ],
              [
                -123.1185440000966,
                48.090253000032185
              ],
              [
                -123.1185449999215,
                48.090016999773304
              ],
              [
                -123.11854699957134,
                48.08948200011864
              ],
              [
                -123.11999199989295,
                48.08948900026561
              ],
              [
                -123.12015000007672,
                48.08948900026561
              ],
              [
                -123.12109499990784,
                48.089491000221706
              ],
              [
                -123.12183700024768,
                48.08949300017768
              ],
              [
                -123.12184300009545,
                48.08904200002835
              ],
              [
                -123.12184399992037,
                48.0889619998257
              ],
              [
                -123.12184999976816,
                48.08842899999429
              ],
              [
                -123.12185099959305,
                48.08839100003067
              ],
              [
                -123.12295399960793,
                48.08839700002678
              ],
              [
                -123.12394600019303,
                48.08839399972878
              ],
              [
                -123.12394700001795,
                48.08829900000244
              ],
              [
                -123.1239510002159,
                48.08787399983607
              ],
              [
                -123.1241000001788,
                48.08787399983607
              ],
              [
                -123.12425900018746,
                48.08787500014559
              ],
              [
                -123.12473500038853,
                48.08787599985497
              ],
              [
                -123.12505400023076,
                48.08787700016441
              ],
              [
                -123.12505199968263,
                48.08783099971113
              ],
              [
                -123.12505400023076,
                48.0877210002606
              ],
              [
                -123.12505400023076,
                48.08768899985256
              ],
              [
                -123.125048000383,
                48.086959000138236
              ],
              [
                -123.12436499959438,
                48.08696399997424
              ],
              [
                -123.12428400030181,
                48.08696399997424
              ],
              [
                -123.12404400010232,
                48.086966000028525
              ],
              [
                -123.12396399973638,
                48.086966999755575
              ],
              [
                -123.12396799993434,
                48.086521000136834
              ],
              [
                -123.12398200017806,
                48.085184000040826
              ],
              [
                -123.12398800002582,
                48.084738999733794
              ],
              [
                -123.12398600037601,
                48.08460699987063
              ],
              [
                -123.12399100039887,
                48.08443500023163
              ],
              [
                -123.12399200022377,
                48.08430100003054
              ],
              [
                -123.12399200022377,
                48.08421699993248
              ],
              [
                -123.12411400042251,
                48.084216000151976
              ],
              [
                -123.12467099991613,
                48.08420899988742
              ],
              [
                -123.12469199983252,
                48.08377000008263
              ],
              [
                -123.12470299970316,
                48.083487000148416
              ],
              [
                -123.12470799972603,
                48.08340500011407
              ],
              [
                -123.12471000027419,
                48.0833409999086
              ],
              [
                -123.12537100042319,
                48.08354600000446
              ],
              [
                -123.12555299999806,
                48.083603000207965
              ],
              [
                -123.12574799999173,
                48.0836580001655
              ],
              [
                -123.12596700027485,
                48.08372499994697
              ],
              [
                -123.12608199990258,
                48.08376100017865
              ],
              [
                -123.12639800027007,
                48.08385899984826
              ],
              [
                -123.12652399976845,
                48.08389700015978
              ],
              [
                -123.12672399978497,
                48.08395499975997
              ],
              [
                -123.12688399961856,
                48.08400000029452
              ],
              [
                -123.12712299999315,
                48.08405699999494
              ],
              [
                -123.12713999971157,
                48.084035999733665
              ],
              [
                -123.12714999975731,
                48.08402300013911
              ],
              [
                -123.12723400032124,
                48.08390600003996
              ],
              [
                -123.12727699997895,
                48.08383299996638
              ],
              [
                -123.12699400012173,
                48.08375000009388
              ],
              [
                -123.12695200028892,
                48.08382100010878
              ],
              [
                -123.12612899975824,
                48.0835570001329
              ],
              [
                -123.12568000021965,
                48.083413000284175
              ],
              [
                -123.12567500019678,
                48.083328000138415
              ],
              [
                -123.12604400026773,
                48.083322999948955
              ],
              [
                -123.12604799956736,
                48.08241900007684
              ],
              [
                -123.12605099994042,
                48.081514999921396
              ],
              [
                -123.12605299959023,
                48.08097399978552
              ],
              [
                -123.1260550001384,
                48.08060099977611
              ],
              [
                -123.12911700031077,
                48.08062700009132
              ],
              [
                -123.12944100017587,
                48.08063000024225
              ],
              [
                -123.12944700002366,
                48.07969700008089
              ],
              [
                -123.12944799984855,
                48.07968399999002
              ],
              [
                -123.12973900010171,
                48.079685999727225
              ],
              [
                -123.13144600036415,
                48.07969499974399
              ],
              [
                -123.13156500018984,
                48.079692000138664
              ],
              [
                -123.13196600004784,
                48.079685999727225
              ],
              [
                -123.13217299973707,
                48.07966800028913
              ],
              [
                -123.13217799975995,
                48.0800549997236
              ],
              [
                -123.13219299982858,
                48.08121899988078
              ],
              [
                -123.13219899967633,
                48.081607000081796
              ],
              [
                -123.1321939996535,
                48.08191499999528
              ],
              [
                -123.13218699998076,
                48.08236499981135
              ],
              [
                -123.13218000030807,
                48.082839999880754
              ],
              [
                -123.13217600011012,
                48.08314900001462
              ],
              [
                -123.13216699988928,
                48.0832810000187
              ],
              [
                -123.1321600002166,
                48.08338599978006
              ],
              [
                -123.13337700003429,
                48.08338899977009
              ],
              [
                -123.13374699993014,
                48.08339300015662
              ],
              [
                -123.13404300020616,
                48.08337600001206
              ],
              [
                -123.13470600000497,
                48.08337900000267
              ],
              [
                -123.13551000026908,
                48.083382999789855
              ],
              [
                -123.13580300017205,
                48.08338400018668
              ],
              [
                -123.13648900043542,
                48.08338799997348
              ],
              [
                -123.13668500025398,
                48.08338700017682
              ],
              [
                -123.13697899998185,
                48.08338599978006
              ],
              [
                -123.1373289997862,
                48.0833849999834
              ],
              [
                -123.13744199976412,
                48.0833849999834
              ],
              [
                -123.13838099974747,
                48.08338899977009
              ],
              [
                -123.13873200027506,
                48.08339099996339
              ],
              [
                -123.13902000015516,
                48.083391999759975
              ],
              [
                -123.13988499962032,
                48.083394999749636
              ],
              [
                -123.13996699963606,
                48.08339600014623
              ],
              [
                -123.14017400022362,
                48.08339399995312
              ],
              [
                -123.14030599956979,
                48.083402999921304
              ],
              [
                -123.14030700029303,
                48.083040999759355
              ],
              [
                -123.14031399996571,
                48.081520000286595
              ],
              [
                -123.14033599970703,
                48.078479000152406
              ],
              [
                -123.14033700043025,
                48.0783600002584
              ],
              [
                -123.14033900008006,
                48.078148000012405
              ],
              [
                -123.14033999990498,
                48.07792599986592
              ],
              [
                -123.14034300027804,
                48.07753100013759
              ],
              [
                -123.14034499992785,
                48.07714199988611
              ],
              [
                -123.1403480003009,
                48.07687300022774
              ],
              [
                -123.14034499992785,
                48.07679400022824
              ],
              [
                -123.14035400014869,
                48.076632000153744
              ],
              [
                -123.14035400014869,
                48.076582000131474
              ],
              [
                -123.14035499997361,
                48.0765310001307
              ],
              [
                -123.14035800034664,
                48.07609200022285
              ],
              [
                -123.14035900017154,
                48.07597400015029
              ],
              [
                -123.14035999999646,
                48.07585699975012
              ],
              [
                -123.14036199964627,
                48.07564799983524
              ],
              [
                -123.14036199964627,
                48.075557999719514
              ],
              [
                -123.14036400019444,
                48.075190999791886
              ],
              [
                -123.14036500001936,
                48.07495600000574
              ],
              [
                -123.14036599984428,
                48.07484000025453
              ],
              [
                -123.14036699966917,
                48.07477299970477
              ],
              [
                -123.1403680003924,
                48.074712000060025
              ],
              [
                -123.1403690002173,
                48.07462500000865
              ]
            ],
            [
              [
                -123.09965099955362,
                48.07055800015332
              ],
              [
                -123.09964399988094,
                48.07211900022518
              ],
              [
                -123.0996420002311,
                48.07235999982888
              ],
              [
                -123.0996410004062,
                48.0724699997162
              ],
              [
                -123.0996129999188,
                48.07247499976004
              ],
              [
                -123.09941299990226,
                48.07249899996381
              ],
              [
                -123.09921000041098,
                48.072512000069494
              ],
              [
                -123.0990930002351,
                48.07251600010136
              ],
              [
                -123.09810400002306,
                48.07255599980263
              ],
              [
                -123.09736500005624,
                48.07260000009836
              ],
              [
                -123.0966710002953,
                48.07263100028413
              ],
              [
                -123.09657699968567,
                48.072632000289836
              ],
              [
                -123.09650399989073,
                48.072633000295475
              ],
              [
                -123.09632399996569,
                48.07263599971212
              ],
              [
                -123.0961139999034,
                48.07263399970089
              ],
              [
                -123.09511600036885,
                48.07259500006667
              ],
              [
                -123.09463799961962,
                48.072567999887035
              ],
              [
                -123.09421300037049,
                48.07254299970807
              ],
              [
                -123.09421199964727,
                48.07233700017198
              ],
              [
                -123.09420800034765,
                48.06876399985322
              ],
              [
                -123.0944469998239,
                48.068764999934075
              ],
              [
                -123.09468700002341,
                48.068767000095676
              ],
              [
                -123.09546500034828,
                48.06877400006034
              ],
              [
                -123.09592899995546,
                48.06877400006034
              ],
              [
                -123.09642299969988,
                48.0687760002216
              ],
              [
                -123.09648200014942,
                48.068775000140995
              ],
              [
                -123.09665899970143,
                48.06877199989901
              ],
              [
                -123.09671899997588,
                48.06877199989901
              ],
              [
                -123.09695300032762,
                48.068769000257205
              ],
              [
                -123.09694900012965,
                48.069538000174624
              ],
              [
                -123.09694900012965,
                48.06964399983665
              ],
              [
                -123.09694699958153,
                48.0699379997274
              ],
              [
                -123.09694699958153,
                48.07013499997626
              ],
              [
                -123.09694499993171,
                48.070509000278214
              ],
              [
                -123.09694499993171,
                48.070538999876554
              ],
              [
                -123.0983040000396,
                48.07054899973876
              ],
              [
                -123.09965099955362,
                48.07055800015332
              ]
            ],
            [
              [
                -123.09150699985024,
                48.07337099977516
              ],
              [
                -123.09150299965229,
                48.07538200002528
              ],
              [
                -123.09137899980372,
                48.075378000216205
              ],
              [
                -123.09099700021233,
                48.0753619997764
              ],
              [
                -123.09094699998359,
                48.07535899991843
              ],
              [
                -123.09094699998359,
                48.07573400001214
              ],
              [
                -123.0909460001587,
                48.076018999864
              ],
              [
                -123.09076799988347,
                48.07598999979961
              ],
              [
                -123.09070500013426,
                48.07598999979961
              ],
              [
                -123.09013199984882,
                48.07598999979961
              ],
              [
                -123.09013199984882,
                48.07595799989583
              ],
              [
                -123.09012699982596,
                48.075888999716724
              ],
              [
                -123.09012000015326,
                48.07532499971562
              ],
              [
                -123.08982399987725,
                48.07531300027418
              ],
              [
                -123.08956299976133,
                48.07530200018353
              ],
              [
                -123.08943300006501,
                48.075296999814114
              ],
              [
                -123.08905499977324,
                48.07528099994935
              ],
              [
                -123.08900500044282,
                48.07527900004092
              ],
              [
                -123.08864300004458,
                48.07526400012507
              ],
              [
                -123.08823700016372,
                48.07524800024999
              ],
              [
                -123.08823600033881,
                48.07538599983404
              ],
              [
                -123.08823499961558,
                48.07555699977071
              ],
              [
                -123.08823399979069,
                48.07586699977935
              ],
              [
                -123.08826999977569,
                48.07599200028056
              ],
              [
                -123.08821100022445,
                48.07599200028056
              ],
              [
                -123.08803600032225,
                48.07599400016127
              ],
              [
                -123.08797799969764,
                48.07599500010163
              ],
              [
                -123.08778899955176,
                48.075996000041904
              ],
              [
                -123.08722299983732,
                48.07600300022369
              ],
              [
                -123.08701399959993,
                48.07600500010398
              ],
              [
                -123.08701399959993,
                48.07546400024418
              ],
              [
                -123.08701399959993,
                48.075285999720045
              ],
              [
                -123.08660400041943,
                48.075305999998506
              ],
              [
                -123.08619599999042,
                48.075321999855504
              ],
              [
                -123.08604000035481,
                48.07532700022244
              ],
              [
                -123.08603600015687,
                48.07527900004092
              ],
              [
                -123.08603699998176,
                48.075180000275374
              ],
              [
                -123.08603699998176,
                48.075129000085354
              ],
              [
                -123.08603899963158,
                48.07498000025276
              ],
              [
                -123.08604000035481,
                48.07492999982549
              ],
              [
                -123.08604600020257,
                48.07472800010173
              ],
              [
                -123.08606399974595,
                48.07412199977368
              ],
              [
                -123.08606999959373,
                48.07391999987901
              ],
              [
                -123.08606899976881,
                48.07387600011175
              ],
              [
                -123.08606600029408,
                48.07374599995207
              ],
              [
                -123.08606499957087,
                48.07370300002086
              ],
              [
                -123.08599900034694,
                48.07368700026063
              ],
              [
                -123.08585799988161,
                48.073638999749676
              ],
              [
                -123.08583199994236,
                48.07362999987394
              ],
              [
                -123.08571399994158,
                48.07357899994831
              ],
              [
                -123.08557000000151,
                48.07351600011157
              ],
              [
                -123.08553400001651,
                48.07350000029323
              ],
              [
                -123.08553099964347,
                48.07379299977989
              ],
              [
                -123.08553099964347,
                48.07387700009321
              ],
              [
                -123.08552999981856,
                48.07402500014015
              ],
              [
                -123.0846529997595,
                48.073665999967545
              ],
              [
                -123.08411600035738,
                48.073445000279385
              ],
              [
                -123.08397099969412,
                48.073386000242856
              ],
              [
                -123.08375599960897,
                48.07329799975747
              ],
              [
                -123.08375700033217,
                48.07318899983428
              ],
              [
                -123.08375899998201,
                48.07278799973772
              ],
              [
                -123.0837609996318,
                48.07247499976004
              ],
              [
                -123.08376900002776,
                48.072295000276064
              ],
              [
                -123.08459099983521,
                48.072297999712404
              ],
              [
                -123.0846820000718,
                48.07230599980909
              ],
              [
                -123.08537699965768,
                48.07291599991649
              ],
              [
                -123.08550300005437,
                48.0730219998235
              ],
              [
                -123.08565600021525,
                48.073130000104435
              ],
              [
                -123.08581699987374,
                48.07323200019501
              ],
              [
                -123.08587399977515,
                48.07326499998682
              ],
              [
                -123.08601500024044,
                48.073346999978085
              ],
              [
                -123.08608300001252,
                48.07338000029639
              ],
              [
                -123.08615400015763,
                48.07341100001226
              ],
              [
                -123.08619900036345,
                48.07343099981905
              ],
              [
                -123.0862520000669,
                48.073452000208036
              ],
              [
                -123.08633900010554,
                48.073484999858756
              ],
              [
                -123.0864269999691,
                48.07351700010008
              ],
              [
                -123.08647200017492,
                48.073530999936814
              ],
              [
                -123.0865170003808,
                48.07354599975763
              ],
              [
                -123.08655599984054,
                48.073557000223694
              ],
              [
                -123.08660900044231,
                48.073573000024346
              ],
              [
                -123.08664899972693,
                48.07358299989723
              ],
              [
                -123.0867009996055,
                48.07359699971596
              ],
              [
                -123.08679500021513,
                48.07362000001019
              ],
              [
                -123.08688999975138,
                48.07363999973574
              ],
              [
                -123.08693800033028,
                48.073649000209926
              ],
              [
                -123.08703500041464,
                48.073665999967545
              ],
              [
                -123.08711800025532,
                48.073678999778444
              ],
              [
                -123.08716199973794,
                48.07368500029025
              ],
              [
                -123.08721600016462,
                48.073692000186256
              ],
              [
                -123.08726499967011,
                48.07369700011136
              ],
              [
                -123.0873140000739,
                48.073702000036015
              ],
              [
                -123.08736400030261,
                48.073706999960145
              ],
              [
                -123.08742200002894,
                48.07371099989911
              ],
              [
                -123.0874630000368,
                48.07371399985312
              ],
              [
                -123.08755199972529,
                48.07371799979155
              ],
              [
                -123.08760199995397,
                48.07371999976064
              ],
              [
                -123.0876520001827,
                48.073720999745184
              ],
              [
                -123.08770200041141,
                48.073720999745184
              ],
              [
                -123.08775199974183,
                48.073720999745184
              ],
              [
                -123.0877840004272,
                48.07371999976064
              ],
              [
                -123.08785200019926,
                48.073718999776126
              ],
              [
                -123.08791800032151,
                48.07371599982237
              ],
              [
                -123.08812199963768,
                48.07370599997538
              ],
              [
                -123.0881810000872,
                48.07370400000573
              ],
              [
                -123.08824200018658,
                48.07370100005111
              ],
              [
                -123.08831800035456,
                48.07369700011136
              ],
              [
                -123.0885030003025,
                48.07368800024581
              ],
              [
                -123.08865399991524,
                48.07368099974905
              ],
              [
                -123.08884100041128,
                48.073671999880666
              ],
              [
                -123.08904300007767,
                48.07366200002508
              ],
              [
                -123.08938500038442,
                48.07364099972184
              ],
              [
                -123.08943800008788,
                48.073638999749676
              ],
              [
                -123.08981300000659,
                48.07362499994233
              ],
              [
                -123.0901720000318,
                48.0735979997029
              ],
              [
                -123.09023499978099,
                48.07359399975514
              ],
              [
                -123.09051500016345,
                48.073573000024346
              ],
              [
                -123.09057100023996,
                48.07356300014952
              ],
              [
                -123.09080800006643,
                48.0735240000189
              ],
              [
                -123.09089599992998,
                48.073508000203
              ],
              [
                -123.09118700018314,
                48.07345500017714
              ],
              [
                -123.09150699985024,
                48.07337099977516
              ]
            ]
          ],
          [
            [
              [
                -123.0652079997458,
                48.08515199985461
              ],
              [
                -123.06505299993512,
                48.084319000248016
              ],
              [
                -123.06279699967665,
                48.084521000123
              ],
              [
                -123.0627719995623,
                48.084447999722
              ],
              [
                -123.0604760000192,
                48.0846409999405
              ],
              [
                -123.06049899958542,
                48.08483100012918
              ],
              [
                -123.06058800017217,
                48.08540100008467
              ],
              [
                -123.06294300016484,
                48.08529600023583
              ],
              [
                -123.0629530002106,
                48.0853529997003
              ],
              [
                -123.0652079997458,
                48.08515199985461
              ]
            ]
          ]
        ]
      },
      "properties": {
        "AREALAND": "16366132",
        "AREAWATER": "210807",
        "BASENAME": "Sequim",
        "CBSAPCI": "N",
        "CENTLAT": "+48.0745695",
        "CENTLON": "-123.0944242",
        "FUNCSTAT": "A",
        "GEOID": "5363385",
        "INTPTLAT": "+48.0739645",
        "INTPTLON": "-123.0857790",
        "LSADC": "25",
        "MTFCC": "G4110",
        "NAME": "Sequim city",
        "NECTAPCI": "N",
        "OBJECTID": 26595,
        "OID": "27890479118077",
        "PLACE": "63385",
        "PLACECC": "C1",
        "PLACENS": "02411868",
        "STATE": "53",
        "DISP_CLR": 3,
        "slug": "sequim",
        "jurisdiction_key": "sequim_city",
        "county_fips": [
          "53009"
        ]
      }
    }
  ]
}
