{
  "type": "FeatureCollection",
  "features": [
    {
      "type": "Feature",
      "geometry": {
        "type": "Polygon",
        "coordinates": [
          [
            [
              -117.34699399998806,
              47.65751400011138
            ],
            [
              -117.34698599959215,
              47.657376999995044
            ],
            [
              -117.34697999974438,
              47.657263999738966
            ],
            [
              -117.34697999974438,
              47.65710400008253
            ],
            [
              -117.3469830001174,
              47.65662299978915
            ],
            [
              -117.3469839999423,
              47.65646400018447
            ],
            [
              -117.3469839999423,
              47.65634199975613
            ],
            [
              -117.34698499976722,
              47.655978000206396
            ],
            [
              -117.34698599959215,
              47.65595899984274
            ],
            [
              -117.34698499976722,
              47.65585700006511
            ],
            [
              -117.3469839999423,
              47.65577200009822
            ],
            [
              -117.3469830001174,
              47.65551699997239
            ],
            [
              -117.3469830001174,
              47.65543200005714
            ],
            [
              -117.3469830001174,
              47.65525000015054
            ],
            [
              -117.3469830001174,
              47.654973000302064
            ],
            [
              -117.3469830001174,
              47.65470600011899
            ],
            [
              -117.3469830001174,
              47.654524999735116
            ],
            [
              -117.3469830001174,
              47.65438599976667
            ],
            [
              -117.3469839999423,
              47.653967000169715
            ],
            [
              -117.3469830001174,
              47.65383400022289
            ],
            [
              -117.3469839999423,
              47.65326699999342
            ],
            [
              -117.3469839999423,
              47.653159000029724
            ],
            [
              -117.3469839999423,
              47.652731999907765
            ],
            [
              -117.3469839999423,
              47.65270299987205
            ],
            [
              -117.34698499976722,
              47.65182699986285
            ],
            [
              -117.34698499976722,
              47.65179399997942
            ],
            [
              -117.3469839999423,
              47.65130699980687
            ],
            [
              -117.34697499972148,
              47.65092300017527
            ],
            [
              -117.34698599959215,
              47.64997500020957
            ],
            [
              -117.34698099956927,
              47.648334000230854
            ],
            [
              -117.34697899991946,
              47.6475169997594
            ],
            [
              -117.34697899991946,
              47.64744399977823
            ],
            [
              -117.34698499976722,
              47.646693999916366
            ],
            [
              -117.34698499976722,
              47.6464689999155
            ],
            [
              -117.34693799991159,
              47.64645100011562
            ],
            [
              -117.34691899964501,
              47.6464439997883
            ],
            [
              -117.34686099991866,
              47.64640000004378
            ],
            [
              -117.34682499993366,
              47.646357000051346
            ],
            [
              -117.34681700043605,
              47.64634800013291
            ],
            [
              -117.34680599966708,
              47.64631300023353
            ],
            [
              -117.34679499979642,
              47.64627699991489
            ],
            [
              -117.34679499979642,
              47.64613499979459
            ],
            [
              -117.34679599962134,
              47.64610899971371
            ],
            [
              -117.34683199960634,
              47.64559999987623
            ],
            [
              -117.34684300037532,
              47.645447000044676
            ],
            [
              -117.34684300037532,
              47.645422000033605
            ],
            [
              -117.34684400020024,
              47.64480300022755
            ],
            [
              -117.34685199969785,
              47.64453600009616
            ],
            [
              -117.3468559998958,
              47.64440100008149
            ],
            [
              -117.34686699976645,
              47.643971000264685
            ],
            [
              -117.34686900031458,
              47.64361399992325
            ],
            [
              -117.34686900031458,
              47.64345199990956
            ],
            [
              -117.34687099996442,
              47.64298900014924
            ],
            [
              -117.34687299961423,
              47.642767000104094
            ],
            [
              -117.34678700029883,
              47.64279399989009
            ],
            [
              -117.34585699963799,
              47.64276799996193
            ],
            [
              -117.3453639997185,
              47.64276099974628
            ],
            [
              -117.34449599988028,
              47.64275999988831
            ],
            [
              -117.34431799960505,
              47.64275999988831
            ],
            [
              -117.3424849998442,
              47.64275800017235
            ],
            [
              -117.3418940000154,
              47.64275699970907
            ],
            [
              -117.3410270000021,
              47.64275599985107
            ],
            [
              -117.34095699968191,
              47.642711000167274
            ],
            [
              -117.34091700039725,
              47.64270300008492
            ],
            [
              -117.34015599979082,
              47.64271500020801
            ],
            [
              -117.34008700019385,
              47.64271600006679
            ],
            [
              -117.3399549999494,
              47.64271600006679
            ],
            [
              -117.3395130000835,
              47.642720000107154
            ],
            [
              -117.33936699959533,
              47.64272099996584
            ],
            [
              -117.33915200040849,
              47.64271500020801
            ],
            [
              -117.33766500025406,
              47.642682000014254
            ],
            [
              -117.33671299985193,
              47.64265600003036
            ],
            [
              -117.33666400034645,
              47.64261700003029
            ],
            [
              -117.33659700039928,
              47.64262900017308
            ],
            [
              -117.3364700001777,
              47.64262900017308
            ],
            [
              -117.33632100021477,
              47.64262400026523
            ],
            [
              -117.33632200003969,
              47.6422040002444
            ],
            [
              -117.33632700006255,
              47.641787999984814
            ],
            [
              -117.33632700006255,
              47.64016699999648
            ],
            [
              -117.33632600023765,
              47.63984600022428
            ],
            [
              -117.33632600023765,
              47.63958000009725
            ],
            [
              -117.33632600023765,
              47.63929799983066
            ],
            [
              -117.3363019999482,
              47.63908499979872
            ],
            [
              -117.33628900042771,
              47.63904999987518
            ],
            [
              -117.3362740003591,
              47.63901000027976
            ],
            [
              -117.33613700009175,
              47.63900899974474
            ],
            [
              -117.33586400028028,
              47.639007999814964
            ],
            [
              -117.33552799982131,
              47.63900599995539
            ],
            [
              -117.33531699993411,
              47.63900400009573
            ],
            [
              -117.33508599995541,
              47.63900200023595
            ],
            [
              -117.33498700022122,
              47.63900099970078
            ],
            [
              -117.33456100024887,
              47.638997999910956
            ],
            [
              -117.33431699985141,
              47.638995000120964
            ],
            [
              -117.3336490000297,
              47.63898899993517
            ],
            [
              -117.33282999969698,
              47.63898299974868
            ],
            [
              -117.33225899995968,
              47.63897800009717
            ],
            [
              -117.331951999813,
              47.638974999700736
            ],
            [
              -117.33099799976105,
              47.63896700025686
            ],
            [
              -117.33070099966011,
              47.6389639998598
            ],
            [
              -117.33042799984865,
              47.63896199999853
            ],
            [
              -117.33010599963339,
              47.63896100006785
            ],
            [
              -117.32990300014211,
              47.63896000013718
            ],
            [
              -117.32953999991895,
              47.63895399994737
            ],
            [
              -117.32913200038826,
              47.63895100015485
            ],
            [
              -117.32899000009805,
              47.63895000022395
            ],
            [
              -117.32869600037016,
              47.63894699982591
            ],
            [
              -117.32832099955313,
              47.638944000032986
            ],
            [
              -117.32774700034108,
              47.638937999841374
            ],
            [
              -117.32763600001302,
              47.638936999910236
            ],
            [
              -117.32728799985844,
              47.638934000116734
            ],
            [
              -117.32708500036719,
              47.63893200025432
            ],
            [
              -117.32685699986322,
              47.6389299997865
            ],
            [
              -117.32655700028758,
              47.6389299997865
            ],
            [
              -117.32635399989798,
              47.638928999855246
            ],
            [
              -117.32602500001,
              47.638923000267155
            ],
            [
              -117.3258559999556,
              47.63892199973044
            ],
            [
              -117.3256650001599,
              47.63891999986757
            ],
            [
              -117.3256650001599,
              47.63888299996922
            ],
            [
              -117.3256650001599,
              47.638828999972425
            ],
            [
              -117.32566299961177,
              47.63853300014177
            ],
            [
              -117.32566099996193,
              47.63802800012391
            ],
            [
              -117.32566099996193,
              47.63793999973652
            ],
            [
              -117.3254269996102,
              47.63793899978627
            ],
            [
              -117.32501099968361,
              47.63793899978627
            ],
            [
              -117.32439899993842,
              47.63793599993548
            ],
            [
              -117.32349199974215,
              47.637932000134136
            ],
            [
              -117.32340200022877,
              47.63794999984301
            ],
            [
              -117.32334199995431,
              47.63797099999996
            ],
            [
              -117.32330500014436,
              47.63798900030067
            ],
            [
              -117.3232270003266,
              47.63804599979972
            ],
            [
              -117.32277299986683,
              47.63848599996736
            ],
            [
              -117.32267099975955,
              47.638584000025645
            ],
            [
              -117.3215669999198,
              47.638107000235415
            ],
            [
              -117.32130900017692,
              47.638299000000806
            ],
            [
              -117.32117299973447,
              47.63840200011699
            ],
            [
              -117.32105899993168,
              47.638503000151246
            ],
            [
              -117.32102799996954,
              47.63853999971336
            ],
            [
              -117.32096299967222,
              47.638636999733514
            ],
            [
              -117.32093400025822,
              47.63870199982716
            ],
            [
              -117.32090800031895,
              47.6387939998774
            ],
            [
              -117.32089999992303,
              47.63888299996922
            ],
            [
              -117.32090300029608,
              47.639247999963715
            ],
            [
              -117.32090499994587,
              47.63946399969966
            ],
            [
              -117.32090900014387,
              47.63985400013886
            ],
            [
              -117.32078500029529,
              47.63985500005246
            ],
            [
              -117.32036199979767,
              47.63974200001276
            ],
            [
              -117.31984899978669,
              47.63952000009075
            ],
            [
              -117.31957699980012,
              47.63982199986792
            ],
            [
              -117.31943200003516,
              47.639973000009824
            ],
            [
              -117.3191170003909,
              47.64030200005821
            ],
            [
              -117.31883299981045,
              47.64031599993706
            ],
            [
              -117.3186369999919,
              47.64032399977966
            ],
            [
              -117.31769100033586,
              47.64031900025648
            ],
            [
              -117.31612999966326,
              47.64030899999813
            ],
            [
              -117.31569600019331,
              47.640186999960406
            ],
            [
              -117.31568399959944,
              47.640520999981334
            ],
            [
              -117.31545099997092,
              47.64045200012121
            ],
            [
              -117.31547299971221,
              47.64015800022211
            ],
            [
              -117.31547500026038,
              47.64012500022896
            ],
            [
              -117.31547699991019,
              47.6401019999096
            ],
            [
              -117.31492700008928,
              47.63992599992023
            ],
            [
              -117.3149279999142,
              47.63997100018714
            ],
            [
              -117.31492500043946,
              47.64079599982559
            ],
            [
              -117.31492399971623,
              47.641363999756756
            ],
            [
              -117.31492000041659,
              47.64246300007127
            ],
            [
              -117.31492100024148,
              47.64248599995641
            ],
            [
              -117.31492000041659,
              47.642586000102504
            ],
            [
              -117.31491799986846,
              47.64281000002568
            ],
            [
              -117.31491700004354,
              47.642999999748
            ],
            [
              -117.31491700004354,
              47.643030000182506
            ],
            [
              -117.31491200002067,
              47.64381499977988
            ],
            [
              -117.31486799963974,
              47.6438160002229
            ],
            [
              -117.31483900022575,
              47.6438160002229
            ],
            [
              -117.31264300024175,
              47.643794000156234
            ],
            [
              -117.31262399997516,
              47.64492700001261
            ],
            [
              -117.31490399962475,
              47.64494900020729
            ],
            [
              -117.31489399957898,
              47.64608999999554
            ],
            [
              -117.30967599960557,
              47.64602899980259
            ],
            [
              -117.30424199972211,
              47.645965999945254
            ],
            [
              -117.30415899988144,
              47.64596999973675
            ],
            [
              -117.30416200025446,
              47.645773000111056
            ],
            [
              -117.304170999577,
              47.645180999990636
            ],
            [
              -117.30417300012513,
              47.645034000239704
            ],
            [
              -117.30417499977497,
              47.644985000230804
            ],
            [
              -117.30417599959986,
              47.64486300021888
            ],
            [
              -117.30417899997292,
              47.644506999745865
            ],
            [
              -117.30345099987679,
              47.644506999745865
            ],
            [
              -117.30348199983892,
              47.644023999954804
            ],
            [
              -117.30152000020665,
              47.644017999741386
            ],
            [
              -117.30152000020665,
              47.64409200010654
            ],
            [
              -117.30151600000869,
              47.64416700019792
            ],
            [
              -117.30123300015147,
              47.64405399980129
            ],
            [
              -117.301024999739,
              47.64395599971456
            ],
            [
              -117.30095000029426,
              47.64391399996698
            ],
            [
              -117.30086800027848,
              47.643869000070275
            ],
            [
              -117.30072000014049,
              47.64377500020128
            ],
            [
              -117.30058299987316,
              47.64367499991028
            ],
            [
              -117.29979700005067,
              47.64300699993162
            ],
            [
              -117.29970400016425,
              47.64294199974679
            ],
            [
              -117.29959899968395,
              47.642890999880294
            ],
            [
              -117.2994969995767,
              47.6428569999417
            ],
            [
              -117.29944499969818,
              47.64284499985123
            ],
            [
              -117.29937100007832,
              47.642830000188255
            ],
            [
              -117.29906999977943,
              47.642776000034324
            ],
            [
              -117.29883499960282,
              47.642734999801704
            ],
            [
              -117.29797900035847,
              47.642582999913316
            ],
            [
              -117.29789200031982,
              47.642582999913316
            ],
            [
              -117.29782399964945,
              47.64259400020277
            ],
            [
              -117.2977719997709,
              47.64260999979437
            ],
            [
              -117.29771900006745,
              47.64263499994084
            ],
            [
              -117.29767700023466,
              47.642664999979715
            ],
            [
              -117.29763200002883,
              47.64271500020801
            ],
            [
              -117.29760799973938,
              47.64277100014054
            ],
            [
              -117.29759699986873,
              47.642819999805305
            ],
            [
              -117.29748200024098,
              47.64333300009501
            ],
            [
              -117.2974830000659,
              47.64340000009008
            ],
            [
              -117.29750700035535,
              47.64349099989154
            ],
            [
              -117.29752800027175,
              47.64353500027073
            ],
            [
              -117.29757400030249,
              47.64360200000672
            ],
            [
              -117.29765799996807,
              47.643682999843776
            ],
            [
              -117.29773800033402,
              47.643737000270626
            ],
            [
              -117.29789099959662,
              47.6438240001348
            ],
            [
              -117.29784999958872,
              47.64388700015466
            ],
            [
              -117.29769499977802,
              47.644129999778954
            ],
            [
              -117.29740100005013,
              47.64452099970828
            ],
            [
              -117.29730300014086,
              47.6445280002933
            ],
            [
              -117.29729599956984,
              47.64487600026845
            ],
            [
              -117.29735300036958,
              47.64501699976012
            ],
            [
              -117.29747300002016,
              47.64516299974695
            ],
            [
              -117.29798400038133,
              47.64534200028074
            ],
            [
              -117.29822700005559,
              47.64502699972249
            ],
            [
              -117.2984329999199,
              47.645099000242375
            ],
            [
              -117.29856400033948,
              47.644926000196094
            ],
            [
              -117.29848200032372,
              47.644652999947695
            ],
            [
              -117.29881799988436,
              47.644218000029106
            ],
            [
              -117.29931800037488,
              47.644367999742435
            ],
            [
              -117.29926700032124,
              47.644428000233376
            ],
            [
              -117.29921299989458,
              47.6445090000001
            ],
            [
              -117.29918899960514,
              47.64458000020043
            ],
            [
              -117.29918299975736,
              47.644625999912115
            ],
            [
              -117.29919100015326,
              47.64470699997704
            ],
            [
              -117.29931099980388,
              47.645206999928256
            ],
            [
              -117.29964600043793,
              47.64598600010994
            ],
            [
              -117.29968400007277,
              47.646071000270496
            ],
            [
              -117.29958500033855,
              47.646089000201336
            ],
            [
              -117.29936900042851,
              47.64613000022231
            ],
            [
              -117.30012500011372,
              47.647322999833534
            ],
            [
              -117.30034699987158,
              47.6475379997019
            ],
            [
              -117.30066300023908,
              47.64782600005004
            ],
            [
              -117.30066999991176,
              47.64841799984665
            ],
            [
              -117.30066099969095,
              47.6484619997068
            ],
            [
              -117.30109699970903,
              47.64846399980958
            ],
            [
              -117.30110400028003,
              47.649020999736585
            ],
            [
              -117.30176299988089,
              47.64901300001543
            ],
            [
              -117.30204200043848,
              47.649599999826265
            ],
            [
              -117.30158399978076,
              47.64960300021766
            ],
            [
              -117.30158799997872,
              47.64976800029701
            ],
            [
              -117.3029379998658,
              47.64976099980913
            ],
            [
              -117.30293899969072,
              47.64967899998889
            ],
            [
              -117.30352500039493,
              47.649676000207045
            ],
            [
              -117.3041360003152,
              47.64967400015067
            ],
            [
              -117.30413499959197,
              47.64973499971769
            ],
            [
              -117.30413399976707,
              47.64975599997875
            ],
            [
              -117.30413399976707,
              47.650680000079596
            ],
            [
              -117.30413399976707,
              47.65107099999578
            ],
            [
              -117.30400200042091,
              47.65105699997347
            ],
            [
              -117.30352500039493,
              47.65100699986315
            ],
            [
              -117.30275799994074,
              47.650927000192276
            ],
            [
              -117.30189900032333,
              47.65095100028794
            ],
            [
              -117.30127499998426,
              47.65096899974731
            ],
            [
              -117.30081200020199,
              47.65098299979322
            ],
            [
              -117.30082899992044,
              47.65109300002324
            ],
            [
              -117.30092199980686,
              47.65166000025685
            ],
            [
              -117.30093100002767,
              47.65171600028206
            ],
            [
              -117.30092699982971,
              47.65175199987757
            ],
            [
              -117.30137000041884,
              47.65186699993199
            ],
            [
              -117.30196700009542,
              47.65202499993586
            ],
            [
              -117.30196700009542,
              47.6525580000571
            ],
            [
              -117.30251699991629,
              47.653506999987115
            ],
            [
              -117.30222200036354,
              47.653506999987115
            ],
            [
              -117.30174699998737,
              47.653506999987115
            ],
            [
              -117.30174000031468,
              47.65278900026482
            ],
            [
              -117.30095199994408,
              47.6527910002019
            ],
            [
              -117.3003970001003,
              47.6527930001389
            ],
            [
              -117.29902799994665,
              47.6528009998862
            ],
            [
              -117.29902600029683,
              47.6532459999339
            ],
            [
              -117.29649499967877,
              47.653261999893566
            ],
            [
              -117.2963490000889,
              47.653261999893566
            ],
            [
              -117.29634099969297,
              47.65378199984673
            ],
            [
              -117.29633999986808,
              47.65386800027792
            ],
            [
              -117.2952019996931,
              47.653873999964965
            ],
            [
              -117.29475499980435,
              47.65387799975595
            ],
            [
              -117.29473800008594,
              47.653928999787254
            ],
            [
              -117.29465299969712,
              47.65417899978951
            ],
            [
              -117.29465299969712,
              47.65431299970468
            ],
            [
              -117.293743999851,
              47.654320000187546
            ],
            [
              -117.29374300002608,
              47.65491400005277
            ],
            [
              -117.29374300002608,
              47.65501899993738
            ],
            [
              -117.29340099971931,
              47.65502099978905
            ],
            [
              -117.29310699999145,
              47.65502300024576
            ],
            [
              -117.29278899997414,
              47.65503000002834
            ],
            [
              -117.29247099995682,
              47.6550479998971
            ],
            [
              -117.29215600031254,
              47.65507800006804
            ],
            [
              -117.29182599970136,
              47.655121000141754
            ],
            [
              -117.29038399975278,
              47.65533799981886
            ],
            [
              -117.29008199962897,
              47.65537800022418
            ],
            [
              -117.28997700004702,
              47.65538699979683
            ],
            [
              -117.2897669999847,
              47.65540800020548
            ],
            [
              -117.2894499997923,
              47.65542799978007
            ],
            [
              -117.28912599992721,
              47.65543599972878
            ],
            [
              -117.28882999965118,
              47.65543800016958
            ],
            [
              -117.28882899982626,
              47.65538000006211
            ],
            [
              -117.28882600035153,
              47.65520900002753
            ],
            [
              -117.28882499962832,
              47.65515199989154
            ],
            [
              -117.28882499962832,
              47.655127000289994
            ],
            [
              -117.28893500013149,
              47.654826000275
            ],
            [
              -117.28893500013149,
              47.65481599976828
            ],
            [
              -117.28893900032944,
              47.65451999975576
            ],
            [
              -117.2889779997892,
              47.65400899970034
            ],
            [
              -117.28898000033733,
              47.65375099988879
            ],
            [
              -117.28898199998714,
              47.653555000216585
            ],
            [
              -117.28900299990357,
              47.65339800026034
            ],
            [
              -117.28901499959913,
              47.65331400018242
            ],
            [
              -117.28841399972458,
              47.653316000099395
            ],
            [
              -117.28837899956447,
              47.654441999894225
            ],
            [
              -117.28692699957016,
              47.65445699985336
            ],
            [
              -117.28643000035102,
              47.65454299977801
            ],
            [
              -117.28557599985817,
              47.654878000216605
            ],
            [
              -117.28556599981243,
              47.655097999769026
            ],
            [
              -117.28556900018548,
              47.655150000044884
            ],
            [
              -117.28557699968309,
              47.655309000020196
            ],
            [
              -117.28558500007901,
              47.65546000017262
            ],
            [
              -117.28464899957041,
              47.655466000281905
            ],
            [
              -117.28464600009568,
              47.65536100008592
            ],
            [
              -117.28464500027076,
              47.655280999823695
            ],
            [
              -117.28464299972262,
              47.65515600018974
            ],
            [
              -117.28459800041509,
              47.65462999979687
            ],
            [
              -117.2839099996036,
              47.65341600008658
            ],
            [
              -117.2838810001896,
              47.65306699986203
            ],
            [
              -117.28367299977714,
              47.65306800012784
            ],
            [
              -117.28348299980632,
              47.65306800012784
            ],
            [
              -117.28332799999566,
              47.65306800012784
            ],
            [
              -117.2830429995903,
              47.65306899978846
            ],
            [
              -117.28244900028675,
              47.65307099971482
            ],
            [
              -117.28245699978439,
              47.653192999919106
            ],
            [
              -117.28179200033573,
              47.653050999842655
            ],
            [
              -117.28175499962752,
              47.65292699997996
            ],
            [
              -117.28170199992407,
              47.65274099993639
            ],
            [
              -117.28170199992407,
              47.65245600029246
            ],
            [
              -117.28190500031363,
              47.65225699975691
            ],
            [
              -117.28216200023158,
              47.65196200004905
            ],
            [
              -117.28176600039647,
              47.65174300028359
            ],
            [
              -117.28170199992407,
              47.651707999763445
            ],
            [
              -117.28173200006131,
              47.65002900018337
            ],
            [
              -117.28173600025923,
              47.649705999833216
            ],
            [
              -117.27950000009227,
              47.649711000273506
            ],
            [
              -117.27958299993297,
              47.649639000059366
            ],
            [
              -117.27998399979097,
              47.648687999944556
            ],
            [
              -117.28017999960953,
              47.6483270001559
            ],
            [
              -117.27999899985954,
              47.64760399998498
            ],
            [
              -117.27863899992677,
              47.64772100022682
            ],
            [
              -117.27863300007897,
              47.647657000225266
            ],
            [
              -117.27848800031401,
              47.64711100021991
            ],
            [
              -117.27877100017122,
              47.646253000092145
            ],
            [
              -117.27896699998982,
              47.64594599977295
            ],
            [
              -117.27933799971058,
              47.64534300008929
            ],
            [
              -117.27854500021542,
              47.644533999842956
            ],
            [
              -117.27773699975333,
              47.644100999808494
            ],
            [
              -117.27754000010984,
              47.64383699983766
            ],
            [
              -117.2775450001327,
              47.642429999718374
            ],
            [
              -117.2757209996944,
              47.642427999989735
            ],
            [
              -117.27566700016602,
              47.642427999989735
            ],
            [
              -117.27550499978433,
              47.64242700012543
            ],
            [
              -117.27548100039319,
              47.64245700028375
            ],
            [
              -117.2754549995556,
              47.642490999877474
            ],
            [
              -117.27542000029385,
              47.64247799983961
            ],
            [
              -117.27536000001936,
              47.64245700028375
            ],
            [
              -117.27528100037665,
              47.64243699997837
            ],
            [
              -117.27521100005646,
              47.642429999718374
            ],
            [
              -117.27513499988845,
              47.64242899985406
            ],
            [
              -117.27504899967474,
              47.642427999989735
            ],
            [
              -117.27475800031993,
              47.64242499979147
            ],
            [
              -117.27422600004236,
              47.64242300006264
            ],
            [
              -117.2740810002774,
              47.64242300006264
            ],
            [
              -117.27319800037058,
              47.64098000025787
            ],
            [
              -117.27272499964423,
              47.64020699991667
            ],
            [
              -117.27193999964669,
              47.638877999702835
            ],
            [
              -117.27150100015385,
              47.63815699998378
            ],
            [
              -117.27086900031719,
              47.637172000244206
            ],
            [
              -117.27055700014765,
              47.63664599970762
            ],
            [
              -117.26969599998212,
              47.63519100011243
            ],
            [
              -117.26925499994115,
              47.63446100021303
            ],
            [
              -117.26793400036641,
              47.63227199992055
            ],
            [
              -117.26749400015035,
              47.63154299987556
            ],
            [
              -117.26702100032234,
              47.6307519999959
            ],
            [
              -117.2665760000834,
              47.630008999721035
            ],
            [
              -117.26616799965441,
              47.62935200001742
            ],
            [
              -117.26560199993997,
              47.628381000227854
            ],
            [
              -117.26534800039508,
              47.62794699997028
            ],
            [
              -117.26550999987846,
              47.627945999828846
            ],
            [
              -117.26731000002734,
              47.62794500029277
            ],
            [
              -117.26916899972741,
              47.62794500029277
            ],
            [
              -117.27207799973894,
              47.62793799990728
            ],
            [
              -117.27208500030994,
              47.62609999970134
            ],
            [
              -117.27247699994713,
              47.62606699991104
            ],
            [
              -117.27224799961824,
              47.62515299988061
            ],
            [
              -117.27218300021924,
              47.624894999813456
            ],
            [
              -117.27181400014832,
              47.62436700000086
            ],
            [
              -117.27175800007181,
              47.624285999884584
            ],
            [
              -117.27223599992269,
              47.62430700008378
            ],
            [
              -117.27300699967654,
              47.62430899990045
            ],
            [
              -117.272990999783,
              47.62362600022414
            ],
            [
              -117.27239099973342,
              47.62274199986899
            ],
            [
              -117.27209399963247,
              47.62285400010539
            ],
            [
              -117.27209399963247,
              47.622686000266306
            ],
            [
              -117.27209700000553,
              47.62120200013817
            ],
            [
              -117.27257200038166,
              47.619071999976164
            ],
            [
              -117.27224199977049,
              47.619038000281364
            ],
            [
              -117.27226400041012,
              47.61896299984357
            ],
            [
              -117.27227699993058,
              47.61890499980261
            ],
            [
              -117.2723480000757,
              47.61859900017073
            ],
            [
              -117.27260300034379,
              47.617510000292526
            ],
            [
              -117.27265000019949,
              47.617310000105434
            ],
            [
              -117.27269100020739,
              47.61721799977461
            ],
            [
              -117.27272600036747,
              47.617161999704614
            ],
            [
              -117.27280900020813,
              47.61706199994943
            ],
            [
              -117.27290899976727,
              47.61697600007972
            ],
            [
              -117.27302099992025,
              47.61690200006445
            ],
            [
              -117.27314700031694,
              47.61683999995471
            ],
            [
              -117.27328299986105,
              47.61679100014805
            ],
            [
              -117.27373899997065,
              47.61665200028591
            ],
            [
              -117.27385399959836,
              47.61661800022854
            ],
            [
              -117.27402299965277,
              47.61656700010101
            ],
            [
              -117.2741080000416,
              47.61663000028691
            ],
            [
              -117.27443500027972,
              47.61653899972485
            ],
            [
              -117.27481699987115,
              47.61643300024129
            ],
            [
              -117.27536599986716,
              47.61627999977374
            ],
            [
              -117.27513999991135,
              47.615718000111
            ],
            [
              -117.2748279997418,
              47.61525199990439
            ],
            [
              -117.2748069998254,
              47.61522400003519
            ],
            [
              -117.27518500011718,
              47.6152249998145
            ],
            [
              -117.27556199968572,
              47.61522600019938
            ],
            [
              -117.27593900015259,
              47.61522699997866
            ],
            [
              -117.27631700044437,
              47.61522900014269
            ],
            [
              -117.27673099982283,
              47.615229999921915
            ],
            [
              -117.27681700003657,
              47.61522900014269
            ],
            [
              -117.2774959997289,
              47.61522699997866
            ],
            [
              -117.277494999904,
              47.61350499989733
            ],
            [
              -117.27754000010984,
              47.613419000233165
            ],
            [
              -117.27758000029279,
              47.61333599987384
            ],
            [
              -117.27757000024705,
              47.61128299999443
            ],
            [
              -117.27756199985116,
              47.609388000026485
            ],
            [
              -117.27879700011049,
              47.609386000244626
            ],
            [
              -117.27852599994884,
              47.60894599974671
            ],
            [
              -117.27813599996149,
              47.608370000041084
            ],
            [
              -117.27806099961843,
              47.60840300010088
            ],
            [
              -117.2779889996484,
              47.608437000048994
            ],
            [
              -117.2772489998567,
              47.608561000135445
            ],
            [
              -117.27708499982518,
              47.6085660002744
            ],
            [
              -117.27675500011229,
              47.608579000270076
            ],
            [
              -117.27649399999638,
              47.608588000032256
            ],
            [
              -117.27570999982376,
              47.608615999820806
            ],
            [
              -117.27545000043106,
              47.60862600008777
            ],
            [
              -117.27505000039798,
              47.60863999997374
            ],
            [
              -117.27400900030737,
              47.60867700008698
            ],
            [
              -117.27385399959836,
              47.60869400027752
            ],
            [
              -117.27345699993836,
              47.60873800028195
            ],
            [
              -117.27311999965444,
              47.60877499972021
            ],
            [
              -117.27247299974916,
              47.608846999926996
            ],
            [
              -117.27210700005126,
              47.60884600002573
            ],
            [
              -117.27176800011755,
              47.60884600002573
            ],
            [
              -117.27156999975082,
              47.60884500012446
            ],
            [
              -117.27153499959073,
              47.60884500012446
            ],
            [
              -117.27097899992205,
              47.60884500012446
            ],
            [
              -117.27086599994415,
              47.60884500012446
            ],
            [
              -117.27081700043867,
              47.60884500012446
            ],
            [
              -117.27081200041577,
              47.60843099998852
            ],
            [
              -117.27080599966969,
              47.607530000152714
            ],
            [
              -117.27076600038504,
              47.60753100007912
            ],
            [
              -117.27064500001121,
              47.60753299993191
            ],
            [
              -117.2702910000089,
              47.60753200000553
            ],
            [
              -117.27018899990162,
              47.60753100007912
            ],
            [
              -117.27015600028965,
              47.607448999993245
            ],
            [
              -117.26976799995214,
              47.606627000050125
            ],
            [
              -117.2691749995752,
              47.60642600008116
            ],
            [
              -117.26873100005952,
              47.60627599986322
            ],
            [
              -117.26814500025358,
              47.60607800022513
            ],
            [
              -117.26738000034753,
              47.6060169999562
            ],
            [
              -117.26725300012593,
              47.605294999957586
            ],
            [
              -117.26561700000858,
              47.60529399998842
            ],
            [
              -117.26556699977986,
              47.60500500022653
            ],
            [
              -117.26496400025553,
              47.605028000245134
            ],
            [
              -117.263878999784,
              47.605019999844814
            ],
            [
              -117.26394099970827,
              47.60529200005008
            ],
            [
              -117.2632660002139,
              47.60529100008086
            ],
            [
              -117.2624569999269,
              47.605290000111616
            ],
            [
              -117.26245600010198,
              47.60426799975499
            ],
            [
              -117.26111899973539,
              47.60412799992671
            ],
            [
              -117.26086699984032,
              47.604101000150365
            ],
            [
              -117.26056499971652,
              47.60411900000281
            ],
            [
              -117.26037100044607,
              47.6041299999096
            ],
            [
              -117.26014600031516,
              47.60414299979643
            ],
            [
              -117.26014999961481,
              47.60335300019965
            ],
            [
              -117.2601529999879,
              47.602858000203454
            ],
            [
              -117.25921300017961,
              47.60226100012221
            ],
            [
              -117.25922999989805,
              47.60157399997732
            ],
            [
              -117.25923099972297,
              47.60154900017575
            ],
            [
              -117.25860999975694,
              47.60126499994374
            ],
            [
              -117.25814500032487,
              47.60104999986885
            ],
            [
              -117.25814299977672,
              47.60108399975075
            ],
            [
              -117.25811400036271,
              47.60107199975932
            ],
            [
              -117.2576420003596,
              47.60087000019724
            ],
            [
              -117.256633999881,
              47.60084099984221
            ],
            [
              -117.25664899994958,
              47.60026599999055
            ],
            [
              -117.2557479996011,
              47.600241000169675
            ],
            [
              -117.25468999979208,
              47.60021100000539
            ],
            [
              -117.25466800005078,
              47.60163700005422
            ],
            [
              -117.25466600040093,
              47.601838000253885
            ],
            [
              -117.2546649996777,
              47.60189299974001
            ],
            [
              -117.2546560003552,
              47.602513000299574
            ],
            [
              -117.25642100034396,
              47.60256200015944
            ],
            [
              -117.25652500010105,
              47.60272999984972
            ],
            [
              -117.25601999958766,
              47.60290000024182
            ],
            [
              -117.25449800017145,
              47.60389100020275
            ],
            [
              -117.25516400034331,
              47.60433400018434
            ],
            [
              -117.25504200014457,
              47.60445199979008
            ],
            [
              -117.25497600002232,
              47.6045329997452
            ],
            [
              -117.25492900016667,
              47.60460800028721
            ],
            [
              -117.25489400000659,
              47.604665999833166
            ],
            [
              -117.25473800037096,
              47.60496999988923
            ],
            [
              -117.25466999970057,
              47.60508200003828
            ],
            [
              -117.25458500021008,
              47.605188000120776
            ],
            [
              -117.25449999982126,
              47.60527300002601
            ],
            [
              -117.25413400012337,
              47.605612000119635
            ],
            [
              -117.25392599971092,
              47.605803999948535
            ],
            [
              -117.25389200027404,
              47.60583699981029
            ],
            [
              -117.25369700028037,
              47.60602999997975
            ],
            [
              -117.25361600008952,
              47.60611499972809
            ],
            [
              -117.25332499983637,
              47.60642600008116
            ],
            [
              -117.25322199990423,
              47.60652299974679
            ],
            [
              -117.25309499968262,
              47.60661400017489
            ],
            [
              -117.2529959999484,
              47.606670999976416
            ],
            [
              -117.25286600025207,
              47.60673200008832
            ],
            [
              -117.25274300022843,
              47.60677699986712
            ],
            [
              -117.25173800012286,
              47.60710699988853
            ],
            [
              -117.25161599992411,
              47.607161999891574
            ],
            [
              -117.25165500028217,
              47.606865000036045
            ],
            [
              -117.25005699979968,
              47.607040999929694
            ],
            [
              -117.24958999981943,
              47.607087999918114
            ],
            [
              -117.2495100003518,
              47.60721599990437
            ],
            [
              -117.24942900016094,
              47.60737000017296
            ],
            [
              -117.2493839999551,
              47.60753499978456
            ],
            [
              -117.2493689998865,
              47.60768400010246
            ],
            [
              -117.2493689998865,
              47.60773399988637
            ],
            [
              -117.24941400009234,
              47.60774800001111
            ],
            [
              -117.24944400022959,
              47.607763999976044
            ],
            [
              -117.24925699973349,
              47.607763000054085
            ],
            [
              -117.24866400025489,
              47.6077610002101
            ],
            [
              -117.24842400005535,
              47.6080129999351
            ],
            [
              -117.24834700006248,
              47.60807400029885
            ],
            [
              -117.24823499990947,
              47.60816200010256
            ],
            [
              -117.24810199984009,
              47.608268999912184
            ],
            [
              -117.24713000024481,
              47.60887699998392
            ],
            [
              -117.2467579998008,
              47.608874000281816
            ],
            [
              -117.24627499992704,
              47.60887299977543
            ],
            [
              -117.2462079999799,
              47.608961999950814
            ],
            [
              -117.24605800019208,
              47.609133999867325
            ],
            [
              -117.24589400016053,
              47.60930099975559
            ],
            [
              -117.24568599974808,
              47.60950300007199
            ],
            [
              -117.2453340002939,
              47.609842000003944
            ],
            [
              -117.24524399988219,
              47.60993099974163
            ],
            [
              -117.24508300022372,
              47.61010099974505
            ],
            [
              -117.24478699994772,
              47.61045099982897
            ],
            [
              -117.244588999581,
              47.610723000256215
            ],
            [
              -117.24442200007472,
              47.61098500006044
            ],
            [
              -117.24441200002897,
              47.61100100024639
            ],
            [
              -117.244307000447,
              47.61119000010381
            ],
            [
              -117.2441960001189,
              47.61141800018607
            ],
            [
              -117.2441669998066,
              47.61147799975562
            ],
            [
              -117.24410499988232,
              47.61162900004322
            ],
            [
              -117.24404899980583,
              47.611770000231
            ],
            [
              -117.24398299968358,
              47.61196700028191
            ],
            [
              -117.24393900020097,
              47.612136999723205
            ],
            [
              -117.24391200043678,
              47.61228899976026
            ],
            [
              -117.24390300021597,
              47.61234699987309
            ],
            [
              -117.2438930001702,
              47.61251799972696
            ],
            [
              -117.2435609999092,
              47.612519000163616
            ],
            [
              -117.24256699967427,
              47.61252200026227
            ],
            [
              -117.24223600013647,
              47.61252399992417
            ],
            [
              -117.24146600020755,
              47.61252600019163
            ],
            [
              -117.23915700024565,
              47.61253400004949
            ],
            [
              -117.23838800014163,
              47.61253700014724
            ],
            [
              -117.23838700031672,
              47.61270499989744
            ],
            [
              -117.23838599959349,
              47.61320999996681
            ],
            [
              -117.23838599959349,
              47.61336800001341
            ],
            [
              -117.23838599959349,
              47.6133789997919
            ],
            [
              -117.2383949998143,
              47.61453000021653
            ],
            [
              -117.23842499995155,
              47.61798499971446
            ],
            [
              -117.23843499999728,
              47.61913700018596
            ],
            [
              -117.23843699964709,
              47.619458000018405
            ],
            [
              -117.23844400021812,
              47.62029899995188
            ],
            [
              -117.23844500004304,
              47.62042099980068
            ],
            [
              -117.23844599986793,
              47.620456999771164
            ],
            [
              -117.23693699997223,
              47.62045899973517
            ],
            [
              -117.23651099999988,
              47.62045800005593
            ],
            [
              -117.23651199982477,
              47.62055700029913
            ],
            [
              -117.23577600023103,
              47.620546000214105
            ],
            [
              -117.23541600038092,
              47.62054200029266
            ],
            [
              -117.23507900009702,
              47.62054100000954
            ],
            [
              -117.23449599976584,
              47.620539000048666
            ],
            [
              -117.23284499957987,
              47.62053500012672
            ],
            [
              -117.2327469996706,
              47.62053100020448
            ],
            [
              -117.23243299985124,
              47.62052400003708
            ],
            [
              -117.23217199973533,
              47.620469999838505
            ],
            [
              -117.23218699980396,
              47.62059799977005
            ],
            [
              -117.23004500024662,
              47.62060499992755
            ],
            [
              -117.22858099965843,
              47.62061099980233
            ],
            [
              -117.22853399980275,
              47.62501500004534
            ],
            [
              -117.22852700013006,
              47.62570300005325
            ],
            [
              -117.22854899987135,
              47.627890999889374
            ],
            [
              -117.22762400013173,
              47.62788800006714
            ],
            [
              -117.2268180002178,
              47.62788500024473
            ],
            [
              -117.22439999957763,
              47.62787699970842
            ],
            [
              -117.22359500038691,
              47.62787500002819
            ],
            [
              -117.2233910001724,
              47.62787399988538
            ],
            [
              -117.22278199990195,
              47.62787100006217
            ],
            [
              -117.22257900041068,
              47.62787100006217
            ],
            [
              -117.22229700037836,
              47.62786999991924
            ],
            [
              -117.22145100028143,
              47.627867000095804
            ],
            [
              -117.22117000007405,
              47.627867000095804
            ],
            [
              -117.22057300039748,
              47.62786499980977
            ],
            [
              -117.21878400011927,
              47.627859000162154
            ],
            [
              -117.21818800026759,
              47.62785699987586
            ],
            [
              -117.21710899964386,
              47.62785599973266
            ],
            [
              -117.21387499994233,
              47.62785299990842
            ],
            [
              -117.21279700004183,
              47.62785299990842
            ],
            [
              -117.21279600021691,
              47.62809299983424
            ],
            [
              -117.21279600021691,
              47.62881399978388
            ],
            [
              -117.21279600021691,
              47.62900099979306
            ],
            [
              -117.21279600021691,
              47.62905500026041
            ],
            [
              -117.21279500039202,
              47.62988099982764
            ],
            [
              -117.21279399966878,
              47.63074100023996
            ],
            [
              -117.21279899969164,
              47.632360000168184
            ],
            [
              -117.21280299988959,
              47.63318700020799
            ],
            [
              -117.21280299988959,
              47.633310999718866
            ],
            [
              -117.20740099979318,
              47.633299999896224
            ],
            [
              -117.2047060000419,
              47.63329400026709
            ],
            [
              -117.20200700009265,
              47.633297999818126
            ],
            [
              -117.20200799991757,
              47.63300300017679
            ],
            [
              -117.20200799991757,
              47.63296200014409
            ],
            [
              -117.201523000394,
              47.632966999765934
            ],
            [
              -117.20117500023943,
              47.632965999720525
            ],
            [
              -117.20082600025998,
              47.632965999720525
            ],
            [
              -117.20047700028054,
              47.63296500028045
            ],
            [
              -117.20012800030106,
              47.63296500028045
            ],
            [
              -117.19977900032161,
              47.63296400023499
            ],
            [
              -117.19943100016707,
              47.63296400023499
            ],
            [
              -117.1993979996568,
              47.63296400023499
            ],
            [
              -117.19929399989971,
              47.63296200014409
            ],
            [
              -117.19800699976183,
              47.63296899985666
            ],
            [
              -117.19801500015775,
              47.63295499982521
            ],
            [
              -117.19679800034008,
              47.63295499982521
            ],
            [
              -117.19679800034008,
              47.63294099979005
            ],
            [
              -117.19661599986689,
              47.63294099979005
            ],
            [
              -117.19661800041501,
              47.63283799980512
            ],
            [
              -117.19662000006484,
              47.63278100007292
            ],
            [
              -117.19662000006484,
              47.63250399970339
            ],
            [
              -117.19662099988976,
              47.63198499984437
            ],
            [
              -117.19683500015,
              47.63199000016502
            ],
            [
              -117.19683500015,
              47.63167200000627
            ],
            [
              -117.19682400027935,
              47.6315669997973
            ],
            [
              -117.19686600011214,
              47.63152499977573
            ],
            [
              -117.19700199965627,
              47.63144499992949
            ],
            [
              -117.19678300027145,
              47.63141799972678
            ],
            [
              -117.19662300043791,
              47.63139800003844
            ],
            [
              -117.19607199989377,
              47.63139599988755
            ],
            [
              -117.19504800041993,
              47.63139499981212
            ],
            [
              -117.19488000019045,
              47.631383000115804
            ],
            [
              -117.19466099990733,
              47.63133999986982
            ],
            [
              -117.19450000024884,
              47.631292999884344
            ],
            [
              -117.19443699960134,
              47.6312709999925
            ],
            [
              -117.19391600009271,
              47.631096000000404
            ],
            [
              -117.19348199972447,
              47.63094199998269
            ],
            [
              -117.19300100039887,
              47.63077300001885
            ],
            [
              -117.19284599968985,
              47.63070399999826
            ],
            [
              -117.19270900032082,
              47.63062600028649
            ],
            [
              -117.19260100036576,
              47.63054500018313
            ],
            [
              -117.1924749999691,
              47.6304330000801
            ],
            [
              -117.19230799956449,
              47.6302630001893
            ],
            [
              -117.19221300002825,
              47.630165999758134
            ],
            [
              -117.19205099964653,
              47.63003800024925
            ],
            [
              -117.19198399969939,
              47.63000000001312
            ],
            [
              -117.19149599980275,
              47.63042000006882
            ],
            [
              -117.19138700002283,
              47.630513000264685
            ],
            [
              -117.19184599960712,
              47.63075599974148
            ],
            [
              -117.19230900028771,
              47.63130500020666
            ],
            [
              -117.19249599988545,
              47.631510999962806
            ],
            [
              -117.19237600023487,
              47.631551999923154
            ],
            [
              -117.19159500043529,
              47.63183599975486
            ],
            [
              -117.19186800024676,
              47.63215999988639
            ],
            [
              -117.19195199991233,
              47.63225199995371
            ],
            [
              -117.19255299978688,
              47.63298499997447
            ],
            [
              -117.19271900036655,
              47.633141000109596
            ],
            [
              -117.19096299970029,
              47.63294099979005
            ],
            [
              -117.1902880002059,
              47.63295499982521
            ],
            [
              -117.1902370001523,
              47.632982999884355
            ],
            [
              -117.19024899984784,
              47.63302900012182
            ],
            [
              -117.19013099984707,
              47.63304200008948
            ],
            [
              -117.18942500039054,
              47.63314599971432
            ],
            [
              -117.18965499964601,
              47.63395700021241
            ],
            [
              -117.18901399958852,
              47.63467999980084
            ],
            [
              -117.18900199989294,
              47.6346939999755
            ],
            [
              -117.18900299971786,
              47.63473799989453
            ],
            [
              -117.189005000266,
              47.634848999842156
            ],
            [
              -117.1890069999158,
              47.635013999917476
            ],
            [
              -117.18900600009091,
              47.635096999762055
            ],
            [
              -117.18864299986772,
              47.635096999762055
            ],
            [
              -117.18859199981412,
              47.635102999789474
            ],
            [
              -117.18854999998133,
              47.63510799981182
            ],
            [
              -117.18847899983622,
              47.63512399988
            ],
            [
              -117.18837000005627,
              47.63516400002911
            ],
            [
              -117.18832200037568,
              47.635189000106756
            ],
            [
              -117.18822100009335,
              47.635128999900346
            ],
            [
              -117.1881259996588,
              47.63512399988
            ],
            [
              -117.18581900024505,
              47.63511899985923
            ],
            [
              -117.18285400015702,
              47.635097999766685
            ],
            [
              -117.18236399971225,
              47.635097999766685
            ],
            [
              -117.18139399976678,
              47.635097999766685
            ],
            [
              -117.17916099997285,
              47.63509299974342
            ],
            [
              -117.17916000014796,
              47.635022999972634
            ],
            [
              -117.17913900023153,
              47.634902999715045
            ],
            [
              -117.17912400016293,
              47.634859999944084
            ],
            [
              -117.17909599967554,
              47.634778999744505
            ],
            [
              -117.17903600029938,
              47.63466400020206
            ],
            [
              -117.17894500006278,
              47.63454000026967
            ],
            [
              -117.17885700019926,
              47.63444699997599
            ],
            [
              -117.17879600009988,
              47.6343920002191
            ],
            [
              -117.17869599964246,
              47.63431599999751
            ],
            [
              -117.17858299966453,
              47.63424299972838
            ],
            [
              -117.17850200037199,
              47.63419899999784
            ],
            [
              -117.17833699961724,
              47.634125000147385
            ],
            [
              -117.1781840003547,
              47.63407200010009
            ],
            [
              -117.17804100023956,
              47.63403399977043
            ],
            [
              -117.177869999637,
              47.63400100014672
            ],
            [
              -117.17761400044229,
              47.63397500007994
            ],
            [
              -117.17722299973174,
              47.63394900000023
            ],
            [
              -117.17685000036113,
              47.633907000077016
            ],
            [
              -117.17619800043298,
              47.633808000297364
            ],
            [
              -117.17603299967823,
              47.63377800001527
            ],
            [
              -117.1758960003092,
              47.63374500022985
            ],
            [
              -117.17575700039203,
              47.633703000142674
            ],
            [
              -117.17562500014752,
              47.63365499982875
            ],
            [
              -117.17552200021538,
              47.633611000208475
            ],
            [
              -117.17519699962703,
              47.63345200015744
            ],
            [
              -117.1751010002659,
              47.63354100026844
            ],
            [
              -117.17501300040234,
              47.63360700007605
            ],
            [
              -117.17495999980058,
              47.63364800020806
            ],
            [
              -117.17485699986841,
              47.63371399988053
            ],
            [
              -117.17478599972333,
              47.63375399989826
            ],
            [
              -117.17474800008848,
              47.63377499992558
            ],
            [
              -117.17466900044576,
              47.63381199980905
            ],
            [
              -117.17483500012712,
              47.633918999799086
            ],
            [
              -117.17495099957975,
              47.63399199991553
            ],
            [
              -117.17497700041734,
              47.63400799972007
            ],
            [
              -117.17500199963337,
              47.634024000125116
            ],
            [
              -117.17522799958917,
              47.63416599987298
            ],
            [
              -117.17525500025167,
              47.634183000251745
            ],
            [
              -117.17528799986366,
              47.63419299986663
            ],
            [
              -117.17574700034626,
              47.63432800023101
            ],
            [
              -117.17662000020738,
              47.63460900006822
            ],
            [
              -117.17582799963883,
              47.63521600017717
            ],
            [
              -117.17523400033528,
              47.63567999981242
            ],
            [
              -117.17369799977706,
              47.63477400029602
            ],
            [
              -117.17326900032998,
              47.63507100024065
            ],
            [
              -117.17325900028423,
              47.635077000271046
            ],
            [
              -117.17323400016987,
              47.635134999924084
            ],
            [
              -117.17320700040571,
              47.635194000120826
            ],
            [
              -117.17260800018099,
              47.63546200017599
            ],
            [
              -117.17331799983545,
              47.6359800000187
            ],
            [
              -117.17346799962328,
              47.63609900023878
            ],
            [
              -117.17276100034186,
              47.63651799972653
            ],
            [
              -117.1737289997392,
              47.637236999739244
            ],
            [
              -117.17422000000889,
              47.6370979997615
            ],
            [
              -117.1750040001815,
              47.637164999884035
            ],
            [
              -117.1750040001815,
              47.63713399974769
            ],
            [
              -117.17587100019482,
              47.63754299983289
            ],
            [
              -117.17592300007335,
              47.6375679999829
            ],
            [
              -117.17595700040854,
              47.63751800027623
            ],
            [
              -117.17668499960638,
              47.63774999977023
            ],
            [
              -117.17686200005672,
              47.63751699971261
            ],
            [
              -117.17720799966311,
              47.63767600010609
            ],
            [
              -117.17752200038079,
              47.63782200002988
            ],
            [
              -117.17765100025221,
              47.63785500026705
            ],
            [
              -117.17850499984675,
              47.63806999976136
            ],
            [
              -117.18009199956026,
              47.63785500026705
            ],
            [
              -117.1803679997448,
              47.63846100025656
            ],
            [
              -117.1799879998032,
              47.63969600023724
            ],
            [
              -117.17966200028829,
              47.64072900012238
            ],
            [
              -117.17812699955496,
              47.64235299982258
            ],
            [
              -117.17638300038091,
              47.64235000022522
            ],
            [
              -117.17584899955519,
              47.64234899975417
            ],
            [
              -117.17507600015153,
              47.64234500029067
            ],
            [
              -117.17491799996778,
              47.64234500029067
            ],
            [
              -117.16430200009593,
              47.642329999878875
            ],
            [
              -117.16431399979147,
              47.64370199983223
            ],
            [
              -117.16433499970785,
              47.645972999731406
            ],
            [
              -117.1656689997014,
              47.64596099975157
            ],
            [
              -117.1656670000516,
              47.64614800013276
            ],
            [
              -117.16567999957205,
              47.647929000144124
            ],
            [
              -117.16567999957205,
              47.647964000170994
            ],
            [
              -117.1656829999451,
              47.64836800023574
            ],
            [
              -117.16568499959494,
              47.64862800011065
            ],
            [
              -117.16568799996797,
              47.64901599983536
            ],
            [
              -117.16568999961781,
              47.64942000023508
            ],
            [
              -117.16569100034106,
              47.64959400025335
            ],
            [
              -117.16569200016595,
              47.649610000121584
            ],
            [
              -117.16560599995223,
              47.64961499996594
            ],
            [
              -117.16513099957606,
              47.649610000121584
            ],
            [
              -117.16508600026853,
              47.649610000121584
            ],
            [
              -117.1650129995753,
              47.649608999789535
            ],
            [
              -117.16464400040269,
              47.649608999789535
            ],
            [
              -117.16451899983089,
              47.649608999789535
            ],
            [
              -117.16406400044451,
              47.64944000028756
            ],
            [
              -117.16358300022058,
              47.64922600011561
            ],
            [
              -117.16316300009603,
              47.6490660000363
            ],
            [
              -117.16282699963703,
              47.64892599971614
            ],
            [
              -117.16267100000144,
              47.648812000189714
            ],
            [
              -117.16258599961262,
              47.648749999801346
            ],
            [
              -117.16243099980193,
              47.64859200017726
            ],
            [
              -117.16183199957719,
              47.64834700002175
            ],
            [
              -117.1615210001309,
              47.64825299973854
            ],
            [
              -117.16115799990774,
              47.64814600005368
            ],
            [
              -117.16089699979183,
              47.64804200002546
            ],
            [
              -117.16046800034475,
              47.6479890001758
            ],
            [
              -117.1603109999859,
              47.64794700003982
            ],
            [
              -117.15939999959167,
              47.647580999932444
            ],
            [
              -117.15893099996161,
              47.64744399977823
            ],
            [
              -117.15827300018567,
              47.64733099981353
            ],
            [
              -117.15810499995618,
              47.64730600009892
            ],
            [
              -117.15765200021966,
              47.64723599974509
            ],
            [
              -117.15704200012426,
              47.64711100021991
            ],
            [
              -117.15652400009041,
              47.64701599975132
            ],
            [
              -117.15601000025454,
              47.64694199989727
            ],
            [
              -117.15534599973249,
              47.64681099977591
            ],
            [
              -117.15458500002438,
              47.646652999732886
            ],
            [
              -117.15419800041009,
              47.6465610002078
            ],
            [
              -117.15356700039833,
              47.646394000103285
            ],
            [
              -117.15356800022325,
              47.64674000018725
            ],
            [
              -117.15356999987307,
              47.64722900012818
            ],
            [
              -117.15357200042119,
              47.64785900002004
            ],
            [
              -117.15357400007103,
              47.6482320000835
            ],
            [
              -117.15357400007103,
              47.648410999783
            ],
            [
              -117.15343199978079,
              47.64838800008583
            ],
            [
              -117.15160800024081,
              47.64783499971381
            ],
            [
              -117.15143699963825,
              47.64772199998982
            ],
            [
              -117.1514380003615,
              47.64741999988651
            ],
            [
              -117.15095499958943,
              47.64741900011776
            ],
            [
              -117.15086500007605,
              47.64744399977823
            ],
            [
              -117.15089100001532,
              47.6474899999938
            ],
            [
              -117.15079599958075,
              47.647510000180105
            ],
            [
              -117.1508120003726,
              47.64755799986982
            ],
            [
              -117.15084400015964,
              47.64765099982395
            ],
            [
              -117.15084599980948,
              47.64770499977989
            ],
            [
              -117.1508480003576,
              47.64775599978791
            ],
            [
              -117.15084400015964,
              47.647811000001745
            ],
            [
              -117.1508419996115,
              47.647844999741885
            ],
            [
              -117.15083599976371,
              47.64787699993986
            ],
            [
              -117.15074100022748,
              47.64786699991791
            ],
            [
              -117.15055999957922,
              47.64784899999464
            ],
            [
              -117.14955399964872,
              47.64774900024064
            ],
            [
              -117.14955899967158,
              47.6480060002933
            ],
            [
              -117.14957600028832,
              47.648876999727214
            ],
            [
              -117.14958999963375,
              47.649599000099194
            ],
            [
              -117.14892099998713,
              47.64959799976698
            ],
            [
              -117.14824499976955,
              47.649597000039876
            ],
            [
              -117.14421199982672,
              47.64959400025335
            ],
            [
              -117.14286799978744,
              47.649592999921
            ],
            [
              -117.14286699996252,
              47.65014700015596
            ],
            [
              -117.14286600013763,
              47.651759999784325
            ],
            [
              -117.14286600013763,
              47.65180999977881
            ],
            [
              -117.14286600013763,
              47.65236499977069
            ],
            [
              -117.14286600013763,
              47.65239099976305
            ],
            [
              -117.14286600013763,
              47.65247199988904
            ],
            [
              -117.14286699996252,
              47.652499000104804
            ],
            [
              -117.14286799978744,
              47.65264900024261
            ],
            [
              -117.1428710001605,
              47.6531000001513
            ],
            [
              -117.14287199998539,
              47.65325100003529
            ],
            [
              -117.1428700003356,
              47.65397999976871
            ],
            [
              -117.14286899961236,
              47.65470100015692
            ],
            [
              -117.14286799978744,
              47.6561679998325
            ],
            [
              -117.14286699996252,
              47.656898000181094
            ],
            [
              -117.14294999980321,
              47.656898000181094
            ],
            [
              -117.14294999980321,
              47.656994999998034
            ],
            [
              -117.14294999980321,
              47.6570189997253
            ],
            [
              -117.14297599974248,
              47.65835300029614
            ],
            [
              -117.14297800029061,
              47.65843599997097
            ],
            [
              -117.14289600027486,
              47.65843599997097
            ],
            [
              -117.14289799992468,
              47.658517999957574
            ],
            [
              -117.1428989997496,
              47.65855799974198
            ],
            [
              -117.14290299994755,
              47.658751000131616
            ],
            [
              -117.14290700014553,
              47.65897000015484
            ],
            [
              -117.14291100034347,
              47.659188999864476
            ],
            [
              -117.14291600036634,
              47.65940900000996
            ],
            [
              -117.14292100038921,
              47.65962800029835
            ],
            [
              -117.14292600041207,
              47.65984700027319
            ],
            [
              -117.14292999971174,
              47.660067000066114
            ],
            [
              -117.1429349997346,
              47.66029999998281
            ],
            [
              -117.14293899993255,
              47.6605349997102
            ],
            [
              -117.14294300013053,
              47.66071400019855
            ],
            [
              -117.14294700032848,
              47.66089199995729
            ],
            [
              -117.14295099962811,
              47.66106999971418
            ],
            [
              -117.14295400000115,
              47.661248000074245
            ],
            [
              -117.14295800019913,
              47.66142599982736
            ],
            [
              -117.1429620003971,
              47.661604000183644
            ],
            [
              -117.14296599969674,
              47.661783000031846
            ],
            [
              -117.14297999994045,
              47.66224500008908
            ],
            [
              -117.14298300031348,
              47.66233300006855
            ],
            [
              -117.1429769995674,
              47.662418000244784
            ],
            [
              -117.14297800029061,
              47.66244899989739
            ],
            [
              -117.14297900011553,
              47.6624759997945
            ],
            [
              -117.14298699961313,
              47.662767000286394
            ],
            [
              -117.14298599978821,
              47.662792999939576
            ],
            [
              -117.14298499996332,
              47.66285600006927
            ],
            [
              -117.14301900029851,
              47.664258000242334
            ],
            [
              -117.14305100008556,
              47.665505999889966
            ],
            [
              -117.14305100008556,
              47.665686999716286
            ],
            [
              -117.14305199991048,
              47.66594099976117
            ],
            [
              -117.14311700020778,
              47.66940900006497
            ],
            [
              -117.14313700029928,
              47.67042899996235
            ],
            [
              -117.14317699958394,
              47.67144899988696
            ],
            [
              -117.14323799968331,
              47.67320399970131
            ],
            [
              -117.14329600030794,
              47.674806999913734
            ],
            [
              -117.14332100042229,
              47.675509000097954
            ],
            [
              -117.14335700040729,
              47.67667599993751
            ],
            [
              -117.14342199980632,
              47.67826499995723
            ],
            [
              -117.14346600018725,
              47.679057999708135
            ],
            [
              -117.1434989997992,
              47.67991900017826
            ],
            [
              -117.14350800002005,
              47.680127999806324
            ],
            [
              -117.14352499973849,
              47.680521000037125
            ],
            [
              -117.14352499973849,
              47.68059999998625
            ],
            [
              -117.1434700003852,
              47.68064600002398
            ],
            [
              -117.14346899966196,
              47.68112300020714
            ],
            [
              -117.14348299990567,
              47.68142399980394
            ],
            [
              -117.14352399991357,
              47.6823709999811
            ],
            [
              -117.14353099958626,
              47.68267899994348
            ],
            [
              -117.143652999785,
              47.68579099988185
            ],
            [
              -117.14365600015805,
              47.68586299983152
            ],
            [
              -117.14365899963279,
              47.68594000028085
            ],
            [
              -117.14370300001372,
              47.68594000028085
            ],
            [
              -117.14371899990722,
              47.68594000028085
            ],
            [
              -117.14371999973214,
              47.68597099987206
            ],
            [
              -117.14372200028029,
              47.68605899976211
            ],
            [
              -117.14379000005235,
              47.68840899975352
            ],
            [
              -117.14380500012096,
              47.688892999784436
            ],
            [
              -117.1439569995586,
              47.6944460000968
            ],
            [
              -117.14411200026764,
              47.70021199985641
            ],
            [
              -117.14436699963744,
              47.70020600005409
            ],
            [
              -117.14467700015716,
              47.70022400006362
            ],
            [
              -117.14507700019024,
              47.70023199979712
            ],
            [
              -117.14555000001825,
              47.700280999951964
            ],
            [
              -117.1458989999977,
              47.70034100027624
            ],
            [
              -117.14624700015224,
              47.7004420002228
            ],
            [
              -117.14649599967429,
              47.700491000180264
            ],
            [
              -117.14659600013171,
              47.70054100005232
            ],
            [
              -117.14705700026414,
              47.70042500025149
            ],
            [
              -117.14734099994627,
              47.700542999973685
            ],
            [
              -117.14737799975619,
              47.70055799998584
            ],
            [
              -117.14793199977508,
              47.70080200002087
            ],
            [
              -117.14845400000691,
              47.70103200020262
            ],
            [
              -117.14868699963539,
              47.701130000171545
            ],
            [
              -117.14873199984126,
              47.70112000007211
            ],
            [
              -117.1488060003594,
              47.701102999717314
            ],
            [
              -117.14950000012037,
              47.7009470000434
            ],
            [
              -117.15158800014932,
              47.700476000148825
            ],
            [
              -117.15179499983857,
              47.70043100002861
            ],
            [
              -117.15211000038111,
              47.70036300009569
            ],
            [
              -117.15379199963093,
              47.70000099974242
            ],
            [
              -117.15483500026963,
              47.69977699970124
            ],
            [
              -117.15523000027984,
              47.69972499974838
            ],
            [
              -117.15533800023488,
              47.699711000077755
            ],
            [
              -117.15624299988302,
              47.699521999924244
            ],
            [
              -117.1582320001778,
              47.69910799981368
            ],
            [
              -117.15896199992375,
              47.69896400010865
            ],
            [
              -117.15997600025017,
              47.69876599971371
            ],
            [
              -117.1607539996767,
              47.698614000292665
            ],
            [
              -117.16168400033753,
              47.6984409998079
            ],
            [
              -117.16339200042489,
              47.69812499975406
            ],
            [
              -117.16345799964878,
              47.698112000265674
            ],
            [
              -117.16447600017318,
              47.697926999800444
            ],
            [
              -117.16540699976059,
              47.69775800011558
            ],
            [
              -117.1673860000096,
              47.69738900026997
            ],
            [
              -117.1674630000025,
              47.69737499997208
            ],
            [
              -117.1688289997831,
              47.69715999976206
            ],
            [
              -117.16968900012371,
              47.69705800008073
            ],
            [
              -117.17058600027426,
              47.696970000005585
            ],
            [
              -117.17167000002257,
              47.69689899969931
            ],
            [
              -117.17251500029458,
              47.69686299979661
            ],
            [
              -117.17339400000346,
              47.69682799990096
            ],
            [
              -117.17447199990396,
              47.696786999786035
            ],
            [
              -117.17540699968934,
              47.696750999806014
            ],
            [
              -117.17541199971221,
              47.69695900028805
            ],
            [
              -117.17542699978081,
              47.697585999830885
            ],
            [
              -117.17543199980369,
              47.697795000018296
            ],
            [
              -117.17543699982656,
              47.698039000287956
            ],
            [
              -117.17545500026822,
              47.698773000280944
            ],
            [
              -117.175461000116,
              47.699018000195785
            ],
            [
              -117.17546699996377,
              47.69930100019685
            ],
            [
              -117.17548700005527,
              47.700152999956416
            ],
            [
              -117.175497000101,
              47.70022799993055
            ],
            [
              -117.17551899984232,
              47.70030600029699
            ],
            [
              -117.17559800038336,
              47.70040699970677
            ],
            [
              -117.17563299964515,
              47.70043299995415
            ],
            [
              -117.1756929999196,
              47.7004580002263
            ],
            [
              -117.1758340003849,
              47.700488000295216
            ],
            [
              -117.17599599986828,
              47.70049500002666
            ],
            [
              -117.1761790001664,
              47.70049500002666
            ],
            [
              -117.1779740002924,
              47.70049500002666
            ],
            [
              -117.17816799956283,
              47.70049500002666
            ],
            [
              -117.17822899966221,
              47.70049500002666
            ],
            [
              -117.17857299961881,
              47.70049500002666
            ],
            [
              -117.17901100018503,
              47.70049500002666
            ],
            [
              -117.17960600021178,
              47.70049500002666
            ],
            [
              -117.1803250000871,
              47.70049500002666
            ],
            [
              -117.18072500012018,
              47.70049500002666
            ],
            [
              -117.18076399957992,
              47.70049500002666
            ],
            [
              -117.1808670004104,
              47.70049500002666
            ],
            [
              -117.18082800005234,
              47.70183400029497
            ],
            [
              -117.18081800000658,
              47.70216100006862
            ],
            [
              -117.18080200011308,
              47.70277700022726
            ],
            [
              -117.18079200006734,
              47.70311399985007
            ],
            [
              -117.18077699999871,
              47.703567000034724
            ],
            [
              -117.18077100015094,
              47.703787999814395
            ],
            [
              -117.18085099961856,
              47.70378899971283
            ],
            [
              -117.18135699995686,
              47.70378600001756
            ],
            [
              -117.18150400026994,
              47.70378600001756
            ],
            [
              -117.18204499987003,
              47.70378500011912
            ],
            [
              -117.18608600020873,
              47.703780999920546
            ],
            [
              -117.186140999562,
              47.70269099997098
            ],
            [
              -117.18626299976074,
              47.702681000170976
            ],
            [
              -117.18665899959588,
              47.702684999849396
            ],
            [
              -117.1869509996739,
              47.702684999849396
            ],
            [
              -117.18758099986076,
              47.702683999929825
            ],
            [
              -117.18787100028896,
              47.702683000010246
            ],
            [
              -117.18860199985986,
              47.7026820000906
            ],
            [
              -117.18904899974861,
              47.702681000170976
            ],
            [
              -117.18958100002617,
              47.702681000170976
            ],
            [
              -117.18995900031793,
              47.702680000251334
            ],
            [
              -117.1903369997114,
              47.70267899972711
            ],
            [
              -117.19071400017825,
              47.70267899972711
            ],
            [
              -117.19109199957173,
              47.702677999807435
            ],
            [
              -117.19146200036589,
              47.702676999887736
            ],
            [
              -117.19157399962057,
              47.702677999807435
            ],
            [
              -117.19157299979565,
              47.702735999954044
            ],
            [
              -117.19156799977279,
              47.702910999922
            ],
            [
              -117.19156699994787,
              47.70295599971516
            ],
            [
              -117.19158899968917,
              47.70309700014551
            ],
            [
              -117.19159200006223,
              47.703369000194066
            ],
            [
              -117.19158700003936,
              47.703437999738426
            ],
            [
              -117.19157299979565,
              47.70352399997141
            ],
            [
              -117.19153599998573,
              47.70360499994862
            ],
            [
              -117.19147400006143,
              47.70366300027293
            ],
            [
              -117.19143999972627,
              47.70367700009142
            ],
            [
              -117.19143100040375,
              47.70410900006867
            ],
            [
              -117.19169400016948,
              47.70410900006867
            ],
            [
              -117.19220299998251,
              47.70410900006867
            ],
            [
              -117.19682299955612,
              47.70410200021793
            ],
            [
              -117.1970319997935,
              47.70409899993618
            ],
            [
              -117.20236199991992,
              47.70408700001644
            ],
            [
              -117.20236199991992,
              47.704237000023724
            ],
            [
              -117.20236199991992,
              47.70431200016778
            ],
            [
              -117.20236000027008,
              47.704948000243775
            ],
            [
              -117.20235600007213,
              47.70685599985452
            ],
            [
              -117.20281499965644,
              47.707295000111074
            ],
            [
              -117.20291699976369,
              47.70739299979154
            ],
            [
              -117.20322599956016,
              47.70768700014542
            ],
            [
              -117.20333000021553,
              47.70778500029784
            ],
            [
              -117.20391299964842,
              47.70833900014934
            ],
            [
              -117.20496700015781,
              47.70934100012297
            ],
            [
              -117.20590699996606,
              47.70953900024898
            ],
            [
              -117.2060350000126,
              47.70956599996062
            ],
            [
              -117.2069439998587,
              47.709757000140456
            ],
            [
              -117.20737700040205,
              47.70984900012606
            ],
            [
              -117.2076910002214,
              47.70991500021282
            ],
            [
              -117.20780300037441,
              47.709938000003596
            ],
            [
              -117.20793999974345,
              47.70996800005712
            ],
            [
              -117.20820900025527,
              47.7098119997112
            ],
            [
              -117.20866000034198,
              47.70955299969822
            ],
            [
              -117.20889100032065,
              47.70942099973326
            ],
            [
              -117.20902100001697,
              47.709352000250426
            ],
            [
              -117.20930600042237,
              47.7092229997634
            ],
            [
              -117.20994800030475,
              47.70891700019883
            ],
            [
              -117.21049599957753,
              47.70870600025851
            ],
            [
              -117.21192400018074,
              47.70810699993305
            ],
            [
              -117.21233300043464,
              47.70793599975874
            ],
            [
              -117.21259700002527,
              47.70788400008583
            ],
            [
              -117.2127040001554,
              47.70785400004172
            ],
            [
              -117.21294500017984,
              47.70783600024873
            ],
            [
              -117.21319899972472,
              47.70781799984508
            ],
            [
              -117.21359999958271,
              47.70781300013483
            ],
            [
              -117.21400299998884,
              47.707821999733845
            ],
            [
              -117.21435699999118,
              47.7078300001149
            ],
            [
              -117.21506800036889,
              47.70783899971093
            ],
            [
              -117.21531900043904,
              47.70783300018191
            ],
            [
              -117.21553600017403,
              47.707829000293984
            ],
            [
              -117.21596399979622,
              47.70780499975116
            ],
            [
              -117.21751299987491,
              47.70761100019644
            ],
            [
              -117.21774300002866,
              47.707560000025374
            ],
            [
              -117.21795399991586,
              47.707479000148915
            ],
            [
              -117.21814399988666,
              47.70736699999295
            ],
            [
              -117.2182879998267,
              47.70724500006736
            ],
            [
              -117.21839999997971,
              47.70710000003219
            ],
            [
              -117.21846799975177,
              47.706942999726806
            ],
            [
              -117.21848299982038,
              47.706780999743835
            ],
            [
              -117.21848299982038,
              47.70652300023148
            ],
            [
              -117.21874099956327,
              47.70652099993505
            ],
            [
              -117.21951499969016,
              47.70651900024306
            ],
            [
              -117.21977400015624,
              47.70651799979253
            ],
            [
              -117.22024199996137,
              47.706516000100386
            ],
            [
              -117.22164600027511,
              47.70651100026529
            ],
            [
              -117.22211499990517,
              47.7065099998146
            ],
            [
              -117.2228420001764,
              47.70650899996836
            ],
            [
              -117.22502300009178,
              47.70650800012214
            ],
            [
              -117.22575100018794,
              47.70650800012214
            ],
            [
              -117.22646000001748,
              47.70650300028623
            ],
            [
              -117.22858999987925,
              47.706489999864324
            ],
            [
              -117.22923199976167,
              47.70648699972003
            ],
            [
              -117.22930000043203,
              47.70648699972003
            ],
            [
              -117.2300159999343,
              47.706488000171156
            ],
            [
              -117.23014399998081,
              47.706488000171156
            ],
            [
              -117.23247499968403,
              47.70649200016198
            ],
            [
              -117.2336139996839,
              47.70650400013259
            ],
            [
              -117.23361500040714,
              47.70561099976099
            ],
            [
              -117.23361200003409,
              47.702091000112134
            ],
            [
              -117.23361200003409,
              47.70097499992622
            ],
            [
              -117.23360899966103,
              47.700490000218565
            ],
            [
              -117.23360899966103,
              47.70042299972102
            ],
            [
              -117.23360799983611,
              47.700333999919536
            ],
            [
              -117.23347800013978,
              47.70032700016644
            ],
            [
              -117.23347800013978,
              47.700310000157636
            ],
            [
              -117.233464999721,
              47.699386999999675
            ],
            [
              -117.23343200010902,
              47.698187000152885
            ],
            [
              -117.23339899959875,
              47.696924999882306
            ],
            [
              -117.23337000018475,
              47.6959000001273
            ],
            [
              -117.23335799959085,
              47.695411000133774
            ],
            [
              -117.23330200041266,
              47.6933749997215
            ],
            [
              -117.23344800000255,
              47.69337599981961
            ],
            [
              -117.2354210004038,
              47.69339100007979
            ],
            [
              -117.23698600037602,
              47.693404000140525
            ],
            [
              -117.23722999987517,
              47.693407999926
            ],
            [
              -117.2373450004012,
              47.69341000012094
            ],
            [
              -117.23808000017004,
              47.694016000030366
            ],
            [
              -117.23823499998073,
              47.69412799984924
            ],
            [
              -117.23895999970384,
              47.69465600024672
            ],
            [
              -117.23935999973692,
              47.69495300008589
            ],
            [
              -117.2404750003457,
              47.69579699974333
            ],
            [
              -117.24094999982351,
              47.696173000284084
            ],
            [
              -117.24166000037629,
              47.696650999999825
            ],
            [
              -117.24211200028792,
              47.696967999947205
            ],
            [
              -117.24246399974213,
              47.69715700028997
            ],
            [
              -117.24283399963797,
              47.69729900010322
            ],
            [
              -117.24343299986269,
              47.69761899978888
            ],
            [
              -117.24360899958978,
              47.6976899997193
            ],
            [
              -117.24457699988541,
              47.69780900020341
            ],
            [
              -117.24494900032941,
              47.697727000274895
            ],
            [
              -117.24508800024658,
              47.6976899997193
            ],
            [
              -117.2455750003183,
              47.69728100029307
            ],
            [
              -117.24560499955723,
              47.6972149999283
            ],
            [
              -117.24575699989319,
              47.697062000190506
            ],
            [
              -117.24600399976538,
              47.695676000000894
            ],
            [
              -117.24648800036236,
              47.69501800022413
            ],
            [
              -117.24722700032916,
              47.694461000049195
            ],
            [
              -117.24853000036057,
              47.69412899993291
            ],
            [
              -117.24858999973674,
              47.694094000016015
            ],
            [
              -117.24985099993535,
              47.69334599989101
            ],
            [
              -117.25026500021211,
              47.69309200020677
            ],
            [
              -117.25053300000074,
              47.692909999786494
            ],
            [
              -117.25057099963556,
              47.692885000127625
            ],
            [
              -117.25109899971518,
              47.692521999740116
            ],
            [
              -117.25168200004636,
              47.692102000151394
            ],
            [
              -117.25363700000591,
              47.69129599976201
            ],
            [
              -117.25659500042124,
              47.69072699976807
            ],
            [
              -117.26090000035057,
              47.68953599989614
            ],
            [
              -117.26200900021324,
              47.689240000221865
            ],
            [
              -117.2634000001082,
              47.68902700009105
            ],
            [
              -117.2635759998353,
              47.688997000079404
            ],
            [
              -117.2639280001878,
              47.6889370000043
            ],
            [
              -117.26380099996618,
              47.68867299994237
            ],
            [
              -117.26378900027063,
              47.68864500010479
            ],
            [
              -117.2631320003196,
              47.68717000004319
            ],
            [
              -117.2630910003117,
              47.687076000109535
            ],
            [
              -117.26310600038032,
              47.68704399974608
            ],
            [
              -117.26311499970282,
              47.686969999775265
            ],
            [
              -117.2630979999844,
              47.68690400026845
            ],
            [
              -117.26305899962634,
              47.68681299992269
            ],
            [
              -117.26299300040242,
              47.686664999825354
            ],
            [
              -117.26250299995766,
              47.68555800006066
            ],
            [
              -117.26233999975102,
              47.685188999756285
            ],
            [
              -117.26336699959792,
              47.68498100010103
            ],
            [
              -117.26567800010795,
              47.684515000043355
            ],
            [
              -117.26644600038706,
              47.68435200024605
            ],
            [
              -117.26747200040903,
              47.684135999889506
            ],
            [
              -117.26836799983636,
              47.683939999990315
            ],
            [
              -117.26998100038747,
              47.68358900003986
            ],
            [
              -117.27106099993779,
              47.683375999812704
            ],
            [
              -117.27196099956306,
              47.68319900021443
            ],
            [
              -117.27209700000553,
              47.68317200015119
            ],
            [
              -117.27275599960639,
              47.683043000193585
            ],
            [
              -117.27514400010932,
              47.68258000006749
            ],
            [
              -117.27594099980243,
              47.68242600002136
            ],
            [
              -117.27623799990336,
              47.682368000263146
            ],
            [
              -117.27713199968082,
              47.68219499970451
            ],
            [
              -117.27742999960665,
              47.68213800000308
            ],
            [
              -117.27768900007277,
              47.68208699970817
            ],
            [
              -117.27846900004744,
              47.681935999764
            ],
            [
              -117.27872900033843,
              47.681886000194815
            ],
            [
              -117.27898600025637,
              47.68183500025831
            ],
            [
              -117.27976000038326,
              47.68168600022936
            ],
            [
              -117.28001800012613,
              47.681635999815775
            ],
            [
              -117.28028099989186,
              47.681583999915446
            ],
            [
              -117.28107099991229,
              47.68142999995306
            ],
            [
              -117.28133500040126,
              47.68137900017556
            ],
            [
              -117.28160999986255,
              47.6813229999118
            ],
            [
              -117.28243599986796,
              47.681157000029565
            ],
            [
              -117.2824509999366,
              47.68115400024179
            ],
            [
              -117.28270799985454,
              47.68108700029979
            ],
            [
              -117.28273499961873,
              47.68108100011126
            ],
            [
              -117.28281900018263,
              47.68106500020982
            ],
            [
              -117.28284699977173,
              47.68105999974824
            ],
            [
              -117.28359800033239,
              47.68091299999442
            ],
            [
              -117.28428100022268,
              47.68078100008468
            ],
            [
              -117.28584899966965,
              47.68046000014768
            ],
            [
              -117.28660000023032,
              47.68030700024009
            ],
            [
              -117.28688300008756,
              47.68025399987494
            ],
            [
              -117.28773199965919,
              47.680098999867454
            ],
            [
              -117.28801600023964,
              47.68004700024952
            ],
            [
              -117.28852699970248,
              47.679936999933226
            ],
            [
              -117.29006300026073,
              47.67961100025086
            ],
            [
              -117.29057600027171,
              47.679502999743626
            ],
            [
              -117.29068300040183,
              47.679479000070934
            ],
            [
              -117.29100700026693,
              47.67941100003118
            ],
            [
              -117.29111500022196,
              47.67938800007773
            ],
            [
              -117.29158800004997,
              47.67929300026776
            ],
            [
              -117.29300999990707,
              47.67900900017359
            ],
            [
              -117.29348399956001,
              47.67891500004893
            ],
            [
              -117.29348299973509,
              47.679022999958896
            ],
            [
              -117.29348199991018,
              47.679350000053546
            ],
            [
              -117.29348199991018,
              47.67945900003287
            ],
            [
              -117.29347900043545,
              47.68036200003717
            ],
            [
              -117.29347400041259,
              47.681197999732625
            ],
            [
              -117.29347299968934,
              47.681267000192726
            ],
            [
              -117.29346699984156,
              47.68217199976885
            ],
            [
              -117.29346699984156,
              47.68226499976193
            ],
            [
              -117.29215700013746,
              47.68227600015987
            ],
            [
              -117.29077600028826,
              47.68227800017695
            ],
            [
              -117.29077399974013,
              47.682541000248015
            ],
            [
              -117.29077000044046,
              47.68332999976305
            ],
            [
              -117.29077000044046,
              47.68359400025907
            ],
            [
              -117.29076799989234,
              47.68392699998943
            ],
            [
              -117.29076299986946,
              47.684928000251055
            ],
            [
              -117.29076200004454,
              47.68526200018587
            ],
            [
              -117.29075399964862,
              47.6854760002186
            ],
            [
              -117.29076100021962,
              47.68571300017703
            ],
            [
              -117.29344400027534,
              47.68569300010982
            ],
            [
              -117.29344400027534,
              47.68588200019644
            ],
            [
              -117.29344400027534,
              47.68594599991055
            ],
            [
              -117.29344400027534,
              47.6859659998807
            ],
            [
              -117.29344400027534,
              47.686028000223246
            ],
            [
              -117.29344400027534,
              47.68604899979582
            ],
            [
              -117.29344500010023,
              47.68638299980957
            ],
            [
              -117.29345099994804,
              47.68738899996488
            ],
            [
              -117.2934540003211,
              47.68772400007067
            ],
            [
              -117.29345199977296,
              47.687884000210374
            ],
            [
              -117.29344699975007,
              47.688365000297615
            ],
            [
              -117.29344599992515,
              47.68852599987152
            ],
            [
              -117.29345099994804,
              47.68872999975962
            ],
            [
              -117.29346799966645,
              47.6893439998249
            ],
            [
              -117.29346799966645,
              47.68954899970851
            ],
            [
              -117.29346699984156,
              47.68969599991949
            ],
            [
              -117.29346600001666,
              47.690135999720376
            ],
            [
              -117.29346600001666,
              47.69028400024831
            ],
            [
              -117.29346600001666,
              47.690400000237815
            ],
            [
              -117.29346799966645,
              47.690750999708285
            ],
            [
              -117.29346900038969,
              47.690868000014625
            ],
            [
              -117.29346799966645,
              47.690936999777676
            ],
            [
              -117.29346799966645,
              47.69097899979905
            ],
            [
              -117.29346699984156,
              47.69121600014958
            ],
            [
              -117.29373999965303,
              47.691270999934105
            ],
            [
              -117.29681000022136,
              47.691885999840466
            ],
            [
              -117.29930300030624,
              47.692562000071604
            ],
            [
              -117.29948700042928,
              47.69260699972759
            ],
            [
              -117.30028400012239,
              47.69295300013908
            ],
            [
              -117.30040200012317,
              47.6930040000895
            ],
            [
              -117.30078100023985,
              47.69316999976057
            ],
            [
              -117.30104800020355,
              47.693288000181596
            ],
            [
              -117.30112699984628,
              47.693313000251884
            ],
            [
              -117.30144300021377,
              47.69344999977129
            ],
            [
              -117.30146699960488,
              47.69346100022908
            ],
            [
              -117.30377200026713,
              47.694288000296055
            ],
            [
              -117.3038609999556,
              47.69431600012727
            ],
            [
              -117.30386299960541,
              47.693887000286466
            ],
            [
              -117.30386400032863,
              47.693828999969504
            ],
            [
              -117.30386400032863,
              47.69376099989101
            ],
            [
              -117.3038679996283,
              47.69311299995861
            ],
            [
              -117.30387000017645,
              47.692774000167375
            ],
            [
              -117.30387900039726,
              47.6917610001813
            ],
            [
              -117.303881999872,
              47.691423000202256
            ],
            [
              -117.30388500024505,
              47.691057000094546
            ],
            [
              -117.30389399956758,
              47.68995900008183
            ],
            [
              -117.3038969999406,
              47.68959299997965
            ],
            [
              -117.30389799976552,
              47.689408999698244
            ],
            [
              -117.3039019999635,
              47.688856999796826
            ],
            [
              -117.3039039996133,
              47.688674000130646
            ],
            [
              -117.30445000013457,
              47.68868199982215
            ],
            [
              -117.30482699970312,
              47.68868899992917
            ],
            [
              -117.30608899972664,
              47.68869400026422
            ],
            [
              -117.30663600007283,
              47.68869700022308
            ],
            [
              -117.3071769996729,
              47.688700999764905
            ],
            [
              -117.30880299974449,
              47.68871300020256
            ],
            [
              -117.3093450000678,
              47.688716999743114
            ],
            [
              -117.30934800044085,
              47.68852599987152
            ],
            [
              -117.30935799958827,
              47.68795699989185
            ],
            [
              -117.30936199978625,
              47.68776699986163
            ],
            [
              -117.30935699976337,
              47.68740100009967
            ],
            [
              -117.30934199969474,
              47.68630499978051
            ],
            [
              -117.30933800039509,
              47.68594000028085
            ],
            [
              -117.30938000022788,
              47.68594000028085
            ],
            [
              -117.30950599972628,
              47.68594000028085
            ],
            [
              -117.3095490002823,
              47.68594099991684
            ],
            [
              -117.30977500023812,
              47.68594099991684
            ],
            [
              -117.31045300010553,
              47.68594400003404
            ],
            [
              -117.31067900006137,
              47.68594500027471
            ],
            [
              -117.3121119997891,
              47.68594400003404
            ],
            [
              -117.3121119997891,
              47.68590400006921
            ],
            [
              -117.31211500016215,
              47.685474999969
            ],
            [
              -117.31211599998707,
              47.68525099981288
            ],
            [
              -117.31211799963687,
              47.68500000018243
            ],
            [
              -117.31211799963687,
              47.68496300027211
            ],
            [
              -117.3121190003601,
              47.68494800000677
            ],
            [
              -117.31212199983484,
              47.68443799990947
            ],
            [
              -117.31212500020789,
              47.68400199971715
            ],
            [
              -117.31212600003279,
              47.68388400005663
            ],
            [
              -117.31213000023075,
              47.68335600005906
            ],
            [
              -117.31213100005566,
              47.68318000008176
            ],
            [
              -117.3121329997055,
              47.682917000208334
            ],
            [
              -117.3121329997055,
              47.682858000091436
            ],
            [
              -117.3121329997055,
              47.6827909999188
            ],
            [
              -117.31213600007855,
              47.68249399976004
            ],
            [
              -117.31213500025363,
              47.68226299974434
            ],
            [
              -117.31211599998707,
              47.68226299974434
            ],
            [
              -117.31211599998707,
              47.68218599991495
            ],
            [
              -117.31211699981196,
              47.682156000202006
            ],
            [
              -117.31211699981196,
              47.68205400020228
            ],
            [
              -117.31229900028517,
              47.68200699988029
            ],
            [
              -117.3130559997953,
              47.68181699994862
            ],
            [
              -117.31330900041361,
              47.68175399972307
            ],
            [
              -117.31409500023608,
              47.6815550001811
            ],
            [
              -117.31645500025158,
              47.68096099982379
            ],
            [
              -117.31724199989897,
              47.68076300001613
            ],
            [
              -117.31731300004405,
              47.68074499994138
            ],
            [
              -117.31884600022924,
              47.680355999765226
            ],
            [
              -117.3236590001467,
              47.67913600029177
            ],
            [
              -117.32526400030193,
              47.67872999982366
            ],
            [
              -117.32526299957868,
              47.67868099998106
            ],
            [
              -117.32526099992887,
              47.67853700011555
            ],
            [
              -117.32526099992887,
              47.67848899987044
            ],
            [
              -117.32525900027903,
              47.6783929998526
            ],
            [
              -117.32525900027903,
              47.67832800016235
            ],
            [
              -117.32526500012682,
              47.678107999911944
            ],
            [
              -117.32526799960156,
              47.67801300019062
            ],
            [
              -117.3252690003248,
              47.67783899991502
            ],
            [
              -117.32527099997459,
              47.677595000087614
            ],
            [
              -117.3252690003248,
              47.67731699984057
            ],
            [
              -117.3252690003248,
              47.67714400007262
            ],
            [
              -117.32527000014969,
              47.67696900011538
            ],
            [
              -117.32527299962443,
              47.676713000281914
            ],
            [
              -117.32529000024117,
              47.67644599998695
            ],
            [
              -117.32528699986814,
              47.67627199992934
            ],
            [
              -117.32528600004325,
              47.67609899972085
            ],
            [
              -117.3252840003934,
              47.67565299985243
            ],
            [
              -117.32528699986814,
              47.675580999722435
            ],
            [
              -117.32529500026406,
              47.67540900008503
            ],
            [
              -117.32530199993674,
              47.67524000000872
            ],
            [
              -117.3253050003098,
              47.675195999727215
            ],
            [
              -117.3253050003098,
              47.67473300012473
            ],
            [
              -117.32530600013472,
              47.67470900007249
            ],
            [
              -117.32529199989101,
              47.67456500013238
            ],
            [
              -117.32529500026406,
              47.674082000090365
            ],
            [
              -117.32530799978454,
              47.672632999755606
            ],
            [
              -117.32531299980741,
              47.67215099987828
            ],
            [
              -117.32531299980741,
              47.67212699984839
            ],
            [
              -117.32531299980741,
              47.67205899990531
            ],
            [
              -117.32531399963233,
              47.67203599973545
            ],
            [
              -117.32531399963233,
              47.67193200010341
            ],
            [
              -117.32531700000538,
              47.671621999784485
            ],
            [
              -117.32531799983028,
              47.6715929999571
            ],
            [
              -117.32531799983028,
              47.67151899984467
            ],
            [
              -117.32548299968671,
              47.6714929996985
            ],
            [
              -117.32597800015435,
              47.671418000134985
            ],
            [
              -117.32614399983572,
              47.671392999853246
            ],
            [
              -117.32813499978029,
              47.67101900016102
            ],
            [
              -117.32844199992695,
              47.670961999742886
            ],
            [
              -117.3329669999643,
              47.67004400006589
            ],
            [
              -117.33409400026862,
              47.66981499986453
            ],
            [
              -117.33608000019032,
              47.66941199992308
            ],
            [
              -117.33790299990542,
              47.66903000026854
            ],
            [
              -117.34137599998155,
              47.6683040000632
            ],
            [
              -117.3433850003678,
              47.66793799986054
            ],
            [
              -117.34521899995354,
              47.66760499970742
            ],
            [
              -117.34554199999374,
              47.667551999748675
            ],
            [
              -117.34651100011429,
              47.66739300015444
            ],
            [
              -117.3468340001545,
              47.66733999998042
            ],
            [
              -117.3468340001545,
              47.66725499995423
            ],
            [
              -117.34683599980431,
              47.66705900015626
            ],
            [
              -117.34683599980431,
              47.6670010002539
            ],
            [
              -117.34683699962922,
              47.66691700028108
            ],
            [
              -117.34684000000226,
              47.66642800017514
            ],
            [
              -117.34684400020024,
              47.66596999970436
            ],
            [
              -117.3468559998958,
              47.665556000031735
            ],
            [
              -117.34685000004801,
              47.6651240000815
            ],
            [
              -117.34685900026885,
              47.664963999708
            ],
            [
              -117.34686400029172,
              47.66488400024483
            ],
            [
              -117.34687199978931,
              47.6644770001547
            ],
            [
              -117.34687699981221,
              47.66411700006117
            ],
            [
              -117.34689400042895,
              47.663039000158896
            ],
            [
              -117.34690000027672,
              47.66267999991017
            ],
            [
              -117.34690199992656,
              47.66248299978794
            ],
            [
              -117.34691199997229,
              47.66189399999446
            ],
            [
              -117.34691600017027,
              47.661698000031734
            ],
            [
              -117.34691799982008,
              47.661530999927386
            ],
            [
              -117.346926000216,
              47.66103299977389
            ],
            [
              -117.34692899969072,
              47.6608670000788
            ],
            [
              -117.34693100023888,
              47.660690999869345
            ],
            [
              -117.34693999956137,
              47.660162999916245
            ],
            [
              -117.34694299993443,
              47.65998799988689
            ],
            [
              -117.34694499958425,
              47.65980799979788
            ],
            [
              -117.3469539998051,
              47.65926800004264
            ],
            [
              -117.34695700017814,
              47.659089000041966
            ],
            [
              -117.34695899982796,
              47.65893100023449
            ],
            [
              -117.34696700022388,
              47.658456999758464
            ],
            [
              -117.34696999969862,
              47.65830000001917
            ],
            [
              -117.34696999969862,
              47.65824099989878
            ],
            [
              -117.34697300007167,
              47.658064999912625
            ],
            [
              -117.34697399989659,
              47.658052000120485
            ],
            [
              -117.34697600044473,
              47.65800699969785
            ],
            [
              -117.34697600044473,
              47.65797199974573
            ],
            [
              -117.34697999974438,
              47.65786799992237
            ],
            [
              -117.34698200029251,
              47.65783400005156
            ],
            [
              -117.34698599959215,
              47.65771899982611
            ],
            [
              -117.34699399998806,
              47.65751400011138
            ]
          ]
        ]
      },
      "properties": {
        "AREALAND": "97693332",
        "AREAWATER": "747133",
        "BASENAME": "Spokane Valley",
        "CBSAPCI": "Y",
        "CENTLAT": "+47.6625857",
        "CENTLON": "-117.2345959",
        "FUNCSTAT": "A",
        "GEOID": "5367167",
        "INTPTLAT": "+47.6633532",
        "INTPTLON": "-117.2327795",
        "LSADC": "25",
        "MTFCC": "G4110",
        "NAME": "Spokane Valley city",
        "NECTAPCI": "N",
        "OBJECTID": 32357,
        "OID": "27890481567807",
        "PLACE": "67167",
        "PLACECC": "C1",
        "PLACENS": "02411957",
        "STATE": "53",
        "DISP_CLR": 2,
        "slug": "spokane_valley",
        "jurisdiction_key": "spokane_valley_city",
        "county_fips": [
          "53063"
        ]
      }
    }
  ]
}
