{
  "type": "FeatureCollection",
  "features": [
    {
      "type": "Feature",
      "geometry": {
        "type": "Polygon",
        "coordinates": [
          [
            [
              -117.60404399991249,
              47.61571399982024
            ],
            [
              -117.60406099963095,
              47.61386800010438
            ],
            [
              -117.59623699959471,
              47.613849999973354
            ],
            [
              -117.58808000037085,
              47.61383199983608
            ],
            [
              -117.58646299962179,
              47.613828999812625
            ],
            [
              -117.58595100033402,
              47.613834999859364
            ],
            [
              -117.58283499973494,
              47.613828999812625
            ],
            [
              -117.58063700010113,
              47.61382499998288
            ],
            [
              -117.58062600023047,
              47.61289599990589
            ],
            [
              -117.58062200003252,
              47.61146599972609
            ],
            [
              -117.58590199993023,
              47.61146199971565
            ],
            [
              -117.58589199988445,
              47.60564799998982
            ],
            [
              -117.58098100005773,
              47.60564300017755
            ],
            [
              -117.58098600008057,
              47.60192000005025
            ],
            [
              -117.57815700043503,
              47.60191299981413
            ],
            [
              -117.57527500018766,
              47.60252499996047
            ],
            [
              -117.57525900029415,
              47.60555299984137
            ],
            [
              -117.57259899980465,
              47.605539999699275
            ],
            [
              -117.57258999958383,
              47.60736300006047
            ],
            [
              -117.56984799997689,
              47.60733899992727
            ],
            [
              -117.56985399982466,
              47.60922800027984
            ],
            [
              -117.56781799967425,
              47.60918800026666
            ],
            [
              -117.56721400032497,
              47.609182000292336
            ],
            [
              -117.56719099986046,
              47.61095699972333
            ],
            [
              -117.5644280003371,
              47.61094799976316
            ],
            [
              -117.5644280003371,
              47.61082799994471
            ],
            [
              -117.5644280003371,
              47.610156000233445
            ],
            [
              -117.56442499996405,
              47.60995300013656
            ],
            [
              -117.56441999994121,
              47.60941699988276
            ],
            [
              -117.56440999989545,
              47.609344999854976
            ],
            [
              -117.56440499987258,
              47.60929999986301
            ],
            [
              -117.5643649996896,
              47.60914800022292
            ],
            [
              -117.56440400004766,
              47.608866999764956
            ],
            [
              -117.56441900011629,
              47.608684999927924
            ],
            [
              -117.5644209997661,
              47.608376000108564
            ],
            [
              -117.56432000038207,
              47.60836200015192
            ],
            [
              -117.56189900026719,
              47.608365999793854
            ],
            [
              -117.56193899955181,
              47.60727999978001
            ],
            [
              -117.56432500040493,
              47.60727300026113
            ],
            [
              -117.56442900016202,
              47.607290000302406
            ],
            [
              -117.5644350000098,
              47.60638000005199
            ],
            [
              -117.56444000003269,
              47.60482300027594
            ],
            [
              -117.56444099985758,
              47.604802000124444
            ],
            [
              -117.56444000003269,
              47.604787999816864
            ],
            [
              -117.56444300040572,
              47.60461600014486
            ],
            [
              -117.56426799960522,
              47.604663999870766
            ],
            [
              -117.56397399987736,
              47.60472000000002
            ],
            [
              -117.56202200029082,
              47.605141000242114
            ],
            [
              -117.56205599972769,
              47.60415099972523
            ],
            [
              -117.56214199994143,
              47.60184199978897
            ],
            [
              -117.55948099962703,
              47.60181800015109
            ],
            [
              -117.55412100026169,
              47.601722999709814
            ],
            [
              -117.55408699992651,
              47.60262700029831
            ],
            [
              -117.55400599973567,
              47.60262600027815
            ],
            [
              -117.55134600014446,
              47.60439699996589
            ],
            [
              -117.55132900042604,
              47.60484899970201
            ],
            [
              -117.55105900008928,
              47.60503600003854
            ],
            [
              -117.54628700017973,
              47.608340000298995
            ],
            [
              -117.54577800036672,
              47.60869299976768
            ],
            [
              -117.54575599972708,
              47.60870900004918
            ],
            [
              -117.54544000025788,
              47.60892900024368
            ],
            [
              -117.54531700023423,
              47.60895500005139
            ],
            [
              -117.54471399981156,
              47.60908400021047
            ],
            [
              -117.54245599990331,
              47.609573000107524
            ],
            [
              -117.54240300019987,
              47.60958499996581
            ],
            [
              -117.5416039999586,
              47.609744999831584
            ],
            [
              -117.5403229996685,
              47.6099799999204
            ],
            [
              -117.53892500010085,
              47.61023699983442
            ],
            [
              -117.53829999993688,
              47.61036099989268
            ],
            [
              -117.53815099997395,
              47.61039200016412
            ],
            [
              -117.5365910000246,
              47.610726999717556
            ],
            [
              -117.53615099980854,
              47.61082600021796
            ],
            [
              -117.53569300004916,
              47.610946999902076
            ],
            [
              -117.53510800006815,
              47.61112299998897
            ],
            [
              -117.53480099992147,
              47.61120399990909
            ],
            [
              -117.53449299994989,
              47.611277000260436
            ],
            [
              -117.53169100006848,
              47.61188000006197
            ],
            [
              -117.52953100006951,
              47.61234600003879
            ],
            [
              -117.5281490003954,
              47.61264000016983
            ],
            [
              -117.52400599994945,
              47.61352499977083
            ],
            [
              -117.52331200018847,
              47.613673999980236
            ],
            [
              -117.52299199962303,
              47.61372400009356
            ],
            [
              -117.5227060002911,
              47.61374699991163
            ],
            [
              -117.5226150000545,
              47.61376100024357
            ],
            [
              -117.52253700023668,
              47.613767000298154
            ],
            [
              -117.52236399998432,
              47.61377499996612
            ],
            [
              -117.52205099998989,
              47.61378199982602
            ],
            [
              -117.52180400011768,
              47.6137830002385
            ],
            [
              -117.52095299999787,
              47.613787000071405
            ],
            [
              -117.51936999958397,
              47.61378499985217
            ],
            [
              -117.51855899964718,
              47.61378400004537
            ],
            [
              -117.51819100029944,
              47.61378199982602
            ],
            [
              -117.51788499997771,
              47.61378199982602
            ],
            [
              -117.51586300007098,
              47.613787999878205
            ],
            [
              -117.51518900040152,
              47.61379000009728
            ],
            [
              -117.51509999981474,
              47.61381800012874
            ],
            [
              -117.51500100008053,
              47.613874999951825
            ],
            [
              -117.51481899960736,
              47.61398999982007
            ],
            [
              -117.51470200032979,
              47.61407299974691
            ],
            [
              -117.51459000017681,
              47.61417199996888
            ],
            [
              -117.51414800031091,
              47.61458500028605
            ],
            [
              -117.51296599975501,
              47.61569599971904
            ],
            [
              -117.51126799971341,
              47.617305999936455
            ],
            [
              -117.51031100018673,
              47.618214999891705
            ],
            [
              -117.51024099986655,
              47.618279999955874
            ],
            [
              -117.51003500000222,
              47.618476999703425
            ],
            [
              -117.50996600040521,
              47.618542999763235
            ],
            [
              -117.50992500039735,
              47.61858099985166
            ],
            [
              -117.5098020003737,
              47.618696999982596
            ],
            [
              -117.50976200019072,
              47.61873600027681
            ],
            [
              -117.50905500001099,
              47.619403000230406
            ],
            [
              -117.5069379996697,
              47.62140700009145
            ],
            [
              -117.5062330000381,
              47.622075999778524
            ],
            [
              -117.50597500029524,
              47.62231100015918
            ],
            [
              -117.50520299981815,
              47.6230200001441
            ],
            [
              -117.5049469997251,
              47.623256999770966
            ],
            [
              -117.50463999957846,
              47.623556000230046
            ],
            [
              -117.50372200040984,
              47.62445700005013
            ],
            [
              -117.50341600008811,
              47.624756999902516
            ],
            [
              -117.50262299969462,
              47.62549600022272
            ],
            [
              -117.50024699978556,
              47.627717000228124
            ],
            [
              -117.49945500011532,
              47.62845699999984
            ],
            [
              -117.49896200019583,
              47.628916999829606
            ],
            [
              -117.49756399972986,
              47.63022400001888
            ],
            [
              -117.49748699973696,
              47.63029799994495
            ],
            [
              -117.49732299970542,
              47.630455999812746
            ],
            [
              -117.49699800001542,
              47.630762000267325
            ],
            [
              -117.49646400008804,
              47.63126199989651
            ],
            [
              -117.49626900009437,
              47.63144199970587
            ],
            [
              -117.49568999996114,
              47.631985999908515
            ],
            [
              -117.49549900016542,
              47.632167999767084
            ],
            [
              -117.49491699965917,
              47.63271499982745
            ],
            [
              -117.49317099993696,
              47.63435900021612
            ],
            [
              -117.49259000015392,
              47.63490699974822
            ],
            [
              -117.49243299979507,
              47.63506000018314
            ],
            [
              -117.49196499998993,
              47.63552200000004
            ],
            [
              -117.49180900035431,
              47.63567599983842
            ],
            [
              -117.49137900018401,
              47.63607799993481
            ],
            [
              -117.49008899967308,
              47.637283999826614
            ],
            [
              -117.48965900040108,
              47.63768600026317
            ],
            [
              -117.48951600028596,
              47.63781800021981
            ],
            [
              -117.48563800015388,
              47.63611999992903
            ],
            [
              -117.48398500031809,
              47.635379999699744
            ],
            [
              -117.4830210002204,
              47.63500599986716
            ],
            [
              -117.48298299968724,
              47.6349899997628
            ],
            [
              -117.48277000015023,
              47.63490399972334
            ],
            [
              -117.48242899966839,
              47.63477799973377
            ],
            [
              -117.48220100006274,
              47.63470200007358
            ],
            [
              -117.48187600037274,
              47.63461900020689
            ],
            [
              -117.48152200037043,
              47.63456099998116
            ],
            [
              -117.48119000010938,
              47.63452700006936
            ],
            [
              -117.48093999986415,
              47.63452600005381
            ],
            [
              -117.48068499959602,
              47.63453000011589
            ],
            [
              -117.48039800043914,
              47.63455899995133
            ],
            [
              -117.48008299989655,
              47.63460700004021
            ],
            [
              -117.47984000022231,
              47.63466100016323
            ],
            [
              -117.47970600032801,
              47.634691999950746
            ],
            [
              -117.47938900013561,
              47.63478299978717
            ],
            [
              -117.47882800044404,
              47.635013999917476
            ],
            [
              -117.47879300028394,
              47.63502900000855
            ],
            [
              -117.47809899962468,
              47.63530599970576
            ],
            [
              -117.47808699992912,
              47.63530999970808
            ],
            [
              -117.4774230003054,
              47.6355869997317
            ],
            [
              -117.47716600038743,
              47.635321999713305
            ],
            [
              -117.47702599974704,
              47.635179000077116
            ],
            [
              -117.47688000015717,
              47.63526400026789
            ],
            [
              -117.47683599977624,
              47.63528700029571
            ],
            [
              -117.47656999963746,
              47.635427000246835
            ],
            [
              -117.47641900002472,
              47.635498000078684
            ],
            [
              -117.4762480003205,
              47.63557799977368
            ],
            [
              -117.4758950001431,
              47.635747999929414
            ],
            [
              -117.47559100036946,
              47.63589599977134
            ],
            [
              -117.4750809998332,
              47.63613199974824
            ],
            [
              -117.47431000007937,
              47.63646800022569
            ],
            [
              -117.4737789996267,
              47.636701000118634
            ],
            [
              -117.47369199958807,
              47.63673799974628
            ],
            [
              -117.47343200019539,
              47.636852000201046
            ],
            [
              -117.47334599998167,
              47.63689000029738
            ],
            [
              -117.47314299959208,
              47.63697800003204
            ],
            [
              -117.47253599986975,
              47.63724300012625
            ],
            [
              -117.47233400020342,
              47.63733199983355
            ],
            [
              -117.47228700034773,
              47.6373520002774
            ],
            [
              -117.47214900025548,
              47.637411999747115
            ],
            [
              -117.47210300022472,
              47.6374330001203
            ],
            [
              -117.47190300020817,
              47.63722700010155
            ],
            [
              -117.47181699999446,
              47.637154000267344
            ],
            [
              -117.47169800016876,
              47.63701600003674
            ],
            [
              -117.47160199990931,
              47.63687400016463
            ],
            [
              -117.47152599974133,
              47.63672200017228
            ],
            [
              -117.47149899997714,
              47.63665100018764
            ],
            [
              -117.47147800006073,
              47.63664099983248
            ],
            [
              -117.47147700023582,
              47.63660900001487
            ],
            [
              -117.47144700009859,
              47.63651399981668
            ],
            [
              -117.47143100020506,
              47.636393999956596
            ],
            [
              -117.47143600022792,
              47.63628100030046
            ],
            [
              -117.47146499964195,
              47.63615799995238
            ],
            [
              -117.47151800024372,
              47.636037999880045
            ],
            [
              -117.47160600010726,
              47.63590300030157
            ],
            [
              -117.47171099968924,
              47.63578200025742
            ],
            [
              -117.4718270000402,
              47.63567499984485
            ],
            [
              -117.4719750001782,
              47.63556599982724
            ],
            [
              -117.47216900034695,
              47.63544300021738
            ],
            [
              -117.4723259998075,
              47.635376999702025
            ],
            [
              -117.47310400013231,
              47.63504300008965
            ],
            [
              -117.4730949999115,
              47.63463699984643
            ],
            [
              -117.47308400004084,
              47.63447899990698
            ],
            [
              -117.47308900006374,
              47.634393000237225
            ],
            [
              -117.47310699960708,
              47.63429100010754
            ],
            [
              -117.47309200043676,
              47.6341379998424
            ],
            [
              -117.47304200020804,
              47.63403100030078
            ],
            [
              -117.47298500030665,
              47.63393100012375
            ],
            [
              -117.47296199984211,
              47.63385199975177
            ],
            [
              -117.47299299980425,
              47.63370200011134
            ],
            [
              -117.47295099997146,
              47.63201600000867
            ],
            [
              -117.47192800032252,
              47.63202199978448
            ],
            [
              -117.465645999794,
              47.6320609998239
            ],
            [
              -117.46476299988716,
              47.63206600013733
            ],
            [
              -117.46464099968843,
              47.631986999972675
            ],
            [
              -117.46463099964267,
              47.631616999750165
            ],
            [
              -117.46461999977201,
              47.63124699993487
            ],
            [
              -117.46461999977201,
              47.631218000077546
            ],
            [
              -117.46461800012221,
              47.63116899982275
            ],
            [
              -117.4646330001908,
              47.63116700026848
            ],
            [
              -117.46468800044241,
              47.63114900003913
            ],
            [
              -117.46473399957483,
              47.63113199988407
            ],
            [
              -117.46475899968921,
              47.631113000167176
            ],
            [
              -117.46478100032881,
              47.631083000154035
            ],
            [
              -117.46479300002439,
              47.631054000205644
            ],
            [
              -117.46480300007013,
              47.63102899996589
            ],
            [
              -117.464808000093,
              47.631006999962956
            ],
            [
              -117.46481200029098,
              47.630958000115726
            ],
            [
              -117.46481300011587,
              47.63093000018236
            ],
            [
              -117.46481200029098,
              47.6309049998833
            ],
            [
              -117.464808000093,
              47.63085800011194
            ],
            [
              -117.46479600039744,
              47.63075900000449
            ],
            [
              -117.46479499967421,
              47.63074499998638
            ],
            [
              -117.46478299997865,
              47.630660999799
            ],
            [
              -117.46477499958273,
              47.63059100014511
            ],
            [
              -117.464772000108,
              47.630521999884266
            ],
            [
              -117.46477600030595,
              47.630462999860974
            ],
            [
              -117.46479200019947,
              47.63037899982573
            ],
            [
              -117.46479600039744,
              47.630362000025585
            ],
            [
              -117.46479600039744,
              47.63030899979413
            ],
            [
              -117.46478299997865,
              47.630183000227426
            ],
            [
              -117.4647870001766,
              47.62997599997717
            ],
            [
              -117.4647650004353,
              47.62984699989785
            ],
            [
              -117.46474500034381,
              47.62955899971223
            ],
            [
              -117.46474799981854,
              47.62941700015904
            ],
            [
              -117.46476000041241,
              47.62845999978942
            ],
            [
              -117.46475899968921,
              47.62839900019977
            ],
            [
              -117.46469799958983,
              47.62467699998915
            ],
            [
              -117.46469400029018,
              47.61753399999712
            ],
            [
              -117.46467699967343,
              47.61680399991584
            ],
            [
              -117.46462899999285,
              47.61461599987036
            ],
            [
              -117.46461800012221,
              47.61411000025556
            ],
            [
              -117.46460700025156,
              47.61388700003416
            ],
            [
              -117.4645129996419,
              47.61384900016774
            ],
            [
              -117.46441399990768,
              47.6138330002476
            ],
            [
              -117.46426099974683,
              47.61382199995902
            ],
            [
              -117.46424700040143,
              47.613821000152875
            ],
            [
              -117.46357500038178,
              47.613834999859364
            ],
            [
              -117.46281200012554,
              47.613828999812625
            ],
            [
              -117.46256199988028,
              47.613828999812625
            ],
            [
              -117.46072800029457,
              47.613834999859364
            ],
            [
              -117.45650700003078,
              47.613814000298206
            ],
            [
              -117.45640300027372,
              47.61381299988631
            ],
            [
              -117.45468299959246,
              47.61379699995516
            ],
            [
              -117.45435000040484,
              47.613787000071405
            ],
            [
              -117.45219399970553,
              47.613811000273714
            ],
            [
              -117.44588399958788,
              47.61374200026801
            ],
            [
              -117.4443279998365,
              47.61373300018158
            ],
            [
              -117.44352399957236,
              47.61374999993984
            ],
            [
              -117.44338200018046,
              47.61375299996783
            ],
            [
              -117.44270099993996,
              47.61376800010529
            ],
            [
              -117.44256899969551,
              47.61376800010529
            ],
            [
              -117.44234899958747,
              47.61380900005539
            ],
            [
              -117.44229199968606,
              47.61380900005539
            ],
            [
              -117.44217700005835,
              47.61380900005539
            ],
            [
              -117.44106300017282,
              47.61377899979969
            ],
            [
              -117.44064399987316,
              47.61377400015908
            ],
            [
              -117.44053099989526,
              47.61377299974647
            ],
            [
              -117.44030300028963,
              47.61377400015908
            ],
            [
              -117.44033199970363,
              47.61382199995902
            ],
            [
              -117.43899699988516,
              47.613819999741125
            ],
            [
              -117.43818699977327,
              47.61381800012874
            ],
            [
              -117.43747200009592,
              47.61381699971698
            ],
            [
              -117.43352600019178,
              47.61380999986177
            ],
            [
              -117.43273500034643,
              47.61376200005086
            ],
            [
              -117.43264599975966,
              47.61375699980308
            ],
            [
              -117.43247699970524,
              47.61374600010406
            ],
            [
              -117.43228799955936,
              47.613734999797174
            ],
            [
              -117.43215899968793,
              47.61372700012309
            ],
            [
              -117.43214500034256,
              47.61372700012309
            ],
            [
              -117.43140499965253,
              47.61372899973895
            ],
            [
              -117.4313660001928,
              47.61372899973895
            ],
            [
              -117.4312890001999,
              47.61372899973895
            ],
            [
              -117.43032099990424,
              47.61372899973895
            ],
            [
              -117.4301419998041,
              47.61372799993103
            ],
            [
              -117.42991599984829,
              47.61372899973895
            ],
            [
              -117.42992000004624,
              47.61367000013868
            ],
            [
              -117.4299440003357,
              47.613571999988416
            ],
            [
              -117.42996400042716,
              47.61351700006457
            ],
            [
              -117.42998600016848,
              47.61347500007282
            ],
            [
              -117.4300010002371,
              47.613445000231046
            ],
            [
              -117.43003899987194,
              47.61339000017367
            ],
            [
              -117.43009099975046,
              47.613331000190925
            ],
            [
              -117.43047599971494,
              47.61297899975238
            ],
            [
              -117.43066599968574,
              47.612795000039085
            ],
            [
              -117.43080799997597,
              47.61263499981477
            ],
            [
              -117.43093600002247,
              47.612468000277325
            ],
            [
              -117.430951999916,
              47.61244799999958
            ],
            [
              -117.4310630002441,
              47.61228700008933
            ],
            [
              -117.43118700009262,
              47.612079999822484
            ],
            [
              -117.43127099975824,
              47.61190200024262
            ],
            [
              -117.43127999997905,
              47.61188300019724
            ],
            [
              -117.43129400022276,
              47.6118790002187
            ],
            [
              -117.43134199990335,
              47.61177800020445
            ],
            [
              -117.43138999958393,
              47.61166299971098
            ],
            [
              -117.4314509996833,
              47.61155899973151
            ],
            [
              -117.43210500015958,
              47.61029399992701
            ],
            [
              -117.43221499976444,
              47.610042000290974
            ],
            [
              -117.43228400025973,
              47.609843999768366
            ],
            [
              -117.43235700005465,
              47.609567000177364
            ],
            [
              -117.43239700023763,
              47.6093669998908
            ],
            [
              -117.43247599988035,
              47.60887299977543
            ],
            [
              -117.4325770001627,
              47.60831899974252
            ],
            [
              -117.43270600003413,
              47.60785599998227
            ],
            [
              -117.43278800004987,
              47.607623999814116
            ],
            [
              -117.43286800041582,
              47.60751300018945
            ],
            [
              -117.43294100021075,
              47.60738399978952
            ],
            [
              -117.43327000009873,
              47.606724999890446
            ],
            [
              -117.43410399960176,
              47.60509900018597
            ],
            [
              -117.43425799958756,
              47.604846999746606
            ],
            [
              -117.43447699987068,
              47.60454100022001
            ],
            [
              -117.43467900043535,
              47.60429300007425
            ],
            [
              -117.43486500020818,
              47.60409100022966
            ],
            [
              -117.43504299958512,
              47.60392500005533
            ],
            [
              -117.43578300027512,
              47.603266000187176
            ],
            [
              -117.43647399966304,
              47.60268700026162
            ],
            [
              -117.43650399980025,
              47.60266199978049
            ],
            [
              -117.43693200032075,
              47.60229399979625
            ],
            [
              -117.43699800044297,
              47.602238000098446
            ],
            [
              -117.43746200005019,
              47.60185500024437
            ],
            [
              -117.43831700036793,
              47.60112800009957
            ],
            [
              -117.43846399978271,
              47.60100399995783
            ],
            [
              -117.43875000001296,
              47.60077599990719
            ],
            [
              -117.43878599999798,
              47.600749000217945
            ],
            [
              -117.43884500044753,
              47.600705000156104
            ],
            [
              -117.43904100026609,
              47.60057200029481
            ],
            [
              -117.43927100041988,
              47.60043800003347
            ],
            [
              -117.43939199989538,
              47.600374000266676
            ],
            [
              -117.43956699979755,
              47.60029099979947
            ],
            [
              -117.43978600008067,
              47.600197000286286
            ],
            [
              -117.44042600031327,
              47.5999590002483
            ],
            [
              -117.4406249996066,
              47.5998879999942
            ],
            [
              -117.44112099989914,
              47.599712000262734
            ],
            [
              -117.44135100005292,
              47.59962400017493
            ],
            [
              -117.44146400003082,
              47.59957600006468
            ],
            [
              -117.44178500042119,
              47.59942199986795
            ],
            [
              -117.4420609997074,
              47.59926799982369
            ],
            [
              -117.4423009999069,
              47.59911899976239
            ],
            [
              -117.44253500025863,
              47.598956999921654
            ],
            [
              -117.44275899966631,
              47.59877799980596
            ],
            [
              -117.44292500024598,
              47.59863400004335
            ],
            [
              -117.44360200028848,
              47.597981999708935
            ],
            [
              -117.4453560004066,
              47.59626299985009
            ],
            [
              -117.44541699960766,
              47.5962029997886
            ],
            [
              -117.44668899967691,
              47.59497600022213
            ],
            [
              -117.44688899969346,
              47.59479100000675
            ],
            [
              -117.44699400017375,
              47.594675000156975
            ],
            [
              -117.44712600041827,
              47.5945320001815
            ],
            [
              -117.44728799990165,
              47.59437299999992
            ],
            [
              -117.4463480000934,
              47.59437400017784
            ],
            [
              -117.43742600006516,
              47.59435799975212
            ],
            [
              -117.43743399956277,
              47.593764000173294
            ],
            [
              -117.43746600024811,
              47.59165399989453
            ],
            [
              -117.43747899976862,
              47.590744000274306
            ],
            [
              -117.4315510001407,
              47.59074600016299
            ],
            [
              -117.43156000036154,
              47.59016400024909
            ],
            [
              -117.43156299983629,
              47.58997899998576
            ],
            [
              -117.43156600020932,
              47.58949500003173
            ],
            [
              -117.43156100018645,
              47.589193000273724
            ],
            [
              -117.43157899972981,
              47.588740000095754
            ],
            [
              -117.43158899977553,
              47.588048999948185
            ],
            [
              -117.43158799995062,
              47.58786600008389
            ],
            [
              -117.43158700012573,
              47.58729199973257
            ],
            [
              -117.43158999960045,
              47.58723099997646
            ],
            [
              -117.43159100032368,
              47.58720700030128
            ],
            [
              -117.43159700017146,
              47.587099999822996
            ],
            [
              -117.42833800035558,
              47.58723000026792
            ],
            [
              -117.42820000026333,
              47.587276000170945
            ],
            [
              -117.42820100008825,
              47.58724999988824
            ],
            [
              -117.42820199991314,
              47.587222000175295
            ],
            [
              -117.4281850001947,
              47.587222000175295
            ],
            [
              -117.42814800038477,
              47.58722299988399
            ],
            [
              -117.42678900027688,
              47.58726400004205
            ],
            [
              -117.42549299991816,
              47.58730300014785
            ],
            [
              -117.42537499991738,
              47.587307000188126
            ],
            [
              -117.42518099974863,
              47.587313000247974
            ],
            [
              -117.42497700043243,
              47.58731899970123
            ],
            [
              -117.42396200028112,
              47.58734899998667
            ],
            [
              -117.42260200034832,
              47.58739000004608
            ],
            [
              -117.42254399972367,
              47.58739200006293
            ],
            [
              -117.42238700026317,
              47.587396999801776
            ],
            [
              -117.42174500038072,
              47.58741600025918
            ],
            [
              -117.42118799998882,
              47.587433000088595
            ],
            [
              -117.42008699962376,
              47.587466000026815
            ],
            [
              -117.419828000056,
              47.58747400008215
            ],
            [
              -117.41976100010886,
              47.58747600009584
            ],
            [
              -117.419391000213,
              47.58748699986656
            ],
            [
              -117.41846700029828,
              47.58751500004364
            ],
            [
              -117.41799899959481,
              47.58752900012656
            ],
            [
              -117.41775000007277,
              47.58753700017226
            ],
            [
              -117.41710499981731,
              47.58755599997296
            ],
            [
              -117.41650300011787,
              47.587574000064784
            ],
            [
              -117.41550100038535,
              47.58760299989681
            ],
            [
              -117.41470499961882,
              47.58762699999632
            ],
            [
              -117.4143849999517,
              47.587637000034526
            ],
            [
              -117.41423199979081,
              47.58764199974998
            ],
            [
              -117.41393399986497,
              47.58765100008482
            ],
            [
              -117.41364799963472,
              47.58765900011188
            ],
            [
              -117.41353499965679,
              47.58766300012494
            ],
            [
              -117.41340300031062,
              47.587667000137714
            ],
            [
              -117.41312299992815,
              47.5876830001857
            ],
            [
              -117.41170299972089,
              47.58772599998756
            ],
            [
              -117.40333600043475,
              47.58768700019694
            ],
            [
              -117.4033539999781,
              47.587363000114
            ],
            [
              -117.40309799988505,
              47.5873550000417
            ],
            [
              -117.40293200020372,
              47.58737700023762
            ],
            [
              -117.40290700008936,
              47.58737900025498
            ],
            [
              -117.40255399991193,
              47.587408999900134
            ],
            [
              -117.40245600000266,
              47.58741800027504
            ],
            [
              -117.40233399980391,
              47.587425000027
            ],
            [
              -117.40226000018404,
              47.58742999976269
            ],
            [
              -117.4021430000082,
              47.58743799982353
            ],
            [
              -117.40203599987808,
              47.5874450001787
            ],
            [
              -117.4020030002661,
              47.58744700019345
            ],
            [
              -117.40188799974007,
              47.58745399994153
            ],
            [
              -117.40170000031739,
              47.58745900028035
            ],
            [
              -117.40158200031665,
              47.58745199992704
            ],
            [
              -117.40144300039945,
              47.5874450001787
            ],
            [
              -117.40118800013133,
              47.58743100007331
            ],
            [
              -117.40095200012979,
              47.58740099983486
            ],
            [
              -117.40092299981747,
              47.587396000096405
            ],
            [
              -117.40010600003288,
              47.58678799998251
            ],
            [
              -117.39851299957321,
              47.58763199971272
            ],
            [
              -117.39841899986192,
              47.58767900017416
            ],
            [
              -117.39840700016634,
              47.58769399991292
            ],
            [
              -117.39837200000623,
              47.58774000001405
            ],
            [
              -117.39836000031067,
              47.587754999735324
            ],
            [
              -117.39824599960954,
              47.587882999767196
            ],
            [
              -117.39811199971524,
              47.58805299993145
            ],
            [
              -117.398081999578,
              47.58810099970678
            ],
            [
              -117.39798000036907,
              47.58830199980262
            ],
            [
              -117.39774400036752,
              47.58883200023653
            ],
            [
              -117.39768099972002,
              47.58897599971074
            ],
            [
              -117.39761200012305,
              47.589101000161676
            ],
            [
              -117.39751300038886,
              47.589234999770625
            ],
            [
              -117.3974260003502,
              47.58932700025304
            ],
            [
              -117.39732699971768,
              47.58941599975581
            ],
            [
              -117.39719000034864,
              47.589518000204706
            ],
            [
              -117.39707399999772,
              47.589588999989964
            ],
            [
              -117.39696100001979,
              47.589651999957745
            ],
            [
              -117.3968060002091,
              47.589730000216655
            ],
            [
              -117.3966449996523,
              47.589803999904355
            ],
            [
              -117.39629999987082,
              47.58994399989511
            ],
            [
              -117.39533599977311,
              47.59030500013836
            ],
            [
              -117.39513599975658,
              47.59038999999121
            ],
            [
              -117.39504500041828,
              47.59043900029985
            ],
            [
              -117.39497199972506,
              47.59048400015955
            ],
            [
              -117.3948269999601,
              47.59055600009695
            ],
            [
              -117.39459299960835,
              47.59069700014182
            ],
            [
              -117.39447899980556,
              47.59077899982994
            ],
            [
              -117.3942920002078,
              47.59092699976934
            ],
            [
              -117.39418599990259,
              47.59102699981891
            ],
            [
              -117.3940810003206,
              47.59113900013227
            ],
            [
              -117.39400699980244,
              47.591226999950706
            ],
            [
              -117.39391899993888,
              47.59133599973406
            ],
            [
              -117.39384600014395,
              47.5914510000875
            ],
            [
              -117.39375999993024,
              47.59160200003092
            ],
            [
              -117.39368600031037,
              47.591734000049875
            ],
            [
              -117.39363699990658,
              47.591849999754906
            ],
            [
              -117.3936090003175,
              47.59193599974629
            ],
            [
              -117.39355900008877,
              47.59212899970565
            ],
            [
              -117.39349899981433,
              47.59242800005147
            ],
            [
              -117.39342500019445,
              47.592822999921445
            ],
            [
              -117.39331100039165,
              47.59326200013913
            ],
            [
              -117.39327200003359,
              47.593471999740125
            ],
            [
              -117.39325699996499,
              47.593692999993834
            ],
            [
              -117.39325699996499,
              47.59378399972013
            ],
            [
              -117.39327200003359,
              47.593971000232024
            ],
            [
              -117.39330299999573,
              47.59413500012449
            ],
            [
              -117.3933430001787,
              47.594300000288136
            ],
            [
              -117.39347600024811,
              47.59481700017804
            ],
            [
              -117.39349999963922,
              47.59496900026845
            ],
            [
              -117.39350999968495,
              47.595165999991764
            ],
            [
              -117.39350100036246,
              47.5953069997319
            ],
            [
              -117.39347299987506,
              47.595435000073564
            ],
            [
              -117.39342099999652,
              47.59558200001814
            ],
            [
              -117.39330299999573,
              47.59581199998472
            ],
            [
              -117.39324000024654,
              47.59591299993507
            ],
            [
              -117.39312200024577,
              47.596073999968674
            ],
            [
              -117.39301099991768,
              47.5962029997886
            ],
            [
              -117.39295300019137,
              47.59625899988851
            ],
            [
              -117.3928140002742,
              47.5963789998142
            ],
            [
              -117.39265100006757,
              47.5964969997959
            ],
            [
              -117.39254300011254,
              47.596566000139326
            ],
            [
              -117.39236700038545,
              47.59666599971172
            ],
            [
              -117.39224600001162,
              47.596725999848076
            ],
            [
              -117.39213399985861,
              47.596775999808166
            ],
            [
              -117.39201000001006,
              47.5968250001952
            ],
            [
              -117.39180400014575,
              47.59689599975975
            ],
            [
              -117.39136099955667,
              47.59703200026067
            ],
            [
              -117.39045000006071,
              47.59732699997185
            ],
            [
              -117.39012700002053,
              47.59744599975214
            ],
            [
              -117.38989199984388,
              47.5975480003003
            ],
            [
              -117.38967599993383,
              47.5976629997237
            ],
            [
              -117.38956100030609,
              47.597729000005565
            ],
            [
              -117.38942999988653,
              47.59781299980329
            ],
            [
              -117.38935999956631,
              47.5978650001586
            ],
            [
              -117.38922900004506,
              47.59796199994929
            ],
            [
              -117.38905499996781,
              47.59811399999034
            ],
            [
              -117.38899600041657,
              47.598174000283514
            ],
            [
              -117.38894399963972,
              47.59823000009121
            ],
            [
              -117.38884800027856,
              47.59835099983886
            ],
            [
              -117.3888010004229,
              47.59842000016039
            ],
            [
              -117.38871500020919,
              47.59856500000404
            ],
            [
              -117.3886399998661,
              47.59871800020544
            ],
            [
              -117.38861599957666,
              47.59878399976225
            ],
            [
              -117.38858200013978,
              47.59890399995461
            ],
            [
              -117.38855700002544,
              47.59906599995944
            ],
            [
              -117.38855500037559,
              47.599202000271696
            ],
            [
              -117.38857299991894,
              47.5993389997077
            ],
            [
              -117.38859800003331,
              47.59943900003781
            ],
            [
              -117.38866400015554,
              47.599617999709274
            ],
            [
              -117.38874799982113,
              47.599768999710534
            ],
            [
              -117.38882700036217,
              47.599881000091884
            ],
            [
              -117.38893799979193,
              47.600010000217786
            ],
            [
              -117.38905599979272,
              47.600125000287214
            ],
            [
              -117.38920700030374,
              47.60025700000796
            ],
            [
              -117.38931299971065,
              47.60034099998723
            ],
            [
              -117.38963300027612,
              47.60059499983956
            ],
            [
              -117.38988500017119,
              47.600771000234985
            ],
            [
              -117.39000300017196,
              47.60084299995077
            ],
            [
              -117.38999399995114,
              47.601027999969126
            ],
            [
              -117.3899780000576,
              47.60139000011634
            ],
            [
              -117.38997399985965,
              47.6015859998536
            ],
            [
              -117.3899710003849,
              47.60177299974039
            ],
            [
              -117.38996600036204,
              47.60187999989972
            ],
            [
              -117.38995299994325,
              47.60220399975509
            ],
            [
              -117.3899489997453,
              47.602312000270516
            ],
            [
              -117.39048000019794,
              47.602306000113096
            ],
            [
              -117.3905830001301,
              47.602306000113096
            ],
            [
              -117.39194300006292,
              47.602316999795406
            ],
            [
              -117.39248700003604,
              47.60233999978444
            ],
            [
              -117.39312200024577,
              47.60236699986398
            ],
            [
              -117.3931940002158,
              47.60237500006435
            ],
            [
              -117.39341099995076,
              47.602399000052415
            ],
            [
              -117.3934839997457,
              47.60240800027223
            ],
            [
              -117.39361799963999,
              47.60242300002946
            ],
            [
              -117.39377599982375,
              47.60244800001905
            ],
            [
              -117.39399099990891,
              47.60249099980364
            ],
            [
              -117.3941879995524,
              47.60254399977124
            ],
            [
              -117.39441500023145,
              47.602627999712745
            ],
            [
              -117.39454999995064,
              47.60269099973175
            ],
            [
              -117.3946090004002,
              47.602724999758586
            ],
            [
              -117.39468600039307,
              47.602769999956045
            ],
            [
              -117.39481199989144,
              47.6028600002349
            ],
            [
              -117.39487999966353,
              47.60291599987263
            ],
            [
              -117.39496300040254,
              47.60299499975715
            ],
            [
              -117.3950189995807,
              47.603056999927965
            ],
            [
              -117.39512400006099,
              47.60320000022741
            ],
            [
              -117.39520299970371,
              47.60335700022461
            ],
            [
              -117.39528200024475,
              47.60356099987968
            ],
            [
              -117.39529800013827,
              47.603807999864095
            ],
            [
              -117.39526399980308,
              47.60547999997988
            ],
            [
              -117.39526899982596,
              47.60594799996336
            ],
            [
              -117.38977200019329,
              47.605918000043445
            ],
            [
              -117.38952000029822,
              47.60594899992003
            ],
            [
              -117.38946400022171,
              47.60594799996336
            ],
            [
              -117.38931600008371,
              47.60594600004998
            ],
            [
              -117.38929900036526,
              47.6059450000933
            ],
            [
              -117.3892449999386,
              47.60594300017981
            ],
            [
              -117.38908699975484,
              47.605935999876344
            ],
            [
              -117.38882399998911,
              47.605934999919434
            ],
            [
              -117.38803499979359,
              47.60593399996251
            ],
            [
              -117.38777299985277,
              47.60593399996251
            ],
            [
              -117.38763599958546,
              47.605933000005564
            ],
            [
              -117.38732599996406,
              47.605933000005564
            ],
            [
              -117.38722600040492,
              47.60592599970075
            ],
            [
              -117.38713799964307,
              47.6059199999579
            ],
            [
              -117.38709099978739,
              47.60591300025699
            ],
            [
              -117.38697299978661,
              47.60591300025699
            ],
            [
              -117.3866199996092,
              47.605917000086194
            ],
            [
              -117.38650300033166,
              47.605918000043445
            ],
            [
              -117.3863669998892,
              47.60591200029968
            ],
            [
              -117.38579600015191,
              47.60590999977925
            ],
            [
              -117.38574900029626,
              47.60590999977925
            ],
            [
              -117.38573199967949,
              47.605905999949506
            ],
            [
              -117.38571400013615,
              47.60590499999201
            ],
            [
              -117.38565399986167,
              47.605905999949506
            ],
            [
              -117.3855280003633,
              47.60590799986442
            ],
            [
              -117.38548800018035,
              47.605908999821835
            ],
            [
              -117.38505999965986,
              47.605910999736636
            ],
            [
              -117.3849729996212,
              47.60591200029968
            ],
            [
              -117.38495599990279,
              47.60591200029968
            ],
            [
              -117.38481199996274,
              47.605908999821835
            ],
            [
              -117.38431200037053,
              47.60590300007704
            ],
            [
              -117.38402299976721,
              47.605901000161936
            ],
            [
              -117.38376099982638,
              47.605901000161936
            ],
            [
              -117.3834860003651,
              47.605900000204365
            ],
            [
              -117.3826639996593,
              47.60589699972587
            ],
            [
              -117.38239000002294,
              47.605895999768215
            ],
            [
              -117.38223600003715,
              47.605894999810545
            ],
            [
              -117.38177499990468,
              47.60589299989514
            ],
            [
              -117.3816219997438,
              47.60589299989514
            ],
            [
              -117.38150799994098,
              47.605891999937406
            ],
            [
              -117.38116700035745,
              47.60589099997965
            ],
            [
              -117.38105400037955,
              47.60589099997965
            ],
            [
              -117.38080300030937,
              47.60589000002189
            ],
            [
              -117.3800509999238,
              47.6058890000641
            ],
            [
              -117.37980099967854,
              47.6058890000641
            ],
            [
              -117.37964300039313,
              47.6058890000641
            ],
            [
              -117.37946199974483,
              47.60589000002189
            ],
            [
              -117.37917200021491,
              47.6058819997534
            ],
            [
              -117.37901499985608,
              47.605878999879565
            ],
            [
              -117.37834000036172,
              47.605873000131275
            ],
            [
              -117.37718600029321,
              47.60586299994368
            ],
            [
              -117.37631699973176,
              47.60586000006871
            ],
            [
              -117.37564300006228,
              47.60585800015196
            ],
            [
              -117.37537899957334,
              47.60585600023514
            ],
            [
              -117.37458799972799,
              47.60585199979564
            ],
            [
              -117.37432499996227,
              47.605850999837116
            ],
            [
              -117.37409200033375,
              47.60584899992003
            ],
            [
              -117.37339400037486,
              47.605846000044295
            ],
            [
              -117.37316199967294,
              47.605845000085665
            ],
            [
              -117.37294599976288,
              47.605845000085665
            ],
            [
              -117.3722980000327,
              47.605845000085665
            ],
            [
              -117.37208299994752,
              47.605845000085665
            ],
            [
              -117.37133800013295,
              47.60584899992003
            ],
            [
              -117.3691039996158,
              47.60586299994368
            ],
            [
              -117.36835999962612,
              47.605867999734876
            ],
            [
              -117.36837200022002,
              47.605498999928756
            ],
            [
              -117.36840999985483,
              47.60439499999322
            ],
            [
              -117.36842400009854,
              47.604027000086184
            ],
            [
              -117.36668099985108,
              47.604015000164125
            ],
            [
              -117.36145299983194,
              47.60397899977577
            ],
            [
              -117.3597110003077,
              47.60396699984273
            ],
            [
              -117.35929299983296,
              47.603963999859026
            ],
            [
              -117.35804000003027,
              47.603957999891136
            ],
            [
              -117.35762300027874,
              47.603955999901665
            ],
            [
              -117.35767599998219,
              47.604181000052854
            ],
            [
              -117.35768199982995,
              47.60431099986064
            ],
            [
              -117.3576900002259,
              47.604449999819494
            ],
            [
              -117.35766699976136,
              47.60539900027983
            ],
            [
              -117.35765900026374,
              47.60576099985881
            ],
            [
              -117.3576569997156,
              47.605822999779726
            ],
            [
              -117.35765400024087,
              47.60601100022374
            ],
            [
              -117.35765300041598,
              47.6060739998026
            ],
            [
              -117.35764900021803,
              47.606199999943954
            ],
            [
              -117.35763999999716,
              47.606581000197714
            ],
            [
              -117.35763699962413,
              47.60670800027121
            ],
            [
              -117.35763699962413,
              47.60678499999872
            ],
            [
              -117.35763699962413,
              47.60701900012679
            ],
            [
              -117.35763800034736,
              47.60709699993686
            ],
            [
              -117.35763800034736,
              47.60727300026113
            ],
            [
              -117.35763800034736,
              47.60768400010246
            ],
            [
              -117.35578899979468,
              47.60765399996689
            ],
            [
              -117.35577999957384,
              47.60808799972697
            ],
            [
              -117.3557770000991,
              47.60819800003464
            ],
            [
              -117.35576600022847,
              47.60908600000382
            ],
            [
              -117.35575199998476,
              47.609345999746694
            ],
            [
              -117.35498000040599,
              47.6093399997905
            ],
            [
              -117.3546980003737,
              47.60933700011498
            ],
            [
              -117.3546980003737,
              47.60937100006152
            ],
            [
              -117.35254800042047,
              47.60934800013571
            ],
            [
              -117.35168800007985,
              47.609343000071526
            ],
            [
              -117.35154199959166,
              47.60934200017975
            ],
            [
              -117.35129800009251,
              47.609332999941664
            ],
            [
              -117.34677100040531,
              47.60930800021435
            ],
            [
              -117.34673000039741,
              47.60930800021435
            ],
            [
              -117.3465599996198,
              47.60930699971627
            ],
            [
              -117.3465599996198,
              47.60948399976067
            ],
            [
              -117.34655899979488,
              47.60963800001342
            ],
            [
              -117.34655899979488,
              47.60968299971456
            ],
            [
              -117.34655799996996,
              47.60971399978224
            ],
            [
              -117.34655399977201,
              47.60995999990241
            ],
            [
              -117.34654899974913,
              47.610341000020384
            ],
            [
              -117.34654899974913,
              47.61055000024618
            ],
            [
              -117.34652299980988,
              47.61187100026065
            ],
            [
              -117.3465189996119,
              47.612057999716704
            ],
            [
              -117.34651699996208,
              47.61254299973666
            ],
            [
              -117.34651199993921,
              47.61289200000483
            ],
            [
              -117.34651199993921,
              47.61292299998717
            ],
            [
              -117.34628000013562,
              47.61291699983575
            ],
            [
              -117.34588900032335,
              47.612911000289216
            ],
            [
              -117.34587300042985,
              47.612911000289216
            ],
            [
              -117.34579100041408,
              47.612909999860065
            ],
            [
              -117.34471400033848,
              47.61289299982874
            ],
            [
              -117.34459700016261,
              47.61289100018091
            ],
            [
              -117.34446400009323,
              47.61288999975136
            ],
            [
              -117.34423599958929,
              47.61288599984984
            ],
            [
              -117.34412199978647,
              47.61288400020174
            ],
            [
              -117.34398799989216,
              47.61288199994801
            ],
            [
              -117.34395000025734,
              47.61288199994801
            ],
            [
              -117.34355600007203,
              47.612875999791875
            ],
            [
              -117.34337500032204,
              47.61287299971353
            ],
            [
              -117.34321799996323,
              47.61287100006498
            ],
            [
              -117.34315299966589,
              47.61287000024065
            ],
            [
              -117.34309400011465,
              47.61286899981071
            ],
            [
              -117.34302399979445,
              47.61286799998634
            ],
            [
              -117.3424420001865,
              47.61286000017959
            ],
            [
              -117.34240500037657,
              47.61285899974949
            ],
            [
              -117.3423769998892,
              47.61285899974949
            ],
            [
              -117.34226800010924,
              47.61285700010036
            ],
            [
              -117.3421099999255,
              47.61285499984556
            ],
            [
              -117.34199000027489,
              47.61285300019632
            ],
            [
              -117.3418940000154,
              47.61285099994136
            ],
            [
              -117.34157799964794,
              47.61284700003686
            ],
            [
              -117.34146200019529,
              47.612846000212066
            ],
            [
              -117.34146100037037,
              47.61286000017959
            ],
            [
              -117.34144899977647,
              47.61289500008204
            ],
            [
              -117.3414420001038,
              47.612913999759755
            ],
            [
              -117.34143200005805,
              47.612929999961075
            ],
            [
              -117.34140899959353,
              47.6129689997122
            ],
            [
              -117.3413580004382,
              47.6130199997155
            ],
            [
              -117.34133099977574,
              47.61304899998017
            ],
            [
              -117.34130400001155,
              47.613078000228775
            ],
            [
              -117.34127499969922,
              47.61312900012576
            ],
            [
              -117.3412660003767,
              47.61316999997127
            ],
            [
              -117.34126499965346,
              47.61318699991255
            ],
            [
              -117.34126499965346,
              47.61322699989509
            ],
            [
              -117.34126399982857,
              47.61332699971754
            ],
            [
              -117.34126300000368,
              47.61363099969921
            ],
            [
              -117.34126300000368,
              47.61373199976815
            ],
            [
              -117.34126200017876,
              47.61399800005956
            ],
            [
              -117.34126200017876,
              47.61412900009737
            ],
            [
              -117.34119900042957,
              47.61497299971642
            ],
            [
              -117.34113699960696,
              47.615810000053344
            ],
            [
              -117.34121500032309,
              47.615810999821456
            ],
            [
              -117.34132800030099,
              47.615810999821456
            ],
            [
              -117.34134800039247,
              47.615810999821456
            ],
            [
              -117.34135400024026,
              47.61620199973113
            ],
            [
              -117.34135900026313,
              47.61649599998313
            ],
            [
              -117.33835999983994,
              47.616490999996785
            ],
            [
              -117.33835999983994,
              47.61657099972097
            ],
            [
              -117.33835399999215,
              47.617189000005354
            ],
            [
              -117.3385049996049,
              47.617189999747104
            ],
            [
              -117.33850299995505,
              47.61810799984296
            ],
            [
              -117.33850200013013,
              47.61850899972449
            ],
            [
              -117.33849700010727,
              47.620816000256596
            ],
            [
              -117.33927200005908,
              47.62082999990682
            ],
            [
              -117.33938199966393,
              47.62083199985652
            ],
            [
              -117.33995099975142,
              47.62084299988141
            ],
            [
              -117.3399499999265,
              47.6208709997691
            ],
            [
              -117.3399490001016,
              47.62092399988315
            ],
            [
              -117.33998099988864,
              47.62091499982187
            ],
            [
              -117.34027200014178,
              47.6208500000061
            ],
            [
              -117.34035499998245,
              47.620846999779786
            ],
            [
              -117.34049700027269,
              47.62084200020951
            ],
            [
              -117.3405690002427,
              47.620840000260145
            ],
            [
              -117.33888799991952,
              47.62178799976262
            ],
            [
              -117.33814999977763,
              47.62196199978533
            ],
            [
              -117.33764099996462,
              47.62208500024543
            ],
            [
              -117.33764099996462,
              47.62444000014018
            ],
            [
              -117.33809399970113,
              47.6244430001603
            ],
            [
              -117.34038099992173,
              47.6244550002391
            ],
            [
              -117.34098699981912,
              47.6241289997428
            ],
            [
              -117.34169300017396,
              47.62383800008414
            ],
            [
              -117.34172900015896,
              47.623824000028485
            ],
            [
              -117.34321100029052,
              47.623316000057734
            ],
            [
              -117.34517999959549,
              47.6227089997752
            ],
            [
              -117.34521899995354,
              47.62269699990106
            ],
            [
              -117.34524900009077,
              47.622686000266306
            ],
            [
              -117.34526300033448,
              47.62268100026642
            ],
            [
              -117.34537700013729,
              47.62267500002376
            ],
            [
              -117.34539300003081,
              47.62267399978141
            ],
            [
              -117.34540999974926,
              47.62267399978141
            ],
            [
              -117.34542900001584,
              47.62267399978141
            ],
            [
              -117.34544400008443,
              47.62267399978141
            ],
            [
              -117.34545800032816,
              47.62267399978141
            ],
            [
              -117.34547599987151,
              47.62267399978141
            ],
            [
              -117.34549599996298,
              47.62267399978141
            ],
            [
              -117.34551100003159,
              47.62267500002376
            ],
            [
              -117.34592399958514,
              47.62266300014177
            ],
            [
              -117.34594500039988,
              47.62266300014177
            ],
            [
              -117.34596100029339,
              47.622661999899236
            ],
            [
              -117.34599300008044,
              47.622661999899236
            ],
            [
              -117.34599300008044,
              47.622683999782005
            ],
            [
              -117.34599399990536,
              47.62270399977755
            ],
            [
              -117.34599399990536,
              47.622801999766004
            ],
            [
              -117.34599399990536,
              47.6228260000688
            ],
            [
              -117.34619300009697,
              47.622821000082304
            ],
            [
              -117.34621300018848,
              47.62281999984274
            ],
            [
              -117.34696100037608,
              47.62279800001721
            ],
            [
              -117.34709199989736,
              47.622794000268065
            ],
            [
              -117.34709100007244,
              47.62282199971636
            ],
            [
              -117.34708799969938,
              47.62298999972387
            ],
            [
              -117.34708500022468,
              47.623241999933704
            ],
            [
              -117.34708400039976,
              47.62349700021416
            ],
            [
              -117.34708400039976,
              47.62366600009217
            ],
            [
              -117.34708500022468,
              47.62381999975242
            ],
            [
              -117.34708799969938,
              47.624273999766984
            ],
            [
              -117.34708799969938,
              47.62428400006702
            ],
            [
              -117.34709100007244,
              47.624344000010495
            ],
            [
              -117.34710100011817,
              47.6244389999316
            ],
            [
              -117.34709199989736,
              47.62449399987073
            ],
            [
              -117.34708600004957,
              47.624528999856906
            ],
            [
              -117.3470890004226,
              47.6246300000662
            ],
            [
              -117.34711600018682,
              47.62486199986791
            ],
            [
              -117.34715600036976,
              47.62502800019017
            ],
            [
              -117.34715700019468,
              47.625132000021345
            ],
            [
              -117.34716700024042,
              47.62518600024794
            ],
            [
              -117.34717599956295,
              47.62523200008303
            ],
            [
              -117.34723199963942,
              47.62536299982592
            ],
            [
              -117.34714700014895,
              47.62555199984242
            ],
            [
              -117.34713600027828,
              47.625622000190894
            ],
            [
              -117.34713100025539,
              47.62569599997294
            ],
            [
              -117.3471300004305,
              47.625724999867174
            ],
            [
              -117.34710699996597,
              47.62586799994531
            ],
            [
              -117.34708299967654,
              47.6261710000968
            ],
            [
              -117.3470890004226,
              47.6262300001218
            ],
            [
              -117.34710399959292,
              47.62631800025084
            ],
            [
              -117.34712600023255,
              47.62671799996092
            ],
            [
              -117.34712000038476,
              47.62674999978125
            ],
            [
              -117.34710199994309,
              47.6268509999371
            ],
            [
              -117.3470960000953,
              47.626912000122566
            ],
            [
              -117.34710399959292,
              47.62698400018034
            ],
            [
              -117.34717499973803,
              47.627077999988785
            ],
            [
              -117.34710500031615,
              47.62714699995313
            ],
            [
              -117.34706400030825,
              47.62722500001372
            ],
            [
              -117.34706199976013,
              47.62726299984586
            ],
            [
              -117.34704500004167,
              47.62793900004887
            ],
            [
              -117.34704000001881,
              47.628165000081445
            ],
            [
              -117.34703499999596,
              47.62823700022941
            ],
            [
              -117.34703300034612,
              47.62839400014096
            ],
            [
              -117.34703199962289,
              47.62861399985591
            ],
            [
              -117.34702900014817,
              47.629080999748034
            ],
            [
              -117.34702900014817,
              47.6293110001473
            ],
            [
              -117.34703199962289,
              47.62947999999564
            ],
            [
              -117.34703699964575,
              47.62969500004811
            ],
            [
              -117.34703699964575,
              47.62999000020123
            ],
            [
              -117.34703699964575,
              47.630159999769255
            ],
            [
              -117.34703699964575,
              47.63017399994407
            ],
            [
              -117.34703599982086,
              47.63032899989921
            ],
            [
              -117.34703300034612,
              47.630837000123144
            ],
            [
              -117.34703199962289,
              47.631006999962956
            ],
            [
              -117.34702199957717,
              47.63111200008628
            ],
            [
              -117.34702199957717,
              47.631430000020394
            ],
            [
              -117.34702199957717,
              47.631537000044766
            ],
            [
              -117.34702199957717,
              47.63160099981885
            ],
            [
              -117.34702199957717,
              47.631791999813785
            ],
            [
              -117.34702199957717,
              47.631856999947566
            ],
            [
              -117.34701999992733,
              47.63202600003823
            ],
            [
              -117.34701400007954,
              47.63253700027245
            ],
            [
              -117.34701300025465,
              47.63270700003053
            ],
            [
              -117.34700999988159,
              47.63287899993508
            ],
            [
              -117.34700300020889,
              47.63339499988427
            ],
            [
              -117.34700099966075,
              47.63356799997971
            ],
            [
              -117.34699900001094,
              47.633736999985246
            ],
            [
              -117.34699599963788,
              47.63424399974935
            ],
            [
              -117.34699499981296,
              47.634414000007745
            ],
            [
              -117.34699099961502,
              47.634557999936426
            ],
            [
              -117.34697999974438,
              47.63499299978274
            ],
            [
              -117.34697700026962,
              47.635137999935694
            ],
            [
              -117.34697899991946,
              47.635202000142364
            ],
            [
              -117.34698800014027,
              47.63539700028888
            ],
            [
              -117.34699099961502,
              47.63546200017599
            ],
            [
              -117.34700300020889,
              47.63625900008723
            ],
            [
              -117.34700300020889,
              47.63636999983042
            ],
            [
              -117.34700200038398,
              47.63645799983555
            ],
            [
              -117.34700200038398,
              47.636524000196104
            ],
            [
              -117.34700200038398,
              47.63677100006279
            ],
            [
              -117.34699999983586,
              47.637273000234934
            ],
            [
              -117.34699999983586,
              47.63731499987396
            ],
            [
              -117.34699900001094,
              47.63764800014044
            ],
            [
              -117.34699900001094,
              47.637737999717295
            ],
            [
              -117.34699900001094,
              47.63778200009963
            ],
            [
              -117.34699700036109,
              47.63824999972738
            ],
            [
              -117.34699599963788,
              47.63865700028309
            ],
            [
              -117.34699499981296,
              47.63903600026239
            ],
            [
              -117.34699499981296,
              47.63908299994204
            ],
            [
              -117.34699499981296,
              47.639091999901645
            ],
            [
              -117.34699499981296,
              47.63917000029355
            ],
            [
              -117.34699300016317,
              47.639543999980546
            ],
            [
              -117.34699099961502,
              47.63999599978066
            ],
            [
              -117.34699099961502,
              47.64004399971726
            ],
            [
              -117.34698800014027,
              47.64033900016222
            ],
            [
              -117.34698800014027,
              47.640382000266484
            ],
            [
              -117.3469899997901,
              47.64044400029822
            ],
            [
              -117.34698899996519,
              47.640617000056245
            ],
            [
              -117.34698899996519,
              47.64113799990796
            ],
            [
              -117.34698899996519,
              47.64131200027983
            ],
            [
              -117.34698700031535,
              47.64158599971149
            ],
            [
              -117.34698599959215,
              47.64176700015159
            ],
            [
              -117.34698599959215,
              47.64183699996634
            ],
            [
              -117.34698599959215,
              47.64197699991977
            ],
            [
              -117.34698599959215,
              47.64205600011262
            ],
            [
              -117.34698599959215,
              47.64223999973864
            ],
            [
              -117.34698599959215,
              47.64227800015301
            ],
            [
              -117.34698599959215,
              47.64250499977498
            ],
            [
              -117.34698599959215,
              47.6425320003016
            ],
            [
              -117.34698599959215,
              47.64255699988015
            ],
            [
              -117.34698599959215,
              47.64277299985599
            ],
            [
              -117.34687299961423,
              47.642767000104094
            ],
            [
              -117.34687099996442,
              47.64298900014924
            ],
            [
              -117.34686900031458,
              47.64345199990956
            ],
            [
              -117.34686900031458,
              47.64361399992325
            ],
            [
              -117.34686699976645,
              47.643971000264685
            ],
            [
              -117.3468559998958,
              47.64440100008149
            ],
            [
              -117.34685199969785,
              47.64453600009616
            ],
            [
              -117.34684400020024,
              47.64480300022755
            ],
            [
              -117.34684300037532,
              47.645422000033605
            ],
            [
              -117.34684300037532,
              47.645447000044676
            ],
            [
              -117.34683199960634,
              47.64559999987623
            ],
            [
              -117.34679599962134,
              47.64610899971371
            ],
            [
              -117.34679499979642,
              47.64613499979459
            ],
            [
              -117.34679499979642,
              47.64627699991489
            ],
            [
              -117.34680599966708,
              47.64631300023353
            ],
            [
              -117.34681700043605,
              47.64634800013291
            ],
            [
              -117.34682499993366,
              47.646357000051346
            ],
            [
              -117.34686099991866,
              47.64640000004378
            ],
            [
              -117.34691899964501,
              47.6464439997883
            ],
            [
              -117.34693799991159,
              47.64645100011562
            ],
            [
              -117.34698499976722,
              47.6464689999155
            ],
            [
              -117.34698499976722,
              47.646693999916366
            ],
            [
              -117.34697899991946,
              47.64744399977823
            ],
            [
              -117.34697899991946,
              47.6475169997594
            ],
            [
              -117.34698099956927,
              47.648334000230854
            ],
            [
              -117.34698599959215,
              47.64997500020957
            ],
            [
              -117.34697499972148,
              47.65092300017527
            ],
            [
              -117.3469839999423,
              47.65130699980687
            ],
            [
              -117.34698499976722,
              47.65179399997942
            ],
            [
              -117.34698499976722,
              47.65182699986285
            ],
            [
              -117.3469839999423,
              47.65270299987205
            ],
            [
              -117.3469839999423,
              47.652731999907765
            ],
            [
              -117.3469839999423,
              47.653159000029724
            ],
            [
              -117.3469839999423,
              47.65326699999342
            ],
            [
              -117.3469830001174,
              47.65383400022289
            ],
            [
              -117.3469839999423,
              47.653967000169715
            ],
            [
              -117.3469830001174,
              47.65438599976667
            ],
            [
              -117.3469830001174,
              47.654524999735116
            ],
            [
              -117.3469830001174,
              47.65470600011899
            ],
            [
              -117.3469830001174,
              47.654973000302064
            ],
            [
              -117.3469830001174,
              47.65525000015054
            ],
            [
              -117.3469830001174,
              47.65543200005714
            ],
            [
              -117.3469830001174,
              47.65551699997239
            ],
            [
              -117.3469839999423,
              47.65577200009822
            ],
            [
              -117.34698499976722,
              47.65585700006511
            ],
            [
              -117.34698599959215,
              47.65595899984274
            ],
            [
              -117.34698499976722,
              47.655978000206396
            ],
            [
              -117.3469839999423,
              47.65634199975613
            ],
            [
              -117.3469839999423,
              47.65646400018447
            ],
            [
              -117.3469830001174,
              47.65662299978915
            ],
            [
              -117.34697999974438,
              47.65710400008253
            ],
            [
              -117.34697999974438,
              47.657263999738966
            ],
            [
              -117.34698599959215,
              47.657376999995044
            ],
            [
              -117.34699399998806,
              47.65751400011138
            ],
            [
              -117.34698599959215,
              47.65771899982611
            ],
            [
              -117.34698200029251,
              47.65783400005156
            ],
            [
              -117.34697999974438,
              47.65786799992237
            ],
            [
              -117.34697600044473,
              47.65797199974573
            ],
            [
              -117.34697600044473,
              47.65800699969785
            ],
            [
              -117.34697399989659,
              47.658052000120485
            ],
            [
              -117.34697300007167,
              47.658064999912625
            ],
            [
              -117.34696999969862,
              47.65824099989878
            ],
            [
              -117.34696999969862,
              47.65830000001917
            ],
            [
              -117.34696700022388,
              47.658456999758464
            ],
            [
              -117.34695899982796,
              47.65893100023449
            ],
            [
              -117.34695700017814,
              47.659089000041966
            ],
            [
              -117.3469539998051,
              47.65926800004264
            ],
            [
              -117.34694499958425,
              47.65980799979788
            ],
            [
              -117.34694299993443,
              47.65998799988689
            ],
            [
              -117.34693999956137,
              47.660162999916245
            ],
            [
              -117.34693100023888,
              47.660690999869345
            ],
            [
              -117.34692899969072,
              47.6608670000788
            ],
            [
              -117.346926000216,
              47.66103299977389
            ],
            [
              -117.34691799982008,
              47.661530999927386
            ],
            [
              -117.34691600017027,
              47.661698000031734
            ],
            [
              -117.34691199997229,
              47.66189399999446
            ],
            [
              -117.34690199992656,
              47.66248299978794
            ],
            [
              -117.34690000027672,
              47.66267999991017
            ],
            [
              -117.34689400042895,
              47.663039000158896
            ],
            [
              -117.34687699981221,
              47.66411700006117
            ],
            [
              -117.34687199978931,
              47.6644770001547
            ],
            [
              -117.34686400029172,
              47.66488400024483
            ],
            [
              -117.34685900026885,
              47.664963999708
            ],
            [
              -117.34685000004801,
              47.6651240000815
            ],
            [
              -117.3468559998958,
              47.665556000031735
            ],
            [
              -117.34684400020024,
              47.66596999970436
            ],
            [
              -117.34684000000226,
              47.66642800017514
            ],
            [
              -117.34683699962922,
              47.66691700028108
            ],
            [
              -117.34683599980431,
              47.6670010002539
            ],
            [
              -117.34683599980431,
              47.66705900015626
            ],
            [
              -117.3468340001545,
              47.66725499995423
            ],
            [
              -117.3468340001545,
              47.66733999998042
            ],
            [
              -117.34651100011429,
              47.66739300015444
            ],
            [
              -117.34554199999374,
              47.667551999748675
            ],
            [
              -117.34521899995354,
              47.66760499970742
            ],
            [
              -117.3433850003678,
              47.66793799986054
            ],
            [
              -117.34137599998155,
              47.6683040000632
            ],
            [
              -117.33790299990542,
              47.66903000026854
            ],
            [
              -117.33608000019032,
              47.66941199992308
            ],
            [
              -117.33409400026862,
              47.66981499986453
            ],
            [
              -117.3329669999643,
              47.67004400006589
            ],
            [
              -117.32844199992695,
              47.670961999742886
            ],
            [
              -117.32813499978029,
              47.67101900016102
            ],
            [
              -117.32614399983572,
              47.671392999853246
            ],
            [
              -117.32597800015435,
              47.671418000134985
            ],
            [
              -117.32548299968671,
              47.6714929996985
            ],
            [
              -117.32531799983028,
              47.67151899984467
            ],
            [
              -117.32531799983028,
              47.6715929999571
            ],
            [
              -117.32531700000538,
              47.671621999784485
            ],
            [
              -117.32531399963233,
              47.67193200010341
            ],
            [
              -117.32531399963233,
              47.67203599973545
            ],
            [
              -117.32531299980741,
              47.67205899990531
            ],
            [
              -117.32531299980741,
              47.67212699984839
            ],
            [
              -117.32531299980741,
              47.67215099987828
            ],
            [
              -117.32530799978454,
              47.672632999755606
            ],
            [
              -117.32529500026406,
              47.674082000090365
            ],
            [
              -117.32529199989101,
              47.67456500013238
            ],
            [
              -117.32530600013472,
              47.67470900007249
            ],
            [
              -117.3253050003098,
              47.67473300012473
            ],
            [
              -117.3253050003098,
              47.675195999727215
            ],
            [
              -117.32530199993674,
              47.67524000000872
            ],
            [
              -117.32529500026406,
              47.67540900008503
            ],
            [
              -117.32528699986814,
              47.675580999722435
            ],
            [
              -117.3252840003934,
              47.67565299985243
            ],
            [
              -117.32528600004325,
              47.67609899972085
            ],
            [
              -117.32528699986814,
              47.67627199992934
            ],
            [
              -117.32529000024117,
              47.67644599998695
            ],
            [
              -117.32527299962443,
              47.676713000281914
            ],
            [
              -117.32527000014969,
              47.67696900011538
            ],
            [
              -117.3252690003248,
              47.67714400007262
            ],
            [
              -117.3252690003248,
              47.67731699984057
            ],
            [
              -117.32527099997459,
              47.677595000087614
            ],
            [
              -117.3252690003248,
              47.67783899991502
            ],
            [
              -117.32526799960156,
              47.67801300019062
            ],
            [
              -117.32526500012682,
              47.678107999911944
            ],
            [
              -117.32525900027903,
              47.67832800016235
            ],
            [
              -117.32525900027903,
              47.6783929998526
            ],
            [
              -117.32526099992887,
              47.67848899987044
            ],
            [
              -117.32526099992887,
              47.67853700011555
            ],
            [
              -117.32526299957868,
              47.67868099998106
            ],
            [
              -117.32526400030193,
              47.67872999982366
            ],
            [
              -117.3236590001467,
              47.67913600029177
            ],
            [
              -117.31884600022924,
              47.680355999765226
            ],
            [
              -117.31731300004405,
              47.68074499994138
            ],
            [
              -117.31724199989897,
              47.68076300001613
            ],
            [
              -117.31645500025158,
              47.68096099982379
            ],
            [
              -117.31409500023608,
              47.6815550001811
            ],
            [
              -117.31330900041361,
              47.68175399972307
            ],
            [
              -117.3130559997953,
              47.68181699994862
            ],
            [
              -117.31229900028517,
              47.68200699988029
            ],
            [
              -117.31211699981196,
              47.68205400020228
            ],
            [
              -117.31211699981196,
              47.682156000202006
            ],
            [
              -117.31211599998707,
              47.68218599991495
            ],
            [
              -117.31211599998707,
              47.68226299974434
            ],
            [
              -117.31213500025363,
              47.68226299974434
            ],
            [
              -117.31213600007855,
              47.68249399976004
            ],
            [
              -117.3121329997055,
              47.6827909999188
            ],
            [
              -117.3121329997055,
              47.682858000091436
            ],
            [
              -117.3121329997055,
              47.682917000208334
            ],
            [
              -117.31213100005566,
              47.68318000008176
            ],
            [
              -117.31213000023075,
              47.68335600005906
            ],
            [
              -117.31212600003279,
              47.68388400005663
            ],
            [
              -117.31212500020789,
              47.68400199971715
            ],
            [
              -117.31212199983484,
              47.68443799990947
            ],
            [
              -117.3121190003601,
              47.68494800000677
            ],
            [
              -117.31211799963687,
              47.68496300027211
            ],
            [
              -117.31211799963687,
              47.68500000018243
            ],
            [
              -117.31211599998707,
              47.68525099981288
            ],
            [
              -117.31211500016215,
              47.685474999969
            ],
            [
              -117.3121119997891,
              47.68590400006921
            ],
            [
              -117.3121119997891,
              47.68594400003404
            ],
            [
              -117.31067900006137,
              47.68594500027471
            ],
            [
              -117.31045300010553,
              47.68594400003404
            ],
            [
              -117.30977500023812,
              47.68594099991684
            ],
            [
              -117.3095490002823,
              47.68594099991684
            ],
            [
              -117.30950599972628,
              47.68594000028085
            ],
            [
              -117.30938000022788,
              47.68594000028085
            ],
            [
              -117.30933800039509,
              47.68594000028085
            ],
            [
              -117.30934199969474,
              47.68630499978051
            ],
            [
              -117.30935699976337,
              47.68740100009967
            ],
            [
              -117.30936199978625,
              47.68776699986163
            ],
            [
              -117.30935799958827,
              47.68795699989185
            ],
            [
              -117.30934800044085,
              47.68852599987152
            ],
            [
              -117.3093450000678,
              47.688716999743114
            ],
            [
              -117.30880299974449,
              47.68871300020256
            ],
            [
              -117.3071769996729,
              47.688700999764905
            ],
            [
              -117.30663600007283,
              47.68869700022308
            ],
            [
              -117.30608899972664,
              47.68869400026422
            ],
            [
              -117.30482699970312,
              47.68868899992917
            ],
            [
              -117.30445000013457,
              47.68868199982215
            ],
            [
              -117.3039039996133,
              47.688674000130646
            ],
            [
              -117.3039019999635,
              47.688856999796826
            ],
            [
              -117.30389799976552,
              47.689408999698244
            ],
            [
              -117.3038969999406,
              47.68959299997965
            ],
            [
              -117.30389399956758,
              47.68995900008183
            ],
            [
              -117.30388500024505,
              47.691057000094546
            ],
            [
              -117.303881999872,
              47.691423000202256
            ],
            [
              -117.30387900039726,
              47.6917610001813
            ],
            [
              -117.30387000017645,
              47.692774000167375
            ],
            [
              -117.3038679996283,
              47.69311299995861
            ],
            [
              -117.30386400032863,
              47.69376099989101
            ],
            [
              -117.30395800003998,
              47.69379499994132
            ],
            [
              -117.30404799955335,
              47.69382699979059
            ],
            [
              -117.30406400034518,
              47.69383200023765
            ],
            [
              -117.30409699995715,
              47.693844000099325
            ],
            [
              -117.30411500039881,
              47.69385000002916
            ],
            [
              -117.30413299994217,
              47.69385599995825
            ],
            [
              -117.3042979997986,
              47.693909999893904
            ],
            [
              -117.30446199983015,
              47.693964999860405
            ],
            [
              -117.30470200002964,
              47.69401700011623
            ],
            [
              -117.30473899983956,
              47.69402500019745
            ],
            [
              -117.3048049999618,
              47.69403200019198
            ],
            [
              -117.30497099964316,
              47.69405799999066
            ],
            [
              -117.3050019996053,
              47.6940629998109
            ],
            [
              -117.30515099956823,
              47.694078999958094
            ],
            [
              -117.30515099956823,
              47.693993999951324
            ],
            [
              -117.30515200029143,
              47.693723000057524
            ],
            [
              -117.30516800018496,
              47.69336800024343
            ],
            [
              -117.30517300020783,
              47.69324600020584
            ],
            [
              -117.30517900005562,
              47.69313300020381
            ],
            [
              -117.30518200042867,
              47.693081000275804
            ],
            [
              -117.30675400007358,
              47.693104999737415
            ],
            [
              -117.30677599981489,
              47.693105999840704
            ],
            [
              -117.30712200031964,
              47.69311000025371
            ],
            [
              -117.30737699968944,
              47.69311299995861
            ],
            [
              -117.30790700031716,
              47.693122000281534
            ],
            [
              -117.30825499957339,
              47.69312899979262
            ],
            [
              -117.30846600035892,
              47.693132000101045
            ],
            [
              -117.30859799970509,
              47.693133999701935
            ],
            [
              -117.30867600042119,
              47.69313499980467
            ],
            [
              -117.30876000008678,
              47.69313700001012
            ],
            [
              -117.3087750001554,
              47.693133999701935
            ],
            [
              -117.30883100023189,
              47.69312299977983
            ],
            [
              -117.30894699968452,
              47.69313499980467
            ],
            [
              -117.3089919998904,
              47.693139999713416
            ],
            [
              -117.30910800024132,
              47.69315299983676
            ],
            [
              -117.30912499995978,
              47.69315299983676
            ],
            [
              -117.30948300016004,
              47.693158999846055
            ],
            [
              -117.3122309996148,
              47.693209000098335
            ],
            [
              -117.31411299977943,
              47.69322999980306
            ],
            [
              -117.31487000018788,
              47.69324299990393
            ],
            [
              -117.31494899983059,
              47.69321199979753
            ],
            [
              -117.31501699960265,
              47.693186000181754
            ],
            [
              -117.3156819999496,
              47.692924000073916
            ],
            [
              -117.31635300014433,
              47.69263800019363
            ],
            [
              -117.3163859997563,
              47.69262399982942
            ],
            [
              -117.31681900029966,
              47.69244100007838
            ],
            [
              -117.31703799968446,
              47.69234699996983
            ],
            [
              -117.3172300002034,
              47.69226700015565
            ],
            [
              -117.31745100013633,
              47.69217999997661
            ],
            [
              -117.31759099987842,
              47.6921160000511
            ],
            [
              -117.31769999965837,
              47.6920530001705
            ],
            [
              -117.31780900033662,
              47.69197500015533
            ],
            [
              -117.3178779999336,
              47.691908999725776
            ],
            [
              -117.31790899989574,
              47.691880000289395
            ],
            [
              -117.31797400019308,
              47.69179300006935
            ],
            [
              -117.31804100014021,
              47.69170699983434
            ],
            [
              -117.31810800008738,
              47.69160400023806
            ],
            [
              -117.31818500008025,
              47.69148600023921
            ],
            [
              -117.31819599995092,
              47.691468999766435
            ],
            [
              -117.31904700007071,
              47.69147899990296
            ],
            [
              -117.31973400015897,
              47.69149000017179
            ],
            [
              -117.32001100016839,
              47.69149400010407
            ],
            [
              -117.32001000034349,
              47.6912890000049
            ],
            [
              -117.32000399959739,
              47.689741000234484
            ],
            [
              -117.32000399959739,
              47.68963099979917
            ],
            [
              -117.32004799997831,
              47.68963199996908
            ],
            [
              -117.32146599963747,
              47.689650000000874
            ],
            [
              -117.32221800002304,
              47.6896760001702
            ],
            [
              -117.32294199992123,
              47.689701000158
            ],
            [
              -117.32295699998984,
              47.689701000158
            ],
            [
              -117.32300200019569,
              47.68970299989041
            ],
            [
              -117.32301700026429,
              47.68970400005898
            ],
            [
              -117.32458200023653,
              47.689734000268665
            ],
            [
              -117.32655100043978,
              47.68977099981817
            ],
            [
              -117.327015000047,
              47.68977099981817
            ],
            [
              -117.32696399999334,
              47.68691899997127
            ],
            [
              -117.32740199966126,
              47.686865000053295
            ],
            [
              -117.32775400001377,
              47.6868229997425
            ],
            [
              -117.32889999968636,
              47.68668699997265
            ],
            [
              -117.32971599964604,
              47.686590999921584
            ],
            [
              -117.33010499980847,
              47.68653600003952
            ],
            [
              -117.33039600006161,
              47.686484999811164
            ],
            [
              -117.33051999991015,
              47.68645500015157
            ],
            [
              -117.33061799981945,
              47.686426000101356
            ],
            [
              -117.33088499978312,
              47.686332000036366
            ],
            [
              -117.33106999973108,
              47.68625599979561
            ],
            [
              -117.3313319996719,
              47.68611799988705
            ],
            [
              -117.3313540003115,
              47.686104000191456
            ],
            [
              -117.33173599990293,
              47.68587700019655
            ],
            [
              -117.33189800028465,
              47.68579500025122
            ],
            [
              -117.33199399964579,
              47.68575399992786
            ],
            [
              -117.332472000395,
              47.685598000290874
            ],
            [
              -117.3324659996489,
              47.68553600004198
            ],
            [
              -117.33247599969467,
              47.685367000111
            ],
            [
              -117.33248699956529,
              47.68532600005597
            ],
            [
              -117.33283399989493,
              47.684916000152064
            ],
            [
              -117.33294699987283,
              47.68481600002588
            ],
            [
              -117.33303399991146,
              47.684729999776124
            ],
            [
              -117.33321300001161,
              47.68452599996682
            ],
            [
              -117.33338700008889,
              47.684334999866856
            ],
            [
              -117.33367400014407,
              47.68402399977809
            ],
            [
              -117.33381800008411,
              47.68384699995946
            ],
            [
              -117.33388900022922,
              47.683747000203
            ],
            [
              -117.3339700004201,
              47.683634999861155
            ],
            [
              -117.33403200034435,
              47.68353299972936
            ],
            [
              -117.33414299977413,
              47.683342000226894
            ],
            [
              -117.33418999962979,
              47.68326300019659
            ],
            [
              -117.33425599975203,
              47.68312500023172
            ],
            [
              -117.33442499980644,
              47.68274600026
            ],
            [
              -117.3345150002181,
              47.68254500026188
            ],
            [
              -117.33314400041463,
              47.681949000261014
            ],
            [
              -117.33299700010154,
              47.681884999876374
            ],
            [
              -117.33318100022456,
              47.68170699973559
            ],
            [
              -117.33332099996665,
              47.681566000123944
            ],
            [
              -117.3333810002411,
              47.68150599996773
            ],
            [
              -117.33400499968185,
              47.68087900001293
            ],
            [
              -117.33420200022368,
              47.680680999894065
            ],
            [
              -117.33427400019369,
              47.68060799970649
            ],
            [
              -117.3343450003388,
              47.68053700010537
            ],
            [
              -117.33435299983641,
              47.68052800002978
            ],
            [
              -117.3344509997457,
              47.68043099978854
            ],
            [
              -117.33504900014549,
              47.68005599980327
            ],
            [
              -117.33519800010842,
              47.6799630001059
            ],
            [
              -117.33524999998694,
              47.679931000217216
            ],
            [
              -117.33534700007132,
              47.67987000024274
            ],
            [
              -117.33549600003425,
              47.67977700021377
            ],
            [
              -117.33558499972271,
              47.679721999800016
            ],
            [
              -117.33559499976845,
              47.67971499969918
            ],
            [
              -117.33564499999716,
              47.67968400001905
            ],
            [
              -117.33579399996006,
              47.67959100026339
            ],
            [
              -117.33581400005157,
              47.67957799978359
            ],
            [
              -117.33594299992299,
              47.67949699997766
            ],
            [
              -117.33598599958069,
              47.67947100017758
            ],
            [
              -117.33600499984726,
              47.67945900003287
            ],
            [
              -117.33602900013672,
              47.6794439999993
            ],
            [
              -117.3360919998859,
              47.67940399988866
            ],
            [
              -117.33638999981174,
              47.67921799981811
            ],
            [
              -117.33644199969027,
              47.67918600007731
            ],
            [
              -117.33666699982118,
              47.67904499970031
            ],
            [
              -117.33672600027072,
              47.679007000031135
            ],
            [
              -117.33716499976356,
              47.67872000026687
            ],
            [
              -117.33771499958443,
              47.678389000125215
            ],
            [
              -117.33774399989679,
              47.678372000222055
            ],
            [
              -117.33778499990466,
              47.678345999861335
            ],
            [
              -117.34011399995804,
              47.67689000011179
            ],
            [
              -117.34023299978372,
              47.67681600025252
            ],
            [
              -117.34026399974586,
              47.676797000214506
            ],
            [
              -117.34028300001245,
              47.676785000059624
            ],
            [
              -117.34033800026403,
              47.67674999999527
            ],
            [
              -117.34036900022619,
              47.67673099993324
            ],
            [
              -117.34041799973167,
              47.676701000107705
            ],
            [
              -117.34043000032554,
              47.6766929997884
            ],
            [
              -117.34044200002111,
              47.67668599988606
            ],
            [
              -117.34045299989177,
              47.67667999979616
            ],
            [
              -117.34046299993749,
              47.676673999705606
            ],
            [
              -117.34047499963306,
              47.67666800021922
            ],
            [
              -117.34048700022693,
              47.67666099970862
            ],
            [
              -117.34049999974741,
              47.676653999802
            ],
            [
              -117.3405120003413,
              47.67664699989439
            ],
            [
              -117.3405330002577,
              47.67663600012411
            ],
            [
              -117.34054699960306,
              47.676629000214085
            ],
            [
              -117.34057000006763,
              47.676617000020556
            ],
            [
              -117.3405900001591,
              47.67660700005877
            ],
            [
              -117.34060299967958,
              47.676600999959824
            ],
            [
              -117.34061500027347,
              47.676594999860185
            ],
            [
              -117.34062600014413,
              47.67658899975985
            ],
            [
              -117.34064799988545,
              47.676578999792696
            ],
            [
              -117.34066200012913,
              47.676573000295384
            ],
            [
              -117.34067600037281,
              47.676564999956454
            ],
            [
              -117.34068899989332,
              47.67656100008893
            ],
            [
              -117.3407020003121,
              47.6765549999847
            ],
            [
              -117.34071800020561,
              47.67654800006385
            ],
            [
              -117.34073999994692,
              47.67653700027271
            ],
            [
              -117.34075300036574,
              47.67653100016567
            ],
            [
              -117.34076599988619,
              47.67652500005797
            ],
            [
              -117.34078199977974,
              47.6765189999496
            ],
            [
              -117.34079699984832,
              47.67651400026198
            ],
            [
              -117.34081899958964,
              47.676505999914006
            ],
            [
              -117.34083399965827,
              47.676501000225144
            ],
            [
              -117.34084799990195,
              47.67649599993094
            ],
            [
              -117.34086600034362,
              47.67648999981923
            ],
            [
              -117.34089099955968,
              47.676482000072426
            ],
            [
              -117.34090300015355,
              47.6764780001986
            ],
            [
              -117.34091599967404,
              47.67647299990219
            ],
            [
              -117.34092900009283,
              47.67646900002761
            ],
            [
              -117.34094400016141,
              47.676463999730395
            ],
            [
              -117.34096900027578,
              47.67645599997961
            ],
            [
              -117.34099199984199,
              47.6764480002276
            ],
            [
              -117.34100699991063,
              47.67644299992832
            ],
            [
              -117.34102899965193,
              47.6764359999924
            ],
            [
              -117.34104200007071,
              47.67643200011504
            ],
            [
              -117.34105700013934,
              47.67642900005559
            ],
            [
              -117.34107200020794,
              47.676425000177645
            ],
            [
              -117.34108700027656,
              47.676421000299435
            ],
            [
              -117.341103999995,
              47.67641699981601
            ],
            [
              -117.34112300026159,
              47.6764129999372
            ],
            [
              -117.34113999998,
              47.67640900005802
            ],
            [
              -117.34115900024659,
              47.67640399975505
            ],
            [
              -117.34118699983567,
              47.676398000237576
            ],
            [
              -117.3412019999043,
              47.67639399975244
            ],
            [
              -117.34122000034596,
              47.67638999987182
            ],
            [
              -117.34123600023949,
              47.67638699980996
            ],
            [
              -117.34126300000368,
              47.67638100029057
            ],
            [
              -117.34127800007228,
              47.67637800022819
            ],
            [
              -117.3413080002095,
              47.6763729999222
            ],
            [
              -117.34132599975284,
              47.676369999859354
            ],
            [
              -117.34135400024026,
              47.67636599997688
            ],
            [
              -117.34137799963139,
              47.67636200009416
            ],
            [
              -117.34139400042324,
              47.67635999985023
            ],
            [
              -117.3414079997686,
              47.67635800021108
            ],
            [
              -117.34161299980802,
              47.67632899999126
            ],
            [
              -117.34178500023548,
              47.67630500006828
            ],
            [
              -117.34181100017474,
              47.67630200000153
            ],
            [
              -117.3418990000383,
              47.676288999911876
            ],
            [
              -117.34201000036636,
              47.6762740001766
            ],
            [
              -117.34221700005561,
              47.67624499991006
            ],
            [
              -117.34240700002641,
              47.67621799987686
            ],
            [
              -117.34260600021804,
              47.6761900000069
            ],
            [
              -117.34280500040968,
              47.67616200012192
            ],
            [
              -117.34300299987807,
              47.67613400022187
            ],
            [
              -117.3430969995894,
              47.676121000090355
            ],
            [
              -117.34331000002474,
              47.67609199973882
            ],
            [
              -117.3433269997432,
              47.67609300016835
            ],
            [
              -117.34342899985043,
              47.676100999974786
            ],
            [
              -117.34362999969187,
              47.67611800001303
            ],
            [
              -117.34383200025654,
              47.67613500004576
            ],
            [
              -117.34403300009801,
              47.67615200007293
            ],
            [
              -117.34413299965712,
              47.67615999987032
            ],
            [
              -117.34423399993946,
              47.67616800027135
            ],
            [
              -117.34443499978093,
              47.67618500028776
            ],
            [
              -117.34452299964444,
              47.67619200025735
            ],
            [
              -117.34463700034557,
              47.67620200029863
            ],
            [
              -117.34473400042998,
              47.67621000008836
            ],
            [
              -117.34483800018704,
              47.676218999699145
            ],
            [
              -117.3450399998534,
              47.676234999877025
            ],
            [
              -117.34519200018939,
              47.676247999980134
            ],
            [
              -117.34524099969485,
              47.67625199987161
            ],
            [
              -117.3453980000537,
              47.67626499997049
            ],
            [
              -117.34544200043463,
              47.67626899986065
            ],
            [
              -117.34564400010099,
              47.6762859998442
            ],
            [
              -117.34584499994243,
              47.67630200000153
            ],
            [
              -117.3460459997839,
              47.67631899997428
            ],
            [
              -117.3461589997618,
              47.67632800017109
            ],
            [
              -117.34624699962535,
              47.6763359999415
            ],
            [
              -117.34634700008279,
              47.67634399971068
            ],
            [
              -117.34644900019002,
              47.6763520000835
            ],
            [
              -117.34662200044238,
              47.676366999796336
            ],
            [
              -117.34669799971205,
              47.6763729999222
            ],
            [
              -117.34669799971205,
              47.67645800021982
            ],
            [
              -117.34669799971205,
              47.67656700019253
            ],
            [
              -117.34669799971205,
              47.677007999866376
            ],
            [
              -117.3467000002602,
              47.67716200018012
            ],
            [
              -117.34669699988714,
              47.677196999968096
            ],
            [
              -117.34669000021447,
              47.677291000163784
            ],
            [
              -117.3466800001687,
              47.67776500019206
            ],
            [
              -117.34667699979565,
              47.67795499976
            ],
            [
              -117.34667199977278,
              47.67811699980017
            ],
            [
              -117.34667000012296,
              47.67821799985066
            ],
            [
              -117.34666699974991,
              47.67860599986127
            ],
            [
              -117.34666699974991,
              47.6787699998462
            ],
            [
              -117.346665999925,
              47.67895299978512
            ],
            [
              -117.34666299955197,
              47.679502999743626
            ],
            [
              -117.34666299955197,
              47.67968699989135
            ],
            [
              -117.34666400027517,
              47.67985100010721
            ],
            [
              -117.34666699974991,
              47.68034500017206
            ],
            [
              -117.34666799957483,
              47.68050999987395
            ],
            [
              -117.34666799957483,
              47.680669000027656
            ],
            [
              -117.34667099994789,
              47.681150000121306
            ],
            [
              -117.34667199977278,
              47.681309999863586
            ],
            [
              -117.3466729995977,
              47.68157799978404
            ],
            [
              -117.34667799962057,
              47.6823819997519
            ],
            [
              -117.3466800001687,
              47.68265000021309
            ],
            [
              -117.34667799962057,
              47.68275000025811
            ],
            [
              -117.34667400032092,
              47.6830519998353
            ],
            [
              -117.34667400032092,
              47.683153000008694
            ],
            [
              -117.34667199977278,
              47.68332900007703
            ],
            [
              -117.34667199977278,
              47.68336700022689
            ],
            [
              -117.34666900029804,
              47.6838580000238
            ],
            [
              -117.34666799957483,
              47.68403499980511
            ],
            [
              -117.34666799957483,
              47.68415400000379
            ],
            [
              -117.34666799957483,
              47.68447199999048
            ],
            [
              -117.34666799957483,
              47.68451100018058
            ],
            [
              -117.34666799957483,
              47.684631000163954
            ],
            [
              -117.34666699974991,
              47.684683999710934
            ],
            [
              -117.346665999925,
              47.684844999761694
            ],
            [
              -117.346665999925,
              47.68489899995664
            ],
            [
              -117.34666500010009,
              47.68507000010445
            ],
            [
              -117.34666400027517,
              47.6853290002086
            ],
            [
              -117.34666500010009,
              47.68558300020814
            ],
            [
              -117.346665999925,
              47.68562999972724
            ],
            [
              -117.34666099990211,
              47.68575399992786
            ],
            [
              -117.34665900025233,
              47.68585700019227
            ],
            [
              -117.34665599987925,
              47.68606899972649
            ],
            [
              -117.34666299955197,
              47.68616599976518
            ],
            [
              -117.34667000012296,
              47.68625500016571
            ],
            [
              -117.34667699979565,
              47.68626800019113
            ],
            [
              -117.34648500017502,
              47.686268999820776
            ],
            [
              -117.34642900009855,
              47.686268999820776
            ],
            [
              -117.34601700036988,
              47.68626599972222
            ],
            [
              -117.34531000019012,
              47.68626300022824
            ],
            [
              -117.34531400038813,
              47.686777999933504
            ],
            [
              -117.34531400038813,
              47.68678899998447
            ],
            [
              -117.34531699986283,
              47.68695000019009
            ],
            [
              -117.34532100006078,
              47.6875380000321
            ],
            [
              -117.34532500025878,
              47.6880420000632
            ],
            [
              -117.34533100010655,
              47.688774000117
            ],
            [
              -117.34534600017516,
              47.68979199969792
            ],
            [
              -117.34534000032737,
              47.689865999897805
            ],
            [
              -117.34531299966488,
              47.689865999897805
            ],
            [
              -117.34528800044883,
              47.689865999897805
            ],
            [
              -117.34515399965622,
              47.689865999897805
            ],
            [
              -117.34500499969332,
              47.68986499973238
            ],
            [
              -117.3443989997959,
              47.68986199984065
            ],
            [
              -117.34417700003804,
              47.68986100027982
            ],
            [
              -117.34383800010434,
              47.689858999948754
            ],
            [
              -117.34378000037802,
              47.689858999948754
            ],
            [
              -117.3437359999971,
              47.689858999948754
            ],
            [
              -117.34366800022504,
              47.68985799978321
            ],
            [
              -117.34355299969897,
              47.68985799978321
            ],
            [
              -117.34352199973684,
              47.68985700022229
            ],
            [
              -117.34338299981967,
              47.68985700022229
            ],
            [
              -117.34334500018483,
              47.68985700022229
            ],
            [
              -117.34329900015409,
              47.68985600005669
            ],
            [
              -117.34327599968955,
              47.68985600005669
            ],
            [
              -117.34213900023782,
              47.68985099983309
            ],
            [
              -117.34200899964314,
              47.68985000027204
            ],
            [
              -117.34163700009746,
              47.689847999940554
            ],
            [
              -117.34130900003441,
              47.689846000213656
            ],
            [
              -117.3411950002316,
              47.689846000213656
            ],
            [
              -117.3410270000021,
              47.68984699977479
            ],
            [
              -117.34065700010626,
              47.689842999716184
            ],
            [
              -117.34062399959596,
              47.689842999716184
            ],
            [
              -117.3391339999668,
              47.68983599976406
            ],
            [
              -117.33905600014901,
              47.68983500020271
            ],
            [
              -117.33896699956225,
              47.68983500020271
            ],
            [
              -117.33824100001422,
              47.68983100014319
            ],
            [
              -117.33808100018068,
              47.6898299999771
            ],
            [
              -117.33776599963808,
              47.689828999810985
            ],
            [
              -117.33755099955293,
              47.68982800024951
            ],
            [
              -117.33678700037008,
              47.689824000189454
            ],
            [
              -117.33635700019978,
              47.689821999856974
            ],
            [
              -117.33593799990012,
              47.689820000129075
            ],
            [
              -117.33593799990012,
              47.6898299999771
            ],
            [
              -117.3359370000752,
              47.69027200017212
            ],
            [
              -117.3359370000752,
              47.69158400001109
            ],
            [
              -117.3359370000752,
              47.691644000064365
            ],
            [
              -117.33576299999793,
              47.691641999801654
            ],
            [
              -117.33565800041595,
              47.691641999801654
            ],
            [
              -117.33334799973083,
              47.691636000222466
            ],
            [
              -117.33331400029397,
              47.691636000222466
            ],
            [
              -117.33332299961648,
              47.693376999917696
            ],
            [
              -117.3333240003397,
              47.693417000198025
            ],
            [
              -117.33512500031348,
              47.69342300017698
            ],
            [
              -117.33511899956738,
              47.69409700026896
            ],
            [
              -117.33471400040975,
              47.69409500010038
            ],
            [
              -117.33471100003669,
              47.69450699995685
            ],
            [
              -117.33511600009264,
              47.69451399988668
            ],
            [
              -117.33509400035133,
              47.69704300027077
            ],
            [
              -117.33507599990966,
              47.69969399986808
            ],
            [
              -117.33507199971172,
              47.70034600009863
            ],
            [
              -117.33509400035133,
              47.700431999991395
            ],
            [
              -117.33528599997194,
              47.700430000065815
            ],
            [
              -117.33586599993009,
              47.70042700017726
            ],
            [
              -117.33605900027395,
              47.700426000214385
            ],
            [
              -117.33708699994574,
              47.70041899986905
            ],
            [
              -117.33788199998904,
              47.70041400005367
            ],
            [
              -117.33984299979639,
              47.7004120001274
            ],
            [
              -117.34011800015598,
              47.70041599997991
            ],
            [
              -117.34017199968436,
              47.70041500001682
            ],
            [
              -117.34091099965114,
              47.70040699970677
            ],
            [
              -117.34120000025446,
              47.70038999972405
            ],
            [
              -117.34119600005651,
              47.70044100026021
            ],
            [
              -117.34119900042957,
              47.70048299988188
            ],
            [
              -117.34118099998788,
              47.7007560002255
            ],
            [
              -117.34117799961486,
              47.700815000047704
            ],
            [
              -117.34116400026946,
              47.70132400026997
            ],
            [
              -117.34114400017798,
              47.7015129999365
            ],
            [
              -117.34114900020084,
              47.701660000278196
            ],
            [
              -117.34117400031519,
              47.701853000282505
            ],
            [
              -117.3411819998128,
              47.70190599986106
            ],
            [
              -117.34121799979783,
              47.70211600019377
            ],
            [
              -117.34123500041457,
              47.702146999843045
            ],
            [
              -117.34126100035382,
              47.70217299982716
            ],
            [
              -117.34128499974497,
              47.702188999903974
            ],
            [
              -117.34131800025523,
              47.7022020001895
            ],
            [
              -117.34136099991295,
              47.70221300001001
            ],
            [
              -117.34150300020316,
              47.702228000146235
            ],
            [
              -117.34159199989165,
              47.70223000000284
            ],
            [
              -117.34187700029698,
              47.70223999988935
            ],
            [
              -117.34252900022513,
              47.70223700010496
            ],
            [
              -117.34256000018729,
              47.70223700010496
            ],
            [
              -117.34269300025667,
              47.702228000146235
            ],
            [
              -117.3428420002196,
              47.702228000146235
            ],
            [
              -117.34310099978738,
              47.702228000146235
            ],
            [
              -117.34384999979991,
              47.70223099993111
            ],
            [
              -117.34388099976205,
              47.70223000000284
            ],
            [
              -117.3440530001895,
              47.70223000000284
            ],
            [
              -117.34414100005304,
              47.70223099993111
            ],
            [
              -117.34433299967365,
              47.70223399971586
            ],
            [
              -117.34458600029194,
              47.70223899996125
            ],
            [
              -117.34481700027064,
              47.70223399971586
            ],
            [
              -117.34491000015707,
              47.702226000289514
            ],
            [
              -117.34493899957107,
              47.7022239998282
            ],
            [
              -117.345018999937,
              47.702204999975876
            ],
            [
              -117.34509400028008,
              47.70217199989778
            ],
            [
              -117.34511900039445,
              47.702155999815744
            ],
            [
              -117.34517499957262,
              47.70210800014475
            ],
            [
              -117.34521099955762,
              47.70205299969911
            ],
            [
              -117.3452149997556,
              47.70203999998103
            ],
            [
              -117.34523800022012,
              47.70198099973153
            ],
            [
              -117.3452499999157,
              47.7018989997145
            ],
            [
              -117.3452499999157,
              47.70165699985586
            ],
            [
              -117.34525199956552,
              47.70158599988656
            ],
            [
              -117.34525499993855,
              47.70149900014142
            ],
            [
              -117.3452709998321,
              47.70143600011027
            ],
            [
              -117.34529000009866,
              47.70122400016604
            ],
            [
              -117.34535100019802,
              47.70058899995699
            ],
            [
              -117.34536500044173,
              47.70044100026021
            ],
            [
              -117.3466159996963,
              47.700435999842355
            ],
            [
              -117.34662400009219,
              47.70099800003462
            ],
            [
              -117.34663499996286,
              47.70177499981233
            ],
            [
              -117.34661999989424,
              47.70206699994998
            ],
            [
              -117.3466369996127,
              47.702948999709584
            ],
            [
              -117.3467089995827,
              47.70396299987793
            ],
            [
              -117.34671000030593,
              47.70398300019326
            ],
            [
              -117.34671399960557,
              47.70409299997666
            ],
            [
              -117.34683199960634,
              47.70757199975006
            ],
            [
              -117.34684000000226,
              47.708488000202216
            ],
            [
              -117.34683199960634,
              47.70916200019507
            ],
            [
              -117.34684099982718,
              47.70929200002144
            ],
            [
              -117.34683900017734,
              47.70937699987212
            ],
            [
              -117.3468340001545,
              47.70964800000646
            ],
            [
              -117.3468340001545,
              47.70974000018448
            ],
            [
              -117.3468340001545,
              47.71009600013167
            ],
            [
              -117.3468340001545,
              47.71031199996023
            ],
            [
              -117.34671399960557,
              47.71031199996023
            ],
            [
              -117.34663300031303,
              47.71031100018693
            ],
            [
              -117.34656499964267,
              47.71031100018693
            ],
            [
              -117.34651199993921,
              47.710309999809176
            ],
            [
              -117.3462919998312,
              47.71030699988476
            ],
            [
              -117.34616299995977,
              47.710306000111395
            ],
            [
              -117.34608900033992,
              47.71030499973355
            ],
            [
              -117.34588599995033,
              47.71030199980879
            ],
            [
              -117.34568500010886,
              47.710300000261874
            ],
            [
              -117.34547900024455,
              47.71029699973241
            ],
            [
              -117.34527599985496,
              47.71029500018524
            ],
            [
              -117.3451460001586,
              47.71029300003358
            ],
            [
              -117.34507300036368,
              47.71029200025996
            ],
            [
              -117.34493199989836,
              47.71029099988184
            ],
            [
              -117.3448699999741,
              47.71029000010818
            ],
            [
              -117.3446669995845,
              47.71028700018256
            ],
            [
              -117.34453600006326,
              47.710285999804356
            ],
            [
              -117.34446400009323,
              47.710285000030595
            ],
            [
              -117.34434400044263,
              47.71028400025681
            ],
            [
              -117.34426099970364,
              47.71028299987856
            ],
            [
              -117.34405700038744,
              47.710279999952576
            ],
            [
              -117.34390400022657,
              47.7102779998003
            ],
            [
              -117.34385399999786,
              47.7102779998003
            ],
            [
              -117.34258000027877,
              47.71026900002093
            ],
            [
              -117.34258100010369,
              47.711166999764565
            ],
            [
              -117.34258199992858,
              47.711407000093885
            ],
            [
              -117.34258199992858,
              47.71145399991313
            ],
            [
              -117.3425829997535,
              47.71166800005883
            ],
            [
              -117.34258399957842,
              47.71203699977973
            ],
            [
              -117.34258399957842,
              47.712050999766845
            ],
            [
              -117.34258399957842,
              47.71207799999042
            ],
            [
              -117.3431739995823,
              47.71208499997894
            ],
            [
              -117.34340999958386,
              47.71208700006183
            ],
            [
              -117.343524000285,
              47.71208799980102
            ],
            [
              -117.3436370002629,
              47.71208900014464
            ],
            [
              -117.34376699995923,
              47.712091000227375
            ],
            [
              -117.34383999975415,
              47.71209199996648
            ],
            [
              -117.34401399983143,
              47.712092999705625
            ],
            [
              -117.34404399996866,
              47.71209400004915
            ],
            [
              -117.3442299997415,
              47.71209600013168
            ],
            [
              -117.3442649999016,
              47.71209600013168
            ],
            [
              -117.34445400004749,
              47.71209800021414
            ],
            [
              -117.34460800003326,
              47.71210000029653
            ],
            [
              -117.34467599980532,
              47.71210000029653
            ],
            [
              -117.34489900028642,
              47.71210300011779
            ],
            [
              -117.34508699970908,
              47.71210500019998
            ],
            [
              -117.34512199986916,
              47.71210500019998
            ],
            [
              -117.34516399970195,
              47.71210500019998
            ],
            [
              -117.34534500035026,
              47.7121070002821
            ],
            [
              -117.34549599996298,
              47.7121089997597
            ],
            [
              -117.34556799993301,
              47.71211000010292
            ],
            [
              -117.34565599979655,
              47.712110999841705
            ],
            [
              -117.34579100041408,
              47.71211200018489
            ],
            [
              -117.34587199970665,
              47.7121129999236
            ],
            [
              -117.34599399990536,
              47.71211400026674
            ],
            [
              -117.34617899985327,
              47.71211599974406
            ],
            [
              -117.34619499974683,
              47.71211599974406
            ],
            [
              -117.34641700040297,
              47.712119000168805
            ],
            [
              -117.34654299990135,
              47.71211999990742
            ],
            [
              -117.34661499987138,
              47.71212100025042
            ],
            [
              -117.34666000007722,
              47.71212100025042
            ],
            [
              -117.34685000004801,
              47.71212100025042
            ],
            [
              -117.34685000004801,
              47.71214200019581
            ],
            [
              -117.34684400020024,
              47.71231400020723
            ],
            [
              -117.34682900013163,
              47.712833000241204
            ],
            [
              -117.34682800030672,
              47.71286999972015
            ],
            [
              -117.34682900013163,
              47.71300699983284
            ],
            [
              -117.3468269995835,
              47.71339600007341
            ],
            [
              -117.3468269995835,
              47.71366800017286
            ],
            [
              -117.34683199960634,
              47.71456300029563
            ],
            [
              -117.34683499997942,
              47.71495300008872
            ],
            [
              -117.34687599998729,
              47.714939000276814
            ],
            [
              -117.34720800024832,
              47.714916999960415
            ],
            [
              -117.34736899990678,
              47.714911000037375
            ],
            [
              -117.3477010001678,
              47.71490100016406
            ],
            [
              -117.34897700043503,
              47.714895999924465
            ],
            [
              -117.34951399983717,
              47.714893999949396
            ],
            [
              -117.35003400041916,
              47.714893999949396
            ],
            [
              -117.35159699984324,
              47.714884999758354
            ],
            [
              -117.35211800025014,
              47.714893999949396
            ],
            [
              -117.3525020003897,
              47.714893999949396
            ],
            [
              -117.35365499973497,
              47.714895000239146
            ],
            [
              -117.35403999969942,
              47.714895999924465
            ],
            [
              -117.35437100013554,
              47.714895999924465
            ],
            [
              -117.35484200031374,
              47.714895999924465
            ],
            [
              -117.35536299982233,
              47.71490900006283
            ],
            [
              -117.3553960003326,
              47.71490999974793
            ],
            [
              -117.35569500008336,
              47.7149130000118
            ],
            [
              -117.35610900036015,
              47.714916000275494
            ],
            [
              -117.35735100029218,
              47.71492600014593
            ],
            [
              -117.35776499967064,
              47.71493000009354
            ],
            [
              -117.35842900019269,
              47.71492800011977
            ],
            [
              -117.36042099996217,
              47.71492600014593
            ],
            [
              -117.36108600030911,
              47.71492600014593
            ],
            [
              -117.36133499983116,
              47.71492499985677
            ],
            [
              -117.36208399984369,
              47.71492499985677
            ],
            [
              -117.36218000010317,
              47.71492499985677
            ],
            [
              -117.36233400008895,
              47.71492499985677
            ],
            [
              -117.36238699979239,
              47.714924000172005
            ],
            [
              -117.3625480003492,
              47.714924000172005
            ],
            [
              -117.36260199987754,
              47.714924000172005
            ],
            [
              -117.36262299979397,
              47.714924000172005
            ],
            [
              -117.36268800009127,
              47.714924000172005
            ],
            [
              -117.36270999983257,
              47.714924000172005
            ],
            [
              -117.36273800032001,
              47.714924000172005
            ],
            [
              -117.36282199998558,
              47.714924000172005
            ],
            [
              -117.36285100029791,
              47.714924000172005
            ],
            [
              -117.36320699995007,
              47.71492299988281
            ],
            [
              -117.36427499980482,
              47.71492200019801
            ],
            [
              -117.3646320001802,
              47.71492200019801
            ],
            [
              -117.36494500017464,
              47.71492099990877
            ],
            [
              -117.36588800035594,
              47.714920000223884
            ],
            [
              -117.3662020001753,
              47.714920000223884
            ],
            [
              -117.3665750004442,
              47.71492099990877
            ],
            [
              -117.36769400035257,
              47.714924000172005
            ],
            [
              -117.36806699972318,
              47.71492499985677
            ],
            [
              -117.36845000003784,
              47.714924000172005
            ],
            [
              -117.36960199955818,
              47.714924000172005
            ],
            [
              -117.36998599969775,
              47.714924000172005
            ],
            [
              -117.37033200020248,
              47.71492299988281
            ],
            [
              -117.37137199956982,
              47.71492299988281
            ],
            [
              -117.37171899989947,
              47.71492299988281
            ],
            [
              -117.37173300014315,
              47.715048999906216
            ],
            [
              -117.37173200031823,
              47.715194999868935
            ],
            [
              -117.37173099959503,
              47.716015000238556
            ],
            [
              -117.37173099959503,
              47.71622800012633
            ],
            [
              -117.37173099959503,
              47.716288999885556
            ],
            [
              -117.37173099959503,
              47.71663700018794
            ],
            [
              -117.37173099959503,
              47.716651999799616
            ],
            [
              -117.37181699980874,
              47.716653000055636
            ],
            [
              -117.37339600002467,
              47.716660000034
            ],
            [
              -117.37341000026838,
              47.716660000034
            ],
            [
              -117.37343899968239,
              47.716660000034
            ],
            [
              -117.37343899968239,
              47.71669199975039
            ],
            [
              -117.3734460002534,
              47.7176959997571
            ],
            [
              -117.37345100027626,
              47.71847399985048
            ],
            [
              -117.37371999988977,
              47.718476999909136
            ],
            [
              -117.37452699962863,
              47.718486999700495
            ],
            [
              -117.37479699996538,
              47.71849099997917
            ],
            [
              -117.37490999994328,
              47.71849200019987
            ],
            [
              -117.37524999970191,
              47.71849500025749
            ],
            [
              -117.37536400040302,
              47.718497000094345
            ],
            [
              -117.37578500035251,
              47.71850000015168
            ],
            [
              -117.37705099967567,
              47.71850899971832
            ],
            [
              -117.37747300034839,
              47.718512999995255
            ],
            [
              -117.377741000137,
              47.71851400021553
            ],
            [
              -117.37854799987583,
              47.71851999972374
            ],
            [
              -117.37881700038767,
              47.71852299977974
            ],
            [
              -117.37882400006039,
              47.718699000144724
            ],
            [
              -117.37883800030407,
              47.71904400003837
            ],
            [
              -117.37884300032697,
              47.71923000010521
            ],
            [
              -117.37884900017472,
              47.71940700009813
            ],
            [
              -117.37885400019759,
              47.719588999883754
            ],
            [
              -117.37885500002253,
              47.719615000232885
            ],
            [
              -117.3788740002891,
              47.72013500026068
            ],
            [
              -117.37888099996178,
              47.72031699992054
            ],
            [
              -117.37888799963447,
              47.72050300027743
            ],
            [
              -117.37891199992391,
              47.721061999952425
            ],
            [
              -117.37892000031984,
              47.72124900023459
            ],
            [
              -117.3789239996195,
              47.72141300029473
            ],
            [
              -117.37893600021337,
              47.72190499979489
            ],
            [
              -117.37894000041132,
              47.72206999975492
            ],
            [
              -117.3789599996045,
              47.72286199990277
            ],
            [
              -117.37899800013766,
              47.72426899993561
            ],
            [
              -117.379023000252,
              47.72523900010173
            ],
            [
              -117.37904499999333,
              47.72603199988335
            ],
            [
              -117.37904800036635,
              47.72626899981646
            ],
            [
              -117.379059000237,
              47.726979999792654
            ],
            [
              -117.37906300043498,
              47.72721700024643
            ],
            [
              -117.3790860000012,
              47.72765299985537
            ],
            [
              -117.3791579999712,
              47.72896299978449
            ],
            [
              -117.37918200026066,
              47.72939999989488
            ],
            [
              -117.37918999975828,
              47.73040800028864
            ],
            [
              -117.37920700037502,
              47.731229999842036
            ],
            [
              -117.37920300017707,
              47.73202500017324
            ],
            [
              -117.37921400004772,
              47.733035999733
            ],
            [
              -117.3792199998955,
              47.733605000165426
            ],
            [
              -117.37921700042078,
              47.73376899999277
            ],
            [
              -117.37921700042078,
              47.73381800003617
            ],
            [
              -117.37923099976615,
              47.73482899982853
            ],
            [
              -117.37922499991836,
              47.73531699989754
            ],
            [
              -117.37923499996413,
              47.73555899994144
            ],
            [
              -117.3792269995682,
              47.73578199977013
            ],
            [
              -117.37922499991836,
              47.73596899977073
            ],
            [
              -117.37922400009347,
              47.736226999702936
            ],
            [
              -117.37922800029143,
              47.73670299969794
            ],
            [
              -117.37928199981978,
              47.73670299969794
            ],
            [
              -117.37944400020149,
              47.73670500004413
            ],
            [
              -117.37949899955476,
              47.736705999915124
            ],
            [
              -117.38104099996076,
              47.73671999991936
            ],
            [
              -117.3817470003156,
              47.73672700022218
            ],
            [
              -117.3828090003226,
              47.7367330000494
            ],
            [
              -117.3848930001536,
              47.736756000085634
            ],
            [
              -117.38566800010538,
              47.73676100003964
            ],
            [
              -117.38695900044122,
              47.736770999946174
            ],
            [
              -117.38721100033631,
              47.736774000159436
            ],
            [
              -117.3888370004079,
              47.73679200022701
            ],
            [
              -117.38901899998278,
              47.73679499983486
            ],
            [
              -117.38984499998821,
              47.73679899991594
            ],
            [
              -117.39124900030197,
              47.736806000208134
            ],
            [
              -117.39225900043041,
              47.73679999978513
            ],
            [
              -117.39371700027253,
              47.73679800004675
            ],
            [
              -117.39455699962335,
              47.73679800004675
            ],
            [
              -117.39534400016903,
              47.73679099975352
            ],
            [
              -117.39535599986462,
              47.73782700029203
            ],
            [
              -117.39538600000184,
              47.74023899996196
            ],
            [
              -117.39539500022265,
              47.74093800022751
            ],
            [
              -117.39540799974313,
              47.74197500017552
            ],
            [
              -117.39541000029125,
              47.742173999894476
            ],
            [
              -117.39541100011617,
              47.74224000011292
            ],
            [
              -117.39542000033701,
              47.74303600003792
            ],
            [
              -117.39542399963665,
              47.743301999755346
            ],
            [
              -117.39542500035988,
              47.74342800000547
            ],
            [
              -117.39542899965954,
              47.74369200005845
            ],
            [
              -117.3954270000097,
              47.74380899994209
            ],
            [
              -117.39542600018481,
              47.74389099985864
            ],
            [
              -117.39542500035988,
              47.74393599990532
            ],
            [
              -117.39542299981176,
              47.74402599988191
            ],
            [
              -117.39487100034103,
              47.74402599988191
            ],
            [
              -117.39363199988371,
              47.74402100002156
            ],
            [
              -117.39311499967476,
              47.7440180002259
            ],
            [
              -117.39264900041776,
              47.74401600016066
            ],
            [
              -117.39252399984596,
              47.74401600016066
            ],
            [
              -117.3924209999138,
              47.744014999826035
            ],
            [
              -117.39197900004793,
              47.74401299976069
            ],
            [
              -117.3913299995945,
              47.74401100029935
            ],
            [
              -117.39126099999753,
              47.74401100029935
            ],
            [
              -117.39079599966713,
              47.74400799989904
            ],
            [
              -117.3904559999085,
              47.744007000168324
            ],
            [
              -117.39013799989118,
              47.744005000102675
            ],
            [
              -117.39007299959384,
              47.744005000102675
            ],
            [
              -117.3900700001191,
              47.744074999938036
            ],
            [
              -117.389930000377,
              47.74751500004056
            ],
            [
              -117.3912660000204,
              47.747516999971296
            ],
            [
              -117.39530900000894,
              47.747522000099934
            ],
            [
              -117.39529700031338,
              47.74788699973455
            ],
            [
              -117.39529499976524,
              47.74793199995082
            ],
            [
              -117.39528999974235,
              47.748069000275706
            ],
            [
              -117.39528899991743,
              47.748114999986456
            ],
            [
              -117.39527899987169,
              47.748376000280594
            ],
            [
              -117.39525100028261,
              47.749158999954105
            ],
            [
              -117.39524299988669,
              47.749421000075706
            ],
            [
              -117.3952370000389,
              47.74957499975302
            ],
            [
              -117.39522000032048,
              47.75003999972763
            ],
            [
              -117.39521500029758,
              47.750195000205245
            ],
            [
              -117.39520799972661,
              47.75038100016898
            ],
            [
              -117.3951879996351,
              47.750942000300434
            ],
            [
              -117.39518199978731,
              47.75112900020838
            ],
            [
              -117.39546999966741,
              47.75112900020838
            ],
            [
              -117.39633300038108,
              47.751129999802345
            ],
            [
              -117.39662200008608,
              47.75113100000029
            ],
            [
              -117.39738299979419,
              47.751132999792134
            ],
            [
              -117.3996659998168,
              47.751138999771136
            ],
            [
              -117.40032199994293,
              47.75114100016661
            ],
            [
              -117.40042800024814,
              47.75114199976035
            ],
            [
              -117.40079300012113,
              47.750783000021364
            ],
            [
              -117.40079999979383,
              47.75077500019581
            ],
            [
              -117.40114799994838,
              47.75041800016044
            ],
            [
              -117.4013889999728,
              47.750161999713576
            ],
            [
              -117.40188699991515,
              47.74964399972339
            ],
            [
              -117.4021070000232,
              47.74941600012953
            ],
            [
              -117.40225000013832,
              47.74926800017644
            ],
            [
              -117.40226600003186,
              47.749250000194216
            ],
            [
              -117.40231700008549,
              47.74919699984142
            ],
            [
              -117.40233399980391,
              47.749180000070076
            ],
            [
              -117.40262000003418,
              47.74888100009344
            ],
            [
              -117.4034810001997,
              47.747984999779774
            ],
            [
              -117.40376800025489,
              47.74768699984633
            ],
            [
              -117.40397599976903,
              47.74747200000029
            ],
            [
              -117.404600999933,
              47.746826999965705
            ],
            [
              -117.40481000017039,
              47.746612999872184
            ],
            [
              -117.40485799985095,
              47.74656199982164
            ],
            [
              -117.40500599998897,
              47.746408999974335
            ],
            [
              -117.40505600021767,
              47.74635900001359
            ],
            [
              -117.4051640001727,
              47.74625100003109
            ],
            [
              -117.40518199971606,
              47.74622900025327
            ],
            [
              -117.40532800020424,
              47.74606499980442
            ],
            [
              -117.40555199961192,
              47.74583100025092
            ],
            [
              -117.4056780000086,
              47.74570099977595
            ],
            [
              -117.40585399973573,
              47.745764000055935
            ],
            [
              -117.40590300013952,
              47.745776999739896
            ],
            [
              -117.4059659998887,
              47.74578400003302
            ],
            [
              -117.40627300003536,
              47.74578200003565
            ],
            [
              -117.40809999994842,
              47.745776000043115
            ],
            [
              -117.40812599988767,
              47.745776000043115
            ],
            [
              -117.4083870000036,
              47.74579400001865
            ],
            [
              -117.40852099989789,
              47.74579800001239
            ],
            [
              -117.40870900021888,
              47.74579800001239
            ],
            [
              -117.40924999981894,
              47.74579699971195
            ],
            [
              -117.41027800038904,
              47.74579600001556
            ],
            [
              -117.41040600043559,
              47.745788000027495
            ],
            [
              -117.41087300041583,
              47.745786000030314
            ],
            [
              -117.41129699984005,
              47.74578400003302
            ],
            [
              -117.41148000013811,
              47.74578499972965
            ],
            [
              -117.41148599998593,
              47.74553900008642
            ],
            [
              -117.4115060000774,
              47.744801999937216
            ],
            [
              -117.41151299975009,
              47.74455700020102
            ],
            [
              -117.41151299975009,
              47.744432999712565
            ],
            [
              -117.41151899959785,
              47.744061000099286
            ],
            [
              -117.41152100014601,
              47.74393700024152
            ],
            [
              -117.41152500034399,
              47.74369200005845
            ],
            [
              -117.41152500034399,
              47.7434900002755
            ],
            [
              -117.41151899959785,
              47.742152000205834
            ],
            [
              -117.41151899959785,
              47.74170599978943
            ],
            [
              -117.41152399962074,
              47.74084199978772
            ],
            [
              -117.41150299970435,
              47.73950900021767
            ],
            [
              -117.41145800039682,
              47.736620000065386
            ],
            [
              -117.41146099987155,
              47.73639800007762
            ],
            [
              -117.41145800039682,
              47.73585799971567
            ],
            [
              -117.41145400019884,
              47.73526100016154
            ],
            [
              -117.41143900013024,
              47.733530999816395
            ],
            [
              -117.41143199955924,
              47.732757000216154
            ],
            [
              -117.41142400006163,
              47.73209299988437
            ],
            [
              -117.41139999977219,
              47.730106000042895
            ],
            [
              -117.41139300009947,
              47.72944299975735
            ],
            [
              -117.41188900039207,
              47.729441999746896
            ],
            [
              -117.4121539998076,
              47.729441999746896
            ],
            [
              -117.41229799974764,
              47.729445999788595
            ],
            [
              -117.41257099955911,
              47.7294680000124
            ],
            [
              -117.41271899969709,
              47.72949300025545
            ],
            [
              -117.41283599987297,
              47.72952999998884
            ],
            [
              -117.41304000008749,
              47.72958599984569
            ],
            [
              -117.41335599955667,
              47.72967999987998
            ],
            [
              -117.41365400038082,
              47.72976999972814
            ],
            [
              -117.4136259998934,
              47.72967999987998
            ],
            [
              -117.41362699971832,
              47.72909199974361
            ],
            [
              -117.41417499988938,
              47.72909999988045
            ],
            [
              -117.41417700043755,
              47.72857299972146
            ],
            [
              -117.41501400031363,
              47.72858199996501
            ],
            [
              -117.4150119997655,
              47.72853699994025
            ],
            [
              -117.41502099998631,
              47.72842400029758
            ],
            [
              -117.41505399959829,
              47.728292999827396
            ],
            [
              -117.41510100035227,
              47.728183999793956
            ],
            [
              -117.415075000413,
              47.726250999737005
            ],
            [
              -117.41507299986488,
              47.7260290002597
            ],
            [
              -117.41507299986488,
              47.725863000070404
            ],
            [
              -117.42202599968982,
              47.72599799970758
            ],
            [
              -117.42202599968982,
              47.72597900006181
            ],
            [
              -117.42202599968982,
              47.72592500010836
            ],
            [
              -117.42202599968982,
              47.72590699991003
            ],
            [
              -117.42202599968982,
              47.72589600025576
            ],
            [
              -117.42202599968982,
              47.725863000070404
            ],
            [
              -117.42202599968982,
              47.72585299988194
            ],
            [
              -117.42202400003998,
              47.72516100018435
            ],
            [
              -117.4220180001922,
              47.723084999715354
            ],
            [
              -117.4220170003673,
              47.72239400025443
            ],
            [
              -117.42189199979552,
              47.72237799973245
            ],
            [
              -117.42164699957314,
              47.72236999977174
            ],
            [
              -117.4209119998043,
              47.722345999882315
            ],
            [
              -117.42066699958191,
              47.72233900006358
            ],
            [
              -117.42039700014347,
              47.72233100009692
            ],
            [
              -117.41959000040463,
              47.72230899988006
            ],
            [
              -117.41932099989279,
              47.72230200005632
            ],
            [
              -117.41905099955605,
              47.72229900021791
            ],
            [
              -117.41824200016737,
              47.722290000097345
            ],
            [
              -117.41797299965553,
              47.72228799980174
            ],
            [
              -117.4177020003922,
              47.72227999982726
            ],
            [
              -117.41688899990724,
              47.72225899973724
            ],
            [
              -117.41661899957052,
              47.722251999906824
            ],
            [
              -117.41634800030718,
              47.72224500007541
            ],
            [
              -117.41553800019527,
              47.722225000120325
            ],
            [
              -117.41526799985851,
              47.72221899983015
            ],
            [
              -117.4149980004201,
              47.72221199999435
            ],
            [
              -117.41418800030817,
              47.72219099987693
            ],
            [
              -117.41391899979634,
              47.72218500018717
            ],
            [
              -117.41258700035095,
              47.72216400005886
            ],
            [
              -117.41256999973422,
              47.72051399986182
            ],
            [
              -117.4125689999093,
              47.71870599984822
            ],
            [
              -117.41257899995503,
              47.71689700030023
            ],
            [
              -117.41257399993216,
              47.716536000191944
            ],
            [
              -117.41255899986355,
              47.71545299997024
            ],
            [
              -117.41255499966559,
              47.715092999813834
            ],
            [
              -117.41282599982723,
              47.715092999813834
            ],
            [
              -117.41323500008116,
              47.715094000099775
            ],
            [
              -117.41363900031219,
              47.715096999748674
            ],
            [
              -117.41390999957552,
              47.71510000000178
            ],
            [
              -117.41417800026247,
              47.71510000000178
            ],
            [
              -117.41458400014331,
              47.71510100028758
            ],
            [
              -117.41498500000128,
              47.71510000000178
            ],
            [
              -117.41525399961483,
              47.71510000000178
            ],
            [
              -117.41538800040742,
              47.715098999715956
            ],
            [
              -117.41579099991526,
              47.715096999748674
            ],
            [
              -117.41592599963445,
              47.715096999748674
            ],
            [
              -117.41606200007689,
              47.715096999748674
            ],
            [
              -117.4164699996076,
              47.715096999748674
            ],
            [
              -117.41660600005004,
              47.715096999748674
            ],
            [
              -117.41687399983866,
              47.715096999748674
            ],
            [
              -117.41727399987171,
              47.715098000034544
            ],
            [
              -117.41768099957748,
              47.715096999748674
            ],
            [
              -117.41795099991424,
              47.715096999748674
            ],
            [
              -117.41822000042607,
              47.71509600006722
            ],
            [
              -117.41859299979666,
              47.71509600006722
            ],
            [
              -117.41902999963966,
              47.715094000099775
            ],
            [
              -117.41929999997639,
              47.715094000099775
            ],
            [
              -117.41957000031312,
              47.715092000132294
            ],
            [
              -117.41997600019401,
              47.71508899987873
            ],
            [
              -117.42038000042504,
              47.71508600022941
            ],
            [
              -117.42065099968838,
              47.71508499994332
            ],
            [
              -117.42092000020021,
              47.71508299997551
            ],
            [
              -117.4211090003461,
              47.71508200029373
            ],
            [
              -117.4213289995558,
              47.71508499994332
            ],
            [
              -117.42172699993907,
              47.715090999846325
            ],
            [
              -117.42199700027582,
              47.71509600006722
            ],
            [
              -117.42225800039171,
              47.715098999715956
            ],
            [
              -117.4224619997079,
              47.71510199996895
            ],
            [
              -117.42268699983879,
              47.71511100012251
            ],
            [
              -117.42304099984113,
              47.715122999921874
            ],
            [
              -117.42330299978194,
              47.715132999752576
            ],
            [
              -117.4234960001258,
              47.71513900025452
            ],
            [
              -117.42407799973377,
              47.71515800022755
            ],
            [
              -117.42427199990252,
              47.71516499980235
            ],
            [
              -117.42449399966037,
              47.71517100030055
            ],
            [
              -117.42516300020529,
              47.71519200022566
            ],
            [
              -117.42538599978805,
              47.715198999795895
            ],
            [
              -117.42561699976672,
              47.715205999969605
            ],
            [
              -117.42619699972487,
              47.7152260002016
            ],
            [
              -117.42630999970277,
              47.71523099980513
            ],
            [
              -117.42654099968145,
              47.71524300018127
            ],
            [
              -117.42669700021537,
              47.71524900006612
            ],
            [
              -117.42716500002052,
              47.715266999716455
            ],
            [
              -117.42732200037935,
              47.71527300020295
            ],
            [
              -117.4276210001301,
              47.71528300000487
            ],
            [
              -117.42851800028065,
              47.715314999962516
            ],
            [
              -117.42881799985629,
              47.71532600003786
            ],
            [
              -117.42910900010942,
              47.715335000152685
            ],
            [
              -117.42971699965665,
              47.71535400005428
            ],
            [
              -117.42998199997051,
              47.71536300016432
            ],
            [
              -117.43027300022366,
              47.71537299994896
            ],
            [
              -117.43068699960212,
              47.715380000099245
            ],
            [
              -117.4319300002574,
              47.71540400017574
            ],
            [
              -117.43234500035908,
              47.71541199999732
            ],
            [
              -117.43234500035908,
              47.71614600015911
            ],
            [
              -117.43234700000892,
              47.717925999734256
            ],
            [
              -117.43235600022973,
              47.71834899987147
            ],
            [
              -117.4323589997045,
              47.71847999996762
            ],
            [
              -117.43235700005465,
              47.71907100026471
            ],
            [
              -117.43235799987959,
              47.71908399996581
            ],
            [
              -117.43235100020686,
              47.71917200018163
            ],
            [
              -117.43233299976521,
              47.71943499973463
            ],
            [
              -117.43232799974234,
              47.71952400016281
            ],
            [
              -117.43233600013826,
              47.71955799972942
            ],
            [
              -117.43233299976521,
              47.719846999984675
            ],
            [
              -117.4323250002676,
              47.720646999707746
            ],
            [
              -117.43225099974944,
              47.720731999772255
            ],
            [
              -117.4322540001225,
              47.7213699998462
            ],
            [
              -117.43238499964374,
              47.72124200026842
            ],
            [
              -117.43268799959245,
              47.720944000146396
            ],
            [
              -117.43288500013425,
              47.72079999972397
            ],
            [
              -117.43347799961289,
              47.720371999828785
            ],
            [
              -117.4336759999796,
              47.720228999825686
            ],
            [
              -117.43369000022328,
              47.72021800018108
            ],
            [
              -117.433732999881,
              47.7201869997967
            ],
            [
              -117.43374799994963,
              47.72017699972724
            ],
            [
              -117.43377300006397,
              47.72018799998485
            ],
            [
              -117.43384900023194,
              47.720224000097424
            ],
            [
              -117.43387500017121,
              47.72023599992798
            ],
            [
              -117.4340359998297,
              47.72033500023754
            ],
            [
              -117.43417100044724,
              47.72040600005071
            ],
            [
              -117.43434499962619,
              47.72051200010239
            ],
            [
              -117.43440400007573,
              47.720559999747
            ],
            [
              -117.43443300038804,
              47.72058999972902
            ],
            [
              -117.43449600013723,
              47.72068199992885
            ],
            [
              -117.43452200007653,
              47.7207510001232
            ],
            [
              -117.43453499959698,
              47.72081300020234
            ],
            [
              -117.43453600032021,
              47.72093000013117
            ],
            [
              -117.43446799964984,
              47.72117199995084
            ],
            [
              -117.43437399993851,
              47.72144900016516
            ],
            [
              -117.43432500043303,
              47.72159300000236
            ],
            [
              -117.43426900035651,
              47.72171400002362
            ],
            [
              -117.43418099959466,
              47.72184900014019
            ],
            [
              -117.43411100017276,
              47.721931999747184
            ],
            [
              -117.43401099971533,
              47.722029999702755
            ],
            [
              -117.4337119999646,
              47.72227800013556
            ],
            [
              -117.43333500039607,
              47.722591999735556
            ],
            [
              -117.43320200032667,
              47.72270399980468
            ],
            [
              -117.43312199996072,
              47.72277100006543
            ],
            [
              -117.43308799962556,
              47.72279999984491
            ],
            [
              -117.43298200021864,
              47.72289400004027
            ],
            [
              -117.43275200006487,
              47.72309499983096
            ],
            [
              -117.43264099973679,
              47.72319400014631
            ],
            [
              -117.43238499964374,
              47.723417999872396
            ],
            [
              -117.43216000041117,
              47.72361699981388
            ],
            [
              -117.43196799989224,
              47.72380199975179
            ],
            [
              -117.43188400022665,
              47.72391300012433
            ],
            [
              -117.4317960003631,
              47.72406799984045
            ],
            [
              -117.43177399972349,
              47.72411099987491
            ],
            [
              -117.43171500017225,
              47.724233999707224
            ],
            [
              -117.43166599976846,
              47.72438399974348
            ],
            [
              -117.43163999982919,
              47.72453799976642
            ],
            [
              -117.43163800017935,
              47.72462200002652
            ],
            [
              -117.43164700040019,
              47.72473600016282
            ],
            [
              -117.43169799955551,
              47.72492799982846
            ],
            [
              -117.43178600031736,
              47.72517099990137
            ],
            [
              -117.4319169998386,
              47.725462000011504
            ],
            [
              -117.43222900000812,
              47.72605200018963
            ],
            [
              -117.43230199980307,
              47.726209999801355
            ],
            [
              -117.43239700023763,
              47.72647300008093
            ],
            [
              -117.43241300013116,
              47.72653800019583
            ],
            [
              -117.43241899997892,
              47.726560999900954
            ],
            [
              -117.43244099972024,
              47.726818999917185
            ],
            [
              -117.43244800029125,
              47.72712099988662
            ],
            [
              -117.43244800029125,
              47.72751899972098
            ],
            [
              -117.43244099972024,
              47.72774000005568
            ],
            [
              -117.43243900007043,
              47.72782900019357
            ],
            [
              -117.43248900029914,
              47.72859300026055
            ],
            [
              -117.43248900029914,
              47.72891299998612
            ],
            [
              -117.43246500000969,
              47.729008000045425
            ],
            [
              -117.43245800033701,
              47.72902899983163
            ],
            [
              -117.43243999989535,
              47.72909199974361
            ],
            [
              -117.43243400004756,
              47.72911400011696
            ],
            [
              -117.43240399991032,
              47.72921399988406
            ],
            [
              -117.43232100006965,
              47.72944099973643
            ],
            [
              -117.43225999997028,
              47.72956500028408
            ],
            [
              -117.43216600025896,
              47.729759000285426
            ],
            [
              -117.43159600034654,
              47.730857000159716
            ],
            [
              -117.43153400042227,
              47.730978999790935
            ],
            [
              -117.43136399964463,
              47.731281999783214
            ],
            [
              -117.43122399990254,
              47.73162499979075
            ],
            [
              -117.43120299998618,
              47.73166299978999
            ],
            [
              -117.4309669999846,
              47.73209599976297
            ],
            [
              -117.430875999748,
              47.73229299987075
            ],
            [
              -117.43082100039476,
              47.73244800002666
            ],
            [
              -117.43078700005957,
              47.73258699991841
            ],
            [
              -117.43078100021178,
              47.73271500001648
            ],
            [
              -117.43078600023465,
              47.732809999786774
            ],
            [
              -117.4307920000824,
              47.73291699991834
            ],
            [
              -117.43081899984662,
              47.73322299992815
            ],
            [
              -117.43081999967151,
              47.733240000077366
            ],
            [
              -117.43082399986949,
              47.73329099988753
            ],
            [
              -117.43082600041762,
              47.73330800001459
            ],
            [
              -117.43083499974013,
              47.73340800018742
            ],
            [
              -117.4308540000067,
              47.733592999789394
            ],
            [
              -117.43094600006822,
              47.734448000026084
            ],
            [
              -117.43097700003037,
              47.734733000207605
            ],
            [
              -117.43097600020545,
              47.734848999777626
            ],
            [
              -117.43095899958868,
              47.73495300023488
            ],
            [
              -117.4308749999231,
              47.73526399985764
            ],
            [
              -117.43084700033403,
              47.73535399972244
            ],
            [
              -117.42954199975445,
              47.73689900003035
            ],
            [
              -117.42913699969853,
              47.73689900003035
            ],
            [
              -117.42847999974751,
              47.73771800027616
            ],
            [
              -117.42847999974751,
              47.73828000020227
            ],
            [
              -117.42725200005916,
              47.73827399994912
            ],
            [
              -117.42723299979258,
              47.73960599991025
            ],
            [
              -117.42722199992191,
              47.740159999747846
            ],
            [
              -117.4272200002721,
              47.740311000236225
            ],
            [
              -117.42721699989904,
              47.74051400007053
            ],
            [
              -117.42769999977281,
              47.74113399972
            ],
            [
              -117.42777400029095,
              47.74123000022543
            ],
            [
              -117.42800199989661,
              47.74152499973323
            ],
            [
              -117.42804899975226,
              47.74158500029886
            ],
            [
              -117.42867300009134,
              47.74196400029029
            ],
            [
              -117.42873699966545,
              47.74198899997118
            ],
            [
              -117.42883499957472,
              47.74203699975975
            ],
            [
              -117.42901000037523,
              47.742122999723314
            ],
            [
              -117.42918899957704,
              47.74212400009436
            ],
            [
              -117.43222700035834,
              47.742158000012
            ],
            [
              -117.43222200033544,
              47.742416000085
            ],
            [
              -117.4322199997873,
              47.74257200007075
            ],
            [
              -117.43221899996242,
              47.74258299982752
            ],
            [
              -117.43221899996242,
              47.742619000168446
            ],
            [
              -117.43221899996242,
              47.742631000276575
            ],
            [
              -117.4322120002897,
              47.742919999980806
            ],
            [
              -117.43220999974157,
              47.74300400019377
            ],
            [
              -117.43005099956748,
              47.74298899971262
            ],
            [
              -117.42981600028918,
              47.74298899971262
            ],
            [
              -117.42981999958882,
              47.742999000235244
            ],
            [
              -117.42994299961245,
              47.74322099986497
            ],
            [
              -117.43035000021656,
              47.743956999712445
            ],
            [
              -117.4304020000951,
              47.74405099978069
            ],
            [
              -117.43041100031594,
              47.74406599995585
            ],
            [
              -117.43044800012586,
              47.7440670002895
            ],
            [
              -117.43149099986626,
              47.74407200014549
            ],
            [
              -117.4321970002211,
              47.74407600027152
            ],
            [
              -117.4330919998235,
              47.744088999772984
            ],
            [
              -117.43577900007715,
              47.74413000013095
            ],
            [
              -117.43667500040279,
              47.7441439999511
            ],
            [
              -117.43670200016697,
              47.7441439999511
            ],
            [
              -117.43721600000288,
              47.74415099985981
            ],
            [
              -117.43884200007447,
              47.74417599969854
            ],
            [
              -117.43892800028819,
              47.74417700003013
            ],
            [
              -117.43898299964148,
              47.740552000228355
            ],
            [
              -117.43963100026998,
              47.740559999812895
            ],
            [
              -117.44347599989179,
              47.7406049997185
            ],
            [
              -117.44466299957226,
              47.74061899988255
            ],
            [
              -117.44519800022286,
              47.74062499986543
            ],
            [
              -117.44611299991676,
              47.74063600003359
            ],
            [
              -117.44613200018333,
              47.740372000189275
            ],
            [
              -117.44617800021406,
              47.73970800030131
            ],
            [
              -117.44618499988677,
              47.73938900027318
            ],
            [
              -117.44622699971957,
              47.737604000159514
            ],
            [
              -117.44624099996328,
              47.73701000028278
            ],
            [
              -117.44774099963817,
              47.7370269997998
            ],
            [
              -117.44916500004341,
              47.73704499977992
            ],
            [
              -117.45126700031607,
              47.73705799982881
            ],
            [
              -117.45224399993424,
              47.737070999874454
            ],
            [
              -117.45374500033238,
              47.737092000034295
            ],
            [
              -117.45375500037811,
              47.736903000103396
            ],
            [
              -117.45375700002793,
              47.73661299974818
            ],
            [
              -117.45375799985283,
              47.73654300014964
            ],
            [
              -117.45378600034024,
              47.73548900013422
            ],
            [
              -117.45379499966278,
              47.73517899994314
            ],
            [
              -117.45380800008154,
              47.73470100009326
            ],
            [
              -117.45381700030241,
              47.73421199976998
            ],
            [
              -117.45382300015017,
              47.733915999984745
            ],
            [
              -117.45384700043962,
              47.73274900003687
            ],
            [
              -117.45385699958705,
              47.73226100006956
            ],
            [
              -117.45386800035601,
              47.73178200005339
            ],
            [
              -117.4538750000287,
              47.73149800000552
            ],
            [
              -117.45389400029525,
              47.73034500015583
            ],
            [
              -117.45390199979289,
              47.72986600003929
            ],
            [
              -117.4544370004435,
              47.72986600003929
            ],
            [
              -117.45464400013273,
              47.72986600003929
            ],
            [
              -117.45502499989924,
              47.72987500005934
            ],
            [
              -117.45565799956083,
              47.72987600006148
            ],
            [
              -117.45581300026984,
              47.72987100005059
            ],
            [
              -117.45597800012628,
              47.72986000002502
            ],
            [
              -117.45604300042359,
              47.72986000002502
            ],
            [
              -117.45657900000081,
              47.729862000029854
            ],
            [
              -117.45699499992743,
              47.72986400003461
            ],
            [
              -117.45717499985247,
              47.72986600003929
            ],
            [
              -117.4573170001427,
              47.729879000067776
            ],
            [
              -117.45763599998492,
              47.72988500007985
            ],
            [
              -117.45824199988233,
              47.72988500007985
            ],
            [
              -117.45865899963384,
              47.7298860000818
            ],
            [
              -117.45952999984512,
              47.72988800008563
            ],
            [
              -117.45991200033488,
              47.72988900008752
            ],
            [
              -117.46153900023137,
              47.72989700010192
            ],
            [
              -117.46214199975573,
              47.72989700010192
            ],
            [
              -117.46301399979193,
              47.72989900010534
            ],
            [
              -117.46312000009713,
              47.72989900010534
            ],
            [
              -117.46344099958918,
              47.72989900010534
            ],
            [
              -117.4635479997193,
              47.72990000010702
            ],
            [
              -117.46400999967665,
              47.72990000010702
            ],
            [
              -117.46469199974204,
              47.72990000010702
            ],
            [
              -117.46555100025776,
              47.72992200013905
            ],
            [
              -117.46564400014417,
              47.72992600014387
            ],
            [
              -117.46570000022066,
              47.729929000147294
            ],
            [
              -117.46573000035788,
              47.72993100014947
            ],
            [
              -117.46579800012996,
              47.729932000150484
            ],
            [
              -117.46588000014573,
              47.72993000014839
            ],
            [
              -117.46595299994065,
              47.72993400015256
            ],
            [
              -117.46597700023011,
              47.729936000154545
            ],
            [
              -117.46666599996819,
              47.72994300016091
            ],
            [
              -117.46741499998072,
              47.729950000166326
            ],
            [
              -117.46744299956983,
              47.729950000166326
            ],
            [
              -117.4674700002323,
              47.72995100016702
            ],
            [
              -117.46749600017156,
              47.72995100016702
            ],
            [
              -117.4675260003088,
              47.72995100016702
            ],
            [
              -117.467548999875,
              47.72995100016702
            ],
            [
              -117.46756899996652,
              47.72995200016771
            ],
            [
              -117.46759499990578,
              47.72995200016771
            ],
            [
              -117.46761199962422,
              47.72995200016771
            ],
            [
              -117.4676319997157,
              47.72995200016771
            ],
            [
              -117.46766199985294,
              47.72995200016771
            ],
            [
              -117.46771399973144,
              47.72995500016962
            ],
            [
              -117.46772700015026,
              47.729914000128474
            ],
            [
              -117.46794300006033,
              47.72991300012706
            ],
            [
              -117.46922299962719,
              47.72991800013391
            ],
            [
              -117.46933300013038,
              47.72991800013391
            ],
            [
              -117.46933599960512,
              47.72993100014947
            ],
            [
              -117.46934200035119,
              47.729956000170226
            ],
            [
              -117.46936800029049,
              47.729957000170806
            ],
            [
              -117.4698829999513,
              47.729984000179265
            ],
            [
              -117.46998300040872,
              47.729989000179295
            ],
            [
              -117.46997599983771,
              47.731742000208435
            ],
            [
              -117.47016300033376,
              47.731741000242124
            ],
            [
              -117.47025799987,
              47.7317400002758
            ],
            [
              -117.47044600019099,
              47.73173899970527
            ],
            [
              -117.47077799955369,
              47.731741000242124
            ],
            [
              -117.47100600005763,
              47.731742000208435
            ],
            [
              -117.47209800020184,
              47.73174800000587
            ],
            [
              -117.47265800006849,
              47.731751999870454
            ],
            [
              -117.47261200003776,
              47.73598600023181
            ],
            [
              -117.47260000034217,
              47.73719300005172
            ],
            [
              -117.47275500015287,
              47.73719300005172
            ],
            [
              -117.47314900033818,
              47.73719300005172
            ],
            [
              -117.47405599963615,
              47.73719300005172
            ],
            [
              -117.47433199982066,
              47.7372039997367
            ],
            [
              -117.47454000023313,
              47.73721400016231
            ],
            [
              -117.47469599986874,
              47.73726499970525
            ],
            [
              -117.47484400000673,
              47.73733699986337
            ],
            [
              -117.47496399965735,
              47.73740899992194
            ],
            [
              -117.47503099960448,
              47.7374569997043
            ],
            [
              -117.4751159999933,
              47.73753999981507
            ],
            [
              -117.47516899969678,
              47.73760900003209
            ],
            [
              -117.47520200020705,
              47.73769000019644
            ],
            [
              -117.47524800023778,
              47.737791000262156
            ],
            [
              -117.47523599964391,
              47.73785500029807
            ],
            [
              -117.47520399985686,
              47.73875900025573
            ],
            [
              -117.47516299984899,
              47.742122999723314
            ],
            [
              -117.47516100019915,
              47.74226000023582
            ],
            [
              -117.47513400043496,
              47.742258999867445
            ],
            [
              -117.47509799955164,
              47.74226000023582
            ],
            [
              -117.47248999983903,
              47.74224700027766
            ],
            [
              -117.47245100037927,
              47.74397399998152
            ],
            [
              -117.4724410003335,
              47.7443759997884
            ],
            [
              -117.47243999961029,
              47.74441200009747
            ],
            [
              -117.47243899978537,
              47.74444099990888
            ],
            [
              -117.47243899978537,
              47.74446000006819
            ],
            [
              -117.47243799996048,
              47.7445339999866
            ],
            [
              -117.47243200011269,
              47.74489499997403
            ],
            [
              -117.47243200011269,
              47.74492299980315
            ],
            [
              -117.47242899973966,
              47.745104000125934
            ],
            [
              -117.47242600026489,
              47.74526500025454
            ],
            [
              -117.47242399971677,
              47.745378999905675
            ],
            [
              -117.47242299989186,
              47.74544500028898
            ],
            [
              -117.47242200006694,
              47.74545400003275
            ],
            [
              -117.47242000041713,
              47.74559199993595
            ],
            [
              -117.472417999869,
              47.745676000065565
            ],
            [
              -117.47241700004408,
              47.745764000055935
            ],
            [
              -117.47241200002121,
              47.74603300001016
            ],
            [
              -117.47241100019629,
              47.74610900009342
            ],
            [
              -117.47241100019629,
              47.74612400027955
            ],
            [
              -117.47240899964815,
              47.746214999785785
            ],
            [
              -117.47241000037137,
              47.74629999980484
            ],
            [
              -117.47239699995258,
              47.7470990000849
            ],
            [
              -117.47239600012769,
              47.74720599984665
            ],
            [
              -117.47239500030277,
              47.74728500024081
            ],
            [
              -117.47239000027989,
              47.7475650000989
            ],
            [
              -117.47238100005907,
              47.74809400004476
            ],
            [
              -117.47238000023415,
              47.74812700003562
            ],
            [
              -117.47238000023415,
              47.74813999973342
            ],
            [
              -117.47237500021129,
              47.748409999738875
            ],
            [
              -117.47235799959452,
              47.749387000069824
            ],
            [
              -117.47235799959452,
              47.74940199991528
            ],
            [
              -117.47235699976963,
              47.74942499979066
            ],
            [
              -117.4724460003564,
              47.74942400016395
            ],
            [
              -117.47247599959529,
              47.74942400016395
            ],
            [
              -117.47488300036481,
              47.74942700025207
            ],
            [
              -117.47502499975671,
              47.74942700025207
            ],
            [
              -117.47502599958162,
              47.749455000059314
            ],
            [
              -117.47502599958162,
              47.74947400020038
            ],
            [
              -117.47502499975671,
              47.74951499994075
            ],
            [
              -117.47498899977168,
              47.75162500000064
            ],
            [
              -117.47498799994679,
              47.751645999725554
            ],
            [
              -117.47496299983244,
              47.753087000069236
            ],
            [
              -117.47495799980955,
              47.75341699999135
            ],
            [
              -117.47495799980955,
              47.75342600016854
            ],
            [
              -117.47492799967235,
              47.75515500003512
            ],
            [
              -117.47492699984743,
              47.755198999886794
            ],
            [
              -117.47492699984743,
              47.755208999875336
            ],
            [
              -117.47489599988529,
              47.75695900028265
            ],
            [
              -117.47487199959583,
              47.75828899970922
            ],
            [
              -117.4748680002962,
              47.75852199996219
            ],
            [
              -117.47486499992316,
              47.75869200012338
            ],
            [
              -117.47486300027332,
              47.758793999953454
            ],
            [
              -117.47497700007614,
              47.758792999902845
            ],
            [
              -117.47604800030395,
              47.75878700020243
            ],
            [
              -117.47877599966718,
              47.7587699999404
            ],
            [
              -117.47915399995897,
              47.758766999787035
            ],
            [
              -117.48276099992941,
              47.75874499986465
            ],
            [
              -117.48403700019664,
              47.75873600000355
            ],
            [
              -117.48425599958142,
              47.75873499995183
            ],
            [
              -117.48483800008769,
              47.75873199979638
            ],
            [
              -117.485084000135,
              47.758730000296616
            ],
            [
              -117.4851410000364,
              47.758730000296616
            ],
            [
              -117.4851970001129,
              47.75872900024472
            ],
            [
              -117.48560700019172,
              47.75872700014088
            ],
            [
              -117.489652999655,
              47.75871600017245
            ],
            [
              -117.49097900015093,
              47.75871300001596
            ],
            [
              -117.49104400044826,
              47.75871199996375
            ],
            [
              -117.49352400011438,
              47.758706000253994
            ],
            [
              -117.49373599982647,
              47.758705000201644
            ],
            [
              -117.49514099996516,
              47.758700999992094
            ],
            [
              -117.49567400006762,
              47.758699999939694
            ],
            [
              -117.49579700009126,
              47.758699999939694
            ],
            [
              -117.49591900029,
              47.758698999887216
            ],
            [
              -117.49597299981838,
              47.758698999887216
            ],
            [
              -117.49603499974265,
              47.758698999887216
            ],
            [
              -117.49769500014942,
              47.758697999834745
            ],
            [
              -117.49787400024957,
              47.758698999887216
            ],
            [
              -117.50187700005512,
              47.758699999939694
            ],
            [
              -117.5073100001137,
              47.75870200004453
            ],
            [
              -117.50999900001719,
              47.758703000096936
            ],
            [
              -117.5103170000345,
              47.758703000096936
            ],
            [
              -117.51257300029296,
              47.75870400014932
            ],
            [
              -117.51370800009488,
              47.75870400014932
            ],
            [
              -117.51478299962235,
              47.758705000201644
            ],
            [
              -117.51486200016336,
              47.758705000201644
            ],
            [
              -117.51535199970982,
              47.758705000201644
            ],
            [
              -117.5159900002926,
              47.758705000201644
            ],
            [
              -117.517766000152,
              47.758705000201644
            ],
            [
              -117.51802600044302,
              47.758706000253994
            ],
            [
              -117.51809199966694,
              47.758705000201644
            ],
            [
              -117.51972199993651,
              47.75868799991283
            ],
            [
              -117.52066900031575,
              47.75867799998899
            ],
            [
              -117.52132299989375,
              47.7586830002531
            ],
            [
              -117.52099400000576,
              47.75857299976693
            ],
            [
              -117.52084099984488,
              47.758506000273684
            ],
            [
              -117.52082400012645,
              47.758497999823675
            ],
            [
              -117.52066400029285,
              47.75842800006087
            ],
            [
              -117.5202369995973,
              47.758209000255164
            ],
            [
              -117.52007299956577,
              47.75812499982039
            ],
            [
              -117.51939999972122,
              47.75770300030025
            ],
            [
              -117.51901899995468,
              47.75739599975507
            ],
            [
              -117.51873699992241,
              47.75718200024123
            ],
            [
              -117.51862899996738,
              47.75709300014759
            ],
            [
              -117.51824700037595,
              47.75677800012004
            ],
            [
              -117.51812299962907,
              47.756679999722486
            ],
            [
              -117.51698100015446,
              47.75577399973003
            ],
            [
              -117.51499500023273,
              47.75419700010834
            ],
            [
              -117.51355699958381,
              47.75305599992146
            ],
            [
              -117.51241599993412,
              47.752150999819825
            ],
            [
              -117.51238699962178,
              47.75212900011995
            ],
            [
              -117.51194899995389,
              47.75179800030057
            ],
            [
              -117.5117520003104,
              47.75164800010159
            ],
            [
              -117.51135099955408,
              47.7513450002411
            ],
            [
              -117.51102300038934,
              47.75108799992756
            ],
            [
              -117.5106409998996,
              47.75080200028162
            ],
            [
              -117.51056399990672,
              47.75074500008406
            ],
            [
              -117.51020300023167,
              47.75047399990159
            ],
            [
              -117.50915899976805,
              47.74964399972339
            ],
            [
              -117.50909400036905,
              47.749587000069575
            ],
            [
              -117.50893199998733,
              47.74944299971232
            ],
            [
              -117.50863599971133,
              47.74915200011489
            ],
            [
              -117.50824499989909,
              47.74870799976088
            ],
            [
              -117.50803499983678,
              47.74841499978172
            ],
            [
              -117.50775000032974,
              47.74786899987878
            ],
            [
              -117.50761200023749,
              47.747507999980236
            ],
            [
              -117.50751799962785,
              47.74716700004364
            ],
            [
              -117.50743399996226,
              47.746582000096154
            ],
            [
              -117.50742499974142,
              47.746204999880995
            ],
            [
              -117.50743599961208,
              47.745855999886814
            ],
            [
              -117.50748400019097,
              47.74443800013743
            ],
            [
              -117.50747599979506,
              47.74338000029136
            ],
            [
              -117.50747699961998,
              47.741901000243814
            ],
            [
              -117.50747699961998,
              47.74172900004523
            ],
            [
              -117.50747800034318,
              47.74166400016287
            ],
            [
              -117.50747999999301,
              47.74158699985339
            ],
            [
              -117.50749199968855,
              47.74104299978847
            ],
            [
              -117.5074930004118,
              47.7410029998081
            ],
            [
              -117.50655600007828,
              47.74100499998909
            ],
            [
              -117.50437900036088,
              47.74101099992749
            ],
            [
              -117.50427999972835,
              47.741011999715745
            ],
            [
              -117.5039650000841,
              47.74101500028873
            ],
            [
              -117.50394400016766,
              47.740947999935955
            ],
            [
              -117.50377199974024,
              47.740406999842875
            ],
            [
              -117.50376599989244,
              47.74022999992069
            ],
            [
              -117.50375699967162,
              47.74010599999901
            ],
            [
              -117.50374199960302,
              47.739924999816985
            ],
            [
              -117.50372200040984,
              47.73970300002618
            ],
            [
              -117.50370599961799,
              47.739496000176636
            ],
            [
              -117.5036989999453,
              47.73941700004333
            ],
            [
              -117.50369800012038,
              47.73940700004086
            ],
            [
              -117.50368300005178,
              47.73930200020088
            ],
            [
              -117.50367600037907,
              47.73925900002121
            ],
            [
              -117.50366299996028,
              47.73918199977928
            ],
            [
              -117.50359000016535,
              47.73858399983774
            ],
            [
              -117.50357699974656,
              47.7384940001187
            ],
            [
              -117.50357000007388,
              47.73844299996719
            ],
            [
              -117.50353300026396,
              47.7382870002953
            ],
            [
              -117.50347800001236,
              47.73811600008311
            ],
            [
              -117.50347200016458,
              47.73809899971334
            ],
            [
              -117.50344500040039,
              47.738003999925894
            ],
            [
              -117.50341299971502,
              47.73788899998311
            ],
            [
              -117.50336699968429,
              47.73775600005818
            ],
            [
              -117.50331399998083,
              47.73762100008677
            ],
            [
              -117.5032470000337,
              47.73748099988094
            ],
            [
              -117.50319199978209,
              47.737379999818025
            ],
            [
              -117.50317800043669,
              47.73735099969796
            ],
            [
              -117.50317199969061,
              47.73733699986337
            ],
            [
              -117.50315499997218,
              47.73730000023925
            ],
            [
              -117.50312700038309,
              47.73725099984755
            ],
            [
              -117.50310399991855,
              47.73721000011316
            ],
            [
              -117.50309899989568,
              47.73719600024066
            ],
            [
              -117.50308800002503,
              47.73718300022618
            ],
            [
              -117.50306399973557,
              47.73714099997148
            ],
            [
              -117.50304700001713,
              47.73711400004878
            ],
            [
              -117.50303000029871,
              47.7370860002484
            ],
            [
              -117.50295099975767,
              47.73693400020622
            ],
            [
              -117.50289100038151,
              47.736853000074085
            ],
            [
              -117.50284899965042,
              47.73679499983486
            ],
            [
              -117.50278500007632,
              47.73670500004413
            ],
            [
              -117.50276699963466,
              47.736678999766845
            ],
            [
              -117.50274099969539,
              47.736642000279296
            ],
            [
              -117.5027060004336,
              47.73659299987247
            ],
            [
              -117.50268399979397,
              47.73656399991823
            ],
            [
              -117.50265500037997,
              47.73652300024703
            ],
            [
              -117.50257300036422,
              47.73640899993056
            ],
            [
              -117.50248600032559,
              47.736303000207336
            ],
            [
              -117.50239500008898,
              47.73619300014094
            ],
            [
              -117.50226399966944,
              47.73605099995334
            ],
            [
              -117.50222199983662,
              47.736009999878156
            ],
            [
              -117.50217900017891,
              47.7359679998856
            ],
            [
              -117.50216199956216,
              47.73595199990829
            ],
            [
              -117.50210600038398,
              47.73589200010057
            ],
            [
              -117.50211399988159,
              47.73537800026427
            ],
            [
              -117.50216499993519,
              47.73362300012016
            ],
            [
              -117.5021630002854,
              47.73360400023489
            ],
            [
              -117.49952100023755,
              47.73360799995691
            ],
            [
              -117.4994590003133,
              47.73360799995691
            ],
            [
              -117.49930000030461,
              47.73360799995691
            ],
            [
              -117.49928000021312,
              47.73359199985863
            ],
            [
              -117.49925300044896,
              47.73356900023738
            ],
            [
              -117.49839999978103,
              47.732842999799985
            ],
            [
              -117.49686699959584,
              47.73167100013607
            ],
            [
              -117.49682200028833,
              47.73163600004776
            ],
            [
              -117.49685400007539,
              47.730083000090445
            ],
            [
              -117.4968559997252,
              47.7300270001638
            ],
            [
              -117.49685700044841,
              47.73000100017737
            ],
            [
              -117.49694699996179,
              47.73000100017737
            ],
            [
              -117.4970950000998,
              47.730004000176464
            ],
            [
              -117.49714600015344,
              47.73000300017678
            ],
            [
              -117.49860399999554,
              47.730008000175
            ],
            [
              -117.50105500024766,
              47.730004000176464
            ],
            [
              -117.50149299991557,
              47.73003800015415
            ],
            [
              -117.50184100007012,
              47.730052000138514
            ],
            [
              -117.50201799962211,
              47.730052000138514
            ],
            [
              -117.50207500042184,
              47.730052000138514
            ],
            [
              -117.50218099982875,
              47.73004700014453
            ],
            [
              -117.50222000018681,
              47.7300450001468
            ],
            [
              -117.50234400003536,
              47.73003500015701
            ],
            [
              -117.50239799956374,
              47.73001100017368
            ],
            [
              -117.50448099956981,
              47.730007000175384
            ],
            [
              -117.50737700006084,
              47.730000000177625
            ],
            [
              -117.50784900006396,
              47.72999600017849
            ],
            [
              -117.5094299999297,
              47.72997600017822
            ],
            [
              -117.51034200014887,
              47.72996000017243
            ],
            [
              -117.5107179998925,
              47.72996000017243
            ],
            [
              -117.5108369997182,
              47.729845999989045
            ],
            [
              -117.5109089996882,
              47.729776999756815
            ],
            [
              -117.51095399989407,
              47.72973400017007
            ],
            [
              -117.511062999674,
              47.72963200017936
            ],
            [
              -117.51115399991059,
              47.7295620002597
            ],
            [
              -117.51178599974726,
              47.72907300001795
            ],
            [
              -117.51187600015895,
              47.72899499979948
            ],
            [
              -117.51235099963678,
              47.72858500004584
            ],
            [
              -117.51278400018015,
              47.72821300018548
            ],
            [
              -117.51320500012963,
              47.72776900009015
            ],
            [
              -117.51350700025341,
              47.727343000148075
            ],
            [
              -117.5137039998969,
              47.72691799980196
            ],
            [
              -117.51404500037877,
              47.726313999987944
            ],
            [
              -117.51421600008297,
              47.72587100009894
            ],
            [
              -117.51442500032036,
              47.72541799979602
            ],
            [
              -117.5145039999631,
              47.72498399979905
            ],
            [
              -117.51458299960578,
              47.72458499982792
            ],
            [
              -117.51451599965864,
              47.72384000002029
            ],
            [
              -117.51422600012873,
              47.72278400005196
            ],
            [
              -117.51380500017926,
              47.722057000194596
            ],
            [
              -117.51315599972584,
              47.72155600006959
            ],
            [
              -117.5130970001746,
              47.721511000017955
            ],
            [
              -117.51305500034181,
              47.72148799989598
            ],
            [
              -117.51300699976291,
              47.72146199987724
            ],
            [
              -117.51298099982364,
              47.721448000001224
            ],
            [
              -117.51291100040177,
              47.721409999800805
            ],
            [
              -117.51289499960993,
              47.72140100013099
            ],
            [
              -117.51257800031583,
              47.721230000065276
            ],
            [
              -117.51250799999563,
              47.721191999705844
            ],
            [
              -117.51247500038366,
              47.721174999854135
            ],
            [
              -117.51237800029928,
              47.72114400003922
            ],
            [
              -117.51218800032848,
              47.72108199974965
            ],
            [
              -117.51171600032539,
              47.72093000013117
            ],
            [
              -117.51079499988538,
              47.7207510001232
            ],
            [
              -117.51014600033028,
              47.72062300023324
            ],
            [
              -117.50969000022071,
              47.72053300029228
            ],
            [
              -117.50837600031865,
              47.720577999980044
            ],
            [
              -117.50751400032819,
              47.7206760000653
            ],
            [
              -117.50745099968069,
              47.72068300010749
            ],
            [
              -117.50728300034952,
              47.720703000050214
            ],
            [
              -117.50625200030466,
              47.72086299991997
            ],
            [
              -117.50545200023852,
              47.72089500007672
            ],
            [
              -117.50476900034823,
              47.72092700021377
            ],
            [
              -117.50460699996648,
              47.72091099984555
            ],
            [
              -117.5036839998767,
              47.72081900005011
            ],
            [
              -117.50281299966542,
              47.72092899995728
            ],
            [
              -117.50187299985714,
              47.72091700028638
            ],
            [
              -117.50180500008508,
              47.72091700028638
            ],
            [
              -117.50073999970506,
              47.72052699980722
            ],
            [
              -117.49999099969251,
              47.72010099986191
            ],
            [
              -117.49958300016185,
              47.719684000027335
            ],
            [
              -117.49930199995444,
              47.71946199975834
            ],
            [
              -117.49906799960273,
              47.719277000121004
            ],
            [
              -117.49888199982988,
              47.719129000300775
            ],
            [
              -117.49887400033226,
              47.71907799991823
            ],
            [
              -117.49884400019506,
              47.71885799991181
            ],
            [
              -117.49881599970763,
              47.718657999704206
            ],
            [
              -117.49880800021006,
              47.71859999974817
            ],
            [
              -117.49886000008858,
              47.71843200021977
            ],
            [
              -117.49917599955774,
              47.7174079998992
            ],
            [
              -117.49931799984799,
              47.716950000296414
            ],
            [
              -117.50010899969331,
              47.7154979998149
            ],
            [
              -117.50015700027218,
              47.7154109997175
            ],
            [
              -117.50028500031871,
              47.71522699988062
            ],
            [
              -117.50029299981632,
              47.715213999821586
            ],
            [
              -117.50071799996375,
              47.71460399972772
            ],
            [
              -117.50077900006312,
              47.714516000258286
            ],
            [
              -117.50087100012465,
              47.71438400017113
            ],
            [
              -117.50093800007178,
              47.714287000035846
            ],
            [
              -117.50128700005124,
              47.71378499982782
            ],
            [
              -117.50131200016561,
              47.71318799989268
            ],
            [
              -117.50132300003627,
              47.712923000185896
            ],
            [
              -117.50125400043929,
              47.712723999891864
            ],
            [
              -117.50122799960171,
              47.7126489997631
            ],
            [
              -117.50119099979176,
              47.71254099996829
            ],
            [
              -117.50090100026186,
              47.71170400001393
            ],
            [
              -117.50070200007025,
              47.711131000042926
            ],
            [
              -117.50075200029896,
              47.71071200021146
            ],
            [
              -117.50079300030683,
              47.710367999926355
            ],
            [
              -117.50033800002217,
              47.708564000081346
            ],
            [
              -117.50023900028798,
              47.70817199999356
            ],
            [
              -117.49996999977614,
              47.707104999810824
            ],
            [
              -117.49952999956008,
              47.70676000005621
            ],
            [
              -117.49922199958851,
              47.70651900024306
            ],
            [
              -117.49832000031341,
              47.70615400015756
            ],
            [
              -117.49816999962725,
              47.70609300001989
            ],
            [
              -117.49769500014942,
              47.70590099985389
            ],
            [
              -117.49753299976773,
              47.70583500012462
            ],
            [
              -117.49648500000441,
              47.70541100009099
            ],
            [
              -117.49460600021285,
              47.70434500010024
            ],
            [
              -117.49443399978541,
              47.70413399978708
            ],
            [
              -117.49414300043058,
              47.70377499992442
            ],
            [
              -117.49314599982259,
              47.70254799980721
            ],
            [
              -117.49214200044025,
              47.70138399999841
            ],
            [
              -117.49221000021231,
              47.70113499991826
            ],
            [
              -117.49226000044102,
              47.700951999807664
            ],
            [
              -117.49230499974855,
              47.700788000034905
            ],
            [
              -117.49233999990867,
              47.70065900011659
            ],
            [
              -117.49236099982505,
              47.70058400015792
            ],
            [
              -117.49256000001671,
              47.700450999885305
            ],
            [
              -117.49262600013893,
              47.70040699970677
            ],
            [
              -117.49293499993541,
              47.70020200018547
            ],
            [
              -117.49326700019644,
              47.6999809997131
            ],
            [
              -117.49338099999925,
              47.69990500001537
            ],
            [
              -117.49402999955437,
              47.69947400024638
            ],
            [
              -117.49439000030279,
              47.69923399998505
            ],
            [
              -117.49468599968047,
              47.69904099995841
            ],
            [
              -117.49588900015276,
              47.69859499972933
            ],
            [
              -117.49596699997056,
              47.69856699977745
            ],
            [
              -117.49677399970943,
              47.698267999958254
            ],
            [
              -117.49683300015899,
              47.69818600014705
            ],
            [
              -117.49683999983168,
              47.698176000087514
            ],
            [
              -117.49755799988209,
              47.69718399976482
            ],
            [
              -117.49754799983633,
              47.69705299994298
            ],
            [
              -117.49754299981346,
              47.6969950001245
            ],
            [
              -117.49754000033873,
              47.69695500017037
            ],
            [
              -117.49753100011789,
              47.69683900025077
            ],
            [
              -117.49751900042233,
              47.69669799982377
            ],
            [
              -117.49744800027722,
              47.695793000141094
            ],
            [
              -117.49726599980403,
              47.69531699993718
            ],
            [
              -117.49690299958087,
              47.6943710002702
            ],
            [
              -117.49688199966447,
              47.69431500004719
            ],
            [
              -117.49672000018109,
              47.694250000241944
            ],
            [
              -117.49662399992161,
              47.69421100007807
            ],
            [
              -117.49644300017165,
              47.69413800008049
            ],
            [
              -117.49640200016377,
              47.69412899993291
            ],
            [
              -117.49632000014797,
              47.694090000283154
            ],
            [
              -117.49554299964805,
              47.693774999949966
            ],
            [
              -117.49458199992341,
              47.69338700029301
            ],
            [
              -117.49450999995338,
              47.69335899996296
            ],
            [
              -117.49423200011904,
              47.69337200003167
            ],
            [
              -117.49398900044478,
              47.69338299990125
            ],
            [
              -117.4938630000481,
              47.693388999884085
            ],
            [
              -117.49310800018777,
              47.69342499976667
            ],
            [
              -117.49243100014525,
              47.693456999843
            ],
            [
              -117.49099599986938,
              47.69404299992234
            ],
            [
              -117.4907790001344,
              47.69413100010019
            ],
            [
              -117.49065500028583,
              47.69418200010784
            ],
            [
              -117.48883800041851,
              47.69492299985525
            ],
            [
              -117.48457100012402,
              47.696191999916216
            ],
            [
              -117.4825099998592,
              47.69668499997961
            ],
            [
              -117.48075900011416,
              47.69674500021003
            ],
            [
              -117.48062100002191,
              47.69674899973923
            ],
            [
              -117.4803389999896,
              47.69675900007246
            ],
            [
              -117.48033300014181,
              47.69706500027268
            ],
            [
              -117.48029100030902,
              47.69706000013566
            ],
            [
              -117.47950200011351,
              47.69696299980088
            ],
            [
              -117.47911499960091,
              47.69691700024595
            ],
            [
              -117.4790510000268,
              47.69690900000376
            ],
            [
              -117.4789530001175,
              47.696888999997554
            ],
            [
              -117.47874899990302,
              47.69684699989909
            ],
            [
              -117.47853899984074,
              47.69679600007947
            ],
            [
              -117.47850600022876,
              47.696786999786035
            ],
            [
              -117.47821699962545,
              47.696671000097304
            ],
            [
              -117.47797700032424,
              47.696563999879366
            ],
            [
              -117.47762199959872,
              47.69639399996871
            ],
            [
              -117.47730600012952,
              47.69624399976507
            ],
            [
              -117.4768540002179,
              47.69601799981233
            ],
            [
              -117.47656899981254,
              47.69587600013821
            ],
            [
              -117.47627500008467,
              47.69568000021669
            ],
            [
              -117.4760650000224,
              47.695574999890916
            ],
            [
              -117.47600700029608,
              47.69554600007462
            ],
            [
              -117.47573299976135,
              47.695357999998755
            ],
            [
              -117.47553899959262,
              47.69529900004745
            ],
            [
              -117.47550099995777,
              47.69528399973147
            ],
            [
              -117.47534500032216,
              47.69522200011307
            ],
            [
              -117.47515399962812,
              47.695147000193316
            ],
            [
              -117.47490400028121,
              47.69507400029682
            ],
            [
              -117.4748549998774,
              47.69506699983752
            ],
            [
              -117.47479299995312,
              47.69505999998198
            ],
            [
              -117.47477399968653,
              47.69505799985029
            ],
            [
              -117.47473100002883,
              47.69505300012544
            ],
            [
              -117.47464700036326,
              47.69501500002418
            ],
            [
              -117.47452099996654,
              47.69495899988812
            ],
            [
              -117.47335000017965,
              47.694438000080126
            ],
            [
              -117.47273599988631,
              47.69416399982628
            ],
            [
              -117.47239199992971,
              47.693932000008395
            ],
            [
              -117.47230099969312,
              47.69386999999174
            ],
            [
              -117.47228800017263,
              47.6938619998867
            ],
            [
              -117.47205499964582,
              47.693747999919275
            ],
            [
              -117.47166300000868,
              47.69355500014353
            ],
            [
              -117.47143200002998,
              47.69341500000336
            ],
            [
              -117.47138699982413,
              47.69338700029301
            ],
            [
              -117.47131099965615,
              47.693341000001965
            ],
            [
              -117.47094499995826,
              47.693283999782246
            ],
            [
              -117.47074999996458,
              47.69323800000506
            ],
            [
              -117.47052900003165,
              47.69318500008001
            ],
            [
              -117.47032399999225,
              47.69310200003206
            ],
            [
              -117.47016199961054,
              47.69303699992417
            ],
            [
              -117.46987600027857,
              47.692988000217134
            ],
            [
              -117.46983100007276,
              47.6929739999469
            ],
            [
              -117.46972700031567,
              47.692954999746846
            ],
            [
              -117.46960099991898,
              47.69293299982485
            ],
            [
              -117.46950800003255,
              47.692908000177006
            ],
            [
              -117.46941500014613,
              47.69286300017609
            ],
            [
              -117.46932599955936,
              47.69283099973526
            ],
            [
              -117.46923600004598,
              47.6927769998916
            ],
            [
              -117.46918599981727,
              47.69273699972503
            ],
            [
              -117.46916499990087,
              47.69272000026474
            ],
            [
              -117.46909499958068,
              47.69264699999388
            ],
            [
              -117.46905600012094,
              47.69263300023676
            ],
            [
              -117.46900300041749,
              47.692612999799735
            ],
            [
              -117.46893700029524,
              47.69256400029899
            ],
            [
              -117.46892499970136,
              47.692554999879746
            ],
            [
              -117.46891399983069,
              47.692535000017486
            ],
            [
              -117.46889399973922,
              47.69249699989524
            ],
            [
              -117.46887799984572,
              47.69246700006564
            ],
            [
              -117.46886299977709,
              47.69243899984628
            ],
            [
              -117.46875999984492,
              47.69237799998576
            ],
            [
              -117.46875300017223,
              47.6923700002565
            ],
            [
              -117.46874399995141,
              47.69235800005562
            ],
            [
              -117.4687160003623,
              47.69232300015941
            ],
            [
              -117.4686300001486,
              47.69227499990077
            ],
            [
              -117.46857900009496,
              47.69225600005072
            ],
            [
              -117.46841699971326,
              47.69215499996783
            ],
            [
              -117.46838099972825,
              47.692132999708285
            ],
            [
              -117.46829500041284,
              47.692079999869534
            ],
            [
              -117.46826199990254,
              47.69205200004701
            ],
            [
              -117.46823000011551,
              47.6920259998529
            ],
            [
              -117.46818699955948,
              47.6919639999888
            ],
            [
              -117.46815999979529,
              47.69194200025336
            ],
            [
              -117.46811700013758,
              47.69190599995167
            ],
            [
              -117.46803900031979,
              47.69184699972257
            ],
            [
              -117.46801599985525,
              47.69182600006566
            ],
            [
              -117.46799199956581,
              47.691804000272
            ],
            [
              -117.46797700039552,
              47.69178900016001
            ],
            [
              -117.46793499966441,
              47.69175700026949
            ],
            [
              -117.46790399970227,
              47.69173300018755
            ],
            [
              -117.46788100013603,
              47.69171599979525
            ],
            [
              -117.46783699975511,
              47.69168399985994
            ],
            [
              -117.46778300022676,
              47.691626000116095
            ],
            [
              -117.46776899998305,
              47.69159999970953
            ],
            [
              -117.46775200026461,
              47.69156799970304
            ],
            [
              -117.46769000034034,
              47.69152700028959
            ],
            [
              -117.46766299967784,
              47.691509000300925
            ],
            [
              -117.4676450001345,
              47.6914869997689
            ],
            [
              -117.46761199962422,
              47.69144600029176
            ],
            [
              -117.4675320001566,
              47.691395000026986
            ],
            [
              -117.46751600026306,
              47.691375999856376
            ],
            [
              -117.4674979998214,
              47.69135299973599
            ],
            [
              -117.46748799977564,
              47.69134099990574
            ],
            [
              -117.46742599985137,
              47.691294000090636
            ],
            [
              -117.46740999995785,
              47.69128200024686
            ],
            [
              -117.46738700039164,
              47.69126300003502
            ],
            [
              -117.46733999963766,
              47.69122400005592
            ],
            [
              -117.46724299955328,
              47.691170999898
            ],
            [
              -117.46722900020788,
              47.69116199984299
            ],
            [
              -117.46718499982696,
              47.691129000031204
            ],
            [
              -117.46714700019211,
              47.691088999809935
            ],
            [
              -117.46712999957538,
              47.69107100027478
            ],
            [
              -117.46710000033646,
              47.691012999849185
            ],
            [
              -117.46704300043505,
              47.69095399981918
            ],
            [
              -117.46695999969604,
              47.69092300016615
            ],
            [
              -117.46695200019845,
              47.690865000180594
            ],
            [
              -117.46689799977176,
              47.69080700013058
            ],
            [
              -117.46688799972604,
              47.690772999946155
            ],
            [
              -117.46687799968028,
              47.69073999988822
            ],
            [
              -117.46685199974104,
              47.690690999836995
            ],
            [
              -117.46684500006833,
              47.69063300019812
            ],
            [
              -117.46688500025131,
              47.690572000039204
            ],
            [
              -117.4668860000762,
              47.69045900028987
            ],
            [
              -117.46688899955095,
              47.69043500021523
            ],
            [
              -117.46690199996975,
              47.690342000275315
            ],
            [
              -117.46689699994685,
              47.69029800003136
            ],
            [
              -117.46689500029704,
              47.69028400024831
            ],
            [
              -117.46689600012196,
              47.690226000156855
            ],
            [
              -117.46691000036566,
              47.69016900016045
            ],
            [
              -117.46691500038854,
              47.690138000040804
            ],
            [
              -117.46692000041139,
              47.69010999978037
            ],
            [
              -117.46692100023631,
              47.69005200010006
            ],
            [
              -117.46691700003834,
              47.69002300023571
            ],
            [
              -117.46691399966531,
              47.689993999750534
            ],
            [
              -117.46690500034278,
              47.68996199996796
            ],
            [
              -117.46689799977176,
              47.68993599994121
            ],
            [
              -117.46685699976389,
              47.68988600017894
            ],
            [
              -117.46684300041852,
              47.68984699977479
            ],
            [
              -117.46685400028917,
              47.689839000261934
            ],
            [
              -117.46691399966531,
              47.6897980000939
            ],
            [
              -117.46700599972682,
              47.689752999828144
            ],
            [
              -117.46701099974969,
              47.68973799973092
            ],
            [
              -117.46702300034356,
              47.689697000088195
            ],
            [
              -117.46702800036643,
              47.689641000288084
            ],
            [
              -117.46705799960534,
              47.68960100013491
            ],
            [
              -117.46706900037432,
              47.68958599999397
            ],
            [
              -117.46710100016138,
              47.68953100024656
            ],
            [
              -117.46714100034436,
              47.6894750002682
            ],
            [
              -117.46717200030649,
              47.689419999799036
            ],
            [
              -117.46721599978909,
              47.689364999876574
            ],
            [
              -117.4672300000328,
              47.689353000193655
            ],
            [
              -117.4672790004366,
              47.68930999989611
            ],
            [
              -117.46733100031513,
              47.68925400028517
            ],
            [
              -117.46734100036089,
              47.6892349999392
            ],
            [
              -117.46735999972913,
              47.68919900018765
            ],
            [
              -117.46744299956983,
              47.68914800014434
            ],
            [
              -117.4674700002323,
              47.68912500025076
            ],
            [
              -117.46748399957772,
              47.68911400008774
            ],
            [
              -117.46750799986714,
              47.68909299993504
            ],
            [
              -117.46755899992078,
              47.68903599990979
            ],
            [
              -117.4675820003853,
              47.68900899984423
            ],
            [
              -117.4676109997993,
              47.68897500030174
            ],
            [
              -117.46768100011953,
              47.68892500022286
            ],
            [
              -117.46771100025674,
              47.68889800009989
            ],
            [
              -117.46776999980797,
              47.68884399981197
            ],
            [
              -117.46780999999093,
              47.68880700020949
            ],
            [
              -117.46784199977799,
              47.688791000258895
            ],
            [
              -117.46789600020468,
              47.68876200029809
            ],
            [
              -117.46791000044836,
              47.688741000003624
            ],
            [
              -117.46791700012106,
              47.68872900017709
            ],
            [
              -117.46792700016681,
              47.68871399978535
            ],
            [
              -117.46793300001457,
              47.688703999723415
            ],
            [
              -117.46800800035766,
              47.68864800006652
            ],
            [
              -117.46809200002323,
              47.68862300017869
            ],
            [
              -117.46810399971882,
              47.688616000062815
            ],
            [
              -117.4681799998868,
              47.68857200017682
            ],
            [
              -117.46826399955238,
              47.68852100012512
            ],
            [
              -117.46835099959102,
              47.68846599985929
            ],
            [
              -117.46839699962176,
              47.6884379999106
            ],
            [
              -117.46843199978187,
              47.68841700009039
            ],
            [
              -117.46851600034577,
              47.68838300016201
            ],
            [
              -117.46859900018646,
              47.68835200019017
            ],
            [
              -117.46864799969194,
              47.68833099973062
            ],
            [
              -117.46868399967697,
              47.688315999829136
            ],
            [
              -117.46876499986782,
              47.68829300017337
            ],
            [
              -117.46878499995928,
              47.68828499981748
            ],
            [
              -117.46879900020298,
              47.68827700006504
            ],
            [
              -117.46885100008153,
              47.68824900001493
            ],
            [
              -117.46893499974712,
              47.688216999766375
            ],
            [
              -117.4690040002424,
              47.688207000213815
            ],
            [
              -117.469019000311,
              47.68820499981932
            ],
            [
              -117.46906100014381,
              47.68819400006699
            ],
            [
              -117.46910200015168,
              47.68818299970762
            ],
            [
              -117.46919199966506,
              47.6881700001595
            ],
            [
              -117.46920599990877,
              47.68816199978475
            ],
            [
              -117.46922900037329,
              47.68814800003304
            ],
            [
              -117.46927000038117,
              47.68812400010437
            ],
            [
              -117.46935400004678,
              47.68808200020265
            ],
            [
              -117.46940799957515,
              47.68806300003438
            ],
            [
              -117.46943799971235,
              47.68805299984763
            ],
            [
              -117.46952099955303,
              47.688048000055836
            ],
            [
              -117.46960699976674,
              47.68804600025993
            ],
            [
              -117.46968799995761,
              47.68802200028438
            ],
            [
              -117.46977300034641,
              47.6880090000914
            ],
            [
              -117.46978800041505,
              47.688007000293986
            ],
            [
              -117.46980900033144,
              47.68800600009292
            ],
            [
              -117.46982500022497,
              47.68800600009292
            ],
            [
              -117.46986000038505,
              47.68800300009427
            ],
            [
              -117.46988700014924,
              47.68799800029773
            ],
            [
              -117.4699120002636,
              47.687989999896594
            ],
            [
              -117.46994200040082,
              47.687983999897284
            ],
            [
              -117.46996900016501,
              47.68797499989701
            ],
            [
              -117.46998500005853,
              47.687970000097785
            ],
            [
              -117.47003000026437,
              47.68795900029586
            ],
            [
              -117.47006500042446,
              47.687950999888734
            ],
            [
              -117.47010300005931,
              47.687946000087216
            ],
            [
              -117.47012800017364,
              47.687944000287395
            ],
            [
              -117.47017699967915,
              47.68794199988282
            ],
            [
              -117.47021100001434,
              47.68794000008284
            ],
            [
              -117.47023799977852,
              47.68793800028279
            ],
            [
              -117.47026500044103,
              47.68793500028026
            ],
            [
              -117.4702989998779,
              47.68793100007502
            ],
            [
              -117.47031899996938,
              47.68792900027462
            ],
            [
              -117.47036900019809,
              47.687922000065605
            ],
            [
              -117.47042100007664,
              47.68791499985564
            ],
            [
              -117.47046999958212,
              47.6879070000465
            ],
            [
              -117.4705199998108,
              47.68789800003295
            ],
            [
              -117.47057000003953,
              47.68788900001784
            ],
            [
              -117.47061900044334,
              47.68788000000122
            ],
            [
              -117.47066899977374,
              47.687869999779316
            ],
            [
              -117.47071800017753,
              47.68785899995634
            ],
            [
              -117.47076699968304,
              47.687846999926876
            ],
            [
              -117.47081500026191,
              47.6878349998947
            ],
            [
              -117.4708629999425,
              47.687822999859755
            ],
            [
              -117.47091099962307,
              47.6878100002219
            ],
            [
              -117.47104299986756,
              47.6877849999324
            ],
            [
              -117.47118799963252,
              47.68775700022279
            ],
            [
              -117.4712860004401,
              47.687737999936196
            ],
            [
              -117.47133199957256,
              47.68772899989347
            ],
            [
              -117.4714610003423,
              47.68770299996299
            ],
            [
              -117.4714899997563,
              47.68769599972363
            ],
            [
              -117.47150800019796,
              47.687690999897626
            ],
            [
              -117.47152699956622,
              47.68768600007119
            ],
            [
              -117.47154500000788,
              47.687681000244226
            ],
            [
              -117.47156400027444,
              47.6876770000195
            ],
            [
              -117.47158299964273,
              47.68767299979446
            ],
            [
              -117.47160199990931,
              47.687669000173855
            ],
            [
              -117.47162100017589,
              47.687666000155815
            ],
            [
              -117.47164000044245,
              47.687661999929944
            ],
            [
              -117.47165899981071,
              47.6876589999115
            ],
            [
              -117.47167899990218,
              47.68765599989289
            ],
            [
              -117.47169800016876,
              47.68765400008199
            ],
            [
              -117.47171700043535,
              47.68765100006309
            ],
            [
              -117.4717369996285,
              47.68764900025196
            ],
            [
              -117.47175599989508,
              47.68764699983606
            ],
            [
              -117.47177599998656,
              47.68764500002477
            ],
            [
              -117.47179600007806,
              47.687643999816764
            ],
            [
              -117.47181199997156,
              47.68764200000536
            ],
            [
              -117.47183500043612,
              47.68764099979729
            ],
            [
              -117.47185499962927,
              47.68764000019393
            ],
            [
              -117.47187399989585,
              47.68764000019393
            ],
            [
              -117.47191699955357,
              47.687628000114074
            ],
            [
              -117.47194199966793,
              47.68762200007312
            ],
            [
              -117.47196799960717,
              47.687616000031504
            ],
            [
              -117.4719960000946,
              47.687609999989164
            ],
            [
              -117.47201899966082,
              47.68760500015492
            ],
            [
              -117.47204600032332,
              47.687599999715495
            ],
            [
              -117.47207100043767,
              47.68759499988034
            ],
            [
              -117.47209700037695,
              47.687591000253704
            ],
            [
              -117.47212300031619,
              47.68758700002207
            ],
            [
              -117.47214900025548,
              47.68758299979014
            ],
            [
              -117.47217500019474,
              47.68757999976715
            ],
            [
              -117.47220199995891,
              47.687576999743996
            ],
            [
              -117.4722279998982,
              47.68757399972071
            ],
            [
              -117.47225499966235,
              47.68757100030194
            ],
            [
              -117.47228099960165,
              47.68756899988301
            ],
            [
              -117.47230800026412,
              47.68756700006873
            ],
            [
              -117.47239199992971,
              47.68756200023041
            ],
            [
              -117.47244299998334,
              47.68755799999656
            ],
            [
              -117.47248300016629,
              47.687553999762386
            ],
            [
              -117.47252400017419,
              47.68755000013261
            ],
            [
              -117.47257199985478,
              47.68754400008272
            ],
            [
              -117.47261700006062,
              47.6875380000321
            ],
            [
              -117.47266200026647,
              47.687531999980784
            ],
            [
              -117.472706999574,
              47.687524999718484
            ],
            [
              -117.47275000012999,
              47.687518000059974
            ],
            [
              -117.47279000031297,
              47.68751099979579
            ],
            [
              -117.47283799999356,
              47.68750199971395
            ],
            [
              -117.4729190001844,
              47.687487999785084
            ],
            [
              -117.47293599990286,
              47.68748499975664
            ],
            [
              -117.47297899956054,
              47.68747800009276
            ],
            [
              -117.47303899983501,
              47.68746900000518
            ],
            [
              -117.47309900010947,
              47.687461000127634
            ],
            [
              -117.47315900038392,
              47.68745300024881
            ],
            [
              -117.47321999958498,
              47.68744599997591
            ],
            [
              -117.47327999985943,
              47.68743999991405
            ],
            [
              -117.47334099995878,
              47.6874350000635
            ],
            [
              -117.47340200005816,
              47.68743000021252
            ],
            [
              -117.47346300015752,
              47.68742599996854
            ],
            [
              -117.4734820004241,
              47.68742499975629
            ],
            [
              -117.4735240002569,
              47.68742299993654
            ],
            [
              -117.47386099964247,
              47.68739099978593
            ],
            [
              -117.47408800032152,
              47.68736899993562
            ],
            [
              -117.47422499969055,
              47.68735399975748
            ],
            [
              -117.47437100017872,
              47.68733699975193
            ],
            [
              -117.47440899981356,
              47.6873360001427
            ],
            [
              -117.4744399997757,
              47.68733499992876
            ],
            [
              -117.47447199956275,
              47.68733300010551
            ],
            [
              -117.4745030004232,
              47.687331000282235
            ],
            [
              -117.47453400038533,
              47.68732899985409
            ],
            [
              -117.47456600017239,
              47.6873259998165
            ],
            [
              -117.47459700013452,
              47.687322999778786
            ],
            [
              -117.47462800009669,
              47.68731999974084
            ],
            [
              -117.47465900005882,
              47.68731600009312
            ],
            [
              -117.47469000002096,
              47.6873119998404
            ],
            [
              -117.47472299963293,
              47.68730699997763
            ],
            [
              -117.47475100012032,
              47.687302999724224
            ],
            [
              -117.47478200008246,
              47.687297000250595
            ],
            [
              -117.4748120002197,
              47.68729199978166
            ],
            [
              -117.47484300018183,
              47.68728599970204
            ],
            [
              -117.47487300031908,
              47.68728000022647
            ],
            [
              -117.47490299955797,
              47.68727299993035
            ],
            [
              -117.47493600006824,
              47.68726500002275
            ],
            [
              -117.47496200000752,
              47.68725899994003
            ],
            [
              -117.47499100031985,
              47.68725100003023
            ],
            [
              -117.47502099955874,
              47.68724300011924
            ],
            [
              -117.47504999987106,
              47.68723399999115
            ],
            [
              -117.47506699958952,
              47.68722900012086
            ],
            [
              -117.47510699977248,
              47.68721699994649
            ],
            [
              -117.4751360000848,
              47.68720700020221
            ],
            [
              -117.4751429997575,
              47.68714699988207
            ],
            [
              -117.47527599982686,
              47.68714699988207
            ],
            [
              -117.47529000007057,
              47.68714800009961
            ],
            [
              -117.4756149997606,
              47.68715299997766
            ],
            [
              -117.47583499986862,
              47.687151000147445
            ],
            [
              -117.47611900044906,
              47.68712100026615
            ],
            [
              -117.4763749996438,
              47.687093000200136
            ],
            [
              -117.47656100031493,
              47.68702600002437
            ],
            [
              -117.47668000014063,
              47.68693699972996
            ],
            [
              -117.47677300002705,
              47.68684799988837
            ],
            [
              -117.4768190000578,
              47.68673100023937
            ],
            [
              -117.47682200043084,
              47.68662499980868
            ],
            [
              -117.47685599986774,
              47.68644599988746
            ],
            [
              -117.47688299963191,
              47.686323999984424
            ],
            [
              -117.47687699978411,
              47.68625200006635
            ],
            [
              -117.47687599995922,
              47.686234999701625
            ],
            [
              -117.4768750001343,
              47.68620300003167
            ],
            [
              -117.47687900033225,
              47.686191000225996
            ],
            [
              -117.4770860000215,
              47.686193999724125
            ],
            [
              -117.47714399974782,
              47.68619499995994
            ],
            [
              -117.47725400025098,
              47.68619600019574
            ],
            [
              -117.47718300010587,
              47.68589999970819
            ],
            [
              -117.47713700007513,
              47.68584200018406
            ],
            [
              -117.47711799980856,
              47.68581799979901
            ],
            [
              -117.47701800024942,
              47.68568999997819
            ],
            [
              -117.47700099963271,
              47.68547199982476
            ],
            [
              -117.47699300013507,
              47.6853729998066
            ],
            [
              -117.47688900037801,
              47.68527999991161
            ],
            [
              -117.47678200024787,
              47.68518400029472
            ],
            [
              -117.47674600026286,
              47.685033999897115
            ],
            [
              -117.47671100010278,
              47.684886999850974
            ],
            [
              -117.4765649996146,
              47.68470099997639
            ],
            [
              -117.47654600024633,
              47.68467700027588
            ],
            [
              -117.47654500042141,
              47.68466500011916
            ],
            [
              -117.47652100013195,
              47.684361000266705
            ],
            [
              -117.47631000024478,
              47.68417099983721
            ],
            [
              -117.47623900009965,
              47.68387499995367
            ],
            [
              -117.47607400024322,
              47.68366499993309
            ],
            [
              -117.47595600024246,
              47.683411999954785
            ],
            [
              -117.47590199981578,
              47.68329499985581
            ],
            [
              -117.47583900006659,
              47.683158999958955
            ],
            [
              -117.47556899972983,
              47.68291999989478
            ],
            [
              -117.47515899965101,
              47.68260899983683
            ],
            [
              -117.47516600022202,
              47.68248000030134
            ],
            [
              -117.47516799987186,
              47.682175999810966
            ],
            [
              -117.47491099995389,
              47.681886000194815
            ],
            [
              -117.47489500006037,
              47.68132700001902
            ],
            [
              -117.47489599988529,
              47.68129199997752
            ],
            [
              -117.47489300041055,
              47.681249000291864
            ],
            [
              -117.4748690001211,
              47.680719999894464
            ],
            [
              -117.4748409996337,
              47.67965199995925
            ],
            [
              -117.47587500005159,
              47.68010399981632
            ],
            [
              -117.47603800025821,
              47.68016599986867
            ],
            [
              -117.47642300022268,
              47.68031599974899
            ],
            [
              -117.47713700007513,
              47.680523000121546
            ],
            [
              -117.47808699992912,
              47.68078699970294
            ],
            [
              -117.47832799995354,
              47.68086300004958
            ],
            [
              -117.47848899961203,
              47.680876000209174
            ],
            [
              -117.47863400027529,
              47.680881000083616
            ],
            [
              -117.47877999986517,
              47.680883000154225
            ],
            [
              -117.47892600035334,
              47.68087900001293
            ],
            [
              -117.4790719999432,
              47.68087099972948
            ],
            [
              -117.47921599988324,
              47.6808580001734
            ],
            [
              -117.47935800017348,
              47.680840000131425
            ],
            [
              -117.47944400038719,
              47.680828000301595
            ],
            [
              -117.479586999604,
              47.680804000028836
            ],
            [
              -117.4798250001537,
              47.68075100016859
            ],
            [
              -117.47992499971281,
              47.68072499978382
            ],
            [
              -117.48002699982005,
              47.680696000176795
            ],
            [
              -117.48013499977509,
              47.68065999997484
            ],
            [
              -117.48019800042259,
              47.68063900004716
            ],
            [
              -117.48047200005898,
              47.68053700010537
            ],
            [
              -117.48040900030979,
              47.68047400014845
            ],
            [
              -117.48035900008108,
              47.680423999782874
            ],
            [
              -117.4802260000117,
              47.68025500022467
            ],
            [
              -117.48018300035399,
              47.68019999970996
            ],
            [
              -117.48000599990365,
              47.679873000104344
            ],
            [
              -117.47974499978774,
              47.67936800000478
            ],
            [
              -117.479550999619,
              47.678915999819495
            ],
            [
              -117.47951299998418,
              47.67882700020336
            ],
            [
              -117.4793609996482,
              47.678520000260605
            ],
            [
              -117.4789530001175,
              47.677768000174694
            ],
            [
              -117.47829600016648,
              47.67657000024405
            ],
            [
              -117.47752500041264,
              47.67512800015401
            ],
            [
              -117.47685099984486,
              47.6738650002904
            ],
            [
              -117.47663300028496,
              47.67344300011929
            ],
            [
              -117.47657399983541,
              47.673329000281726
            ],
            [
              -117.47644199959095,
              47.67308800018202
            ],
            [
              -117.47623099970373,
              47.672790999830845
            ],
            [
              -117.47604999995376,
              47.67252599981965
            ],
            [
              -117.47589299959496,
              47.672311999894504
            ],
            [
              -117.47584599973928,
              47.672257999978235
            ],
            [
              -117.47573799978424,
              47.672132999856885
            ],
            [
              -117.47552000022436,
              47.67191499991124
            ],
            [
              -117.47497000040345,
              47.67123800013778
            ],
            [
              -117.47454799973076,
              47.6707720001175
            ],
            [
              -117.47436100013299,
              47.67055800025875
            ],
            [
              -117.47430000003364,
              47.6704880002219
            ],
            [
              -117.47415699991849,
              47.67034200025769
            ],
            [
              -117.47402999969688,
              47.67024499983194
            ],
            [
              -117.4738060002892,
              47.670099999732386
            ],
            [
              -117.47244299998334,
              47.66925799972414
            ],
            [
              -117.47239199992971,
              47.66922599992429
            ],
            [
              -117.47140100006784,
              47.66861500009606
            ],
            [
              -117.47126700017354,
              47.668522999938965
            ],
            [
              -117.47105799993616,
              47.66837799989475
            ],
            [
              -117.47075400016256,
              47.668147000293885
            ],
            [
              -117.47045600023672,
              47.66788700020372
            ],
            [
              -117.47023100010581,
              47.66767999991091
            ],
            [
              -117.47001699984558,
              47.667467000067724
            ],
            [
              -117.46999799957901,
              47.667448000255305
            ],
            [
              -117.4697780003693,
              47.66717799975409
            ],
            [
              -117.46960000009406,
              47.66690500027394
            ],
            [
              -117.46943600006254,
              47.66663700000035
            ],
            [
              -117.46927700005388,
              47.66633899982763
            ],
            [
              -117.46916200042615,
              47.666040999768455
            ],
            [
              -117.46915700040329,
              47.666024000077165
            ],
            [
              -117.46913999978652,
              47.66596999970436
            ],
            [
              -117.4691289999159,
              47.66593500025071
            ],
            [
              -117.4691029999766,
              47.66584999975144
            ],
            [
              -117.46864699986702,
              47.66593799970356
            ],
            [
              -117.46861599990488,
              47.66595099995199
            ],
            [
              -117.46842799958392,
              47.665990000073016
            ],
            [
              -117.46819199958234,
              47.666050999940126
            ],
            [
              -117.46662699961013,
              47.66601699995357
            ],
            [
              -117.46434199993767,
              47.66589500006856
            ],
            [
              -117.464335000265,
              47.6658140001957
            ],
            [
              -117.464335000265,
              47.66579799984744
            ],
            [
              -117.46432600004415,
              47.665642999849666
            ],
            [
              -117.46429900027996,
              47.6648319999835
            ],
            [
              -117.46428900023422,
              47.66450799979456
            ],
            [
              -117.4642869996861,
              47.66444599989143
            ],
            [
              -117.46430599995267,
              47.66125300001439
            ],
            [
              -117.46430699977759,
              47.661131999996854
            ],
            [
              -117.46431000015062,
              47.66053599983292
            ],
            [
              -117.46431099997551,
              47.66041700021877
            ],
            [
              -117.46433100006702,
              47.657222999987184
            ],
            [
              -117.4643429997626,
              47.6570240000705
            ],
            [
              -117.46434799978546,
              47.656895000208856
            ],
            [
              -117.46434899961038,
              47.65687799995939
            ],
            [
              -117.46437100025,
              47.65654600024274
            ],
            [
              -117.46437600027286,
              47.65646599998081
            ],
            [
              -117.46440100038723,
              47.65595700002699
            ],
            [
              -117.46441300008279,
              47.65584000008279
            ],
            [
              -117.46443200034936,
              47.65537800022418
            ],
            [
              -117.46443399999919,
              47.65534399994211
            ],
            [
              -117.464435999649,
              47.655318000209796
            ],
            [
              -117.46443999984697,
              47.655234999814084
            ],
            [
              -117.46444200039512,
              47.655204999733385
            ],
            [
              -117.46444200039512,
              47.65519499990432
            ],
            [
              -117.46444999989271,
              47.65505799975433
            ],
            [
              -117.46445200044084,
              47.65502200001744
            ],
            [
              -117.46445300026576,
              47.65498800010867
            ],
            [
              -117.46445599974047,
              47.6549469997799
            ],
            [
              -117.4644630003115,
              47.6548180002328
            ],
            [
              -117.46447400018215,
              47.654616999754566
            ],
            [
              -117.4644769996569,
              47.65456200005185
            ],
            [
              -117.46447800038011,
              47.6545340000599
            ],
            [
              -117.46448300040298,
              47.65445199986749
            ],
            [
              -117.4644840002279,
              47.65442800017053
            ],
            [
              -117.46450099994634,
              47.654121999739424
            ],
            [
              -117.46450099994634,
              47.65408099994092
            ],
            [
              -117.46449300044874,
              47.653960000244645
            ],
            [
              -117.4645200002129,
              47.65377400024975
            ],
            [
              -117.4645200002129,
              47.65374399993476
            ],
            [
              -117.46454100012929,
              47.65375099988879
            ],
            [
              -117.46564999999195,
              47.6541280000024
            ],
            [
              -117.46612600019301,
              47.654287999701445
            ],
            [
              -117.46645699973082,
              47.65434899993035
            ],
            [
              -117.46867500035444,
              47.654678000204264
            ],
            [
              -117.46903699985435,
              47.65482800013407
            ],
            [
              -117.4693089998409,
              47.65495400017778
            ],
            [
              -117.46968100028491,
              47.65514300027839
            ],
            [
              -117.46980799960821,
              47.65503600018699
            ],
            [
              -117.46993499982982,
              47.65510599976829
            ],
            [
              -117.47004899963264,
              47.65517200016925
            ],
            [
              -117.47024100015155,
              47.65528800017679
            ],
            [
              -117.47039799961209,
              47.65538800001816
            ],
            [
              -117.4706310001389,
              47.655545000042345
            ],
            [
              -117.47069800008606,
              47.65551699997239
            ],
            [
              -117.47075900018542,
              47.65549199994048
            ],
            [
              -117.47090300012547,
              47.65544300006109
            ],
            [
              -117.4709039999504,
              47.65540299970556
            ],
            [
              -117.47093200043778,
              47.65534899984262
            ],
            [
              -117.47100000020987,
              47.655278999981974
            ],
            [
              -117.471031000172,
              47.6552329999706
            ],
            [
              -117.47108100040069,
              47.65517400001507
            ],
            [
              -117.47112599970825,
              47.655130999985005
            ],
            [
              -117.47118400033285,
              47.65508400022117
            ],
            [
              -117.47136400025792,
              47.65496500028243
            ],
            [
              -117.47139000019719,
              47.654949999864115
            ],
            [
              -117.4714899997563,
              47.65489300005051
            ],
            [
              -117.47151800024372,
              47.654878000216605
            ],
            [
              -117.47167499970423,
              47.6547979998195
            ],
            [
              -117.47186800004809,
              47.65469999992242
            ],
            [
              -117.47198000020107,
              47.65465299977067
            ],
            [
              -117.47210200039981,
              47.65461100015288
            ],
            [
              -117.47219500028622,
              47.6545850000556
            ],
            [
              -117.47234099987607,
              47.654555000206535
            ],
            [
              -117.47249999988475,
              47.65453500029757
            ],
            [
              -117.47276299965047,
              47.654514000142896
            ],
            [
              -117.47293500007794,
              47.654489999869355
            ],
            [
              -117.47310499995723,
              47.65445399974088
            ],
            [
              -117.47345700030974,
              47.654353000290065
            ],
            [
              -117.47384599957387,
              47.65422199999846
            ],
            [
              -117.4738630001906,
              47.65421699999004
            ],
            [
              -117.47416000029155,
              47.654111999703
            ],
            [
              -117.47438899972207,
              47.65401600022396
            ],
            [
              -117.4746149996779,
              47.65393599971644
            ],
            [
              -117.47536600023858,
              47.65380500019403
            ],
            [
              -117.47578800001295,
              47.65375599994179
            ],
            [
              -117.47653700002549,
              47.65365200019262
            ],
            [
              -117.47670400043008,
              47.6536199999023
            ],
            [
              -117.47684099979911,
              47.65358300012836
            ],
            [
              -117.47692100016504,
              47.653555999867926
            ],
            [
              -117.47741300025966,
              47.653361999984156
            ],
            [
              -117.47759200035978,
              47.65329899989494
            ],
            [
              -117.4777620002391,
              47.653252999954674
            ],
            [
              -117.47784500007977,
              47.653235999729716
            ],
            [
              -117.4780140001342,
              47.653213999999906
            ],
            [
              -117.4784519998021,
              47.65318999973397
            ],
            [
              -117.47859599974214,
              47.653173999752276
            ],
            [
              -117.47870799989514,
              47.653150999732134
            ],
            [
              -117.47884400033757,
              47.6531000001513
            ],
            [
              -117.47890399971371,
              47.65306899978846
            ],
            [
              -117.47901900023977,
              47.652993000109426
            ],
            [
              -117.47913200021765,
              47.652898999716456
            ],
            [
              -117.47921199968529,
              47.65280999990299
            ],
            [
              -117.47929000040139,
              47.6526880000142
            ],
            [
              -117.47930999959458,
              47.65264099986688
            ],
            [
              -117.47932999968606,
              47.65256199994892
            ],
            [
              -117.47933300005911,
              47.65251900018841
            ],
            [
              -117.47932499966319,
              47.652443999986716
            ],
            [
              -117.47930899976966,
              47.65237399986262
            ],
            [
              -117.47927399960957,
              47.6522730000196
            ],
            [
              -117.4791489999361,
              47.65195699982424
            ],
            [
              -117.47911200012618,
              47.65184500023059
            ],
            [
              -117.47910200008043,
              47.651772000247256
            ],
            [
              -117.47910600027838,
              47.651718999946745
            ],
            [
              -117.4791079999282,
              47.65170199982755
            ],
            [
              -117.47912999966951,
              47.65163599988186
            ],
            [
              -117.47915999980675,
              47.65158100006507
            ],
            [
              -117.47927399960957,
              47.651440999830086
            ],
            [
              -117.47943000014348,
              47.651272000204784
            ],
            [
              -117.48062000019699,
              47.65005599984675
            ],
            [
              -117.48071300008343,
              47.649960000173294
            ],
            [
              -117.48087899976477,
              47.64979199971499
            ],
            [
              -117.48091599957469,
              47.64974700004081
            ],
            [
              -117.48094900008496,
              47.64967400015067
            ],
            [
              -117.48095099973477,
              47.64964899974205
            ],
            [
              -117.48095300028291,
              47.64962500025834
            ],
            [
              -117.48093400001633,
              47.649574999987394
            ],
            [
              -117.48091700029791,
              47.64954699974211
            ],
            [
              -117.4809010004044,
              47.64953099985458
            ],
            [
              -117.48087799993985,
              47.6495089997743
            ],
            [
              -117.48082199986335,
              47.64947999976434
            ],
            [
              -117.4807690001599,
              47.64946300012661
            ],
            [
              -117.48067600027349,
              47.64944700021334
            ],
            [
              -117.48061299962599,
              47.64944500014819
            ],
            [
              -117.48051100041707,
              47.64944399981299
            ],
            [
              -117.48025799979875,
              47.64944900027841
            ],
            [
              -117.4796900004345,
              47.649472999842985
            ],
            [
              -117.47938300028783,
              47.649487000289874
            ],
            [
              -117.47926000026416,
              47.649492000146005
            ],
            [
              -117.47904299963088,
              47.64949299987512
            ],
            [
              -117.47890999956148,
              47.64948300016258
            ],
            [
              -117.47889700004103,
              47.64947999976434
            ],
            [
              -117.478789000086,
              47.64946300012661
            ],
            [
              -117.4786500001688,
              47.64942700016354
            ],
            [
              -117.47859099971926,
              47.64940599977023
            ],
            [
              -117.47846199984784,
              47.64934299974986
            ],
            [
              -117.4783689999614,
              47.64928799993892
            ],
            [
              -117.47822099982342,
              47.649176000067854
            ],
            [
              -117.47810899967041,
              47.64906399995657
            ],
            [
              -117.47787000019413,
              47.64878799971626
            ],
            [
              -117.4777549996681,
              47.64864500002015
            ],
            [
              -117.47772000040628,
              47.648600999709046
            ],
            [
              -117.4774659999631,
              47.64825400009655
            ],
            [
              -117.47731600017525,
              47.64804999989534
            ],
            [
              -117.47714299992289,
              47.6478150002571
            ],
            [
              -117.47703400014296,
              47.647686999800804
            ],
            [
              -117.47695200012717,
              47.64761199992191
            ],
            [
              -117.47683699960116,
              47.64752899998691
            ],
            [
              -117.4767980001414,
              47.64750700027371
            ],
            [
              -117.47657899985828,
              47.647382000186695
            ],
            [
              -117.47651799975891,
              47.64734699976983
            ],
            [
              -117.4764020003063,
              47.6473000002625
            ],
            [
              -117.47623300025188,
              47.64723299982292
            ],
            [
              -117.47602099964148,
              47.64715599974451
            ],
            [
              -117.47590799966355,
              47.64710900006531
            ],
            [
              -117.47585999998299,
              47.6470799999331
            ],
            [
              -117.47575500040098,
              47.64701900029115
            ],
            [
              -117.47571299966987,
              47.64695899975035
            ],
            [
              -117.4756979996013,
              47.64693699979703
            ],
            [
              -117.47560600043808,
              47.64674499970115
            ],
            [
              -117.47551799967623,
              47.64645199990294
            ],
            [
              -117.47551400037656,
              47.64640200022554
            ],
            [
              -117.47553100009502,
              47.64597899972031
            ],
            [
              -117.47559899986705,
              47.644249000198855
            ],
            [
              -117.47559700021726,
              47.64420799991186
            ],
            [
              -117.47559800004215,
              47.64418500017963
            ],
            [
              -117.47559899986705,
              47.644165999761675
            ],
            [
              -117.47563200037735,
              47.64298599998315
            ],
            [
              -117.47563300020227,
              47.64294199974679
            ],
            [
              -117.47563400002718,
              47.642912999722014
            ],
            [
              -117.47575700005082,
              47.642912999722014
            ],
            [
              -117.47579300003582,
              47.642912999722014
            ],
            [
              -117.47696999967054,
              47.642919000062356
            ],
            [
              -117.47974999981064,
              47.642931000135825
            ],
            [
              -117.48105399966694,
              47.64293699986885
            ],
            [
              -117.48127200012514,
              47.642937999723436
            ],
            [
              -117.48148300001235,
              47.642937999723436
            ],
            [
              -117.48201799976465,
              47.64294099989228
            ],
            [
              -117.4828599996636,
              47.64294499991536
            ],
            [
              -117.48350999994194,
              47.642947000229405
            ],
            [
              -117.48369400006496,
              47.642948000083805
            ],
            [
              -117.48384300002786,
              47.64294899993818
            ],
            [
              -117.48399100016587,
              47.64287600023053
            ],
            [
              -117.48473699980538,
              47.64295200010639
            ],
            [
              -117.48474400037637,
              47.64303900006743
            ],
            [
              -117.48475199987398,
              47.6431389997602
            ],
            [
              -117.4847400001784,
              47.64333799993501
            ],
            [
              -117.48476600011769,
              47.643491999735524
            ],
            [
              -117.48477000031563,
              47.643514999772826
            ],
            [
              -117.48480299992761,
              47.643629999807686
            ],
            [
              -117.48494699986765,
              47.643965999880045
            ],
            [
              -117.48506700041655,
              47.64410799984458
            ],
            [
              -117.48585900008679,
              47.64460599983192
            ],
            [
              -117.4861260000505,
              47.64477400002548
            ],
            [
              -117.48635899967898,
              47.644838999746455
            ],
            [
              -117.48636200005204,
              47.64476099995052
            ],
            [
              -117.4864220003265,
              47.64476000013084
            ],
            [
              -117.48644800026578,
              47.644758999705935
            ],
            [
              -117.48812700004083,
              47.644758999705935
            ],
            [
              -117.4885129998302,
              47.64476099995052
            ],
            [
              -117.48855899986097,
              47.64476099995052
            ],
            [
              -117.48864599989957,
              47.644761999770196
            ],
            [
              -117.48905000013063,
              47.644761999770196
            ],
            [
              -117.49230800012161,
              47.64475099993722
            ],
            [
              -117.49233400006088,
              47.64475099993722
            ],
            [
              -117.49233099968782,
              47.644976999891476
            ],
            [
              -117.49232999986293,
              47.64502500009331
            ],
            [
              -117.49231200031959,
              47.645843999803716
            ],
            [
              -117.4946720003351,
              47.64583700000027
            ],
            [
              -117.49616699998712,
              47.64582899979144
            ],
            [
              -117.49643399995081,
              47.64582799999223
            ],
            [
              -117.49651500014166,
              47.64582799999223
            ],
            [
              -117.49662899994448,
              47.645827000192966
            ],
            [
              -117.49669300041688,
              47.645827000192966
            ],
            [
              -117.49671500015819,
              47.645827000192966
            ],
            [
              -117.49683900000676,
              47.645827000192966
            ],
            [
              -117.49682200028833,
              47.645755000071375
            ],
            [
              -117.4968070002197,
              47.64569199988357
            ],
            [
              -117.49685900009825,
              47.64569300029059
            ],
            [
              -117.49836100032128,
              47.64569199988357
            ],
            [
              -117.49880700038513,
              47.64569199988357
            ],
            [
              -117.49881099968476,
              47.645524000221634
            ],
            [
              -117.4988330003244,
              47.6446960001325
            ],
            [
              -117.5004970000308,
              47.644704999730386
            ],
            [
              -117.50049500038102,
              47.64486899973006
            ],
            [
              -117.50060300033603,
              47.64486899973006
            ],
            [
              -117.50230800005036,
              47.64486600027716
            ],
            [
              -117.50225899964654,
              47.64616699982984
            ],
            [
              -117.50404000042715,
              47.646172000003745
            ],
            [
              -117.50407499968894,
              47.64489199976631
            ],
            [
              -117.50407600041217,
              47.64485199980194
            ],
            [
              -117.50407499968894,
              47.64481499986819
            ],
            [
              -117.50622899984015,
              47.64481700011062
            ],
            [
              -117.50622899984015,
              47.644844999865576
            ],
            [
              -117.50622899984015,
              47.644858999737444
            ],
            [
              -117.50622200016744,
              47.64585599981042
            ],
            [
              -117.5062470002818,
              47.64585599981042
            ],
            [
              -117.50627200039615,
              47.64585599981042
            ],
            [
              -117.50757200005451,
              47.645870999814946
            ],
            [
              -117.5076199997351,
              47.645870999814946
            ],
            [
              -117.50844800028865,
              47.64588100021905
            ],
            [
              -117.51026299960783,
              47.64590099981107
            ],
            [
              -117.51026199978291,
              47.646620000211335
            ],
            [
              -117.5128739996935,
              47.64664999977728
            ],
            [
              -117.51293200031814,
              47.64665100016596
            ],
            [
              -117.51303699990015,
              47.64664999977728
            ],
            [
              -117.51356400015482,
              47.646657000076985
            ],
            [
              -117.51469399993387,
              47.646670000285226
            ],
            [
              -117.51484999956949,
              47.646671999851435
            ],
            [
              -117.51524100028004,
              47.64667600019407
            ],
            [
              -117.51637899955671,
              47.64668800000965
            ],
            [
              -117.5181739996827,
              47.64670900028545
            ],
            [
              -117.52017600039625,
              47.64669099996311
            ],
            [
              -117.52080800023292,
              47.64670499994539
            ],
            [
              -117.52217700038658,
              47.6467199997061
            ],
            [
              -117.52221599984631,
              47.646721000093436
            ],
            [
              -117.522270000273,
              47.6467189999239
            ],
            [
              -117.52347100019715,
              47.646721999875595
            ],
            [
              -117.52370999967344,
              47.646723000262895
            ],
            [
              -117.52553199956361,
              47.64672699999642
            ],
            [
              -117.52719699999325,
              47.6467299999476
            ],
            [
              -117.52900499963975,
              47.646734000285804
            ],
            [
              -117.5290930004016,
              47.646734000285804
            ],
            [
              -117.52911099994498,
              47.646762000223546
            ],
            [
              -117.52913000021152,
              47.64678299986439
            ],
            [
              -117.52918700011293,
              47.64678400025056
            ],
            [
              -117.5322190001481,
              47.646796999822
            ],
            [
              -117.53330799991929,
              47.64680199993565
            ],
            [
              -117.53372499967078,
              47.64680299971626
            ],
            [
              -117.53524399961226,
              47.64681099977591
            ],
            [
              -117.535766999669,
              47.64681299994192
            ],
            [
              -117.53639199983299,
              47.64681599988821
            ],
            [
              -117.53790599975156,
              47.646817000273714
            ],
            [
              -117.53798199991957,
              47.646820999999996
            ],
            [
              -117.53805899991245,
              47.64682399994583
            ],
            [
              -117.53813900027839,
              47.646823000165625
            ],
            [
              -117.53822299994398,
              47.64682199978024
            ],
            [
              -117.53830599978467,
              47.646820999999996
            ],
            [
              -117.53841299991478,
              47.64682199978024
            ],
            [
              -117.53849599975545,
              47.646823000165625
            ],
            [
              -117.53857399957327,
              47.646823000165625
            ],
            [
              -117.53867200038088,
              47.64682600011134
            ],
            [
              -117.53875699987137,
              47.64682600011134
            ],
            [
              -117.53886300017658,
              47.64682699989149
            ],
            [
              -117.53896799975857,
              47.64682600011134
            ],
            [
              -117.53904999977433,
              47.64682600011134
            ],
            [
              -117.53914900040684,
              47.64682699989149
            ],
            [
              -117.53922899987448,
              47.64683100022221
            ],
            [
              -117.5393080004155,
              47.64683200000226
            ],
            [
              -117.53940399977665,
              47.64683100022221
            ],
            [
              -117.53947900011973,
              47.64683100022221
            ],
            [
              -117.53957799985392,
              47.64683400016747
            ],
            [
              -117.53969800040282,
              47.64683900027757
            ],
            [
              -117.53969900022774,
              47.646721999875595
            ],
            [
              -117.53980399980973,
              47.646746000088044
            ],
            [
              -117.5423499995981,
              47.64671800014169
            ],
            [
              -117.54501799958518,
              47.64669000018036
            ],
            [
              -117.54675699963471,
              47.646671000068366
            ],
            [
              -117.54998299983863,
              47.64663499999646
            ],
            [
              -117.55006800022743,
              47.646634000212636
            ],
            [
              -117.55027499991668,
              47.64663200003977
            ],
            [
              -117.55025499982517,
              47.64661599986446
            ],
            [
              -117.55025400000028,
              47.64650299992401
            ],
            [
              -117.55023899993168,
              47.64520900015569
            ],
            [
              -117.5502139998173,
              47.64307500019677
            ],
            [
              -117.5502139998173,
              47.64298400027585
            ],
            [
              -117.55021499964222,
              47.64286300028847
            ],
            [
              -117.55021999966509,
              47.64273999969894
            ],
            [
              -117.55023800010676,
              47.642633000220044
            ],
            [
              -117.55027400009176,
              47.642525999916806
            ],
            [
              -117.55032900034334,
              47.64240900014321
            ],
            [
              -117.55041399983385,
              47.64228499982816
            ],
            [
              -117.55053500020767,
              47.642146999834345
            ],
            [
              -117.5506439999876,
              47.642019999886315
            ],
            [
              -117.55069300039142,
              47.641942999991514
            ],
            [
              -117.55072500017845,
              47.641889000131165
            ],
            [
              -117.55076299981332,
              47.641801000194384
            ],
            [
              -117.55078899975256,
              47.64172599973229
            ],
            [
              -117.55080100034645,
              47.641664999890395
            ],
            [
              -117.5508120002171,
              47.641594999845175
            ],
            [
              -117.55081700023997,
              47.64152399982453
            ],
            [
              -117.5508120002171,
              47.641403000087024
            ],
            [
              -117.55079700014848,
              47.64124199976163
            ],
            [
              -117.55075500031569,
              47.64082100023485
            ],
            [
              -117.5507360000491,
              47.64061299985486
            ],
            [
              -117.55074299972182,
              47.6399279997446
            ],
            [
              -117.55074500026994,
              47.63983300013351
            ],
            [
              -117.55075000029282,
              47.63937300014673
            ],
            [
              -117.5507619999884,
              47.638284000243196
            ],
            [
              -117.5507619999884,
              47.63825899983047
            ],
            [
              -117.5507619999884,
              47.63806799986583
            ],
            [
              -117.5507619999884,
              47.63803800021361
            ],
            [
              -117.55076299981332,
              47.637713000253896
            ],
            [
              -117.55103300015004,
              47.63770999978486
            ],
            [
              -117.55234200002923,
              47.637694999858105
            ],
            [
              -117.55308799966872,
              47.63768600026317
            ],
            [
              -117.55309000021686,
              47.63752699990011
            ],
            [
              -117.55556499986011,
              47.63748699974401
            ],
            [
              -117.55572499969368,
              47.63750400025294
            ],
            [
              -117.55572800006674,
              47.63723599977554
            ],
            [
              -117.55574499978516,
              47.635794000154256
            ],
            [
              -117.55574499978516,
              47.63567199986406
            ],
            [
              -117.55558400012667,
              47.63567199986406
            ],
            [
              -117.55556400003519,
              47.63567199986406
            ],
            [
              -117.55311799980593,
              47.63570100027639
            ],
            [
              -117.55205300032422,
              47.63571300019182
            ],
            [
              -117.55042999972737,
              47.635733000044745
            ],
            [
              -117.55044899999393,
              47.63391500029559
            ],
            [
              -117.55674999989073,
              47.631684000241556
            ],
            [
              -117.55674800024092,
              47.630624000106046
            ],
            [
              -117.55875000005614,
              47.630600999841946
            ],
            [
              -117.55875000005614,
              47.630326999707414
            ],
            [
              -117.55972099982655,
              47.630315999862056
            ],
            [
              -117.55972099982655,
              47.63004200004947
            ],
            [
              -117.5609159999029,
              47.630027999839285
            ],
            [
              -117.5609159999029,
              47.629808000022344
            ],
            [
              -117.56091900027596,
              47.62835700005387
            ],
            [
              -117.56100600031462,
              47.62835700005387
            ],
            [
              -117.56126900008032,
              47.628358000187475
            ],
            [
              -117.56135699994388,
              47.62835899971565
            ],
            [
              -117.56233799976,
              47.628362000116276
            ],
            [
              -117.56528199993161,
              47.628373999900816
            ],
            [
              -117.56626399957268,
              47.62837799982833
            ],
            [
              -117.5673559997169,
              47.6283720002396
            ],
            [
              -117.57063499962426,
              47.62835599992028
            ],
            [
              -117.5713979998805,
              47.6283530001247
            ],
            [
              -117.57168400011076,
              47.62835199999103
            ],
            [
              -117.57168300028584,
              47.62827700020153
            ],
            [
              -117.57168900013363,
              47.6274539999538
            ],
            [
              -117.57253299968241,
              47.627285999762705
            ],
            [
              -117.57362599965157,
              47.62706899977616
            ],
            [
              -117.57407000006557,
              47.62698099970062
            ],
            [
              -117.57513399972235,
              47.626770000037396
            ],
            [
              -117.57535899985325,
              47.62672499990436
            ],
            [
              -117.57635800011106,
              47.62652700019058
            ],
            [
              -117.57694300009204,
              47.62651699971425
            ],
            [
              -117.5781699999555,
              47.6265130002497
            ],
            [
              -117.579219000442,
              47.62650999974294
            ],
            [
              -117.58018799966425,
              47.62650800001046
            ],
            [
              -117.5811559999599,
              47.626505000108814
            ],
            [
              -117.5824499997705,
              47.626501000037955
            ],
            [
              -117.58243499970186,
              47.625723000104614
            ],
            [
              -117.58242700020426,
              47.62528000026264
            ],
            [
              -117.58241799998345,
              47.62498800015341
            ],
            [
              -117.58240600028786,
              47.6247889997125
            ],
            [
              -117.5824089997626,
              47.6247020002401
            ],
            [
              -117.5825140002429,
              47.6247020002401
            ],
            [
              -117.58411600002503,
              47.6247020002401
            ],
            [
              -117.58417299992647,
              47.62470100003658
            ],
            [
              -117.58787799980618,
              47.62470100003658
            ],
            [
              -117.59022000027835,
              47.62470700004668
            ],
            [
              -117.59032800023338,
              47.62470700004668
            ],
            [
              -117.59325499978826,
              47.624714000259445
            ],
            [
              -117.59325399996334,
              47.6247700001115
            ],
            [
              -117.59324700029065,
              47.62599899991063
            ],
            [
              -117.59323399987186,
              47.62801200004302
            ],
            [
              -117.59323399987186,
              47.62835899971565
            ],
            [
              -117.59343800008635,
              47.62835899971565
            ],
            [
              -117.5937560001037,
              47.628358000187475
            ],
            [
              -117.59555600025256,
              47.62835499978663
            ],
            [
              -117.60191200040094,
              47.628341999863885
            ],
            [
              -117.60403100039204,
              47.62833900006749
            ],
            [
              -117.60402899984389,
              47.62822200000499
            ],
            [
              -117.60399600023192,
              47.62129200018711
            ],
            [
              -117.60399799988176,
              47.621069999987945
            ],
            [
              -117.60400999957733,
              47.619586000005555
            ],
            [
              -117.60401299995036,
              47.61928899985806
            ],
            [
              -117.60403499969168,
              47.61676200014197
            ],
            [
              -117.60404399991249,
              47.61571399982024
            ]
          ]
        ]
      },
      "properties": {
        "AREALAND": "178087515",
        "AREAWATER": "1906609",
        "BASENAME": "Spokane",
        "CBSAPCI": "Y",
        "CENTLAT": "+47.6670662",
        "CENTLON": "-117.4330058",
        "FUNCSTAT": "A",
        "GEOID": "5367000",
        "INTPTLAT": "+47.6669347",
        "INTPTLON": "-117.4333220",
        "LSADC": "25",
        "MTFCC": "G4110",
        "NAME": "Spokane city",
        "NECTAPCI": "N",
        "OBJECTID": 32051,
        "OID": "27890481567806",
        "PLACE": "67000",
        "PLACECC": "C1",
        "PLACENS": "02411956",
        "STATE": "53",
        "DISP_CLR": 1,
        "slug": "spokane",
        "jurisdiction_key": "spokane_city",
        "county_fips": [
          "53063"
        ]
      }
    }
  ]
}
