{
  "type": "FeatureCollection",
  "features": [
    {
      "type": "Feature",
      "geometry": {
        "type": "MultiPolygon",
        "coordinates": [
          [
            [
              [
                -122.7741140002217,
                45.684245000084594
              ],
              [
                -122.77451099988176,
                45.68043700002234
              ],
              [
                -122.76380999962103,
                45.65713799993127
              ],
              [
                -122.76241000040356,
                45.65643800022186
              ],
              [
                -122.76231599979391,
                45.65639000021901
              ],
              [
                -122.76090700035563,
                45.65567399994881
              ],
              [
                -122.75949800001901,
                45.65495799994235
              ],
              [
                -122.75052300028732,
                45.650395000265505
              ],
              [
                -122.74451000027062,
                45.64733800022662
              ],
              [
                -122.7435529998456,
                45.64686000026268
              ],
              [
                -122.73810899991639,
                45.644138000223215
              ],
              [
                -122.73754499985176,
                45.64398600007946
              ],
              [
                -122.73014400031315,
                45.6419860000353
              ],
              [
                -122.71330899966192,
                45.63743800026091
              ],
              [
                -122.70274499966857,
                45.63142199990861
              ],
              [
                -122.69218200039843,
                45.62540699970662
              ],
              [
                -122.69171600024312,
                45.62514200009433
              ],
              [
                -122.6916869999308,
                45.62512500001006
              ],
              [
                -122.69138200033227,
                45.62495100014463
              ],
              [
                -122.69125000008779,
                45.624875999700244
              ],
              [
                -122.69118499979047,
                45.62484000030572
              ],
              [
                -122.6911229998662,
                45.62480400025987
              ],
              [
                -122.69100999988827,
                45.6247389999614
              ],
              [
                -122.69099900001761,
                45.62473399979033
              ],
              [
                -122.69042300025747,
                45.62449299968623
              ],
              [
                -122.68820600035707,
                45.623564999826094
              ],
              [
                -122.6827950000398,
                45.62113300001944
              ],
              [
                -122.68022499996201,
                45.620224000002935
              ],
              [
                -122.67847500004186,
                45.619490999972655
              ],
              [
                -122.6753319996786,
                45.61816199987637
              ],
              [
                -122.67509900005008,
                45.61806600020541
              ],
              [
                -122.67503799995072,
                45.61803999986047
              ],
              [
                -122.67500100014081,
                45.61802500006681
              ],
              [
                -122.67483100026149,
                45.61797899975301
              ],
              [
                -122.66630199969534,
                45.6157150002888
              ],
              [
                -122.64390699966224,
                45.60973899981311
              ],
              [
                -122.6432430000385,
                45.6097090001798
              ],
              [
                -122.63496200006779,
                45.60934399989986
              ],
              [
                -122.6185730003787,
                45.60861900010719
              ],
              [
                -122.60770600043665,
                45.6081390001202
              ],
              [
                -122.6026059995657,
                45.60763899992932
              ],
              [
                -122.6021059999735,
                45.607440000078974
              ],
              [
                -122.59707999962072,
                45.6065699999623
              ],
              [
                -122.59690600044175,
                45.60653999989099
              ],
              [
                -122.58892300039685,
                45.60522100023072
              ],
              [
                -122.58600599998941,
                45.60474000018775
              ],
              [
                -122.58312600029022,
                45.604238999969155
              ],
              [
                -122.58232600022406,
                45.60410000028476
              ],
              [
                -122.58225099988097,
                45.60408699970437
              ],
              [
                -122.58140599960899,
                45.60393999979665
              ],
              [
                -122.5610049998935,
                45.59943999982635
              ],
              [
                -122.5533170002997,
                45.59790399994624
              ],
              [
                -122.55127899960117,
                45.597442999761945
              ],
              [
                -122.55032500044751,
                45.59726900010673
              ],
              [
                -122.55022199961704,
                45.5972450002203
              ],
              [
                -122.55018300015729,
                45.59723600002453
              ],
              [
                -122.54994999963046,
                45.597182000076806
              ],
              [
                -122.54972000037499,
                45.59712800007707
              ],
              [
                -122.54944800038845,
                45.59706399977731
              ],
              [
                -122.54907699976937,
                45.59697800008453
              ],
              [
                -122.54784099968509,
                45.59668999990511
              ],
              [
                -122.5459590004188,
                45.596212999793906
              ],
              [
                -122.5458759996798,
                45.59619200020581
              ],
              [
                -122.54578600016642,
                45.596164999736075
              ],
              [
                -122.54434000001989,
                45.595738000125095
              ],
              [
                -122.53985900036346,
                45.59441500015646
              ],
              [
                -122.52366800014278,
                45.58963200022526
              ],
              [
                -122.50533199999171,
                45.586033000034526
              ],
              [
                -122.50433699993187,
                45.585823000284655
              ],
              [
                -122.50421200025842,
                45.58579700008139
              ],
              [
                -122.5030919996268,
                45.585560999764745
              ],
              [
                -122.49955199960353,
                45.584816000223555
              ],
              [
                -122.49601300030345,
                45.58407100022581
              ],
              [
                -122.49511100013004,
                45.58388100022225
              ],
              [
                -122.4942080001317,
                45.58369100020431
              ],
              [
                -122.49225900001994,
                45.5832799999212
              ],
              [
                -122.49190300036778,
                45.58318400027516
              ],
              [
                -122.48992999996655,
                45.582650000112324
              ],
              [
                -122.48688299986279,
                45.58182499989624
              ],
              [
                -122.48347799955869,
                45.580881999759754
              ],
              [
                -122.48139499955262,
                45.580305000273285
              ],
              [
                -122.47931499991957,
                45.57976100020421
              ],
              [
                -122.47576999987342,
                45.57868100027805
              ],
              [
                -122.47505900039403,
                45.57846499981204
              ],
              [
                -122.47497700037826,
                45.57843199999078
              ],
              [
                -122.47465900036094,
                45.57830499979276
              ],
              [
                -122.47349100004875,
                45.57771299971856
              ],
              [
                -122.47233899963007,
                45.57715299990268
              ],
              [
                -122.47185199955834,
                45.576895000071
              ],
              [
                -122.47165400008996,
                45.57775000018113
              ],
              [
                -122.47131799963098,
                45.579168000047005
              ],
              [
                -122.47115600014759,
                45.57996600023422
              ],
              [
                -122.47087999996303,
                45.5811630003123
              ],
              [
                -122.47080899981795,
                45.581475000047796
              ],
              [
                -122.47064599961134,
                45.58211799985379
              ],
              [
                -122.47053000015869,
                45.582577999899584
              ],
              [
                -122.47065499983215,
                45.5825830000571
              ],
              [
                -122.47082999973435,
                45.58268100003579
              ],
              [
                -122.47100100033688,
                45.5827519998365
              ],
              [
                -122.47100499963652,
                45.58278900012216
              ],
              [
                -122.470840999605,
                45.58320599997278
              ],
              [
                -122.47080200014527,
                45.583313000036696
              ],
              [
                -122.47068599979428,
                45.58364199986046
              ],
              [
                -122.4703469998606,
                45.58362299986958
              ],
              [
                -122.47034500021076,
                45.58352200010795
              ],
              [
                -122.46976299970449,
                45.58348200013349
              ],
              [
                -122.46977199992533,
                45.58342600024706
              ],
              [
                -122.46880000033002,
                45.58336500021738
              ],
              [
                -122.46879000028427,
                45.583445000304614
              ],
              [
                -122.46821899964866,
                45.583407000183065
              ],
              [
                -122.46820500030326,
                45.583513000226226
              ],
              [
                -122.4681940004326,
                45.58354100013302
              ],
              [
                -122.46814400020392,
                45.583710000172175
              ],
              [
                -122.46800100008878,
                45.58419199968779
              ],
              [
                -122.46797799962424,
                45.58426800009981
              ],
              [
                -122.46797000012661,
                45.58429500000635
              ],
              [
                -122.46793800033959,
                45.58440300013125
              ],
              [
                -122.46792200044604,
                45.58454200020163
              ],
              [
                -122.46783600023231,
                45.58512599992991
              ],
              [
                -122.46777699978279,
                45.58511700030533
              ],
              [
                -122.46775900023944,
                45.58518500008776
              ],
              [
                -122.4672429998554,
                45.586547999822436
              ],
              [
                -122.4666439996307,
                45.58812900010896
              ],
              [
                -122.46648700017016,
                45.58854599989896
              ],
              [
                -122.46633800020723,
                45.59055000011022
              ],
              [
                -122.4677840003538,
                45.59053700016185
              ],
              [
                -122.47446600001709,
                45.59047400003104
              ],
              [
                -122.47468500030021,
                45.590627000226085
              ],
              [
                -122.47485199980649,
                45.59075000029002
              ],
              [
                -122.47489500036248,
                45.59078100014096
              ],
              [
                -122.47501300036329,
                45.59086099971769
              ],
              [
                -122.47505600002097,
                45.59137400021818
              ],
              [
                -122.47500999999023,
                45.59143499971702
              ],
              [
                -122.47498200040113,
                45.59149199991015
              ],
              [
                -122.47507600011247,
                45.59163700012954
              ],
              [
                -122.47508199996024,
                45.5916669999981
              ],
              [
                -122.47508799980803,
                45.591696999850605
              ],
              [
                -122.47509500037903,
                45.59172699968709
              ],
              [
                -122.47510200005173,
                45.591757000136155
              ],
              [
                -122.47510799989952,
                45.591777000007525
              ],
              [
                -122.47511000044766,
                45.59181500012072
              ],
              [
                -122.47521000000677,
                45.59201500019304
              ],
              [
                -122.47531399976386,
                45.592198000172296
              ],
              [
                -122.47537700041136,
                45.59226299984613
              ],
              [
                -122.47513200018895,
                45.59227700013353
              ],
              [
                -122.4710449998195,
                45.59232099993635
              ],
              [
                -122.47102999975088,
                45.592401999940435
              ],
              [
                -122.47101499968228,
                45.5951000001092
              ],
              [
                -122.47101399985736,
                45.59523199968887
              ],
              [
                -122.47100999965942,
                45.5959049998093
              ],
              [
                -122.47100800000958,
                45.596154999954585
              ],
              [
                -122.47100600035975,
                45.59653799993032
              ],
              [
                -122.47099499959079,
                45.59672899986535
              ],
              [
                -122.4709879999181,
                45.596824000202986
              ],
              [
                -122.47099499959079,
                45.59685899995604
              ],
              [
                -122.47099399976587,
                45.59688500006377
              ],
              [
                -122.47098700009317,
                45.598111999739785
              ],
              [
                -122.47097899969728,
                45.59957599980268
              ],
              [
                -122.47066900007589,
                45.599578999743
              ],
              [
                -122.4706730002738,
                45.59988299977592
              ],
              [
                -122.47067400009873,
                45.60011499970182
              ],
              [
                -122.47067499992365,
                45.60018500010877
              ],
              [
                -122.4706919996421,
                45.603204000221226
              ],
              [
                -122.4707569999394,
                45.603204000221226
              ],
              [
                -122.47088199961287,
                45.60321100025752
              ],
              [
                -122.47115899962229,
                45.603208999798305
              ],
              [
                -122.47141800008842,
                45.60320699996752
              ],
              [
                -122.47171799966405,
                45.60320500013665
              ],
              [
                -122.47198700017589,
                45.603203000305726
              ],
              [
                -122.47223999989588,
                45.60320199976176
              ],
              [
                -122.47250699985958,
                45.60319999993072
              ],
              [
                -122.47276200012767,
                45.60319800009962
              ],
              [
                -122.47302800026648,
                45.603197000184004
              ],
              [
                -122.47327400031376,
                45.60319499972429
              ],
              [
                -122.4735510003232,
                45.603192999893004
              ],
              [
                -122.47427400039646,
                45.603187999686
              ],
              [
                -122.47419099965747,
                45.603250999999396
              ],
              [
                -122.47408699990041,
                45.60333299985244
              ],
              [
                -122.47407400037996,
                45.60334300024016
              ],
              [
                -122.47402800034918,
                45.60337300013577
              ],
              [
                -122.47392899971665,
                45.60343899997535
              ],
              [
                -122.47387699983815,
                45.60347400000159
              ],
              [
                -122.4738040000432,
                45.60352200009189
              ],
              [
                -122.47373000042334,
                45.603571000050025
              ],
              [
                -122.47365000005739,
                45.60361999996537
              ],
              [
                -122.47357800008739,
                45.60366299976603
              ],
              [
                -122.47354999959997,
                45.603861999817475
              ],
              [
                -122.4736369996386,
                45.60393999979665
              ],
              [
                -122.47370199993595,
                45.60396900009967
              ],
              [
                -122.47370399958574,
                45.603980000275676
              ],
              [
                -122.47370899960863,
                45.60404699993007
              ],
              [
                -122.4737139996315,
                45.60408900013227
              ],
              [
                -122.4737139996315,
                45.60413699969633
              ],
              [
                -122.47368799969225,
                45.60433500005652
              ],
              [
                -122.47365799955503,
                45.604391999716434
              ],
              [
                -122.47361499989731,
                45.604496999831426
              ],
              [
                -122.47352899968357,
                45.60462600026028
              ],
              [
                -122.4733189996213,
                45.60472200031386
              ],
              [
                -122.47320800019152,
                45.60483899970528
              ],
              [
                -122.47305800040373,
                45.60494299972767
              ],
              [
                -122.47308799964262,
                45.60507800030907
              ],
              [
                -122.47307099992418,
                45.60521000029804
              ],
              [
                -122.47307900032008,
                45.60527599986184
              ],
              [
                -122.47308799964262,
                45.605330000189916
              ],
              [
                -122.473156000313,
                45.605629999739236
              ],
              [
                -122.47318899992494,
                45.60569500019475
              ],
              [
                -122.47327400031376,
                45.60579200017365
              ],
              [
                -122.47328500018442,
                45.60580700009711
              ],
              [
                -122.47332600019232,
                45.605876999686885
              ],
              [
                -122.4733539997814,
                45.60593600002743
              ],
              [
                -122.47338999976643,
                45.60605799998086
              ],
              [
                -122.47340200036027,
                45.6061160002675
              ],
              [
                -122.47341900007872,
                45.60619199990215
              ],
              [
                -122.4734180002538,
                45.6062350002452
              ],
              [
                -122.47341599970567,
                45.60630899999841
              ],
              [
                -122.47341300023093,
                45.60633100005912
              ],
              [
                -122.47340300018519,
                45.60635200025182
              ],
              [
                -122.47329900042813,
                45.606469999871656
              ],
              [
                -122.47323999997857,
                45.60653999989099
              ],
              [
                -122.4732199998871,
                45.60656299971668
              ],
              [
                -122.47313000037373,
                45.606680000296045
              ],
              [
                -122.4730719997491,
                45.60675400009069
              ],
              [
                -122.47304800035796,
                45.60678499989918
              ],
              [
                -122.47300399997704,
                45.606838000180865
              ],
              [
                -122.47282599970178,
                45.607063000072095
              ],
              [
                -122.4726850001348,
                45.60719600026208
              ],
              [
                -122.47253100014902,
                45.607398999712615
              ],
              [
                -122.47233100013246,
                45.607661999932844
              ],
              [
                -122.47218399981936,
                45.60785800012661
              ],
              [
                -122.47202700035885,
                45.60804499991675
              ],
              [
                -122.47194000032022,
                45.6081519997616
              ],
              [
                -122.47178799998426,
                45.608347000304654
              ],
              [
                -122.47176200004499,
                45.608377999861275
              ],
              [
                -122.47168000002922,
                45.608476999871144
              ],
              [
                -122.47162599960254,
                45.60854200016984
              ],
              [
                -122.47154299976188,
                45.608643999974305
              ],
              [
                -122.47146999996693,
                45.6087330000896
              ],
              [
                -122.47139399979896,
                45.608822000063675
              ],
              [
                -122.47133699989755,
                45.60889300010409
              ],
              [
                -122.47126900012549,
                45.60897700013327
              ],
              [
                -122.47119600033056,
                45.60907000022079
              ],
              [
                -122.47109599987313,
                45.609193000079436
              ],
              [
                -122.47101100038265,
                45.60930199986162
              ],
              [
                -122.47095299975798,
                45.60937500016229
              ],
              [
                -122.47091699977298,
                45.609420999993056
              ],
              [
                -122.47086599971935,
                45.60949899978378
              ],
              [
                -122.47080999964285,
                45.60956700018962
              ],
              [
                -122.47078600025174,
                45.60965900012693
              ],
              [
                -122.47048699960267,
                45.61000600017858
              ],
              [
                -122.47033299961689,
                45.61017799971268
              ],
              [
                -122.47028900013426,
                45.61022799993131
              ],
              [
                -122.47013900034644,
                45.6103960002641
              ],
              [
                -122.46986399998683,
                45.61070500029156
              ],
              [
                -122.46960600024397,
                45.61099399994592
              ],
              [
                -122.46949900011386,
                45.61111400003244
              ],
              [
                -122.46947900002236,
                45.61113399991716
              ],
              [
                -122.46938199993798,
                45.61124600027089
              ],
              [
                -122.46893099985127,
                45.61175099980073
              ],
              [
                -122.4688480000106,
                45.61184399968748
              ],
              [
                -122.4687219996139,
                45.61198600019677
              ],
              [
                -122.46850400005403,
                45.61222999991359
              ],
              [
                -122.46832199958082,
                45.612435000127356
              ],
              [
                -122.46825499963366,
                45.612505999992926
              ],
              [
                -122.46811900008954,
                45.612651999699644
              ],
              [
                -122.46809899999805,
                45.612682000272336
              ],
              [
                -122.46794500001226,
                45.61291300031139
              ],
              [
                -122.46773199957694,
                45.613112999962944
              ],
              [
                -122.46755900022289,
                45.613263999912284
              ],
              [
                -122.46736199968109,
                45.61343600013742
              ],
              [
                -122.46715199961879,
                45.61356000020631
              ],
              [
                -122.46711700035699,
                45.61357099975832
              ],
              [
                -122.46707799999896,
                45.61358300029538
              ],
              [
                -122.46705600025766,
                45.61359199975393
              ],
              [
                -122.46704700003683,
                45.61360099983941
              ],
              [
                -122.46703699999107,
                45.61361100028178
              ],
              [
                -122.46700900040199,
                45.613637999896376
              ],
              [
                -122.46697900026476,
                45.613667000212644
              ],
              [
                -122.46695800034836,
                45.6136880001723
              ],
              [
                -122.46691700034046,
                45.61372799998393
              ],
              [
                -122.46689300005103,
                45.61375100000409
              ],
              [
                -122.46687600033259,
                45.61376799976703
              ],
              [
                -122.46685399969296,
                45.613788999688865
              ],
              [
                -122.46681600005813,
                45.61382699997626
              ],
              [
                -122.46675900015673,
                45.613890000280286
              ],
              [
                -122.46669100038466,
                45.61396800013969
              ],
              [
                -122.46666000042252,
                45.614002000157285
              ],
              [
                -122.4666160000416,
                45.61400299988024
              ],
              [
                -122.46652900000295,
                45.614002000157285
              ],
              [
                -122.46637500001718,
                45.614002000157285
              ],
              [
                -122.46631800011575,
                45.614002000157285
              ],
              [
                -122.46615699955898,
                45.614002000157285
              ],
              [
                -122.46603899955818,
                45.61400099980593
              ],
              [
                -122.46592499975539,
                45.61400099980593
              ],
              [
                -122.46450799992115,
                45.61399899973149
              ],
              [
                -122.46450399972318,
                45.614727000116375
              ],
              [
                -122.46450399972318,
                45.61487800011846
              ],
              [
                -122.46450299989829,
                45.61498399978968
              ],
              [
                -122.46450200007338,
                45.61520900030686
              ],
              [
                -122.46450200007338,
                45.61537799986982
              ],
              [
                -122.46450399972318,
                45.615425000129974
              ],
              [
                -122.46450399972318,
                45.61561300014825
              ],
              [
                -122.46450500044641,
                45.615711000262124
              ],
              [
                -122.46450600027133,
                45.61602900023441
              ],
              [
                -122.46450600027133,
                45.616255000011634
              ],
              [
                -122.46450799992115,
                45.61664800028268
              ],
              [
                -122.46451200011913,
                45.61797299995513
              ],
              [
                -122.46451299994405,
                45.61841200011995
              ],
              [
                -122.4645199996167,
                45.62045700023403
              ],
              [
                -122.4645249996396,
                45.6213650000227
              ],
              [
                -122.46457099967034,
                45.621363999802654
              ],
              [
                -122.46476599966401,
                45.6213650000227
              ],
              [
                -122.46514499978069,
                45.62136800005436
              ],
              [
                -122.46538599980511,
                45.62136999986597
              ],
              [
                -122.46543000018603,
                45.62136999986597
              ],
              [
                -122.46556300025544,
                45.621371000085865
              ],
              [
                -122.46560799956296,
                45.62137200030575
              ],
              [
                -122.46561099993602,
                45.621397000142785
              ],
              [
                -122.46562099998178,
                45.62147200021524
              ],
              [
                -122.4656250001797,
                45.62149700000765
              ],
              [
                -122.46563299967734,
                45.6215520000144
              ],
              [
                -122.46562400035481,
                45.62189499977567
              ],
              [
                -122.46564500027121,
                45.62215499988534
              ],
              [
                -122.46568499955585,
                45.62242299977061
              ],
              [
                -122.46568600027908,
                45.622450000168605
              ],
              [
                -122.46570600037057,
                45.62282200006999
              ],
              [
                -122.46571499969308,
                45.62327699980067
              ],
              [
                -122.46572100043919,
                45.62520599977406
              ],
              [
                -122.46571999971594,
                45.62532200026378
              ],
              [
                -122.46571600041632,
                45.62588600002561
              ],
              [
                -122.46569999962448,
                45.626225999885186
              ],
              [
                -122.46569499960161,
                45.62627900001378
              ],
              [
                -122.4656720000354,
                45.626563999940956
              ],
              [
                -122.465651000119,
                45.6268330002315
              ],
              [
                -122.47077600020597,
                45.626808000305594
              ],
              [
                -122.47076699998516,
                45.62612000010585
              ],
              [
                -122.47077399965784,
                45.62502499970569
              ],
              [
                -122.47078899972645,
                45.62499100008929
              ],
              [
                -122.47182200031945,
                45.62499200024458
              ],
              [
                -122.4718549999314,
                45.62498800025149
              ],
              [
                -122.47192500025162,
                45.62498999993397
              ],
              [
                -122.47230799966793,
                45.624983000102624
              ],
              [
                -122.47264499995183,
                45.624976999797774
              ],
              [
                -122.47420999992404,
                45.62497200027617
              ],
              [
                -122.47438400000134,
                45.62497200027617
              ],
              [
                -122.47464599994215,
                45.6249800002644
              ],
              [
                -122.474719999562,
                45.6249790001089
              ],
              [
                -122.47473800000365,
                45.62497600027046
              ],
              [
                -122.47481599982147,
                45.62496400028681
              ],
              [
                -122.47489399963928,
                45.62495100014463
              ],
              [
                -122.47538599973386,
                45.62494800030469
              ],
              [
                -122.47542900028986,
                45.62494800030469
              ],
              [
                -122.47550499955953,
                45.62494700014856
              ],
              [
                -122.47553200022203,
                45.62494700014856
              ],
              [
                -122.4756200000856,
                45.62494700014856
              ],
              [
                -122.4756970000785,
                45.62494599999246
              ],
              [
                -122.47576200037581,
                45.62494599999246
              ],
              [
                -122.47582699977482,
                45.62494700014856
              ],
              [
                -122.47589100024724,
                45.62494800030469
              ],
              [
                -122.47593300008003,
                45.624948999832505
              ],
              [
                -122.47593200025511,
                45.625008999740935
              ],
              [
                -122.47592700023225,
                45.62517600024739
              ],
              [
                -122.47589999956975,
                45.62610700023174
              ],
              [
                -122.47590999961551,
                45.62644099985916
              ],
              [
                -122.47593999975273,
                45.62744599970004
              ],
              [
                -122.47594999979846,
                45.6277810002498
              ],
              [
                -122.47594599960051,
                45.62794200004921
              ],
              [
                -122.47593700027801,
                45.62841199984608
              ],
              [
                -122.47593700027801,
                45.62842599990792
              ],
              [
                -122.47594499977559,
                45.628587999830486
              ],
              [
                -122.47594800014865,
                45.628834999811716
              ],
              [
                -122.47594999979846,
                45.62899500026908
              ],
              [
                -122.47593499972987,
                45.62957700020838
              ],
              [
                -122.47592899988206,
                45.62982500029784
              ],
              [
                -122.47592499968411,
                45.630306000048485
              ],
              [
                -122.47591899983632,
                45.631416000292994
              ],
              [
                -122.47591100033871,
                45.631750999729604
              ],
              [
                -122.47590100029298,
                45.63223299993805
              ],
              [
                -122.475897000095,
                45.63278999977658
              ],
              [
                -122.47588600022438,
                45.63446000001041
              ],
              [
                -122.47588299985132,
                45.635018000304534
              ],
              [
                -122.47588200002643,
                45.635107999993714
              ],
              [
                -122.47588000037659,
                45.63538099998826
              ],
              [
                -122.47588000037659,
                45.6354719996909
              ],
              [
                -122.47587899965335,
                45.63554899971041
              ],
              [
                -122.47587899965335,
                45.635611000138695
              ],
              [
                -122.47599300035449,
                45.63573500016129
              ],
              [
                -122.47604600005793,
                45.6357919999429
              ],
              [
                -122.47615200036316,
                45.63584299989665
              ],
              [
                -122.47636499990017,
                45.63586600026708
              ],
              [
                -122.47704399959251,
                45.63585999987094
              ],
              [
                -122.4800790000007,
                45.63583300027886
              ],
              [
                -122.48109099977898,
                45.63582499995522
              ],
              [
                -122.48160600033813,
                45.63582100010704
              ],
              [
                -122.48315100021885,
                45.63581199981943
              ],
              [
                -122.48366699970457,
                45.63580899993261
              ],
              [
                -122.48418999976133,
                45.6358020001961
              ],
              [
                -122.48576200030455,
                45.635785000204265
              ],
              [
                -122.48628600018618,
                45.635778999799456
              ],
              [
                -122.48654800012702,
                45.635776999873734
              ],
              [
                -122.48733700032253,
                45.63577200005919
              ],
              [
                -122.48760000008825,
                45.635771000096234
              ],
              [
                -122.48782900041711,
                45.635771000096234
              ],
              [
                -122.4885180001552,
                45.63577399998509
              ],
              [
                -122.48874800030897,
                45.63577499994799
              ],
              [
                -122.48916300041066,
                45.63577200005919
              ],
              [
                -122.49041100019049,
                45.63576700024416
              ],
              [
                -122.49082700011706,
                45.635766000281116
              ],
              [
                -122.49093199969907,
                45.635771000096234
              ],
              [
                -122.49180299991035,
                45.6357589999111
              ],
              [
                -122.49473200001336,
                45.635720000076915
              ],
              [
                -122.4957089996315,
                45.63570799988091
              ],
              [
                -122.4957089996315,
                45.63562800018337
              ],
              [
                -122.4957089996315,
                45.63539099968672
              ],
              [
                -122.4957089996315,
                45.635312000135926
              ],
              [
                -122.4957089996315,
                45.63523900030891
              ],
              [
                -122.4957089996315,
                45.635023000186344
              ],
              [
                -122.49571000035475,
                45.63495199993809
              ],
              [
                -122.49571000035475,
                45.63418899990854
              ],
              [
                -122.49571200000459,
                45.632094999934345
              ],
              [
                -122.49571600020253,
                45.63190099970966
              ],
              [
                -122.49573600029403,
                45.63113900027403
              ],
              [
                -122.49573100027114,
                45.630945999930084
              ],
              [
                -122.49571799985237,
                45.630366999936136
              ],
              [
                -122.4957139996544,
                45.63017500013753
              ],
              [
                -122.49570600015679,
                45.62984399972243
              ],
              [
                -122.4956850002404,
                45.62885099994081
              ],
              [
                -122.49567799966937,
                45.62851999987346
              ],
              [
                -122.495664000324,
                45.628235999937296
              ],
              [
                -122.49566099995094,
                45.628149000188756
              ],
              [
                -122.4956579995779,
                45.62738400029013
              ],
              [
                -122.4956579995779,
                45.6271000002522
              ],
              [
                -122.49552200003377,
                45.62710299997698
              ],
              [
                -122.4953899997893,
                45.62710599970159
              ],
              [
                -122.49515600033588,
                45.627126000165056
              ],
              [
                -122.49511699997782,
                45.62713200023988
              ],
              [
                -122.49498399990843,
                45.627154000299406
              ],
              [
                -122.4946729995638,
                45.6271669999307
              ],
              [
                -122.49464999999759,
                45.6271669999307
              ],
              [
                -122.49364900008999,
                45.627175000233905
              ],
              [
                -122.49331600000404,
                45.62717900007094
              ],
              [
                -122.49331600000404,
                45.62722800009347
              ],
              [
                -122.49151500003025,
                45.627242999937934
              ],
              [
                -122.49150900018246,
                45.62696100005422
              ],
              [
                -122.49148800026609,
                45.624884999859376
              ],
              [
                -122.49144399988516,
                45.624884999859376
              ],
              [
                -122.4914460004333,
                45.62450400023493
              ],
              [
                -122.49144999973294,
                45.62340400002041
              ],
              [
                -122.49145800012886,
                45.62136800005436
              ],
              [
                -122.49145599958072,
                45.62123399994927
              ],
              [
                -122.49184300009333,
                45.62122900009388
              ],
              [
                -122.49316299984316,
                45.6212120000796
              ],
              [
                -122.49364700044015,
                45.62120700022224
              ],
              [
                -122.49510299973412,
                45.62119300024232
              ],
              [
                -122.49558800015602,
                45.62118899997812
              ],
              [
                -122.49558899998094,
                45.62121399989677
              ],
              [
                -122.49559300017889,
                45.62128999980707
              ],
              [
                -122.49559499982871,
                45.62131599990156
              ],
              [
                -122.49559700037683,
                45.621358999958844
              ],
              [
                -122.49559800020175,
                45.62143500030093
              ],
              [
                -122.49560200039971,
                45.6216510000162
              ],
              [
                -122.4994529998693,
                45.62163400012989
              ],
              [
                -122.49944899967136,
                45.621423000187654
              ],
              [
                -122.49944799984644,
                45.62137200030575
              ],
              [
                -122.49944799984644,
                45.621312999867115
              ],
              [
                -122.49944799984644,
                45.62128600017813
              ],
              [
                -122.49944799984644,
                45.62120499977653
              ],
              [
                -122.49944799984644,
                45.62117800003554
              ],
              [
                -122.50001699993392,
                45.62117600021709
              ],
              [
                -122.50119799976662,
                45.62117199995172
              ],
              [
                -122.50134000005681,
                45.62117199995172
              ],
              [
                -122.50170800030284,
                45.62117199995172
              ],
              [
                -122.50172400019636,
                45.62117199995172
              ],
              [
                -122.50229400010878,
                45.62118499971369
              ],
              [
                -122.50268800029407,
                45.62118499971369
              ],
              [
                -122.50356000033024,
                45.621185999936884
              ],
              [
                -122.50387199960147,
                45.62118400011872
              ],
              [
                -122.50426699961169,
                45.62118200030047
              ],
              [
                -122.50426699961169,
                45.62121800015913
              ],
              [
                -122.50426699961169,
                45.621326000224684
              ],
              [
                -122.50426800033492,
                45.62136300021091
              ],
              [
                -122.50426999998473,
                45.62213399995506
              ],
              [
                -122.50427199963455,
                45.62279300009042
              ],
              [
                -122.50430099994686,
                45.623088999718924
              ],
              [
                -122.5043219998633,
                45.62322900028084
              ],
              [
                -122.50436899971892,
                45.62343799997108
              ],
              [
                -122.50442499979543,
                45.62361699977772
              ],
              [
                -122.50449500011563,
                45.62379399991602
              ],
              [
                -122.50457799995631,
                45.62396899977666
              ],
              [
                -122.50472400044448,
                45.624216000007365
              ],
              [
                -122.50479999971414,
                45.62433700023956
              ],
              [
                -122.50510000018811,
                45.62481299980231
              ],
              [
                -122.50521999983873,
                45.62498499978528
              ],
              [
                -122.50540300013682,
                45.62528099977689
              ],
              [
                -122.50552100013762,
                45.62545600002161
              ],
              [
                -122.50573299984971,
                45.62582000021298
              ],
              [
                -122.50580999984261,
                45.62597300014534
              ],
              [
                -122.5058729995918,
                45.62612699979521
              ],
              [
                -122.50588699983551,
                45.62617499997487
              ],
              [
                -122.50591799979765,
                45.626281000278446
              ],
              [
                -122.50594899975978,
                45.62643800009896
              ],
              [
                -122.5059579999806,
                45.626509999953626
              ],
              [
                -122.50601400005709,
                45.62681999989447
              ],
              [
                -122.50601599970695,
                45.62689599974395
              ],
              [
                -122.50603300032368,
                45.62736399991867
              ],
              [
                -122.50603900017147,
                45.62807200005314
              ],
              [
                -122.50604300036942,
                45.62846399969913
              ],
              [
                -122.50604500001923,
                45.628756999902144
              ],
              [
                -122.50605400024007,
                45.62955900013894
              ],
              [
                -122.50605300041518,
                45.62963700018881
              ],
              [
                -122.50605300041518,
                45.62993099998105
              ],
              [
                -122.50606099991276,
                45.630277000171326
              ],
              [
                -122.50607599998139,
                45.63134699995594
              ],
              [
                -122.50608100000426,
                45.63170199989204
              ],
              [
                -122.50608000017934,
                45.63194899997021
              ],
              [
                -122.50608000017934,
                45.632082000189605
              ],
              [
                -122.50305599964177,
                45.63208400024719
              ],
              [
                -122.50306499986259,
                45.632287000065446
              ],
              [
                -122.50305700036502,
                45.63295699971518
              ],
              [
                -122.50306999988548,
                45.63352899994267
              ],
              [
                -122.50310099984762,
                45.634849000267316
              ],
              [
                -122.50310800041862,
                45.63539099968672
              ],
              [
                -122.50311199971829,
                45.63567099994074
              ],
              [
                -122.50349400020802,
                45.63566900001123
              ],
              [
                -122.5038530002332,
                45.635667000081575
              ],
              [
                -122.50385400005813,
                45.635950000092194
              ],
              [
                -122.50385800025607,
                45.63643299994087
              ],
              [
                -122.50384700038543,
                45.63652199992041
              ],
              [
                -122.50382599957072,
                45.6365910001672
              ],
              [
                -122.50376600019456,
                45.63668700015076
              ],
              [
                -122.50370099989728,
                45.63675600019437
              ],
              [
                -122.50354600008654,
                45.636883999968376
              ],
              [
                -122.50348900018516,
                45.63694400029172
              ],
              [
                -122.50342899991067,
                45.63703699984945
              ],
              [
                -122.50341800004001,
                45.63705500002969
              ],
              [
                -122.50338700007788,
                45.63712600012592
              ],
              [
                -122.50337200000928,
                45.6371799999354
              ],
              [
                -122.50336500033656,
                45.637250999873196
              ],
              [
                -122.50337200000928,
                45.63735500008862
              ],
              [
                -122.50338100023012,
                45.63746600026862
              ],
              [
                -122.50337899968198,
                45.63758800009398
              ],
              [
                -122.50337500038232,
                45.63795399986069
              ],
              [
                -122.50337500038232,
                45.638076999801584
              ],
              [
                -122.50337500038232,
                45.63820299985941
              ],
              [
                -122.50337500038232,
                45.638378999874625
              ],
              [
                -122.5034790001394,
                45.63837799995819
              ],
              [
                -122.50383499979156,
                45.63837799995819
              ],
              [
                -122.50455200001704,
                45.63837700004169
              ],
              [
                -122.50461499976623,
                45.63838900029425
              ],
              [
                -122.50461399994134,
                45.63857699993756
              ],
              [
                -122.50461399994134,
                45.63914299991305
              ],
              [
                -122.50461399994134,
                45.63933200006638
              ],
              [
                -122.50468000006356,
                45.639331000166905
              ],
              [
                -122.5048790002552,
                45.639331000166905
              ],
              [
                -122.50494600020234,
                45.639331000166905
              ],
              [
                -122.50503499989081,
                45.63933899999004
              ],
              [
                -122.50508000009664,
                45.63934799971112
              ],
              [
                -122.50509900036322,
                45.63935199993563
              ],
              [
                -122.50513699999803,
                45.63936200018164
              ],
              [
                -122.50527199971725,
                45.63939699977239
              ],
              [
                -122.50531000025042,
                45.63940399968792
              ],
              [
                -122.50536899980166,
                45.63941599972052
              ],
              [
                -122.5055129997417,
                45.63941999994018
              ],
              [
                -122.50594499956183,
                45.639431999969354
              ],
              [
                -122.5060900002251,
                45.63943700008542
              ],
              [
                -122.5060850002022,
                45.64013399971585
              ],
              [
                -122.5060700001336,
                45.64222499996824
              ],
              [
                -122.50606799958547,
                45.64265500007365
              ],
              [
                -122.50605500006498,
                45.642922000086315
              ],
              [
                -122.50605800043802,
                45.64365799968622
              ],
              [
                -122.50606099991276,
                45.64416200014209
              ],
              [
                -122.50605400024007,
                45.64586600013181
              ],
              [
                -122.50605099986704,
                45.64660299976005
              ],
              [
                -122.50604800039228,
                45.64704300030508
              ],
              [
                -122.50604199964617,
                45.64836500014723
              ],
              [
                -122.50604199964617,
                45.648387000035505
              ],
              [
                -122.50604400019431,
                45.64880599976967
              ],
              [
                -122.50603800034655,
                45.64910999986289
              ],
              [
                -122.50602099972981,
                45.65002500004422
              ],
              [
                -122.50601599970695,
                45.650330000132065
              ],
              [
                -122.50571399958312,
                45.65031700022194
              ],
              [
                -122.50558200023696,
                45.65031599989061
              ],
              [
                -122.50428199968029,
                45.65031100011744
              ],
              [
                -122.50384900003526,
                45.65030999978599
              ],
              [
                -122.50384400001239,
                45.6504049997963
              ],
              [
                -122.50383300014173,
                45.65069299983438
              ],
              [
                -122.50382999976867,
                45.65078900014593
              ],
              [
                -122.50382800011886,
                45.6508530000529
              ],
              [
                -122.50378899976077,
                45.65109100014455
              ],
              [
                -122.50377799989012,
                45.651224000143145
              ],
              [
                -122.50377700006523,
                45.651246000164406
              ],
              [
                -122.50378700011099,
                45.65138000010723
              ],
              [
                -122.50382899994378,
                45.651652000261286
              ],
              [
                -122.50384499983731,
                45.65179199980714
              ],
              [
                -122.50382399992091,
                45.65201300021252
              ],
              [
                -122.50380200017959,
                45.652162000286324
              ],
              [
                -122.50378999958569,
                45.652310999963674
              ],
              [
                -122.50379999963144,
                45.6524220000262
              ],
              [
                -122.50382200027107,
                45.65253299986874
              ],
              [
                -122.50384800021035,
                45.65259000014358
              ],
              [
                -122.50375000030104,
                45.65263399973224
              ],
              [
                -122.50371699979077,
                45.65265700011713
              ],
              [
                -122.50368900020169,
                45.65270199994189
              ],
              [
                -122.50367699960779,
                45.652751999914095
              ],
              [
                -122.50367800033104,
                45.65281400014416
              ],
              [
                -122.50368199963069,
                45.65283499988239
              ],
              [
                -122.50370699974503,
                45.65286299973048
              ],
              [
                -122.50378299991301,
                45.65290400013312
              ],
              [
                -122.5038320003168,
                45.65291900001259
              ],
              [
                -122.5039019997387,
                45.65292699977918
              ],
              [
                -122.50395500034045,
                45.65292299989605
              ],
              [
                -122.503999999648,
                45.65291599978582
              ],
              [
                -122.50408000001393,
                45.652891000192504
              ],
              [
                -122.5041050001283,
                45.652862000072545
              ],
              [
                -122.50414799978599,
                45.652873000076504
              ],
              [
                -122.50431799966529,
                45.652920000297435
              ],
              [
                -122.50443599966609,
                45.652942000280426
              ],
              [
                -122.50455600021499,
                45.65295500020921
              ],
              [
                -122.50467500004068,
                45.65295900009011
              ],
              [
                -122.50480899993501,
                45.652953000268674
              ],
              [
                -122.50494000035455,
                45.652935999829246
              ],
              [
                -122.5050840002946,
                45.6528989999631
              ],
              [
                -122.50515999956427,
                45.652875000019904
              ],
              [
                -122.505357999931,
                45.6528169997484
              ],
              [
                -122.50543900012184,
                45.6528070000203
              ],
              [
                -122.50552199996254,
                45.652805000074494
              ],
              [
                -122.50554299987891,
                45.652805999733445
              ],
              [
                -122.50560599962812,
                45.652810999911765
              ],
              [
                -122.50601800025507,
                45.652805999733445
              ],
              [
                -122.50601300023217,
                45.653270999965365
              ],
              [
                -122.50600400001136,
                45.65443000001885
              ],
              [
                -122.50600300018647,
                45.65466799997981
              ],
              [
                -122.50600300018647,
                45.65513400006638
              ],
              [
                -122.50600200036155,
                45.65544599975457
              ],
              [
                -122.50600200036155,
                45.65556699974745
              ],
              [
                -122.50599999981338,
                45.65686499983599
              ],
              [
                -122.50599999981338,
                45.657299000152456
              ],
              [
                -122.50599999981338,
                45.65748499997592
              ],
              [
                -122.50599999981338,
                45.65757699976825
              ],
              [
                -122.50599700033868,
                45.65804600008649
              ],
              [
                -122.50599599961544,
                45.658233000130075
              ],
              [
                -122.5059920003158,
                45.65880400019576
              ],
              [
                -122.50598200027004,
                45.66051800013615
              ],
              [
                -122.50598100044515,
                45.6606020000431
              ],
              [
                -122.50597899989701,
                45.661090000268736
              ],
              [
                -122.50597800007209,
                45.6611990002359
              ],
              [
                -122.5059720002243,
                45.66185099972676
              ],
              [
                -122.5059510003079,
                45.664136000243424
              ],
              [
                -122.50594499956183,
                45.66489799980384
              ],
              [
                -122.50523800028039,
                45.66483400025295
              ],
              [
                -122.50517499963289,
                45.66483400025295
              ],
              [
                -122.50285899999828,
                45.664840000057026
              ],
              [
                -122.50208700041955,
                45.6648430002727
              ],
              [
                -122.49758599977329,
                45.66478699998685
              ],
              [
                -122.49758199957533,
                45.66841499988153
              ],
              [
                -122.49560999989734,
                45.66840699981655
              ],
              [
                -122.49560900007242,
                45.66866600008486
              ],
              [
                -122.49536700022308,
                45.66872200025678
              ],
              [
                -122.49524300037453,
                45.66877199973518
              ],
              [
                -122.49520900003934,
                45.66889999980339
              ],
              [
                -122.49518099955192,
                45.66897099971501
              ],
              [
                -122.49470600007406,
                45.66928400013495
              ],
              [
                -122.49461200036276,
                45.669309999934676
              ],
              [
                -122.49463900012692,
                45.66937100004512
              ],
              [
                -122.494594999746,
                45.66943100009917
              ],
              [
                -122.4946430003249,
                45.66948600014456
              ],
              [
                -122.49474399970893,
                45.66955799992825
              ],
              [
                -122.49481400002912,
                45.66965299992831
              ],
              [
                -122.49485000001413,
                45.66970299983052
              ],
              [
                -122.49483099974755,
                45.669780999865026
              ],
              [
                -122.4948130002042,
                45.66988000004204
              ],
              [
                -122.49484300034145,
                45.66994999998538
              ],
              [
                -122.49493600022784,
                45.670166999755665
              ],
              [
                -122.4949470000985,
                45.6703530001446
              ],
              [
                -122.49560599969934,
                45.67035500009141
              ],
              [
                -122.49561699957,
                45.67121799998095
              ],
              [
                -122.49560900007242,
                45.67160899975998
              ],
              [
                -122.4956009996765,
                45.672048999691654
              ],
              [
                -122.49556399986655,
                45.675663000111626
              ],
              [
                -122.49554799997304,
                45.677142999776166
              ],
              [
                -122.49554799997304,
                45.677180999792405
              ],
              [
                -122.49552500040683,
                45.679185000091074
              ],
              [
                -122.49552000038396,
                45.679310000126925
              ],
              [
                -122.49570199995883,
                45.67930799987247
              ],
              [
                -122.49651500044378,
                45.67930600024559
              ],
              [
                -122.49693600039328,
                45.67931400000798
              ],
              [
                -122.49703299957933,
                45.67931600026221
              ],
              [
                -122.49810299998224,
                45.679318999701984
              ],
              [
                -122.49861900036628,
                45.67931499982128
              ],
              [
                -122.50012700043709,
                45.679301999736325
              ],
              [
                -122.50063000040234,
                45.67931400000798
              ],
              [
                -122.50071499989282,
                45.679317999888745
              ],
              [
                -122.50115699975872,
                45.6793400001693
              ],
              [
                -122.50187200033437,
                45.6793389997288
              ],
              [
                -122.50186599958828,
                45.67890299990836
              ],
              [
                -122.50188300020503,
                45.678389999804324
              ],
              [
                -122.50189099970264,
                45.677896000094094
              ],
              [
                -122.50189200042585,
                45.6778770000181
              ],
              [
                -122.50188599967977,
                45.67595000029877
              ],
              [
                -122.50189499990059,
                45.6755079998905
              ],
              [
                -122.50190699959614,
                45.67486999978493
              ],
              [
                -122.50191800036514,
                45.67437999998953
              ],
              [
                -122.50192500003783,
                45.67356899994516
              ],
              [
                -122.50193599990848,
                45.67235199984318
              ],
              [
                -122.5019300000607,
                45.67212700022307
              ],
              [
                -122.50221999959061,
                45.67213000004819
              ],
              [
                -122.50250199962292,
                45.67213299987315
              ],
              [
                -122.50308999997696,
                45.67214199997476
              ],
              [
                -122.50338100023012,
                45.67214599974052
              ],
              [
                -122.50388900021824,
                45.67214900019235
              ],
              [
                -122.50541300018259,
                45.6721580002914
              ],
              [
                -122.50592199999559,
                45.67216200005597
              ],
              [
                -122.50638099957992,
                45.67216299999706
              ],
              [
                -122.50776099960423,
                45.67216900027104
              ],
              [
                -122.50822099991176,
                45.67217100015297
              ],
              [
                -122.50828100018622,
                45.67215900023256
              ],
              [
                -122.50846199993617,
                45.67216299999706
              ],
              [
                -122.50852300003554,
                45.67216499987926
              ],
              [
                -122.50919400023028,
                45.672173000034824
              ],
              [
                -122.50935499988874,
                45.672173000034824
              ],
              [
                -122.5095470004077,
                45.672173000034824
              ],
              [
                -122.50954599968449,
                45.67220599995839
              ],
              [
                -122.50953700036196,
                45.67273700027537
              ],
              [
                -122.50956699960085,
                45.67274000006783
              ],
              [
                -122.50960000011115,
                45.67274000006783
              ],
              [
                -122.51037800043599,
                45.67274399979081
              ],
              [
                -122.51038000008582,
                45.67276299972652
              ],
              [
                -122.51038099991074,
                45.672788999793255
              ],
              [
                -122.51038299956055,
                45.672813999918475
              ],
              [
                -122.5104010000022,
                45.672813999918475
              ],
              [
                -122.51058400030033,
                45.67281699970677
              ],
              [
                -122.51058599995014,
                45.67274299986009
              ],
              [
                -122.51110200033418,
                45.67274399979081
              ],
              [
                -122.51110599963384,
                45.67338400012004
              ],
              [
                -122.51109499976317,
                45.67574199987693
              ],
              [
                -122.51262799994834,
                45.675730999971876
              ],
              [
                -122.51381299997898,
                45.6757279997121
              ],
              [
                -122.51382899987252,
                45.67574500013596
              ],
              [
                -122.51415299973759,
                45.675746999890094
              ],
              [
                -122.5149689996973,
                45.67573900024543
              ],
              [
                -122.51627599992666,
                45.675730999971876
              ],
              [
                -122.51627699975155,
                45.67472400019215
              ],
              [
                -122.51623800029184,
                45.67472400019215
              ],
              [
                -122.51623300026897,
                45.67402599985061
              ],
              [
                -122.51627799957647,
                45.67402599985061
              ],
              [
                -122.51627799957647,
                45.67381699989819
              ],
              [
                -122.51631699993456,
                45.673729000081124
              ],
              [
                -122.51631600010964,
                45.67361499982711
              ],
              [
                -122.51631600010964,
                45.67327699986735
              ],
              [
                -122.51631600010964,
                45.67316399987118
              ],
              [
                -122.5163119999117,
                45.67301700029576
              ],
              [
                -122.5163000002161,
                45.672576999814126
              ],
              [
                -122.51629699984306,
                45.672430999888576
              ],
              [
                -122.5162929996451,
                45.67227999988739
              ],
              [
                -122.51629000017037,
                45.67214499979913
              ],
              [
                -122.51892299999739,
                45.672090999798165
              ],
              [
                -122.52012599957133,
                45.6721400000918
              ],
              [
                -122.52132200037094,
                45.67226400023335
              ],
              [
                -122.52131200032521,
                45.67229500022583
              ],
              [
                -122.52128300001287,
                45.672390999911336
              ],
              [
                -122.52127399979206,
                45.67242299976988
              ],
              [
                -122.52121000021795,
                45.672702000174354
              ],
              [
                -122.52093200038361,
                45.673124999714034
              ],
              [
                -122.52269900002221,
                45.67316499979437
              ],
              [
                -122.5229669998108,
                45.67317099996093
              ],
              [
                -122.52318100007106,
                45.67317600020381
              ],
              [
                -122.52319500031474,
                45.672661999763044
              ],
              [
                -122.52319600013963,
                45.67252799990309
              ],
              [
                -122.52512199978692,
                45.672554000079
              ],
              [
                -122.52658200017714,
                45.67257499994671
              ],
              [
                -122.52763499996331,
                45.672553000144894
              ],
              [
                -122.5276409998111,
                45.672673000271345
              ],
              [
                -122.52763300031349,
                45.673297000170656
              ],
              [
                -122.52891100023054,
                45.6733029996953
              ],
              [
                -122.52888699994108,
                45.67427400028922
              ],
              [
                -122.53162199987533,
                45.674270999951325
              ],
              [
                -122.53162199987533,
                45.67423399974609
              ],
              [
                -122.53162299970026,
                45.674094999723565
              ],
              [
                -122.53162500024838,
                45.673996000097645
              ],
              [
                -122.53163199992107,
                45.673701999909795
              ],
              [
                -122.53163500029413,
                45.673604000131675
              ],
              [
                -122.53163600011905,
                45.67352399994218
              ],
              [
                -122.53164199996684,
                45.67328399994292
              ],
              [
                -122.53164399961665,
                45.67320499984618
              ],
              [
                -122.53234599977351,
                45.67321399977546
              ],
              [
                -122.53234499994859,
                45.67316499979437
              ],
              [
                -122.53263700002667,
                45.67316499979437
              ],
              [
                -122.53263700002667,
                45.67235399971857
              ],
              [
                -122.53262199995804,
                45.67226400023335
              ],
              [
                -122.53348899997137,
                45.67204499991902
              ],
              [
                -122.53365200017798,
                45.67200399972194
              ],
              [
                -122.53399500030966,
                45.671918000083615
              ],
              [
                -122.53409200039404,
                45.67189400013178
              ],
              [
                -122.5343869999468,
                45.6718220002145
              ],
              [
                -122.53448499985609,
                45.6717990001691
              ],
              [
                -122.53517399959419,
                45.67162700013036
              ],
              [
                -122.53724099970674,
                45.67111299990092
              ],
              [
                -122.53793100016806,
                45.67094200022782
              ],
              [
                -122.53877499971684,
                45.67073400002394
              ],
              [
                -122.54130700015983,
                45.67011199975171
              ],
              [
                -122.54215200043181,
                45.66990500021118
              ],
              [
                -122.54283899962178,
                45.66972900006337
              ],
              [
                -122.54490099971143,
                45.669204000047735
              ],
              [
                -122.54558899962461,
                45.66902900020373
              ],
              [
                -122.54560000039359,
                45.6694100003073
              ],
              [
                -122.54558600014988,
                45.669737999923825
              ],
              [
                -122.54555500018775,
                45.67007899984897
              ],
              [
                -122.54555900038572,
                45.67053699997517
              ],
              [
                -122.54696799982403,
                45.67054900024335
              ],
              [
                -122.54888599997365,
                45.67055500006258
              ],
              [
                -122.5488819997757,
                45.67017000031358
              ],
              [
                -122.54888699979857,
                45.66996099977124
              ],
              [
                -122.54886900025522,
                45.669831000280645
              ],
              [
                -122.54886000003438,
                45.6696149998221
              ],
              [
                -122.54884300031593,
                45.66919400010725
              ],
              [
                -122.54884499996578,
                45.66895799973792
              ],
              [
                -122.54882599969919,
                45.66857599969123
              ],
              [
                -122.54880899998076,
                45.668229999969014
              ],
              [
                -122.54954600029774,
                45.66803599994015
              ],
              [
                -122.55037499977789,
                45.66782000008766
              ],
              [
                -122.55148199999073,
                45.66753699973447
              ],
              [
                -122.55176200037322,
                45.667474000086685
              ],
              [
                -122.55250700018777,
                45.667310000162836
              ],
              [
                -122.55256999993699,
                45.667594999825845
              ],
              [
                -122.55256300026429,
                45.66873000027678
              ],
              [
                -122.55294700040383,
                45.66863499996562
              ],
              [
                -122.55378000008197,
                45.668432000015855
              ],
              [
                -122.55396400020499,
                45.66837700019031
              ],
              [
                -122.55409899992421,
                45.66836000003928
              ],
              [
                -122.55415300035087,
                45.66835399998475
              ],
              [
                -122.55431599965917,
                45.66837100013761
              ],
              [
                -122.55438400032955,
                45.66839499971689
              ],
              [
                -122.55440299969784,
                45.66840399979184
              ],
              [
                -122.55448100041392,
                45.66843800006207
              ],
              [
                -122.55452499989656,
                45.668382000233784
              ],
              [
                -122.55453499994229,
                45.66837000012877
              ],
              [
                -122.5546060000874,
                45.66830900018291
              ],
              [
                -122.55473199958578,
                45.66822899995765
              ],
              [
                -122.55488300009685,
                45.66816399980818
              ],
              [
                -122.55493400015048,
                45.66814600020733
              ],
              [
                -122.55496099991464,
                45.66813700009084
              ],
              [
                -122.5560410003633,
                45.667867999708406
              ],
              [
                -122.55648700042714,
                45.66776500028854
              ],
              [
                -122.556633000017,
                45.66773100023729
              ],
              [
                -122.55661600029855,
                45.66708000020276
              ],
              [
                -122.55652800043502,
                45.66710200027258
              ],
              [
                -122.55648700042714,
                45.66711199995903
              ],
              [
                -122.55648599970391,
                45.66672300022985
              ],
              [
                -122.55646700033564,
                45.666662999784066
              ],
              [
                -122.55640200003832,
                45.66654099987207
              ],
              [
                -122.5563789995738,
                45.66649899999524
              ],
              [
                -122.55629499990819,
                45.666359000178154
              ],
              [
                -122.5565140001913,
                45.66630600029054
              ],
              [
                -122.55677500030723,
                45.666241999838235
              ],
              [
                -122.55697600014865,
                45.66619300003098
              ],
              [
                -122.55713799963206,
                45.66615299999001
              ],
              [
                -122.55735400044044,
                45.666100999956754
              ],
              [
                -122.55752599996958,
                45.66651800016761
              ],
              [
                -122.55814399956253,
                45.666352999909094
              ],
              [
                -122.55814199991273,
                45.66623400009043
              ],
              [
                -122.55845800028024,
                45.6662330000434
              ],
              [
                -122.55872400041899,
                45.6662330000434
              ],
              [
                -122.55873000026678,
                45.66680899968941
              ],
              [
                -122.55872799971866,
                45.66722000009996
              ],
              [
                -122.55926800039214,
                45.66709199995656
              ],
              [
                -122.55937600034714,
                45.66706599975434
              ],
              [
                -122.55950799969331,
                45.66703399997182
              ],
              [
                -122.55955999957187,
                45.66702200020559
              ],
              [
                -122.55955700009713,
                45.66609699975905
              ],
              [
                -122.56032299982812,
                45.66609699975905
              ],
              [
                -122.56032200000321,
                45.666056000227044
              ],
              [
                -122.56032100017829,
                45.665972999765756
              ],
              [
                -122.56031699998032,
                45.665744000018
              ],
              [
                -122.56031600015542,
                45.665639999771166
              ],
              [
                -122.56031199995745,
                45.665346999696766
              ],
              [
                -122.5605260002177,
                45.665269999825576
              ],
              [
                -122.56070100011988,
                45.66520800020288
              ],
              [
                -122.56082099977048,
                45.66516000018455
              ],
              [
                -122.56083400018927,
                45.66528799972338
              ],
              [
                -122.56083099981623,
                45.66564700017412
              ],
              [
                -122.56117700032094,
                45.665650999776226
              ],
              [
                -122.561285000276,
                45.66564700017412
              ],
              [
                -122.561285000276,
                45.66578200024112
              ],
              [
                -122.56142599984298,
                45.66578200024112
              ],
              [
                -122.56182000002828,
                45.66578200024112
              ],
              [
                -122.56198099968674,
                45.66571699976123
              ],
              [
                -122.56185900038633,
                45.66555200028063
              ],
              [
                -122.56178499986817,
                45.66548199985941
              ],
              [
                -122.56173100033982,
                45.66543099989205
              ],
              [
                -122.56164699977592,
                45.66531899981292
              ],
              [
                -122.56191499956452,
                45.66520700013753
              ],
              [
                -122.56191700011267,
                45.665106999789536
              ],
              [
                -122.56191999958739,
                45.664889999864016
              ],
              [
                -122.56192100031059,
                45.664723999755246
              ],
              [
                -122.56200400015129,
                45.66468999974028
              ],
              [
                -122.56216099961182,
                45.66462399980007
              ],
              [
                -122.56243000012363,
                45.6645140001453
              ],
              [
                -122.56324100006046,
                45.664183999884145
              ],
              [
                -122.56351100039718,
                45.66407500007822
              ],
              [
                -122.56369999964478,
                45.663998999799965
              ],
              [
                -122.56426999955715,
                45.663771000229616
              ],
              [
                -122.56446000042628,
                45.66369600025884
              ],
              [
                -122.56460900038918,
                45.66363899998784
              ],
              [
                -122.56505600027793,
                45.66346900017867
              ],
              [
                -122.56520600006579,
                45.66341299977402
              ],
              [
                -122.56585899981883,
                45.66310099990194
              ],
              [
                -122.56618100003412,
                45.66294700015324
              ],
              [
                -122.56630099968473,
                45.66288999974742
              ],
              [
                -122.56633199964686,
                45.66287500002753
              ],
              [
                -122.56620299977543,
                45.662430999717586
              ],
              [
                -122.56621299982115,
                45.6622050002776
              ],
              [
                -122.56621700001915,
                45.661583000030795
              ],
              [
                -122.56621299982115,
                45.66144399998081
              ],
              [
                -122.56570499983306,
                45.66144000007812
              ],
              [
                -122.56563799988592,
                45.66144000007812
              ],
              [
                -122.56563299986303,
                45.660797000238226
              ],
              [
                -122.56561699996952,
                45.66072999995801
              ],
              [
                -122.56572699957437,
                45.660710000186775
              ],
              [
                -122.5658200003591,
                45.66069399973681
              ],
              [
                -122.56602000037563,
                45.66064900005566
              ],
              [
                -122.56622299986691,
                45.660613999929815
              ],
              [
                -122.56644899982271,
                45.66059500026495
              ],
              [
                -122.56656299962553,
                45.66058900000593
              ],
              [
                -122.56687200032033,
                45.66057999993015
              ],
              [
                -122.56732000003399,
                45.66058399989427
              ],
              [
                -122.567532999571,
                45.660599000228
              ],
              [
                -122.5676580001428,
                45.66061699974416
              ],
              [
                -122.56776000025005,
                45.66064399994933
              ],
              [
                -122.56785899998424,
                45.66067900005638
              ],
              [
                -122.56795299969559,
                45.66072300019585
              ],
              [
                -122.56806499984857,
                45.66078499976289
              ],
              [
                -122.56807800026736,
                45.6607920001451
              ],
              [
                -122.56825399999445,
                45.660929000274606
              ],
              [
                -122.56832299959143,
                45.66100199990425
              ],
              [
                -122.56837799984301,
                45.66108599971292
              ],
              [
                -122.56845700038404,
                45.66125400020786
              ],
              [
                -122.56848400014823,
                45.66133700013181
              ],
              [
                -122.56850199969158,
                45.66143899994546
              ],
              [
                -122.56850300041481,
                45.66154100020112
              ],
              [
                -122.56846700042978,
                45.66184099972836
              ],
              [
                -122.56971400038472,
                45.66130299994335
              ],
              [
                -122.57020800012911,
                45.66107200027675
              ],
              [
                -122.57051899957543,
                45.66092599984918
              ],
              [
                -122.5705370000171,
                45.66091699982756
              ],
              [
                -122.57090899956277,
                45.660722000050384
              ],
              [
                -122.57157899993258,
                45.66036800016817
              ],
              [
                -122.57258900006103,
                45.659778999947996
              ],
              [
                -122.57274399987173,
                45.66003699979652
              ],
              [
                -122.57412899991891,
                45.661432999776935
              ],
              [
                -122.57421299958449,
                45.661517999698084
              ],
              [
                -122.57525299985018,
                45.6625620001837
              ],
              [
                -122.57653400014027,
                45.66399700025386
              ],
              [
                -122.57655699970648,
                45.66402299999813
              ],
              [
                -122.57676000009607,
                45.66425799974666
              ],
              [
                -122.576796999906,
                45.664297999886124
              ],
              [
                -122.57729999987124,
                45.66430900015489
              ],
              [
                -122.57768099963776,
                45.664871999838184
              ],
              [
                -122.57772699966851,
                45.66494000025411
              ],
              [
                -122.57866499982693,
                45.66644700028339
              ],
              [
                -122.57915299972356,
                45.667245000201696
              ],
              [
                -122.57963899997036,
                45.668039999999294
              ],
              [
                -122.57919700010449,
                45.66803899998454
              ],
              [
                -122.57931599993017,
                45.668242000104044
              ],
              [
                -122.58040200022663,
                45.67000800008737
              ],
              [
                -122.58364299960084,
                45.675279000235896
              ],
              [
                -122.58570499969053,
                45.678466000000256
              ],
              [
                -122.58605600021812,
                45.67879600016599
              ],
              [
                -122.58640099999961,
                45.67912000011265
              ],
              [
                -122.5880250004214,
                45.680730000184845
              ],
              [
                -122.58902600032901,
                45.681385999746915
              ],
              [
                -122.59074699993685,
                45.68250400018647
              ],
              [
                -122.59097999956535,
                45.68295300005517
              ],
              [
                -122.59114299977199,
                45.68336399990144
              ],
              [
                -122.5911729999092,
                45.68342699986296
              ],
              [
                -122.59121399991707,
                45.683541000210646
              ],
              [
                -122.59122399996284,
                45.68356700029042
              ],
              [
                -122.59134000031379,
                45.68385999975089
              ],
              [
                -122.5915739997672,
                45.68427099983724
              ],
              [
                -122.591695000141,
                45.68453799975958
              ],
              [
                -122.5928550000573,
                45.68504699987722
              ],
              [
                -122.59353100027492,
                45.68498199980573
              ],
              [
                -122.59420400011945,
                45.68480800006337
              ],
              [
                -122.59508899967612,
                45.68457999990634
              ],
              [
                -122.59607799988817,
                45.68476899986291
              ],
              [
                -122.5975790002863,
                45.685557000085915
              ],
              [
                -122.59831800025309,
                45.68601300029265
              ],
              [
                -122.60048599974967,
                45.687522000186185
              ],
              [
                -122.60079500044448,
                45.68773700026797
              ],
              [
                -122.6015860002898,
                45.68833199979096
              ],
              [
                -122.60197100025428,
                45.68870199976735
              ],
              [
                -122.60298100038273,
                45.68971300001505
              ],
              [
                -122.60485199977839,
                45.69167599988789
              ],
              [
                -122.60596700038715,
                45.692643999805675
              ],
              [
                -122.60650499961419,
                45.693111000222025
              ],
              [
                -122.60673300011813,
                45.693043999717986
              ],
              [
                -122.60688299990595,
                45.69298900023697
              ],
              [
                -122.60695300022614,
                45.69296399971341
              ],
              [
                -122.60716300028842,
                45.692871000152515
              ],
              [
                -122.60738500004628,
                45.69275400001971
              ],
              [
                -122.60743199990193,
                45.69272199986564
              ],
              [
                -122.60774499989638,
                45.6925059999157
              ],
              [
                -122.60974199968874,
                45.69084100017352
              ],
              [
                -122.60974099986385,
                45.69073400004473
              ],
              [
                -122.61101100028328,
                45.68967499972486
              ],
              [
                -122.611202000079,
                45.68967400009669
              ],
              [
                -122.61716200039226,
                45.689645999832834
              ],
              [
                -122.61716499986699,
                45.69042399984146
              ],
              [
                -122.6174679998157,
                45.69042399984146
              ],
              [
                -122.61754999983147,
                45.69042099974202
              ],
              [
                -122.61779699970367,
                45.690415999785145
              ],
              [
                -122.61782600001598,
                45.690420000127176
              ],
              [
                -122.61789200013823,
                45.69042699994073
              ],
              [
                -122.61789899981092,
                45.689642999691664
              ],
              [
                -122.61789499961297,
                45.6860220000446
              ],
              [
                -122.61775200039614,
                45.68602099972363
              ],
              [
                -122.61637999986944,
                45.686038000157964
              ],
              [
                -122.61632399979293,
                45.68603899985112
              ],
              [
                -122.61607000024804,
                45.686042000185594
              ],
              [
                -122.61568399956033,
                45.68603600014405
              ],
              [
                -122.61563900025283,
                45.68603499982328
              ],
              [
                -122.61552200007695,
                45.68603299980925
              ],
              [
                -122.6167840001005,
                45.684963999965696
              ],
              [
                -122.6193399999346,
                45.682364000236824
              ],
              [
                -122.61602400021731,
                45.682388000091706
              ],
              [
                -122.61591100023938,
                45.68239000023605
              ],
              [
                -122.60899400039945,
                45.682424000168474
              ],
              [
                -122.60498099964984,
                45.68244399971301
              ],
              [
                -122.60513700018375,
                45.682155000045704
              ],
              [
                -122.60518200038959,
                45.68207200023665
              ],
              [
                -122.60541800039117,
                45.6816329998036
              ],
              [
                -122.60541400019319,
                45.68039499990328
              ],
              [
                -122.6031420000412,
                45.680407999734285
              ],
              [
                -122.60314299986612,
                45.67951900027609
              ],
              [
                -122.60314100021631,
                45.6788259998563
              ],
              [
                -122.6033119999205,
                45.6788259998563
              ],
              [
                -122.60342700044657,
                45.678825000034244
              ],
              [
                -122.6034220004237,
                45.677009999829835
              ],
              [
                -122.60273600016036,
                45.67701399987534
              ],
              [
                -122.60250400035675,
                45.67701300002087
              ],
              [
                -122.60262400000735,
                45.67681500024789
              ],
              [
                -122.60273699998525,
                45.676596000167926
              ],
              [
                -122.60296999961375,
                45.67607400015827
              ],
              [
                -122.60312600014768,
                45.6756799999275
              ],
              [
                -122.60316899980539,
                45.67554300011965
              ],
              [
                -122.60319800011771,
                45.675404000210115
              ],
              [
                -122.60321400001123,
                45.675264000069596
              ],
              [
                -122.60321599966106,
                45.674536999994
              ],
              [
                -122.60321999985901,
                45.67341799987588
              ],
              [
                -122.60321999985901,
                45.67321199993075
              ],
              [
                -122.60322300023208,
                45.67259699973987
              ],
              [
                -122.603224000057,
                45.672391999848344
              ],
              [
                -122.60322700043002,
                45.671562000160584
              ],
              [
                -122.603224000057,
                45.67145900000556
              ],
              [
                -122.60320499979042,
                45.67080600008541
              ],
              [
                -122.60318800007197,
                45.67069000021974
              ],
              [
                -122.60314799988899,
                45.67049599992885
              ],
              [
                -122.60309400036063,
                45.6703040001696
              ],
              [
                -122.60299599955303,
                45.670048999863425
              ],
              [
                -122.60291299971237,
                45.669890999841606
              ],
              [
                -122.60281599962798,
                45.6697369999394
              ],
              [
                -122.60251900042537,
                45.669204000047735
              ],
              [
                -122.60235399967063,
                45.66885599981297
              ],
              [
                -122.60230199979209,
                45.668744000309
              ],
              [
                -122.60227000000503,
                45.668639999986
              ],
              [
                -122.60222599962408,
                45.66844800013757
              ],
              [
                -122.60220100040806,
                45.66825500024742
              ],
              [
                -122.60219399983706,
                45.667946999805444
              ],
              [
                -122.60218999963908,
                45.66749199990364
              ],
              [
                -122.60217999959335,
                45.66612499988151
              ],
              [
                -122.60218700016435,
                45.665674999893916
              ],
              [
                -122.6021839997913,
                45.66561500020816
              ],
              [
                -122.60218499961621,
                45.665399999864555
              ],
              [
                -122.60219399983706,
                45.66457699998542
              ],
              [
                -122.60218899981419,
                45.664303999747595
              ],
              [
                -122.60217999959335,
                45.663365000100015
              ],
              [
                -122.60215399965405,
                45.66055100002494
              ],
              [
                -122.60215200000427,
                45.66024500019592
              ],
              [
                -122.60214000030868,
                45.65961299975272
              ],
              [
                -122.60213799976056,
                45.659500999963264
              ],
              [
                -122.60212600006497,
                45.65914100010915
              ],
              [
                -122.60212299969191,
                45.659023999752414
              ],
              [
                -122.60228099987569,
                45.659024999928214
              ],
              [
                -122.60275600025183,
                45.65902799982765
              ],
              [
                -122.60291500026051,
                45.659030000179094
              ],
              [
                -122.60293600017688,
                45.65901600022885
              ],
              [
                -122.6030490001548,
                45.658998999746416
              ],
              [
                -122.60310500023128,
                45.65899500029697
              ],
              [
                -122.6031420000412,
                45.65899299994423
              ],
              [
                -122.60369400041027,
                45.65899599984542
              ],
              [
                -122.60389100005374,
                45.658998000198004
              ],
              [
                -122.60402599977296,
                45.65899999992266
              ],
              [
                -122.60443199965383,
                45.65900599972409
              ],
              [
                -122.60456800009628,
                45.65900800007633
              ],
              [
                -122.6045689999212,
                45.65894599979729
              ],
              [
                -122.604570999571,
                45.65888400007748
              ],
              [
                -122.604570999571,
                45.65876099998449
              ],
              [
                -122.604570999571,
                45.658700000241446
              ],
              [
                -122.6045699997461,
                45.65848899982512
              ],
              [
                -122.6045699997461,
                45.65819599999642
              ],
              [
                -122.60456800009628,
                45.658047000279765
              ],
              [
                -122.60456800009628,
                45.65785600008421
              ],
              [
                -122.6045689999212,
                45.657645999827245
              ],
              [
                -122.6045689999212,
                45.65752699970878
              ],
              [
                -122.6045689999212,
                45.65724899984475
              ],
              [
                -122.60457399994405,
                45.65717200013743
              ],
              [
                -122.6045830001649,
                45.65705500006152
              ],
              [
                -122.60459099966249,
                45.65684999975769
              ],
              [
                -122.60460999992905,
                45.656423000029186
              ],
              [
                -122.6046190001499,
                45.65623699981756
              ],
              [
                -122.60462199962463,
                45.65617599983644
              ],
              [
                -122.60464199971614,
                45.65603400011703
              ],
              [
                -122.60464099989122,
                45.65583399975117
              ],
              [
                -122.60463900024136,
                45.65523700012146
              ],
              [
                -122.60463900024136,
                45.65503800029564
              ],
              [
                -122.60463699969324,
                45.65469300003572
              ],
              [
                -122.60463199967037,
                45.65365799968979
              ],
              [
                -122.60463099984547,
                45.653313999997025
              ],
              [
                -122.6046340002185,
                45.65279600000342
              ],
              [
                -122.60463500004342,
                45.652720999773344
              ],
              [
                -122.60463500004342,
                45.65255500000371
              ],
              [
                -122.60461400012703,
                45.65124200016117
              ],
              [
                -122.60460699955603,
                45.650725000165835
              ],
              [
                -122.60467299967827,
                45.65072199982154
              ],
              [
                -122.60487400041802,
                45.65071500006421
              ],
              [
                -122.6049420001901,
                45.650713000043694
              ],
              [
                -122.60509600017588,
                45.650706999981615
              ],
              [
                -122.60522500004728,
                45.65070299993993
              ],
              [
                -122.60520300030599,
                45.64974000010815
              ],
              [
                -122.60645299973564,
                45.64971300029677
              ],
              [
                -122.60644799971276,
                45.6489850001978
              ],
              [
                -122.606449000436,
                45.6485580001572
              ],
              [
                -122.60644799971276,
                45.64843499999017
              ],
              [
                -122.6086460002449,
                45.64838499993186
              ],
              [
                -122.60864299987185,
                45.64839800029045
              ],
              [
                -122.60932499993723,
                45.64834800019906
              ],
              [
                -122.61064300003726,
                45.6483439999889
              ],
              [
                -122.61119600023122,
                45.64834499972748
              ],
              [
                -122.61140799994334,
                45.64837000009405
              ],
              [
                -122.61141899981399,
                45.64798899997831
              ],
              [
                -122.61144800012629,
                45.64798899997831
              ],
              [
                -122.61318700017581,
                45.64798499974248
              ],
              [
                -122.61367300042261,
                45.64798199987945
              ],
              [
                -122.61506599996737,
                45.64797600015279
              ],
              [
                -122.61590200001855,
                45.64797800027109
              ],
              [
                -122.61647100010602,
                45.6479790000162
              ],
              [
                -122.6168279995831,
                45.64798499974248
              ],
              [
                -122.6168279995831,
                45.64804200025015
              ],
              [
                -122.61682900030634,
                45.64863600013851
              ],
              [
                -122.61683000013123,
                45.64883500010591
              ],
              [
                -122.61683000013123,
                45.649200000152355
              ],
              [
                -122.61683000013123,
                45.64926100019654
              ],
              [
                -122.61862000023436,
                45.6492480000383
              ],
              [
                -122.61861000018862,
                45.64828500030932
              ],
              [
                -122.61860699981557,
                45.64796299969632
              ],
              [
                -122.6186379997777,
                45.64796299969632
              ],
              [
                -122.61945899976027,
                45.64795199998399
              ],
              [
                -122.62006800003073,
                45.64793799977607
              ],
              [
                -122.6203040000323,
                45.647932000044705
              ],
              [
                -122.62086800009689,
                45.64790799985705
              ],
              [
                -122.62176500024746,
                45.64785299996373
              ],
              [
                -122.62258000038223,
                45.64779700026812
              ],
              [
                -122.62339299996884,
                45.6477330000091
              ],
              [
                -122.62436399973926,
                45.6476390002419
              ],
              [
                -122.62494399969738,
                45.647574000050035
              ],
              [
                -122.62588400040394,
                45.64745600026263
              ],
              [
                -122.62696399995428,
                45.64731200027044
              ],
              [
                -122.6282879999021,
                45.64714900007677
              ],
              [
                -122.62869899980583,
                45.64709799973773
              ],
              [
                -122.63130700041678,
                45.6467530001771
              ],
              [
                -122.63289599978013,
                45.64653600008032
              ],
              [
                -122.6336110003558,
                45.646429000003856
              ],
              [
                -122.63377200001428,
                45.646404999800176
              ],
              [
                -122.63435399962225,
                45.646326000077615
              ],
              [
                -122.6346459997003,
                45.64629099979126
              ],
              [
                -122.6350330002129,
                45.64625399993131
              ],
              [
                -122.635645999783,
                45.646205999991736
              ],
              [
                -122.63587000008899,
                45.64619299975242
              ],
              [
                -122.6360609998847,
                45.64618900001634
              ],
              [
                -122.63663599981996,
                45.64619900029801
              ],
              [
                -122.63807699994365,
                45.6462599998424
              ],
              [
                -122.63925600012647,
                45.64632099994833
              ],
              [
                -122.63956900012094,
                45.64633499993239
              ],
              [
                -122.63978099983304,
                45.646345000188
              ],
              [
                -122.63987799991742,
                45.64635300026562
              ],
              [
                -122.64012800016266,
                45.64637499968814
              ],
              [
                -122.64042400043866,
                45.6464179999903
              ],
              [
                -122.64079299961129,
                45.64648900015407
              ],
              [
                -122.64101400044255,
                45.64653800024998
              ],
              [
                -122.64123399965227,
                45.646591999780604
              ],
              [
                -122.64145100028558,
                45.64665099998745
              ],
              [
                -122.64152099970745,
                45.646672000152485
              ],
              [
                -122.64177000012779,
                45.646748999853045
              ],
              [
                -122.6419669997713,
                45.646818999831495
              ],
              [
                -122.64186700021216,
                45.64692500002706
              ],
              [
                -122.64185799999134,
                45.646935999941064
              ],
              [
                -122.64157599995903,
                45.64726900002655
              ],
              [
                -122.64127300001033,
                45.64762799983795
              ],
              [
                -122.64107600036684,
                45.64786299994834
              ],
              [
                -122.6410029996736,
                45.647949000119134
              ],
              [
                -122.64078400028876,
                45.64820800020826
              ],
              [
                -122.64071200031876,
                45.64829500021681
              ],
              [
                -122.64070200027302,
                45.64830599986179
              ],
              [
                -122.6406739997856,
                45.64833999977842
              ],
              [
                -122.64066499956479,
                45.64835199978098
              ],
              [
                -122.64052200034796,
                45.6483679999898
              ],
              [
                -122.64041699986767,
                45.64848000006729
              ],
              [
                -122.64032499980615,
                45.64855899989196
              ],
              [
                -122.64029700021705,
                45.64857999996968
              ],
              [
                -122.64011999976674,
                45.64871800019492
              ],
              [
                -122.63951700024238,
                45.64910200017906
              ],
              [
                -122.6391590000421,
                45.649320000104034
              ],
              [
                -122.63888899970534,
                45.64948699976068
              ],
              [
                -122.63878300029846,
                45.64957099988858
              ],
              [
                -122.6387649998568,
                45.6495790001334
              ],
              [
                -122.63870999960523,
                45.64960600000938
              ],
              [
                -122.63869299988677,
                45.649614999965145
              ],
              [
                -122.63848600019755,
                45.64974400021866
              ],
              [
                -122.63820699963995,
                45.649917999724835
              ],
              [
                -122.63803400028594,
                45.65004899995277
              ],
              [
                -122.63788199994998,
                45.650156000021894
              ],
              [
                -122.63771100024573,
                45.65027900017741
              ],
              [
                -122.63768600013138,
                45.65030099994195
              ],
              [
                -122.63760699959035,
                45.65036699981152
              ],
              [
                -122.63737099958881,
                45.65056599990856
              ],
              [
                -122.63729299977099,
                45.6506329997916
              ],
              [
                -122.63714899983096,
                45.65083800024806
              ],
              [
                -122.63711000037121,
                45.65090699981939
              ],
              [
                -122.63708400043194,
                45.65095500012632
              ],
              [
                -122.63696499970791,
                45.65118699977392
              ],
              [
                -122.6369000003089,
                45.65131499986101
              ],
              [
                -122.63671799983574,
                45.651758999779744
              ],
              [
                -122.63669799974423,
                45.6518050000029
              ],
              [
                -122.6365680000479,
                45.652107999846
              ],
              [
                -122.63645199969694,
                45.652341999703474
              ],
              [
                -122.63622599974114,
                45.6528010001826
              ],
              [
                -122.63612000033424,
                45.65305200006569
              ],
              [
                -122.63601999987681,
                45.653292999810425
              ],
              [
                -122.63507099984771,
                45.65329499973886
              ],
              [
                -122.63457399973026,
                45.653296000016994
              ],
              [
                -122.63457399973026,
                45.65388600025671
              ],
              [
                -122.63515600023653,
                45.653890000071065
              ],
              [
                -122.6351670001072,
                45.65444899989194
              ],
              [
                -122.6351670001072,
                45.65452899971653
              ],
              [
                -122.6351670001072,
                45.654617999834485
              ],
              [
                -122.63516200008434,
                45.65489300008134
              ],
              [
                -122.63496799991556,
                45.65489300008134
              ],
              [
                -122.63496799991556,
                45.65548099997137
              ],
              [
                -122.63503499986271,
                45.65548099997137
              ],
              [
                -122.63599999978534,
                45.65547600003142
              ],
              [
                -122.63600499980818,
                45.65557299991673
              ],
              [
                -122.63600900000615,
                45.655988999830136
              ],
              [
                -122.63586300041631,
                45.65598399993554
              ],
              [
                -122.6341179996207,
                45.65598699999795
              ],
              [
                -122.63411199977291,
                45.656169000132856
              ],
              [
                -122.6346470004235,
                45.656169000132856
              ],
              [
                -122.63525699962058,
                45.656169000132856
              ],
              [
                -122.63525800034378,
                45.656832000286286
              ],
              [
                -122.63563499991234,
                45.65683299987336
              ],
              [
                -122.63584099977668,
                45.656834000088345
              ],
              [
                -122.63599499976245,
                45.656843000138366
              ],
              [
                -122.63599399993755,
                45.65721199968872
              ],
              [
                -122.63599300011263,
                45.657630999958165
              ],
              [
                -122.63599300011263,
                45.65776599989112
              ],
              [
                -122.63599300011263,
                45.65781899970139
              ],
              [
                -122.6359920002877,
                45.65793799982718
              ],
              [
                -122.63567599992024,
                45.65794000021757
              ],
              [
                -122.6356740002704,
                45.65789400001066
              ],
              [
                -122.63515500041164,
                45.6578989997347
              ],
              [
                -122.63515600023653,
                45.657933000106624
              ],
              [
                -122.63515399968841,
                45.6581389997766
              ],
              [
                -122.6351529998635,
                45.65870099979516
              ],
              [
                -122.63521599961268,
                45.65869900005984
              ],
              [
                -122.63540499975856,
                45.658693999779345
              ],
              [
                -122.63557499963788,
                45.65869000030808
              ],
              [
                -122.63599300011263,
                45.658692000043764
              ],
              [
                -122.6359920002877,
                45.65888100017028
              ],
              [
                -122.63598999973958,
                45.6594500001979
              ],
              [
                -122.63598999973958,
                45.65953099995127
              ],
              [
                -122.63601099965597,
                45.659638000112444
              ],
              [
                -122.63591000027196,
                45.65962700018156
              ],
              [
                -122.63536799994866,
                45.65961600024856
              ],
              [
                -122.63528599993289,
                45.65961500008331
              ],
              [
                -122.63516499955907,
                45.659613999918044
              ],
              [
                -122.63516200008434,
                45.6599680001725
              ],
              [
                -122.6353779999944,
                45.659969999862504
              ],
              [
                -122.63540499975856,
                45.659969999862504
              ],
              [
                -122.63542800022311,
                45.66003600026664
              ],
              [
                -122.63562300021678,
                45.66066200007887
              ],
              [
                -122.63551299971361,
                45.66065999978573
              ],
              [
                -122.6354909999723,
                45.66065999978573
              ],
              [
                -122.63549299962212,
                45.6613520002638
              ],
              [
                -122.63555899974436,
                45.6613520002638
              ],
              [
                -122.63555999956928,
                45.66148199998356
              ],
              [
                -122.6355610002925,
                45.661575000245044
              ],
              [
                -122.63635899981053,
                45.661583000030795
              ],
              [
                -122.63636600038153,
                45.661911000307505
              ],
              [
                -122.63639399997061,
                45.66312999974199
              ],
              [
                -122.63639099959758,
                45.663371000061524
              ],
              [
                -122.6363989999935,
                45.663599000005334
              ],
              [
                -122.63642099973481,
                45.66416199992314
              ],
              [
                -122.63642499993277,
                45.66429300010566
              ],
              [
                -122.63643800035156,
                45.66468900029348
              ],
              [
                -122.63644300037443,
                45.66482099994286
              ],
              [
                -122.63644599984916,
                45.664986999764004
              ],
              [
                -122.63645500006997,
                45.66548500004072
              ],
              [
                -122.63645900026795,
                45.66565199983365
              ],
              [
                -122.63646000009285,
                45.66588999980913
              ],
              [
                -122.63646400029084,
                45.66660499998257
              ],
              [
                -122.63646599994064,
                45.666843999709045
              ],
              [
                -122.63645900026795,
                45.66717900013496
              ],
              [
                -122.63643900017648,
                45.66815200028419
              ],
              [
                -122.63644500002427,
                45.668187000091805
              ],
              [
                -122.63650299975056,
                45.66851799998862
              ],
              [
                -122.63650500029871,
                45.66858499973712
              ],
              [
                -122.63651399962122,
                45.66878699975832
              ],
              [
                -122.63651799981919,
                45.66885499981279
              ],
              [
                -122.63651799981919,
                45.66898299969119
              ],
              [
                -122.63652000036733,
                45.66936700008108
              ],
              [
                -122.63652100019222,
                45.66949500004414
              ],
              [
                -122.63544199956849,
                45.669471000308754
              ],
              [
                -122.63545699963711,
                45.67007499993554
              ],
              [
                -122.6363439997419,
                45.670084999718625
              ],
              [
                -122.63654399975846,
                45.670095000127624
              ],
              [
                -122.63654999960622,
                45.67024599974664
              ],
              [
                -122.63655100032946,
                45.67042999992897
              ],
              [
                -122.63655700017725,
                45.67098399990958
              ],
              [
                -122.63655899982706,
                45.67116900013551
              ],
              [
                -122.63655700017725,
                45.671260000083386
              ],
              [
                -122.63655600035233,
                45.671395999750295
              ],
              [
                -122.63652600021511,
                45.67152999980971
              ],
              [
                -122.63651600016935,
                45.67157600011218
              ],
              [
                -122.63650100010075,
                45.67161799994591
              ],
              [
                -122.63646199974269,
                45.6717299999762
              ],
              [
                -122.63629699988626,
                45.6720459998622
              ],
              [
                -122.63626299955104,
                45.67211299978158
              ],
              [
                -122.63623400013707,
                45.67214499979913
              ],
              [
                -122.63645800044306,
                45.67214299991627
              ],
              [
                -122.63676200021666,
                45.67213700026722
              ],
              [
                -122.63699200037041,
                45.67213299987315
              ],
              [
                -122.63708500025686,
                45.6721280001648
              ],
              [
                -122.63834100043259,
                45.672016000303245
              ],
              [
                -122.63875999983394,
                45.671978999862574
              ],
              [
                -122.63886699996405,
                45.67196699990104
              ],
              [
                -122.63960400028103,
                45.671887999828364
              ],
              [
                -122.64024899963817,
                45.67181899974515
              ],
              [
                -122.64041100001987,
                45.6717980002215
              ],
              [
                -122.64054300026436,
                45.67177099974629
              ],
              [
                -122.64080000018232,
                45.67170200014655
              ],
              [
                -122.64104200003166,
                45.671616000044224
              ],
              [
                -122.6411650000553,
                45.67157700006375
              ],
              [
                -122.6413209996909,
                45.671539000008345
              ],
              [
                -122.64155400021774,
                45.671491999722384
              ],
              [
                -122.64160600009625,
                45.67148200019068
              ],
              [
                -122.64161000029422,
                45.67112200016661
              ],
              [
                -122.64161500031709,
                45.67042899995691
              ],
              [
                -122.64201500035017,
                45.67043399981703
              ],
              [
                -122.64200699995425,
                45.669683000126106
              ],
              [
                -122.64301100023494,
                45.669684000111495
              ],
              [
                -122.64300500038713,
                45.668758999711876
              ],
              [
                -122.64300200001409,
                45.668736000291
              ],
              [
                -122.64298199992258,
                45.668548000167
              ],
              [
                -122.64307599963394,
                45.66854100012679
              ],
              [
                -122.64364899991936,
                45.66847799972575
              ],
              [
                -122.64386300017962,
                45.66844100008491
              ],
              [
                -122.64417500034915,
                45.66837000012877
              ],
              [
                -122.64423999974815,
                45.668356000003
              ],
              [
                -122.64434799970321,
                45.66833599981724
              ],
              [
                -122.64469400020792,
                45.6682410000929
              ],
              [
                -122.64483700032307,
                45.668200000247964
              ],
              [
                -122.6452690001432,
                45.668080999961425
              ],
              [
                -122.64541399990816,
                45.66804200002876
              ],
              [
                -122.64571500020702,
                45.66796200004966
              ],
              [
                -122.6460640001865,
                45.66786999974402
              ],
              [
                -122.64662400005314,
                45.66774399987162
              ],
              [
                -122.64667199973373,
                45.66773400029807
              ],
              [
                -122.64693299984961,
                45.66769800018629
              ],
              [
                -122.64703300030703,
                45.66768399989245
              ],
              [
                -122.64703599978178,
                45.666577000100155
              ],
              [
                -122.64703400013195,
                45.66607299982229
              ],
              [
                -122.64704900020057,
                45.665867999890764
              ],
              [
                -122.64741599972338,
                45.66573800031085
              ],
              [
                -122.64795399984871,
                45.66556300030299
              ],
              [
                -122.64854499967751,
                45.665370999944784
              ],
              [
                -122.6496209999282,
                45.665020000157654
              ],
              [
                -122.65160900039805,
                45.664373999758425
              ],
              [
                -122.65158900030659,
                45.66443500022564
              ],
              [
                -122.65153300023005,
                45.66461699989695
              ],
              [
                -122.65151499978842,
                45.66467900017418
              ],
              [
                -122.65151899998637,
                45.66495999976986
              ],
              [
                -122.65196099985224,
                45.66495899970008
              ],
              [
                -122.65400399967537,
                45.6649539999787
              ],
              [
                -122.6540570002771,
                45.664942999836676
              ],
              [
                -122.65405599955386,
                45.66480099974966
              ],
              [
                -122.65405599955386,
                45.664759999896255
              ],
              [
                -122.65444600043955,
                45.664759999896255
              ],
              [
                -122.65444499971632,
                45.6649539999787
              ],
              [
                -122.6557109999378,
                45.66495800025808
              ],
              [
                -122.65665499994401,
                45.66496299997916
              ],
              [
                -122.6566540001191,
                45.6652709998898
              ],
              [
                -122.65665499994401,
                45.66548399998027
              ],
              [
                -122.65665300029418,
                45.66555299971203
              ],
              [
                -122.65665300029418,
                45.665871000051396
              ],
              [
                -122.65663900005048,
                45.66593100009051
              ],
              [
                -122.65663499985253,
                45.666134999742496
              ],
              [
                -122.65663599967745,
                45.66617899998851
              ],
              [
                -122.6566399998754,
                45.66626899984179
              ],
              [
                -122.6567529998533,
                45.66626899984179
              ],
              [
                -122.65709000013719,
                45.666269999888165
              ],
              [
                -122.65720399994002,
                45.666270999934525
              ],
              [
                -122.65735600027598,
                45.666270999934525
              ],
              [
                -122.65781300021045,
                45.666273000027196
              ],
              [
                -122.6578719997617,
                45.66627400007351
              ],
              [
                -122.65796600037133,
                45.666270999934525
              ],
              [
                -122.65842300030582,
                45.66627700021238
              ],
              [
                -122.6591189997166,
                45.66628800009227
              ],
              [
                -122.65935200024343,
                45.666294999786395
              ],
              [
                -122.65958099967395,
                45.66631099989122
              ],
              [
                -122.6597949999342,
                45.66633200021796
              ],
              [
                -122.65980900017792,
                45.66633400030845
              ],
              [
                -122.66003400030883,
                45.66636599986341
              ],
              [
                -122.66024600002092,
                45.66641400010318
              ],
              [
                -122.66030000044759,
                45.666295999832315
              ],
              [
                -122.66037800026538,
                45.666098999857944
              ],
              [
                -122.66045299971015,
                45.665918000035184
              ],
              [
                -122.6618019997723,
                45.66592899998562
              ],
              [
                -122.66190800007752,
                45.665930000038074
              ],
              [
                -122.66191599957513,
                45.66585900003586
              ],
              [
                -122.66192499979597,
                45.66563400005283
              ],
              [
                -122.661920999598,
                45.66554900010291
              ],
              [
                -122.66191800012325,
                45.66542799970786
              ],
              [
                -122.66191499975022,
                45.66524800029131
              ],
              [
                -122.66191399992533,
                45.66522999975283
              ],
              [
                -122.66221799969894,
                45.66524299996793
              ],
              [
                -122.66328800010183,
                45.665289999851176
              ],
              [
                -122.66330200034551,
                45.66516399982146
              ],
              [
                -122.6633140000411,
                45.66506700022813
              ],
              [
                -122.66324600026904,
                45.665030000216035
              ],
              [
                -122.6631109996515,
                45.6649859996947
              ],
              [
                -122.66326999966017,
                45.66415800021465
              ],
              [
                -122.66333800033054,
                45.663791000163
              ],
              [
                -122.6633700001176,
                45.66362100018758
              ],
              [
                -122.66344899976032,
                45.66363199996161
              ],
              [
                -122.66359100005053,
                45.66365400013088
              ],
              [
                -122.66407800012226,
                45.66373000024969
              ],
              [
                -122.66451300031542,
                45.66379900025992
              ],
              [
                -122.66480100019554,
                45.66384199974103
              ],
              [
                -122.66499899966392,
                45.66387400009272
              ],
              [
                -122.66559299986577,
                45.66396999978224
              ],
              [
                -122.66579200005741,
                45.66400300014763
              ],
              [
                -122.66604399995248,
                45.66404299984148
              ],
              [
                -122.66680200018583,
                45.66416500017515
              ],
              [
                -122.66705499990584,
                45.664205999836504
              ],
              [
                -122.66721499973939,
                45.66422500015939
              ],
              [
                -122.66733500028833,
                45.66424000014543
              ],
              [
                -122.66740999973305,
                45.66424900026063
              ],
              [
                -122.66769400031352,
                45.66429699980447
              ],
              [
                -122.66784900012422,
                45.66432300003722
              ],
              [
                -122.66781700033717,
                45.66403800003824
              ],
              [
                -122.66780899994124,
                45.66396700014759
              ],
              [
                -122.66779200022282,
                45.66382299991597
              ],
              [
                -122.66777100030639,
                45.663698999908064
              ],
              [
                -122.66774500036713,
                45.663549000300925
              ],
              [
                -122.66771699987976,
                45.663411000206935
              ],
              [
                -122.66768400026778,
                45.66328699991424
              ],
              [
                -122.66763900006194,
                45.66312900026733
              ],
              [
                -122.66760700027488,
                45.66300899976869
              ],
              [
                -122.66762099962028,
                45.66299799987231
              ],
              [
                -122.66763800023702,
                45.66297800028346
              ],
              [
                -122.66761999979535,
                45.66293400003273
              ],
              [
                -122.66751299966522,
                45.662669000202804
              ],
              [
                -122.66744300024334,
                45.66249799984569
              ],
              [
                -122.6670940002639,
                45.66163800025343
              ],
              [
                -122.66673799971342,
                45.66076200020493
              ],
              [
                -122.6670880004161,
                45.66098200023018
              ],
              [
                -122.66691599998865,
                45.66055499999108
              ],
              [
                -122.66680399983566,
                45.660277000092194
              ],
              [
                -122.66694299975286,
                45.66020800013612
              ],
              [
                -122.66678899976704,
                45.65984899996601
              ],
              [
                -122.66667300031442,
                45.659548000272196
              ],
              [
                -122.66719899984588,
                45.65955400001491
              ],
              [
                -122.66712799970077,
                45.65936999986918
              ],
              [
                -122.66705800027887,
                45.659134999694324
              ],
              [
                -122.66704900005806,
                45.659099999877824
              ],
              [
                -122.66703800018739,
                45.65905500017126
              ],
              [
                -122.6661860002427,
                45.65904400012584
              ],
              [
                -122.66603700027977,
                45.65903599997732
              ],
              [
                -122.66603499973164,
                45.65898300006322
              ],
              [
                -122.66602800005894,
                45.65827199998998
              ],
              [
                -122.66602800005894,
                45.65811299981131
              ],
              [
                -122.66602800005894,
                45.65803000013099
              ],
              [
                -122.66614900043277,
                45.65802899993742
              ],
              [
                -122.66694699995078,
                45.65804900003842
              ],
              [
                -122.66695899964635,
                45.65844099969674
              ],
              [
                -122.66696600021736,
                45.658645000272
              ],
              [
                -122.66743700039558,
                45.65866200023411
              ],
              [
                -122.66757999961239,
                45.658666999889526
              ],
              [
                -122.66816399976847,
                45.658693000225504
              ],
              [
                -122.66857700022037,
                45.65870300015829
              ],
              [
                -122.66885099985673,
                45.65871400027069
              ],
              [
                -122.66921599972973,
                45.65872899984968
              ],
              [
                -122.66932000038511,
                45.65875599970959
              ],
              [
                -122.66954399979278,
                45.658780999824046
              ],
              [
                -122.6696840004332,
                45.65879700019281
              ],
              [
                -122.67011799990314,
                45.65881100019782
              ],
              [
                -122.6701360003448,
                45.65798899971397
              ],
              [
                -122.67013999964446,
                45.657806000273816
              ],
              [
                -122.66961499993789,
                45.65778499988812
              ],
              [
                -122.66961900013587,
                45.6568640002495
              ],
              [
                -122.6682779995713,
                45.65682600025191
              ],
              [
                -122.66828099994433,
                45.656122999726826
              ],
              [
                -122.66828299959417,
                45.65609700008121
              ],
              [
                -122.66828599996722,
                45.65484699988291
              ],
              [
                -122.66833799984578,
                45.65484699988291
              ],
              [
                -122.66833299982288,
                45.654509000242
              ],
              [
                -122.6684109996407,
                45.654509999870584
              ],
              [
                -122.66855600030395,
                45.654511000127016
              ],
              [
                -122.66899200032206,
                45.654514000268286
              ],
              [
                -122.66913799991191,
                45.654514999896776
              ],
              [
                -122.66934999962403,
                45.654514000268286
              ],
              [
                -122.66998599965866,
                45.654514000268286
              ],
              [
                -122.67019900009399,
                45.654514000268286
              ],
              [
                -122.67051999958603,
                45.65451600015312
              ],
              [
                -122.67055899994409,
                45.65451699978153
              ],
              [
                -122.67163900039276,
                45.65452699983222
              ],
              [
                -122.67180699972393,
                45.65452899971653
              ],
              [
                -122.6718600003257,
                45.65452999997263
              ],
              [
                -122.67199900024286,
                45.65453100022871
              ],
              [
                -122.67201099993844,
                45.65465199968702
              ],
              [
                -122.67204400044871,
                45.65496200030809
              ],
              [
                -122.672058999619,
                45.655015999880256
              ],
              [
                -122.67209399977911,
                45.65513400006638
              ],
              [
                -122.67212800011428,
                45.65520400024024
              ],
              [
                -122.6721509996805,
                45.65524899990219
              ],
              [
                -122.67218500001572,
                45.65533999998705
              ],
              [
                -122.67219800043448,
                45.65542599997966
              ],
              [
                -122.67221000013006,
                45.65550999999095
              ],
              [
                -122.67254200039108,
                45.65550999999095
              ],
              [
                -122.67279900030903,
                45.65550899975236
              ],
              [
                -122.67302000024196,
                45.65550899975236
              ],
              [
                -122.67302000024196,
                45.655472999941686
              ],
              [
                -122.67323500032714,
                45.65547600003142
              ],
              [
                -122.67329100040361,
                45.655477000270594
              ],
              [
                -122.67340799968117,
                45.65547900012104
              ],
              [
                -122.67340799968117,
                45.65549200008882
              ],
              [
                -122.67340699985625,
                45.65555399979707
              ],
              [
                -122.67340500020643,
                45.65573999976573
              ],
              [
                -122.67340500020643,
                45.655803000060615
              ],
              [
                -122.67352099965908,
                45.655803000060615
              ],
              [
                -122.67354800032155,
                45.655804000293955
              ],
              [
                -122.67356699968981,
                45.655806999738104
              ],
              [
                -122.67356699968981,
                45.65784000007438
              ],
              [
                -122.67341400042726,
                45.657838999877406
              ],
              [
                -122.67336400019856,
                45.657838000308296
              ],
              [
                -122.67321699988545,
                45.65783700011129
              ],
              [
                -122.67316800037997,
                45.65783700011129
              ],
              [
                -122.673164000182,
                45.65834499994447
              ],
              [
                -122.67315800033423,
                45.65949100017295
              ],
              [
                -122.67316699965676,
                45.65986900004475
              ],
              [
                -122.67317800042571,
                45.66031999976707
              ],
              [
                -122.67318300044857,
                45.66034700011546
              ],
              [
                -122.67305299985394,
                45.66034899979198
              ],
              [
                -122.67305200002902,
                45.660406000273376
              ],
              [
                -122.67305200002902,
                45.66045699979582
              ],
              [
                -122.67307200012048,
                45.66045699979582
              ],
              [
                -122.67306999957236,
                45.660924000193276
              ],
              [
                -122.6726210000338,
                45.66092300005139
              ],
              [
                -122.67221699980277,
                45.66092199990948
              ],
              [
                -122.67222600002358,
                45.660964000203506
              ],
              [
                -122.6722269998485,
                45.66109599984617
              ],
              [
                -122.67222500019867,
                45.66123699977709
              ],
              [
                -122.67235999991789,
                45.661245999747266
              ],
              [
                -122.67243299971281,
                45.661269999869944
              ],
              [
                -122.67251899992652,
                45.66131300003784
              ],
              [
                -122.6725800000259,
                45.661357000306914
              ],
              [
                -122.67261400036111,
                45.66141899979969
              ],
              [
                -122.67264000030038,
                45.66146699988645
              ],
              [
                -122.67264000030038,
                45.66152100009179
              ],
              [
                -122.67264500032324,
                45.661619000308164
              ],
              [
                -122.67265600019391,
                45.6618119998484
              ],
              [
                -122.6726570000188,
                45.661830000230275
              ],
              [
                -122.67299599995253,
                45.66215700019576
              ],
              [
                -122.67312399999905,
                45.66215700019576
              ],
              [
                -122.6734670001307,
                45.66214899986421
              ],
              [
                -122.67346200010783,
                45.66286000030358
              ],
              [
                -122.67345799990989,
                45.66347000027508
              ],
              [
                -122.67345700008497,
                45.66366599999128
              ],
              [
                -122.67345299988702,
                45.66440100003519
              ],
              [
                -122.67343799981839,
                45.666681999900774
              ],
              [
                -122.67342899959756,
                45.66730800010721
              ],
              [
                -122.67366200012438,
                45.66748100026033
              ],
              [
                -122.6744449995738,
                45.66798999986702
              ],
              [
                -122.67511699959343,
                45.668380000216416
              ],
              [
                -122.67521600022596,
                45.668433000023605
              ],
              [
                -122.67587999984967,
                45.66878999976245
              ],
              [
                -122.67629999997425,
                45.669004000271016
              ],
              [
                -122.6765920000523,
                45.669183000170655
              ],
              [
                -122.67682200020607,
                45.66934500027372
              ],
              [
                -122.67713299965237,
                45.66959500008619
              ],
              [
                -122.67752500018784,
                45.669934000293004
              ],
              [
                -122.67763800016577,
                45.670046999905665
              ],
              [
                -122.67844599972953,
                45.67049000010326
              ],
              [
                -122.6794369995914,
                45.6709699998099
              ],
              [
                -122.6804939995755,
                45.67152000028478
              ],
              [
                -122.68082699966145,
                45.671692000024684
              ],
              [
                -122.68104500011965,
                45.67178099985405
              ],
              [
                -122.68122800041778,
                45.67183899994177
              ],
              [
                -122.68170500044376,
                45.67199099982157
              ],
              [
                -122.68190399973706,
                45.672048999691654
              ],
              [
                -122.68230299994522,
                45.67217599985748
              ],
              [
                -122.68237099971728,
                45.67219400004549
              ],
              [
                -122.68277199957528,
                45.67234999996772
              ],
              [
                -122.68315900008788,
                45.672545999977885
              ],
              [
                -122.68341400035601,
                45.67271000025316
              ],
              [
                -122.68365000035755,
                45.67287100026267
              ],
              [
                -122.68415900017058,
                45.67321800009226
              ],
              [
                -122.6844620001193,
                45.673430000154
              ],
              [
                -122.68501799978796,
                45.673818999721234
              ],
              [
                -122.68544799995828,
                45.67410699985656
              ],
              [
                -122.68573300036363,
                45.674271999854746
              ],
              [
                -122.68615799961276,
                45.674500999863994
              ],
              [
                -122.68645700026181,
                45.67464999972861
              ],
              [
                -122.68693099991474,
                45.67486100012196
              ],
              [
                -122.68693599993763,
                45.674995999935526
              ],
              [
                -122.68693900031069,
                45.675104999816995
              ],
              [
                -122.6869400001356,
                45.67512400020648
              ],
              [
                -122.68694900035642,
                45.67569900012181
              ],
              [
                -122.68696699989977,
                45.67634700011058
              ],
              [
                -122.68698600016631,
                45.67682000016518
              ],
              [
                -122.68698799981617,
                45.67693599987858
              ],
              [
                -122.68699200001411,
                45.6771509998478
              ],
              [
                -122.68700200005988,
                45.677795999820134
              ],
              [
                -122.6870050004329,
                45.678012000087506
              ],
              [
                -122.68729800033587,
                45.67800800011338
              ],
              [
                -122.68838499955889,
                45.677993000050954
              ],
              [
                -122.68840200017566,
                45.67837899979218
              ],
              [
                -122.68841499969614,
                45.6786710002371
              ],
              [
                -122.68974200001699,
                45.678668000134955
              ],
              [
                -122.68984400012424,
                45.678668000134955
              ],
              [
                -122.6902209996928,
                45.67866999978464
              ],
              [
                -122.69042900010525,
                45.67865300024945
              ],
              [
                -122.69072600020617,
                45.6786290000477
              ],
              [
                -122.69105500009414,
                45.67858500017407
              ],
              [
                -122.69126299960828,
                45.67855799983511
              ],
              [
                -122.69143599986064,
                45.678519000298834
              ],
              [
                -122.69195700026755,
                45.67840200027156
              ],
              [
                -122.69200800032118,
                45.67839100026178
              ],
              [
                -122.69212899979667,
                45.67835599993095
              ],
              [
                -122.69209199998677,
                45.67825899997571
              ],
              [
                -122.69207899956798,
                45.678225999855556
              ],
              [
                -122.6925099995632,
                45.678221000063886
              ],
              [
                -122.6926300001121,
                45.678212000312236
              ],
              [
                -122.69267799979268,
                45.678209000185475
              ],
              [
                -122.69276099963338,
                45.67819899997101
              ],
              [
                -122.6927410004402,
                45.67814200003244
              ],
              [
                -122.69268199999065,
                45.677970999868386
              ],
              [
                -122.69266299972408,
                45.67791500016358
              ],
              [
                -122.69253999970041,
                45.67740099994099
              ],
              [
                -122.6924479996389,
                45.67684099968742
              ],
              [
                -122.69234899990471,
                45.67623900000589
              ],
              [
                -122.69219699956872,
                45.67521900017419
              ],
              [
                -122.6919539998945,
                45.67359199989086
              ],
              [
                -122.69179300023602,
                45.6725089998876
              ],
              [
                -122.69178900003807,
                45.67247999988458
              ],
              [
                -122.69203300043553,
                45.672435000261395
              ],
              [
                -122.69206600004748,
                45.67242900001594
              ],
              [
                -122.69407100023578,
                45.67205899974975
              ],
              [
                -122.69571499985072,
                45.67175599989512
              ],
              [
                -122.69599799970793,
                45.67170200014655
              ],
              [
                -122.69646499968817,
                45.671612000240586
              ],
              [
                -122.69722999959423,
                45.67146499972728
              ],
              [
                -122.69804300007918,
                45.67130799989276
              ],
              [
                -122.69839100023373,
                45.671235999849344
              ],
              [
                -122.69934899958533,
                45.67105600027718
              ],
              [
                -122.69952000018789,
                45.67095599970676
              ],
              [
                -122.69957399971624,
                45.670928000117634
              ],
              [
                -122.69957600026437,
                45.67082200015624
              ],
              [
                -122.69956600021861,
                45.670722999762255
              ],
              [
                -122.69958100028724,
                45.670668000304715
              ],
              [
                -122.69963499981561,
                45.670657999998035
              ],
              [
                -122.69952400038581,
                45.6698810000239
              ],
              [
                -122.69948000000488,
                45.669566999816205
              ],
              [
                -122.69942099955536,
                45.66915199971003
              ],
              [
                -122.69940899985978,
                45.66903800017674
              ],
              [
                -122.69911900032989,
                45.66700300020425
              ],
              [
                -122.69889300037406,
                45.66704200023303
              ],
              [
                -122.6988320002747,
                45.666613000305084
              ],
              [
                -122.69866599969504,
                45.66543099989205
              ],
              [
                -122.6982699998599,
                45.66280100022041
              ],
              [
                -122.69959399980772,
                45.66250100018688
              ],
              [
                -122.69970900033377,
                45.66264299982971
              ],
              [
                -122.69982200031166,
                45.66284299973265
              ],
              [
                -122.69988599988577,
                45.66297899976081
              ],
              [
                -122.70010000014601,
                45.66328099994377
              ],
              [
                -122.700204999728,
                45.663490999784244
              ],
              [
                -122.70034199999535,
                45.663730999713614
              ],
              [
                -122.70046400019409,
                45.66398200020276
              ],
              [
                -122.70059899991328,
                45.664219000289414
              ],
              [
                -122.70079200025714,
                45.66444100007248
              ],
              [
                -122.70095499956544,
                45.664602000011975
              ],
              [
                -122.70097800002998,
                45.66461699989695
              ],
              [
                -122.70097700020507,
                45.66468399992017
              ],
              [
                -122.70080599960251,
                45.66503100028455
              ],
              [
                -122.70073600018064,
                45.66520900026822
              ],
              [
                -122.70068500012701,
                45.66540300005021
              ],
              [
                -122.70060399993618,
                45.665616000266226
              ],
              [
                -122.70050900039992,
                45.665807999784136
              ],
              [
                -122.70043499988175,
                45.66619300003098
              ],
              [
                -122.7004109995923,
                45.666432000260976
              ],
              [
                -122.7003040003605,
                45.66682799975661
              ],
              [
                -122.70026599982734,
                45.66700100013765
              ],
              [
                -122.7002399998881,
                45.667184000285395
              ],
              [
                -122.70017100029112,
                45.66737099994183
              ],
              [
                -122.70015700004741,
                45.66754699997099
              ],
              [
                -122.70018899983447,
                45.667665000115804
              ],
              [
                -122.70007400020675,
                45.66790699976231
              ],
              [
                -122.70002200032819,
                45.66807899993336
              ],
              [
                -122.70003099965072,
                45.66821099974998
              ],
              [
                -122.70006499998591,
                45.66832200031073
              ],
              [
                -122.70019100038263,
                45.668493999834325
              ],
              [
                -122.70019300003241,
                45.66862499992348
              ],
              [
                -122.70017399976584,
                45.66870800021905
              ],
              [
                -122.7001140003897,
                45.66880699978289
              ],
              [
                -122.69984999990076,
                45.66896899971874
              ],
              [
                -122.69975199999146,
                45.669060000104764
              ],
              [
                -122.6999169998479,
                45.66906300009426
              ],
              [
                -122.70042599966094,
                45.668932999773496
              ],
              [
                -122.70069900037072,
                45.66885499981279
              ],
              [
                -122.7008950001893,
                45.66878299975256
              ],
              [
                -122.70110899955122,
                45.66869900019298
              ],
              [
                -122.70169699990528,
                45.668416999897595
              ],
              [
                -122.70185799956377,
                45.66831300022259
              ],
              [
                -122.702035999839,
                45.66811399978667
              ],
              [
                -122.70217200028142,
                45.66802499977599
              ],
              [
                -122.70234800000851,
                45.66788600002638
              ],
              [
                -122.70247600005506,
                45.667824000162284
              ],
              [
                -122.70258999985788,
                45.66778900012764
              ],
              [
                -122.70255600042098,
                45.66788500000887
              ],
              [
                -122.70244500009292,
                45.667967000130204
              ],
              [
                -122.70237300012289,
                45.66806299970616
              ],
              [
                -122.70222400015999,
                45.66816099977045
              ],
              [
                -122.70232200006927,
                45.668188000103925
              ],
              [
                -122.7024159997806,
                45.668205000307196
              ],
              [
                -122.702472999682,
                45.668253000225576
              ],
              [
                -122.70239499986421,
                45.668325999721716
              ],
              [
                -122.70233299993994,
                45.66835399998475
              ],
              [
                -122.70237899997065,
                45.66842499996119
              ],
              [
                -122.70251500041311,
                45.6684199999216
              ],
              [
                -122.7026550001552,
                45.668416999897595
              ],
              [
                -122.70274600039181,
                45.66839399970847
              ],
              [
                -122.702837999555,
                45.66833199977925
              ],
              [
                -122.70310100021905,
                45.66812899998613
              ],
              [
                -122.7034939996811,
                45.66800000002261
              ],
              [
                -122.70358099971975,
                45.66797899969386
              ],
              [
                -122.70389100023945,
                45.66785300006676
              ],
              [
                -122.70395900001154,
                45.66782500018088
              ],
              [
                -122.70402099993579,
                45.667794000223594
              ],
              [
                -122.70426899963292,
                45.66767300028688
              ],
              [
                -122.70456699955876,
                45.66750000009938
              ],
              [
                -122.70474400000909,
                45.66738899979189
              ],
              [
                -122.70486000036001,
                45.66733700027903
              ],
              [
                -122.70494300020069,
                45.66728800017477
              ],
              [
                -122.70503000023932,
                45.66720799974583
              ],
              [
                -122.70509499963835,
                45.66716499971131
              ],
              [
                -122.7052040003166,
                45.667114000021655
              ],
              [
                -122.70527000043886,
                45.66708999989315
              ],
              [
                -122.7053790002188,
                45.6670430002656
              ],
              [
                -122.70544799981577,
                45.66701299990839
              ],
              [
                -122.70575900016037,
                45.66690199989069
              ],
              [
                -122.7060570000862,
                45.66679199968995
              ],
              [
                -122.70619400035359,
                45.666756000227906
              ],
              [
                -122.70641600011142,
                45.666699999972394
              ],
              [
                -122.70658699981564,
                45.66666199974471
              ],
              [
                -122.70674099980144,
                45.66662400011896
              ],
              [
                -122.70700699994023,
                45.66655599986532
              ],
              [
                -122.70722100020045,
                45.666461000258835
              ],
              [
                -122.70730099966809,
                45.666432000260976
              ],
              [
                -122.70755299956316,
                45.66631400002806
              ],
              [
                -122.70792500000714,
                45.66610700025283
              ],
              [
                -122.70806599957415,
                45.66604100009986
              ],
              [
                -122.7082799998344,
                45.66593999993389
              ],
              [
                -122.70841299990377,
                45.665888999755964
              ],
              [
                -122.708519000209,
                45.665864000304204
              ],
              [
                -122.7086820004156,
                45.66582900029963
              ],
              [
                -122.70877000027917,
                45.665803000138574
              ],
              [
                -122.70895199985405,
                45.66573899973894
              ],
              [
                -122.70924899995494,
                45.66561200003386
              ],
              [
                -122.70934500021443,
                45.66556000012586
              ],
              [
                -122.70954600005587,
                45.66547700018473
              ],
              [
                -122.70972099995805,
                45.665421999966846
              ],
              [
                -122.70992799964728,
                45.66538600025151
              ],
              [
                -122.71050799960543,
                45.66529300004278
              ],
              [
                -122.71076200004866,
                45.66524099983845
              ],
              [
                -122.71107800041615,
                45.66516399982146
              ],
              [
                -122.71118399982304,
                45.66513599984607
              ],
              [
                -122.71139499971024,
                45.665084000123706
              ],
              [
                -122.71151600008406,
                45.66504999969963
              ],
              [
                -122.7117239995982,
                45.6650090000286
              ],
              [
                -122.71210600008794,
                45.66492299968705
              ],
              [
                -122.71335100039303,
                45.66459099980079
              ],
              [
                -122.71350100018086,
                45.663171000161384
              ],
              [
                -122.71340099972343,
                45.663191999782654
              ],
              [
                -122.71325400030865,
                45.66318400022681
              ],
              [
                -122.71310699999555,
                45.66319500008665
              ],
              [
                -122.71301999995693,
                45.66317200026311
              ],
              [
                -122.71251199996881,
                45.66325999972802
              ],
              [
                -122.71203099974488,
                45.663305999921214
              ],
              [
                -122.71180200031434,
                45.6633369998527
              ],
              [
                -122.71158899987898,
                45.663386000276375
              ],
              [
                -122.71129400032619,
                45.66343999988641
              ],
              [
                -122.71107000002023,
                45.663474000032735
              ],
              [
                -122.71095500039249,
                45.66349699973221
              ],
              [
                -122.71069299955336,
                45.663547000110924
              ],
              [
                -122.71040200019856,
                45.66362299974717
              ],
              [
                -122.71011599996827,
                45.66375000019771
              ],
              [
                -122.71001700023407,
                45.66379299971646
              ],
              [
                -122.70983700030901,
                45.66394500010131
              ],
              [
                -122.70976199996595,
                45.66411499972063
              ],
              [
                -122.70980399979875,
                45.66422999994594
              ],
              [
                -122.70986700044625,
                45.66429599972284
              ],
              [
                -122.70993299967017,
                45.6643899997845
              ],
              [
                -122.70999399976952,
                45.66450899975637
              ],
              [
                -122.70992699982239,
                45.66464199990565
              ],
              [
                -122.70981899986735,
                45.66472200023499
              ],
              [
                -122.70971299956213,
                45.66474000030906
              ],
              [
                -122.70959999958423,
                45.66474000030906
              ],
              [
                -122.70950699969781,
                45.664714999716374
              ],
              [
                -122.70939700009295,
                45.66463299985358
              ],
              [
                -122.70935600008508,
                45.66456200008974
              ],
              [
                -122.70925399997783,
                45.66435500011391
              ],
              [
                -122.7091820000078,
                45.66420699991974
              ],
              [
                -122.70898299981619,
                45.6641459998319
              ],
              [
                -122.70876199988325,
                45.66414400029104
              ],
              [
                -122.70846899998028,
                45.664193000008396
              ],
              [
                -122.7082160002603,
                45.66427100018749
              ],
              [
                -122.70782899974768,
                45.66444900007646
              ],
              [
                -122.70758299970038,
                45.66454099972673
              ],
              [
                -122.70756900035501,
                45.66454899971644
              ],
              [
                -122.70735599991967,
                45.66465799985508
              ],
              [
                -122.70719199988814,
                45.6647640001895
              ],
              [
                -122.70697199978012,
                45.66492599989827
              ],
              [
                -122.7068589998022,
                45.66499499969001
              ],
              [
                -122.7064909995562,
                45.665162999755324
              ],
              [
                -122.70642199995919,
                45.665198000176304
              ],
              [
                -122.70628399986697,
                45.66526899976133
              ],
              [
                -122.70616500004124,
                45.66532799975469
              ],
              [
                -122.70607999965242,
                45.665370999944784
              ],
              [
                -122.70595800035201,
                45.6654189997822
              ],
              [
                -122.70566200007602,
                45.66558699983061
              ],
              [
                -122.70539599993724,
                45.665751999835834
              ],
              [
                -122.7052529998221,
                45.66582099986501
              ],
              [
                -122.70480799958317,
                45.665932000142924
              ],
              [
                -122.70435599967153,
                45.665945000195
              ],
              [
                -122.7040750003625,
                45.665918000035184
              ],
              [
                -122.70392600039956,
                45.6658850001709
              ],
              [
                -122.7036619999106,
                45.66580200008381
              ],
              [
                -122.7034490003736,
                45.66570200017094
              ],
              [
                -122.70323400028843,
                45.66556900002889
              ],
              [
                -122.70302000002818,
                45.66545099986014
              ],
              [
                -122.70287299971508,
                45.66534400013585
              ],
              [
                -122.7026910001402,
                45.66503599999905
              ],
              [
                -122.70266500020094,
                45.66486499996608
              ],
              [
                -122.70262500001799,
                45.664717999938745
              ],
              [
                -122.70262400019307,
                45.66460899991693
              ],
              [
                -122.70262400019307,
                45.66457800006203
              ],
              [
                -122.70261499997223,
                45.66440200011494
              ],
              [
                -122.70262800039102,
                45.66421100025255
              ],
              [
                -122.70268000026954,
                45.66402400008463
              ],
              [
                -122.7027399996457,
                45.663891999811575
              ],
              [
                -122.70272899977505,
                45.66371400003498
              ],
              [
                -122.70274899986653,
                45.66356100018382
              ],
              [
                -122.70275999973718,
                45.6633609997068
              ],
              [
                -122.70274899986653,
                45.663219000001675
              ],
              [
                -122.7026989996378,
                45.66305799985169
              ],
              [
                -122.70262199964493,
                45.66293500013868
              ],
              [
                -122.70251100021517,
                45.66278099993332
              ],
              [
                -122.70236999974983,
                45.662625999820705
              ],
              [
                -122.70220300024356,
                45.66248799996285
              ],
              [
                -122.70192600023415,
                45.66235599983509
              ],
              [
                -122.70187400035559,
                45.662324999988286
              ],
              [
                -122.70162999995813,
                45.66218999974635
              ],
              [
                -122.70153700007172,
                45.662101999855196
              ],
              [
                -122.70141499987298,
                45.661961000219186
              ],
              [
                -122.70138999975863,
                45.6618919998271
              ],
              [
                -122.7013660003675,
                45.661824000103614
              ],
              [
                -122.70134299990295,
                45.661678999881964
              ],
              [
                -122.70132399963637,
                45.66148599988325
              ],
              [
                -122.70137800006306,
                45.66134999999531
              ],
              [
                -122.7014170004211,
                45.661245999747266
              ],
              [
                -122.70143400013956,
                45.66118699984667
              ],
              [
                -122.70144199963717,
                45.66105800020928
              ],
              [
                -122.70137899988798,
                45.660987000306335
              ],
              [
                -122.70124300034384,
                45.66090399986353
              ],
              [
                -122.70113200001578,
                45.660849000175546
              ],
              [
                -122.70104800035018,
                45.66079899989863
              ],
              [
                -122.70083900011281,
                45.66074100029999
              ],
              [
                -122.7007050002185,
                45.66071199985033
              ],
              [
                -122.70053399961597,
                45.66068599982404
              ],
              [
                -122.70038600037627,
                45.660629000255504
              ],
              [
                -122.70029799961442,
                45.660540999794286
              ],
              [
                -122.7002399998881,
                45.66044999999953
              ],
              [
                -122.70021599959863,
                45.66039999999414
              ],
              [
                -122.70016899974298,
                45.66030600013937
              ],
              [
                -122.70004700044257,
                45.66004300011469
              ],
              [
                -122.7000859999023,
                45.6599069998608
              ],
              [
                -122.70017499959076,
                45.65979299970746
              ],
              [
                -122.70028799956866,
                45.65966900019134
              ],
              [
                -122.70035200004108,
                45.65957499973719
              ],
              [
                -122.70045400014833,
                45.65951000021249
              ],
              [
                -122.7005710003242,
                45.659472000127
              ],
              [
                -122.70070799969324,
                45.65940399997575
              ],
              [
                -122.70081599964827,
                45.65931399975936
              ],
              [
                -122.70088900034152,
                45.659241999984424
              ],
              [
                -122.70108299961198,
                45.65911099991219
              ],
              [
                -122.70116800000078,
                45.65914699989548
              ],
              [
                -122.70126000006228,
                45.65923099997575
              ],
              [
                -122.70130799974287,
                45.65932599992217
              ],
              [
                -122.70131899961352,
                45.65946599974764
              ],
              [
                -122.70130600009306,
                45.65956300025561
              ],
              [
                -122.70130199989508,
                45.65967499992105
              ],
              [
                -122.7013129997657,
                45.65982099984372
              ],
              [
                -122.70131500031387,
                45.65992900023821
              ],
              [
                -122.7012890003746,
                45.66014899976952
              ],
              [
                -122.70127699978073,
                45.66023600006484
              ],
              [
                -122.70120700035886,
                45.660374999974714
              ],
              [
                -122.70114200006151,
                45.66051000019818
              ],
              [
                -122.70113399966559,
                45.6606120002628
              ],
              [
                -122.70136200016952,
                45.66066399974413
              ],
              [
                -122.7019370001048,
                45.66074500025262
              ],
              [
                -122.70275899991229,
                45.66093399972766
              ],
              [
                -122.70314499970164,
                45.66140200004686
              ],
              [
                -122.70314300005184,
                45.66147300005133
              ],
              [
                -122.70313899985386,
                45.661702999818985
              ],
              [
                -122.70311799993748,
                45.66256600000621
              ],
              [
                -122.70316700034127,
                45.662606000098954
              ],
              [
                -122.70320199960308,
                45.66264100023516
              ],
              [
                -122.70323400028843,
                45.662675999721664
              ],
              [
                -122.70327000027343,
                45.662719000065366
              ],
              [
                -122.70329799986251,
                45.662767000293194
              ],
              [
                -122.70332600034993,
                45.6628449999478
              ],
              [
                -122.70335300011412,
                45.6628870000549
              ],
              [
                -122.70337900005339,
                45.662925999812195
              ],
              [
                -122.70342400025923,
                45.662970000069215
              ],
              [
                -122.70349899970397,
                45.66303299976345
              ],
              [
                -122.7035630001764,
                45.66307499972952
              ],
              [
                -122.70362199972762,
                45.66311999997203
              ],
              [
                -122.70366600010857,
                45.663152000108596
              ],
              [
                -122.70367799980414,
                45.66316400007659
              ],
              [
                -122.70369899972052,
                45.66318499970049
              ],
              [
                -122.70373800007859,
                45.66324700030806
              ],
              [
                -122.70374700029942,
                45.66331199988905
              ],
              [
                -122.70374700029942,
                45.663327000119665
              ],
              [
                -122.70375200032231,
                45.66345199979272
              ],
              [
                -122.70375599962193,
                45.66351899995459
              ],
              [
                -122.70375800017007,
                45.66357300006414
              ],
              [
                -122.70375800017007,
                45.66364100017455
              ],
              [
                -122.70373499970552,
                45.66369199988928
              ],
              [
                -122.70366600010857,
                45.663807999818246
              ],
              [
                -122.70362199972762,
                45.66386900027438
              ],
              [
                -122.7035830002679,
                45.66394899982498
              ],
              [
                -122.70355999980335,
                45.66401299975987
              ],
              [
                -122.70355099958253,
                45.6640550002463
              ],
              [
                -122.70353399986408,
                45.664127000110014
              ],
              [
                -122.7035270001914,
                45.66419500017532
              ],
              [
                -122.70353600041221,
                45.66425999991126
              ],
              [
                -122.7035370002371,
                45.66432199995606
              ],
              [
                -122.70354999975761,
                45.66437900015946
              ],
              [
                -122.70355499978048,
                45.66444100007248
              ],
              [
                -122.70356599965113,
                45.66448499976655
              ],
              [
                -122.70357499987198,
                45.66451699975064
              ],
              [
                -122.70359400013855,
                45.664558999858954
              ],
              [
                -122.7036190002529,
                45.664603000088135
              ],
              [
                -122.70392700022448,
                45.664564000243466
              ],
              [
                -122.70426100013529,
                45.6645210000613
              ],
              [
                -122.70494700039866,
                45.66427499988787
              ],
              [
                -122.70567399977158,
                45.66408099996364
              ],
              [
                -122.70609600044426,
                45.663608999689735
              ],
              [
                -122.70604100019271,
                45.663503000307394
              ],
              [
                -122.70589700025265,
                45.6632260000796
              ],
              [
                -122.7053649999751,
                45.662772999690965
              ],
              [
                -122.70553499985441,
                45.662435000177254
              ],
              [
                -122.70589200022978,
                45.66261499984906
              ],
              [
                -122.70647200018793,
                45.66290600019762
              ],
              [
                -122.70689200031248,
                45.663284000242996
              ],
              [
                -122.7074999998597,
                45.66288599994809
              ],
              [
                -122.70794000007577,
                45.661950000116896
              ],
              [
                -122.70862200014116,
                45.66062300000018
              ],
              [
                -122.70832599986514,
                45.65965000020576
              ],
              [
                -122.70804399983285,
                45.65929699999527
              ],
              [
                -122.70763100027929,
                45.65878799982899
              ],
              [
                -122.7073869998818,
                45.657299000152456
              ],
              [
                -122.70647999968553,
                45.65574500030996
              ],
              [
                -122.70563899961147,
                45.65491199979735
              ],
              [
                -122.70584100017616,
                45.65444399985986
              ],
              [
                -122.70703799990235,
                45.65498700023276
              ],
              [
                -122.70830300029893,
                45.656328000180594
              ],
              [
                -122.70893500013561,
                45.65742299989412
              ],
              [
                -122.70955799975144,
                45.65831200001121
              ],
              [
                -122.7097589995929,
                45.658454000232645
              ],
              [
                -122.71014500028059,
                45.65873999995692
              ],
              [
                -122.71013400040995,
                45.65827099980073
              ],
              [
                -122.71008400018124,
                45.65623099971942
              ],
              [
                -122.71008300035632,
                45.656169000132856
              ],
              [
                -122.70904700028859,
                45.655401999863585
              ],
              [
                -122.70891699969393,
                45.6553179996903
              ],
              [
                -122.70887800023418,
                45.655292999913385
              ],
              [
                -122.71265799955869,
                45.655312000121555
              ],
              [
                -122.71312899973685,
                45.65531000026519
              ],
              [
                -122.71481799955767,
                45.655315000219964
              ],
              [
                -122.71684100018757,
                45.65533300017896
              ],
              [
                -122.71687100032482,
                45.655369999692816
              ],
              [
                -122.71870900010853,
                45.65536900007964
              ],
              [
                -122.71988699956816,
                45.65536700022527
              ],
              [
                -122.72148900024862,
                45.65538000021905
              ],
              [
                -122.72190600000013,
                45.655369999692816
              ],
              [
                -122.72117100023131,
                45.65222300024431
              ],
              [
                -122.72115000031492,
                45.65217299979984
              ],
              [
                -122.72114000026916,
                45.652115000057165
              ],
              [
                -122.72092799965874,
                45.651256999857814
              ],
              [
                -122.72085300021398,
                45.65096199985365
              ],
              [
                -122.72075899960434,
                45.65060100003549
              ],
              [
                -122.72094799975022,
                45.65037600027297
              ],
              [
                -122.72154899962476,
                45.65057699973551
              ],
              [
                -122.72241300016336,
                45.65091699988674
              ],
              [
                -122.72289799968694,
                45.65110900020532
              ],
              [
                -122.72314700010728,
                45.65122800014762
              ],
              [
                -122.72371000034697,
                45.651499000101694
              ],
              [
                -122.7238969999447,
                45.6515849997134
              ],
              [
                -122.7241489998398,
                45.65170199991499
              ],
              [
                -122.72432200009214,
                45.651781999896066
              ],
              [
                -122.724431999697,
                45.65183299973799
              ],
              [
                -122.72453700017729,
                45.65188600014013
              ],
              [
                -122.72483400027824,
                45.65203699989716
              ],
              [
                -122.72500400015754,
                45.65212400023773
              ],
              [
                -122.72513499967882,
                45.65218999984293
              ],
              [
                -122.7260419998751,
                45.65269499980408
              ],
              [
                -122.72619500003597,
                45.65277999980368
              ],
              [
                -122.72692700033008,
                45.6532169999664
              ],
              [
                -122.72858299964057,
                45.654314000125005
              ],
              [
                -122.72901899965868,
                45.65463700027171
              ],
              [
                -122.72973099986127,
                45.65516599974409
              ],
              [
                -122.72997400043386,
                45.655341000228645
              ],
              [
                -122.73011599982576,
                45.655443000291086
              ],
              [
                -122.73029099972793,
                45.655567999984996
              ],
              [
                -122.73054299962303,
                45.655750000225886
              ],
              [
                -122.73068599973814,
                45.65585299977582
              ],
              [
                -122.73084399992189,
                45.65597599997773
              ],
              [
                -122.73103999974047,
                45.65611600001658
              ],
              [
                -122.73211699981609,
                45.65688700015286
              ],
              [
                -122.73247699966619,
                45.65714500014161
              ],
              [
                -122.73351100008408,
                45.65788500012955
              ],
              [
                -122.73026499978866,
                45.65881100019782
              ],
              [
                -122.73056699991247,
                45.65953600015697
              ],
              [
                -122.72907599956007,
                45.65994500027893
              ],
              [
                -122.72766200009889,
                45.65971400003226
              ],
              [
                -122.72673700035926,
                45.65955699988599
              ],
              [
                -122.7266040002899,
                45.65960100027934
              ],
              [
                -122.726302999991,
                45.659689999870444
              ],
              [
                -122.72752300018172,
                45.66143100013914
              ],
              [
                -122.72978100009,
                45.66140999985733
              ],
              [
                -122.73134299968916,
                45.661493000177856
              ],
              [
                -122.7313729998264,
                45.66183199985378
              ],
              [
                -122.73141300000937,
                45.66183199985378
              ],
              [
                -122.73161700022386,
                45.662068000131306
              ],
              [
                -122.73169300039187,
                45.66212000014379
              ],
              [
                -122.73174699992022,
                45.66220599976875
              ],
              [
                -122.73191099995175,
                45.66325200018189
              ],
              [
                -122.73208000000614,
                45.66325200018189
              ],
              [
                -122.732886999745,
                45.66325399975465
              ],
              [
                -122.73284499991222,
                45.66312999974199
              ],
              [
                -122.73258100032156,
                45.66234999976485
              ],
              [
                -122.73257399975057,
                45.66229300000687
              ],
              [
                -122.73243999985627,
                45.66125400020786
              ],
              [
                -122.73231400035789,
                45.66027300010618
              ],
              [
                -122.73276100024663,
                45.659317999813936
              ],
              [
                -122.73420499984503,
                45.65940999973389
              ],
              [
                -122.73428900040895,
                45.6594500001979
              ],
              [
                -122.73430399957924,
                45.6594570001192
              ],
              [
                -122.73452200003742,
                45.65955900021854
              ],
              [
                -122.7346259997945,
                45.659608999719275
              ],
              [
                -122.73421400006588,
                45.66001699977779
              ],
              [
                -122.73412100017944,
                45.66010999996131
              ],
              [
                -122.73536999978418,
                45.66042399985162
              ],
              [
                -122.73607600013901,
                45.66087600026887
              ],
              [
                -122.73699800040391,
                45.66146599975427
              ],
              [
                -122.73695900004586,
                45.66189000020574
              ],
              [
                -122.73693499975641,
                45.66209000028736
              ],
              [
                -122.73699300038105,
                45.66226100000719
              ],
              [
                -122.73723799970512,
                45.66298300018132
              ],
              [
                -122.73741400033052,
                45.66309299970527
              ],
              [
                -122.73782100003629,
                45.66337800012044
              ],
              [
                -122.73807899977915,
                45.66353199993921
              ],
              [
                -122.73822799974208,
                45.663653000037776
              ],
              [
                -122.73850999977437,
                45.66389899980534
              ],
              [
                -122.73908899990762,
                45.66427800013382
              ],
              [
                -122.73954300036736,
                45.66455199994775
              ],
              [
                -122.74052199963536,
                45.66536899981988
              ],
              [
                -122.74084399985064,
                45.66579100010841
              ],
              [
                -122.74112599988295,
                45.66643899993714
              ],
              [
                -122.7412279999902,
                45.666646999779864
              ],
              [
                -122.74138500034903,
                45.66693799988661
              ],
              [
                -122.74143200020468,
                45.66708000020276
              ],
              [
                -122.7415650002741,
                45.66734899997773
              ],
              [
                -122.74179999955243,
                45.66762399984896
              ],
              [
                -122.74186300019993,
                45.66773300027784
              ],
              [
                -122.74190199965966,
                45.66783699977498
              ],
              [
                -122.74199600026931,
                45.66815599970728
              ],
              [
                -122.74198100020067,
                45.66832000029127
              ],
              [
                -122.74194199984262,
                45.668359000030236
              ],
              [
                -122.74187099969753,
                45.66840799982474
              ],
              [
                -122.7418480001313,
                45.66851799998862
              ],
              [
                -122.7418480001313,
                45.66856700027165
              ],
              [
                -122.7418480001313,
                45.66867100010252
              ],
              [
                -122.74187999991835,
                45.66881999979504
              ],
              [
                -122.74189499998695,
                45.668978999699426
              ],
              [
                -122.74200499959183,
                45.66910499993056
              ],
              [
                -122.74212199976768,
                45.6691429997553
              ],
              [
                -122.74222100040019,
                45.669154999694605
              ],
              [
                -122.74298299993322,
                45.66924699977143
              ],
              [
                -122.74319499964534,
                45.66929100008224
              ],
              [
                -122.74332000021711,
                45.669394999823375
              ],
              [
                -122.74324999989692,
                45.669465999734854
              ],
              [
                -122.74314799978966,
                45.66955999990348
              ],
              [
                -122.74296799986462,
                45.66964799999842
              ],
              [
                -122.74293799972737,
                45.66964400005414
              ],
              [
                -122.74284599966586,
                45.66968900003817
              ],
              [
                -122.7427629998252,
                45.6697369999394
              ],
              [
                -122.7426509996722,
                45.66983600019423
              ],
              [
                -122.74265599969506,
                45.66988200000575
              ],
              [
                -122.74268400018249,
                45.66995599986882
              ],
              [
                -122.74266800028896,
                45.67001699990297
              ],
              [
                -122.74268800038044,
                45.67020300016267
              ],
              [
                -122.74271299959649,
                45.67032700020162
              ],
              [
                -122.74271299959649,
                45.6704460001073
              ],
              [
                -122.74274600010675,
                45.67055100018316
              ],
              [
                -122.74280899985594,
                45.670593000158334
              ],
              [
                -122.74282499974947,
                45.67064799968963
              ],
              [
                -122.74276899967296,
                45.67071000019209
              ],
              [
                -122.74275199995455,
                45.670746000249835
              ],
              [
                -122.74275100012963,
                45.67078500018168
              ],
              [
                -122.74279700016037,
                45.6708349997004
              ],
              [
                -122.74285800025973,
                45.67087999998231
              ],
              [
                -122.74297600026051,
                45.67092600019129
              ],
              [
                -122.74302999978887,
                45.67098399990958
              ],
              [
                -122.74309799956094,
                45.67104899992294
              ],
              [
                -122.74315100016271,
                45.671123000126286
              ],
              [
                -122.74314699996475,
                45.671188999936724
              ],
              [
                -122.74310799960668,
                45.67123399993401
              ],
              [
                -122.74306999997185,
                45.67125700021159
              ],
              [
                -122.74297000041274,
                45.671301000197765
              ],
              [
                -122.74289599989459,
                45.671334999963655
              ],
              [
                -122.7428330001454,
                45.671356000288746
              ],
              [
                -122.7428209995515,
                45.671376000023095
              ],
              [
                -122.74281700025186,
                45.67140699987971
              ],
              [
                -122.74286400010753,
                45.67148100023741
              ],
              [
                -122.74280600038121,
                45.671522000189945
              ],
              [
                -122.74277700006888,
                45.671591000011546
              ],
              [
                -122.74276799984807,
                45.671667999975895
              ],
              [
                -122.74277399969586,
                45.671752000101534
              ],
              [
                -122.74282599957436,
                45.67184999998412
              ],
              [
                -122.7428139998788,
                45.671912999728335
              ],
              [
                -122.74282899994742,
                45.67205899974975
              ],
              [
                -122.74285900008466,
                45.67221899980877
              ],
              [
                -122.74289900026763,
                45.67227400025307
              ],
              [
                -122.74290199974237,
                45.67234999996772
              ],
              [
                -122.7428619995594,
                45.672403999718746
              ],
              [
                -122.74285400006178,
                45.672545999977885
              ],
              [
                -122.74286099973448,
                45.67271799970317
              ],
              [
                -122.742840999643,
                45.672815999777356
              ],
              [
                -122.74281100040407,
                45.67293500004027
              ],
              [
                -122.74279299996242,
                45.67307199995577
              ],
              [
                -122.74287699962802,
                45.67313700005498
              ],
              [
                -122.7428759998031,
                45.67318699998332
              ],
              [
                -122.74284900003892,
                45.67321999993671
              ],
              [
                -122.74281300005391,
                45.67325199994896
              ],
              [
                -122.74278799993955,
                45.67333600020799
              ],
              [
                -122.7427999996351,
                45.67340199991948
              ],
              [
                -122.74276899967296,
                45.67355200011566
              ],
              [
                -122.74278100026686,
                45.67361100016638
              ],
              [
                -122.74278299991668,
                45.67366599987035
              ],
              [
                -122.74276000035047,
                45.673725999714016
              ],
              [
                -122.74277500041907,
                45.67379699978072
              ],
              [
                -122.74274399955863,
                45.67385700011163
              ],
              [
                -122.7427560001525,
                45.673925000283404
              ],
              [
                -122.74283399997032,
                45.6740459998862
              ],
              [
                -122.74281899990169,
                45.67408900028382
              ],
              [
                -122.74281499970374,
                45.674099999883886
              ],
              [
                -122.74273600006099,
                45.67416500004452
              ],
              [
                -122.74268099980941,
                45.67423000012959
              ],
              [
                -122.74266300026606,
                45.674322999926915
              ],
              [
                -122.74263200030393,
                45.67439600029403
              ],
              [
                -122.74264999984727,
                45.67446899993817
              ],
              [
                -122.74268199963433,
                45.67454100021624
              ],
              [
                -122.74265499987014,
                45.6745869999269
              ],
              [
                -122.74260499964146,
                45.67461799988803
              ],
              [
                -122.74255399958781,
                45.67480499981551
              ],
              [
                -122.74253600004448,
                45.67486200001483
              ],
              [
                -122.74252599999873,
                45.674893999715934
              ],
              [
                -122.74255299976289,
                45.67497299993915
              ],
              [
                -122.74251400030316,
                45.67504899975467
              ],
              [
                -122.74242800008945,
                45.67513700000679
              ],
              [
                -122.74244399998294,
                45.675237000011165
              ],
              [
                -122.74239100027951,
                45.67537700021923
              ],
              [
                -122.74227400010363,
                45.67570199975546
              ],
              [
                -122.74227900012652,
                45.6758239997855
              ],
              [
                -122.74225499983709,
                45.67593299993724
              ],
              [
                -122.74220200013363,
                45.67602000018238
              ],
              [
                -122.74215500027798,
                45.676129999822514
              ],
              [
                -122.74206999988915,
                45.676257000142414
              ],
              [
                -122.74201899983552,
                45.6763769998586
              ],
              [
                -122.74196699995699,
                45.676506999836086
              ],
              [
                -122.74197100015493,
                45.676596000167926
              ],
              [
                -122.74200600031504,
                45.67666900008061
              ],
              [
                -122.74203300007923,
                45.6767239999175
              ],
              [
                -122.74205099962258,
                45.67681900030729
              ],
              [
                -122.74203499972904,
                45.67693900007359
              ],
              [
                -122.74198299985052,
                45.677068000147315
              ],
              [
                -122.74193799964466,
                45.677188000007305
              ],
              [
                -122.74185900000195,
                45.677334000075795
              ],
              [
                -122.74173900035136,
                45.6775929998317
              ],
              [
                -122.74166300018337,
                45.67772899980028
              ],
              [
                -122.74155799970306,
                45.67795700026127
              ],
              [
                -122.74148900010611,
                45.67810899984328
              ],
              [
                -122.74128499989159,
                45.678365000287094
              ],
              [
                -122.74114000012663,
                45.67869199969233
              ],
              [
                -122.7409400001101,
                45.678993000014266
              ],
              [
                -122.74086099956907,
                45.67920999986953
              ],
              [
                -122.74082600030728,
                45.67935899974846
              ],
              [
                -122.7407839995762,
                45.67953799979452
              ],
              [
                -122.74072099982698,
                45.67971399984944
              ],
              [
                -122.74061799989481,
                45.679912000034044
              ],
              [
                -122.74050599974183,
                45.680129000090886
              ],
              [
                -122.74042100025132,
                45.6803480001511
              ],
              [
                -122.74032699964168,
                45.680525999752
              ],
              [
                -122.74027700031128,
                45.680626000167855
              ],
              [
                -122.7402990000526,
                45.68071800021689
              ],
              [
                -122.74022299988462,
                45.68091999975282
              ],
              [
                -122.74016299961015,
                45.6810239998509
              ],
              [
                -122.74010599970875,
                45.681164000015634
              ],
              [
                -122.74002500041621,
                45.68128199969411
              ],
              [
                -122.74001700002029,
                45.68129799990793
              ],
              [
                -122.73995400027108,
                45.68136200008983
              ],
              [
                -122.73991699956287,
                45.68141000002133
              ],
              [
                -122.73987100043041,
                45.68147100012325
              ],
              [
                -122.73977900036891,
                45.68163899968977
              ],
              [
                -122.73976799959993,
                45.681659999913926
              ],
              [
                -122.73967300006369,
                45.681780999736894
              ],
              [
                -122.73956299956052,
                45.68185899988346
              ],
              [
                -122.73945600032873,
                45.681888000047024
              ],
              [
                -122.73939699987916,
                45.681898000229786
              ],
              [
                -122.73930599964258,
                45.681914000267405
              ],
              [
                -122.73916199970255,
                45.681963000118934
              ],
              [
                -122.73910399997622,
                45.682003000158
              ],
              [
                -122.73892300022627,
                45.68212800017425
              ],
              [
                -122.73880000020263,
                45.682223000175576
              ],
              [
                -122.73865000041476,
                45.68237700023795
              ],
              [
                -122.73860299966081,
                45.682432999870265
              ],
              [
                -122.73852900004094,
                45.68252099980685
              ],
              [
                -122.73845700007094,
                45.68282899974994
              ],
              [
                -122.7384839998351,
                45.683007000243926
              ],
              [
                -122.73859500016319,
                45.68331900024412
              ],
              [
                -122.73864899969153,
                45.68338399973753
              ],
              [
                -122.73868499967656,
                45.68342600012313
              ],
              [
                -122.73878500013399,
                45.68347099969437
              ],
              [
                -122.73885499955587,
                45.6835650001882
              ],
              [
                -122.73885999957876,
                45.683680999725276
              ],
              [
                -122.73882799979171,
                45.68382699979623
              ],
              [
                -122.73874099975305,
                45.684119999777714
              ],
              [
                -122.73867999965367,
                45.684233000243005
              ],
              [
                -122.73864799986664,
                45.684366999688066
              ],
              [
                -122.7385819997444,
                45.684492999791416
              ],
              [
                -122.738560999828,
                45.684534000251986
              ],
              [
                -122.73852800021602,
                45.684653999789425
              ],
              [
                -122.73843500032963,
                45.68481099983629
              ],
              [
                -122.73841199986506,
                45.68504299977844
              ],
              [
                -122.7383919997736,
                45.68513599980432
              ],
              [
                -122.73829399986433,
                45.68518400026327
              ],
              [
                -122.73820500017584,
                45.68528799996583
              ],
              [
                -122.73809200019794,
                45.685466000166734
              ],
              [
                -122.73787700011279,
                45.685816999756476
              ],
              [
                -122.7377800000284,
                45.68594299973174
              ],
              [
                -122.73771700027923,
                45.68602699976674
              ],
              [
                -122.7375969997303,
                45.68621199983989
              ],
              [
                -122.73749799999611,
                45.68634299987442
              ],
              [
                -122.73742199982813,
                45.68645499992895
              ],
              [
                -122.73739300041413,
                45.686498999889025
              ],
              [
                -122.73724699992596,
                45.68664799981059
              ],
              [
                -122.73708399971932,
                45.686915000311295
              ],
              [
                -122.73697300028957,
                45.687067000031796
              ],
              [
                -122.73681699975562,
                45.687280000010375
              ],
              [
                -122.73673100044023,
                45.687420000208604
              ],
              [
                -122.73664299967837,
                45.687486999919535
              ],
              [
                -122.73659199962472,
                45.68754100012453
              ],
              [
                -122.73652399985266,
                45.6876509997069
              ],
              [
                -122.73640000000414,
                45.687778999895585
              ],
              [
                -122.736328999859,
                45.68789300016023
              ],
              [
                -122.73626299973675,
                45.68795999993216
              ],
              [
                -122.73621099985823,
                45.68801400030809
              ],
              [
                -122.73610600027622,
                45.68814600017083
              ],
              [
                -122.73601099984168,
                45.68827100026712
              ],
              [
                -122.73593300002389,
                45.68836099973676
              ],
              [
                -122.73576700034253,
                45.688516000122455
              ],
              [
                -122.73564199977073,
                45.68863200006127
              ],
              [
                -122.73534499966982,
                45.688895000054
              ],
              [
                -122.73531399970769,
                45.688965999699285
              ],
              [
                -122.73530600021007,
                45.68902600008051
              ],
              [
                -122.73525799963119,
                45.68908199995993
              ],
              [
                -122.73514499965327,
                45.68913900004851
              ],
              [
                -122.73505599996483,
                45.68920199978166
              ],
              [
                -122.73495600040569,
                45.689304999909616
              ],
              [
                -122.73480400006976,
                45.68948999980944
              ],
              [
                -122.73470899963517,
                45.689604999981434
              ],
              [
                -122.73468199987101,
                45.689628999867494
              ],
              [
                -122.73459400000745,
                45.68969999983608
              ],
              [
                -122.73450899961863,
                45.689778999863144
              ],
              [
                -122.7344890004255,
                45.6897980002899
              ],
              [
                -122.73445099989233,
                45.68984099987773
              ],
              [
                -122.73443199962576,
                45.68986299978543
              ],
              [
                -122.7344359998237,
                45.68993299983344
              ],
              [
                -122.73444300039473,
                45.68996499970071
              ],
              [
                -122.73444599986946,
                45.689975999945005
              ],
              [
                -122.73447099998381,
                45.690042999731915
              ],
              [
                -122.73446900033399,
                45.69007200004562
              ],
              [
                -122.7344480004176,
                45.69009899984812
              ],
              [
                -122.73440499986157,
                45.69012199990205
              ],
              [
                -122.73433299989154,
                45.69014699981347
              ],
              [
                -122.734209000043,
                45.69018100005162
              ],
              [
                -122.73414499957057,
                45.69022200010827
              ],
              [
                -122.73410000026304,
                45.690278000045254
              ],
              [
                -122.7339139995919,
                45.69035399978043
              ],
              [
                -122.73370899955249,
                45.69050600019595
              ],
              [
                -122.73363099973467,
                45.690590999893196
              ],
              [
                -122.73356499961243,
                45.69064099991317
              ],
              [
                -122.73350500023629,
                45.690711999852155
              ],
              [
                -122.73337899983963,
                45.690791999940544
              ],
              [
                -122.7333019998467,
                45.69090399987207
              ],
              [
                -122.73324400012038,
                45.69095999975373
              ],
              [
                -122.73313000031757,
                45.6910329997506
              ],
              [
                -122.73305199960144,
                45.69109599986038
              ],
              [
                -122.7328630003539,
                45.69127099972332
              ],
              [
                -122.7326900001015,
                45.69137300020842
              ],
              [
                -122.7325550003823,
                45.691513999797486
              ],
              [
                -122.73245800029792,
                45.691581000252015
              ],
              [
                -122.73232100003057,
                45.691669999823176
              ],
              [
                -122.73228199967252,
                45.69177599982565
              ],
              [
                -122.73230900033502,
                45.69180999970099
              ],
              [
                -122.73242499978765,
                45.69177400001689
              ],
              [
                -122.73247800038942,
                45.69179200017557
              ],
              [
                -122.7324909999099,
                45.691833999895856
              ],
              [
                -122.73247800038942,
                45.69192999994487
              ],
              [
                -122.73248099986414,
                45.69202599982904
              ],
              [
                -122.73237799993197,
                45.69203499986855
              ],
              [
                -122.73227800037286,
                45.6920070001592
              ],
              [
                -122.73219700018201,
                45.691989000069675
              ],
              [
                -122.73210199974746,
                45.69197099997435
              ],
              [
                -122.73203599962521,
                45.691972000188976
              ],
              [
                -122.73199399979242,
                45.69199599968687
              ],
              [
                -122.73195899963234,
                45.69203100026952
              ],
              [
                -122.73193000021833,
                45.69205899996686
              ],
              [
                -122.73181399986738,
                45.6922050001339
              ],
              [
                -122.73168699964576,
                45.69233599993783
              ],
              [
                -122.73151199974356,
                45.69244499992403
              ],
              [
                -122.73143700029883,
                45.6925489999316
              ],
              [
                -122.7313720000015,
                45.69258599994798
              ],
              [
                -122.73125999984852,
                45.692693000298526
              ],
              [
                -122.73105900000704,
                45.69290300022127
              ],
              [
                -122.7310409995654,
                45.69293299987693
              ],
              [
                -122.73084899994475,
                45.69317200011477
              ],
              [
                -122.73059299985174,
                45.693336000175364
              ],
              [
                -122.73047400002605,
                45.693423999902535
              ],
              [
                -122.73031500001737,
                45.69361300009625
              ],
              [
                -122.73011500000084,
                45.69375400031279
              ],
              [
                -122.72996500021303,
                45.693971000013796
              ],
              [
                -122.72970499992202,
                45.69419399992231
              ],
              [
                -122.72942000041496,
                45.69447299969795
              ],
              [
                -122.72919299973593,
                45.69470099968884
              ],
              [
                -122.72903999957505,
                45.69493099970095
              ],
              [
                -122.72881799981721,
                45.6951730000292
              ],
              [
                -122.72877099996155,
                45.695254999695464
              ],
              [
                -122.72864999958773,
                45.695434999857326
              ],
              [
                -122.72913199963655,
                45.695421999753485
              ],
              [
                -122.72987200032661,
                45.69541899992214
              ],
              [
                -122.73209099987679,
                45.69540999979975
              ],
              [
                -122.73283200039174,
                45.69540800012094
              ],
              [
                -122.73289400031604,
                45.695413999784634
              ],
              [
                -122.73303200040826,
                45.69542999972119
              ],
              [
                -122.73308000008886,
                45.695425999737516
              ],
              [
                -122.73314200001316,
                45.695422999906384
              ],
              [
                -122.73369000018423,
                45.69489699984056
              ],
              [
                -122.73398499973699,
                45.694643000082024
              ],
              [
                -122.73479999987178,
                45.69393600001779
              ],
              [
                -122.7352790004459,
                45.693502999689365
              ],
              [
                -122.73557499982357,
                45.69315699972555
              ],
              [
                -122.73568100012879,
                45.69283900006539
              ],
              [
                -122.73566500023529,
                45.69247600003101
              ],
              [
                -122.73559999993795,
                45.692304999753304
              ],
              [
                -122.73554600040957,
                45.69217200008219
              ],
              [
                -122.73564599996871,
                45.69175100001485
              ],
              [
                -122.73587799977228,
                45.691434999711035
              ],
              [
                -122.7362159998811,
                45.69108499983638
              ],
              [
                -122.73661199971623,
                45.690814000101696
              ],
              [
                -122.73686299978638,
                45.69055500005198
              ],
              [
                -122.7370820000695,
                45.690327999717525
              ],
              [
                -122.73727700006317,
                45.690123999769874
              ],
              [
                -122.73751999973743,
                45.6898520001464
              ],
              [
                -122.73758300038493,
                45.689778999863144
              ],
              [
                -122.73766700005052,
                45.689682000259126
              ],
              [
                -122.73775599973897,
                45.68957499979566
              ],
              [
                -122.73814400007647,
                45.68915499989785
              ],
              [
                -122.73922699999987,
                45.688153000268926
              ],
              [
                -122.74014300041699,
                45.687678000050504
              ],
              [
                -122.74063999963613,
                45.68742400013741
              ],
              [
                -122.74101899975281,
                45.68716999969849
              ],
              [
                -122.74162499965023,
                45.68651400018131
              ],
              [
                -122.74233699985285,
                45.68600500023296
              ],
              [
                -122.74299899982675,
                45.685334999961114
              ],
              [
                -122.74319100034567,
                45.685141000233216
              ],
              [
                -122.74337799994343,
                45.68495000022554
              ],
              [
                -122.74348900027152,
                45.68483900001021
              ],
              [
                -122.74348900027152,
                45.68475599979007
              ],
              [
                -122.74348000005068,
                45.68437499998196
              ],
              [
                -122.7434809998756,
                45.68433400003249
              ],
              [
                -122.74349699976912,
                45.6842479998877
              ],
              [
                -122.74351900040875,
                45.68412500029743
              ],
              [
                -122.7435369999521,
                45.68402999976036
              ],
              [
                -122.74359300002858,
                45.68394799995319
              ],
              [
                -122.74370199980854,
                45.683790000261354
              ],
              [
                -122.74376799993078,
                45.68364600019327
              ],
              [
                -122.7438120003117,
                45.68355100009794
              ],
              [
                -122.74411799973514,
                45.68354800025746
              ],
              [
                -122.74418100038265,
                45.683546000154514
              ],
              [
                -122.74443800030059,
                45.68354899999511
              ],
              [
                -122.74450100004978,
                45.683503999859006
              ],
              [
                -122.74460099960889,
                45.68343899987748
              ],
              [
                -122.74470500026429,
                45.683351000129704
              ],
              [
                -122.7447899997548,
                45.68327100006773
              ],
              [
                -122.744860000075,
                45.68318000019548
              ],
              [
                -122.74497399987779,
                45.683060000006584
              ],
              [
                -122.74507799963487,
                45.682950999931
              ],
              [
                -122.74510399957414,
                45.68292899981511
              ],
              [
                -122.74522099974999,
                45.68272999988591
              ],
              [
                -122.74537200026106,
                45.68239199975271
              ],
              [
                -122.74544199968295,
                45.68221300005089
              ],
              [
                -122.74562300033121,
                45.68167699979076
              ],
              [
                -122.74595100039427,
                45.68113899985499
              ],
              [
                -122.7461070000299,
                45.68081199968774
              ],
              [
                -122.74644000011581,
                45.68011799979299
              ],
              [
                -122.74706600010472,
                45.67892900026066
              ],
              [
                -122.74731100032709,
                45.678527000173744
              ],
              [
                -122.74742900032788,
                45.67833399989115
              ],
              [
                -122.74749600027502,
                45.678221000063886
              ],
              [
                -122.74756900006994,
                45.67819700030449
              ],
              [
                -122.74761099990275,
                45.67818300012626
              ],
              [
                -122.7476429996898,
                45.67815600022093
              ],
              [
                -122.74783000018586,
                45.67809699994085
              ],
              [
                -122.74807500040825,
                45.67789399978909
              ],
              [
                -122.7485010003806,
                45.67711500014406
              ],
              [
                -122.7488949996676,
                45.6769539997909
              ],
              [
                -122.74904899965337,
                45.67693099997166
              ],
              [
                -122.74965299990095,
                45.6768060002701
              ],
              [
                -122.74971800019829,
                45.67690899999925
              ],
              [
                -122.74975500000821,
                45.67697800008347
              ],
              [
                -122.74966499959652,
                45.6779850000997
              ],
              [
                -122.74950700031108,
                45.67823200010709
              ],
              [
                -122.74945600025748,
                45.67845999977382
              ],
              [
                -122.7494520000595,
                45.67860099990387
              ],
              [
                -122.7494379998158,
                45.679014999794965
              ],
              [
                -122.74934400010447,
                45.67969900024435
              ],
              [
                -122.74936900021882,
                45.67985599976127
              ],
              [
                -122.74942100009734,
                45.680178000250464
              ],
              [
                -122.74948800004451,
                45.68073399996439
              ],
              [
                -122.74944399966358,
                45.680982999956036
              ],
              [
                -122.74937199969355,
                45.681390000107186
              ],
              [
                -122.74924600019517,
                45.681777000032206
              ],
              [
                -122.74911499977561,
                45.682546999733056
              ],
              [
                -122.74890399988841,
                45.68309900014326
              ],
              [
                -122.74889999969047,
                45.68310999985506
              ],
              [
                -122.74883799976617,
                45.68327199981033
              ],
              [
                -122.74876599979616,
                45.68344899978301
              ],
              [
                -122.74880599997911,
                45.683601000135205
              ],
              [
                -122.74892499980481,
                45.68363200012328
              ],
              [
                -122.74958500012889,
                45.6837849997117
              ],
              [
                -122.74959299962651,
                45.68376900020912
              ],
              [
                -122.7498179997574,
                45.68334999976092
              ],
              [
                -122.75503999992878,
                45.684697999910966
              ],
              [
                -122.75565000002415,
                45.68484700023664
              ],
              [
                -122.7539799995716,
                45.68013500013835
              ],
              [
                -122.75373799972226,
                45.679216000015536
              ],
              [
                -122.75482200036888,
                45.67950600023852
              ],
              [
                -122.76127600042655,
                45.68118199982312
              ],
              [
                -122.76131300023647,
                45.681339000199586
              ],
              [
                -122.76132400010714,
                45.681416999707174
              ],
              [
                -122.76135099987133,
                45.681661000312936
              ],
              [
                -122.76135400024437,
                45.68168799978215
              ],
              [
                -122.7613850002065,
                45.682202999924435
              ],
              [
                -122.76140100010004,
                45.682638000007366
              ],
              [
                -122.76140500029798,
                45.682734999902266
              ],
              [
                -122.76141600016864,
                45.68362799992333
              ],
              [
                -122.76143899973485,
                45.68423499969381
              ],
              [
                -122.76144399975774,
                45.68453799975958
              ],
              [
                -122.76143500043523,
                45.68490499996127
              ],
              [
                -122.76140299974985,
                45.685572000003184
              ],
              [
                -122.76140000027512,
                45.68563999974518
              ],
              [
                -122.76136900031295,
                45.68655099979723
              ],
              [
                -122.76136000009214,
                45.68681600014739
              ],
              [
                -122.76135300041945,
                45.68757199981196
              ],
              [
                -122.76132699958187,
                45.68817999974272
              ],
              [
                -122.76132499993203,
                45.68822899975384
              ],
              [
                -122.76131599971121,
                45.688667000239
              ],
              [
                -122.76132300028225,
                45.68888600013674
              ],
              [
                -122.76137599998566,
                45.68942199972742
              ],
              [
                -122.76144799995569,
                45.68995200020788
              ],
              [
                -122.76155400026092,
                45.69083500001923
              ],
              [
                -122.7616100003374,
                45.69117299996797
              ],
              [
                -122.76167300008659,
                45.691510999756524
              ],
              [
                -122.7619629996165,
                45.692941999770525
              ],
              [
                -122.7619750002104,
                45.69301800027808
              ],
              [
                -122.76201899969297,
                45.69328700024593
              ],
              [
                -122.76203799995956,
                45.69347900021072
              ],
              [
                -122.76204100033263,
                45.693576000131834
              ],
              [
                -122.76203600030976,
                45.69367100014383
              ],
              [
                -122.76200799982234,
                45.693861999864396
              ],
              [
                -122.76197900040835,
                45.6939750001016
              ],
              [
                -122.7618649997072,
                45.69431199972517
              ],
              [
                -122.76180899963072,
                45.69453200027738
              ],
              [
                -122.76179199991228,
                45.69461099975393
              ],
              [
                -122.76176000012522,
                45.69475599999601
              ],
              [
                -122.7617430004068,
                45.694810000085305
              ],
              [
                -122.76166800006371,
                45.695005999855056
              ],
              [
                -122.7618980002175,
                45.69506600003139
              ],
              [
                -122.7628000003909,
                45.69529500026953
              ],
              [
                -122.76287599966057,
                45.695314000077275
              ],
              [
                -122.76294199978281,
                45.695331000196994
              ],
              [
                -122.76420899982921,
                45.69567800003521
              ],
              [
                -122.77268099959565,
                45.6980029997628
              ],
              [
                -122.77303299994814,
                45.6946240000463
              ],
              [
                -122.7741140002217,
                45.684245000084594
              ]
            ]
          ],
          [
            [
              [
                -122.57589999975545,
                45.68580599994935
              ],
              [
                -122.5759030001285,
                45.68569100012493
              ],
              [
                -122.57416099970597,
                45.685657000295315
              ],
              [
                -122.57217599960916,
                45.68564999988482
              ],
              [
                -122.56767200038651,
                45.68564199977322
              ],
              [
                -122.56766300016567,
                45.68693799979187
              ],
              [
                -122.57134100028121,
                45.68693999977355
              ],
              [
                -122.57132000036484,
                45.68796700005354
              ],
              [
                -122.57588100038721,
                45.68795900027334
              ],
              [
                -122.57588200021212,
                45.68791199997257
              ],
              [
                -122.57588200021212,
                45.687299999701544
              ],
              [
                -122.57587899983906,
                45.68703000012962
              ],
              [
                -122.57587899983906,
                45.68695099998519
              ],
              [
                -122.57589200025788,
                45.68621999986993
              ],
              [
                -122.57589700028072,
                45.68595099980025
              ],
              [
                -122.57589999975545,
                45.68580599994935
              ]
            ]
          ]
        ]
      },
      "properties": {
        "AREALAND": "126412800",
        "AREAWATER": "9590492",
        "BASENAME": "Vancouver",
        "CBSAPCI": "Y",
        "CENTLAT": "+45.6367549",
        "CENTLON": "-122.5965679",
        "FUNCSTAT": "A",
        "GEOID": "5374060",
        "INTPTLAT": "+45.6371555",
        "INTPTLON": "-122.5965674",
        "LSADC": "25",
        "MTFCC": "G4110",
        "NAME": "Vancouver city",
        "NECTAPCI": "N",
        "OBJECTID": 32275,
        "OID": "27890231883789",
        "PLACE": "74060",
        "PLACECC": "C1",
        "PLACENS": "02412146",
        "STATE": "53",
        "DISP_CLR": 3,
        "slug": "vancouver",
        "jurisdiction_key": "vancouver_city",
        "county_fips": [
          "53011"
        ]
      }
    }
  ]
}
