{
  "type": "FeatureCollection",
  "features": [
    {
      "type": "Feature",
      "geometry": {
        "type": "MultiPolygon",
        "coordinates": [
          [
            [
              [
                -118.37907000016808,
                46.07167800008783
              ],
              [
                -118.37902999998511,
                46.071674000304434
              ],
              [
                -118.37895700019018,
                46.071664999855976
              ],
              [
                -118.37878800013577,
                46.071707000066745
              ],
              [
                -118.37869600007427,
                46.0716010001559
              ],
              [
                -118.37845699969968,
                46.071664999855976
              ],
              [
                -118.37840200034641,
                46.071688999802255
              ],
              [
                -118.37826000005622,
                46.071753000023506
              ],
              [
                -118.3780650000625,
                46.07172000028876
              ],
              [
                -118.37800999981096,
                46.07172499970215
              ],
              [
                -118.37729099993561,
                46.07176800012307
              ],
              [
                -118.37699700020775,
                46.07185900026564
              ],
              [
                -118.3769429997811,
                46.07185699975736
              ],
              [
                -118.37687099981106,
                46.07185499987219
              ],
              [
                -118.37652699985448,
                46.07184600007642
              ],
              [
                -118.37627400013449,
                46.071841000050775
              ],
              [
                -118.37622200025595,
                46.07184999984735
              ],
              [
                -118.3762349997764,
                46.07219499987593
              ],
              [
                -118.37588900017,
                46.072320000203035
              ],
              [
                -118.37530699966374,
                46.07233399990296
              ],
              [
                -118.37464600041305,
                46.072656999739245
              ],
              [
                -118.3742260002885,
                46.072664000170114
              ],
              [
                -118.37421100021989,
                46.0725480003049
              ],
              [
                -118.37421500041783,
                46.0724559998086
              ],
              [
                -118.37423200013629,
                46.07192200003679
              ],
              [
                -118.37424399983183,
                46.07166199970612
              ],
              [
                -118.37452599986415,
                46.071649999728415
              ],
              [
                -118.37532199973234,
                46.07161399977961
              ],
              [
                -118.37564300012274,
                46.07159400021337
              ],
              [
                -118.37581600037508,
                46.07157000022579
              ],
              [
                -118.37584700033722,
                46.07156599981135
              ],
              [
                -118.37587800029935,
                46.071560000124016
              ],
              [
                -118.37601600039163,
                46.07153699975839
              ],
              [
                -118.37606700044523,
                46.07152900017088
              ],
              [
                -118.37612099997361,
                46.07151799980134
              ],
              [
                -118.37641700024963,
                46.07145799973015
              ],
              [
                -118.37817300001754,
                46.07110499980812
              ],
              [
                -118.37816799999467,
                46.07050900026428
              ],
              [
                -118.37815799994894,
                46.06872400009876
              ],
              [
                -118.37815399975099,
                46.068129000096135
              ],
              [
                -118.37788599996237,
                46.068137000176385
              ],
              [
                -118.37732100007285,
                46.06815499972956
              ],
              [
                -118.37705499993407,
                46.068162999806084
              ],
              [
                -118.37675700000825,
                46.068174000220985
              ],
              [
                -118.37645400005952,
                46.068182999992295
              ],
              [
                -118.37645700043258,
                46.06596500000071
              ],
              [
                -118.37654899959577,
                46.06596400026305
              ],
              [
                -118.37670900032768,
                46.06594899983271
              ],
              [
                -118.37689599992542,
                46.06593100018349
              ],
              [
                -118.37732199989777,
                46.065788999767186
              ],
              [
                -118.37796100030545,
                46.0654420000924
              ],
              [
                -118.37807400028335,
                46.06538000015259
              ],
              [
                -118.37807500010825,
                46.065186000031694
              ],
              [
                -118.37807400028335,
                46.06501600020704
              ],
              [
                -118.37807000008539,
                46.063856000006
              ],
              [
                -118.37807000008539,
                46.06381199987754
              ],
              [
                -118.3779710003512,
                46.06381199987754
              ],
              [
                -118.37761999982361,
                46.063809999700865
              ],
              [
                -118.37759999973211,
                46.06381100010084
              ],
              [
                -118.37717499958468,
                46.06380800014743
              ],
              [
                -118.37716100023928,
                46.06380800014743
              ],
              [
                -118.37688599987966,
                46.0638069997474
              ],
              [
                -118.37667499999246,
                46.06380599997062
              ],
              [
                -118.37665499990099,
                46.06380599997062
              ],
              [
                -118.37623300012662,
                46.063805000193824
              ],
              [
                -118.37620999966207,
                46.063803999793734
              ],
              [
                -118.37594199987346,
                46.0638030000169
              ],
              [
                -118.3757400002071,
                46.063802000240095
              ],
              [
                -118.37571099989479,
                46.0638030000169
              ],
              [
                -118.37569800037431,
                46.0638030000169
              ],
              [
                -118.3756120001606,
                46.0638030000169
              ],
              [
                -118.37561299998549,
                46.063755000112245
              ],
              [
                -118.37561299998549,
                46.06363799981915
              ],
              [
                -118.37560899978754,
                46.06308399997113
              ],
              [
                -118.3752830002726,
                46.063083000181244
              ],
              [
                -118.3743590003579,
                46.06307700019511
              ],
              [
                -118.37436900040363,
                46.06291900011767
              ],
              [
                -118.37423700015916,
                46.06286200005371
              ],
              [
                -118.3740079998303,
                46.06285999984262
              ],
              [
                -118.37400700000538,
                46.06282999978421
              ],
              [
                -118.37399699995963,
                46.06241700023214
              ],
              [
                -118.37289300011984,
                46.062437000006945
              ],
              [
                -118.37279299966242,
                46.06243900023335
              ],
              [
                -118.3727910000126,
                46.062354000208494
              ],
              [
                -118.37278799963956,
                46.062073999787636
              ],
              [
                -118.37278799963956,
                46.06160799996376
              ],
              [
                -118.37287100037855,
                46.06160899978035
              ],
              [
                -118.37396199979953,
                46.06160499989065
              ],
              [
                -118.37397000019546,
                46.06118700015735
              ],
              [
                -118.37397199984527,
                46.06107600023625
              ],
              [
                -118.37397299967019,
                46.06101200010172
              ],
              [
                -118.373613999645,
                46.06101200010172
              ],
              [
                -118.37279000018768,
                46.06101200010172
              ],
              [
                -118.37270099960094,
                46.06101100027431
              ],
              [
                -118.37243500036047,
                46.06101100027431
              ],
              [
                -118.37234699959859,
                46.06101100027431
              ],
              [
                -118.37211800016806,
                46.061008000168755
              ],
              [
                -118.37204799984784,
                46.06100699971794
              ],
              [
                -118.37202100008368,
                46.06100699971794
              ],
              [
                -118.37196400018225,
                46.0610059998905
              ],
              [
                -118.37169899986839,
                46.06100299978463
              ],
              [
                -118.37174800027218,
                46.06083799994519
              ],
              [
                -118.37189700023511,
                46.06032200021182
              ],
              [
                -118.37193200039519,
                46.06020199997411
              ],
              [
                -118.37185100020434,
                46.06020900011459
              ],
              [
                -118.37186600027299,
                46.06015300021238
              ],
              [
                -118.37188499964124,
                46.060102999940064
              ],
              [
                -118.37192900002216,
                46.05995399994456
              ],
              [
                -118.37199099994643,
                46.05976599980324
              ],
              [
                -118.37200900038812,
                46.05976599980324
              ],
              [
                -118.37235199962146,
                46.059767000276544
              ],
              [
                -118.3723609998423,
                46.05936700026702
              ],
              [
                -118.37236300039044,
                46.05860700012001
              ],
              [
                -118.37236699969007,
                46.05841899975589
              ],
              [
                -118.3723609998423,
                46.05806699985955
              ],
              [
                -118.37236500004026,
                46.05762000026185
              ],
              [
                -118.37236699969007,
                46.057543000043935
              ],
              [
                -118.37235800036754,
                46.0573640000857
              ],
              [
                -118.37235199962146,
                46.057317000087565
              ],
              [
                -118.37234699959859,
                46.05726800025912
              ],
              [
                -118.3724670001475,
                46.05724400027639
              ],
              [
                -118.37255699966087,
                46.057223999867254
              ],
              [
                -118.37266600033915,
                46.05721400028332
              ],
              [
                -118.37273400011121,
                46.0571999998654
              ],
              [
                -118.37437799972614,
                46.05687000002899
              ],
              [
                -118.374346999764,
                46.05681499976059
              ],
              [
                -118.37432300037287,
                46.05677399996693
              ],
              [
                -118.37431599980187,
                46.05676099996518
              ],
              [
                -118.37428800021276,
                46.056721000036525
              ],
              [
                -118.3742050003721,
                46.05660100007663
              ],
              [
                -118.3741979998011,
                46.056589999849116
              ],
              [
                -118.37417699988468,
                46.05656199994001
              ],
              [
                -118.37388700035476,
                46.05617699975073
              ],
              [
                -118.37371499992733,
                46.05594700013798
              ],
              [
                -118.37329999982563,
                46.05539399972349
              ],
              [
                -118.37302299981623,
                46.055020000037665
              ],
              [
                -118.37273800030916,
                46.05463299980987
              ],
              [
                -118.37268300005759,
                46.05456200007935
              ],
              [
                -118.37259699984385,
                46.054448000092776
              ],
              [
                -118.37252400004893,
                46.05435300013204
              ],
              [
                -118.37249399991168,
                46.054311999757225
              ],
              [
                -118.37159099991335,
                46.05325700017162
              ],
              [
                -118.37147100026277,
                46.05309000031011
              ],
              [
                -118.37139900029274,
                46.05299000002064
              ],
              [
                -118.37124399958373,
                46.0527809997349
              ],
              [
                -118.37118099983454,
                46.052686000023705
              ],
              [
                -118.3710729998795,
                46.052538999925346
              ],
              [
                -118.37073800014375,
                46.05213200000792
              ],
              [
                -118.370728000098,
                46.05212000014864
              ],
              [
                -118.37040599988275,
                46.05169099972631
              ],
              [
                -118.36957200037968,
                46.0505780002796
              ],
              [
                -118.36946199987652,
                46.050429000143644
              ],
              [
                -118.36913200016365,
                46.04997999976365
              ],
              [
                -118.36904000010215,
                46.049860000118706
              ],
              [
                -118.36902699968333,
                46.049844000271015
              ],
              [
                -118.36899099969833,
                46.04979700010722
              ],
              [
                -118.36897999982769,
                46.04978200027202
              ],
              [
                -118.36878499983402,
                46.04952699995669
              ],
              [
                -118.36826799962506,
                46.04884999994559
              ],
              [
                -118.36820800024893,
                46.0487579998553
              ],
              [
                -118.36806299958563,
                46.048534000214495
              ],
              [
                -118.36801499990507,
                46.048452000146725
              ],
              [
                -118.36799999983646,
                46.04842599996296
              ],
              [
                -118.36791799982066,
                46.048284000038244
              ],
              [
                -118.36789299970633,
                46.04823899991127
              ],
              [
                -118.36785900026945,
                46.048176999981095
              ],
              [
                -118.36783699962982,
                46.048137000069666
              ],
              [
                -118.36777100040592,
                46.0480170001616
              ],
              [
                -118.36774899976629,
                46.04797800019771
              ],
              [
                -118.36769600006286,
                46.04788299970679
              ],
              [
                -118.36756899984123,
                46.04765399991256
              ],
              [
                -118.36753600022926,
                46.04760300009869
              ],
              [
                -118.36749299967325,
                46.047534000202155
              ],
              [
                -118.3673200003192,
                46.047271000122564
              ],
              [
                -118.36728099996115,
                46.047216999723695
              ],
              [
                -118.3671289996252,
                46.04700499979488
              ],
              [
                -118.36664900012447,
                46.04636300018278
              ],
              [
                -118.36643800023727,
                46.04608000005876
              ],
              [
                -118.3662480002665,
                46.045826000213275
              ],
              [
                -118.36576899969235,
                46.04518600022046
              ],
              [
                -118.36568599985169,
                46.04506200029576
              ],
              [
                -118.3656570004377,
                46.045017000038015
              ],
              [
                -118.36559399979018,
                46.0449349997374
              ],
              [
                -118.36550799957644,
                46.04482099983199
              ],
              [
                -118.36549900025393,
                46.044808000134125
              ],
              [
                -118.36544200035252,
                46.04472700026903
              ],
              [
                -118.36535799978864,
                46.04461799993212
              ],
              [
                -118.36533100002443,
                46.04458099968876
              ],
              [
                -118.36520499962776,
                46.044407000133255
              ],
              [
                -118.36487699956469,
                46.04399600023251
              ],
              [
                -118.3648139998155,
                46.043910999876054
              ],
              [
                -118.3647300001499,
                46.04379699972811
              ],
              [
                -118.36465399998193,
                46.04367900002729
              ],
              [
                -118.36459799990543,
                46.043592000144606
              ],
              [
                -118.3644840001026,
                46.04341299986185
              ],
              [
                -118.36443399987391,
                46.04332900000299
              ],
              [
                -118.3644049995616,
                46.043280999759055
              ],
              [
                -118.3643789996223,
                46.04324299971822
              ],
              [
                -118.36435900042915,
                46.043217999726366
              ],
              [
                -118.36430099980451,
                46.043143999833696
              ],
              [
                -118.36428200043628,
                46.04311999994834
              ],
              [
                -118.36417500030613,
                46.04298300024728
              ],
              [
                -118.36405499975723,
                46.042830000197775
              ],
              [
                -118.363848000068,
                46.04257900023399
              ],
              [
                -118.3637379995648,
                46.042445999845654
              ],
              [
                -118.36367800018867,
                46.04237399987218
              ],
              [
                -118.36356600003569,
                46.04225200020528
              ],
              [
                -118.36331900016349,
                46.04198400030796
              ],
              [
                -118.36300100014616,
                46.04172399990043
              ],
              [
                -118.36280199995453,
                46.04156100018175
              ],
              [
                -118.3628420001375,
                46.04153899996865
              ],
              [
                -118.36296400033623,
                46.04147400008147
              ],
              [
                -118.3630050003441,
                46.04145300001526
              ],
              [
                -118.36310300025339,
                46.041400999905996
              ],
              [
                -118.36381600028092,
                46.04101300008796
              ],
              [
                -118.36394599997728,
                46.04094400006638
              ],
              [
                -118.36687199970723,
                46.039327999970645
              ],
              [
                -118.36749799969611,
                46.03898299970407
              ],
              [
                -118.36768799966691,
                46.0388780001714
              ],
              [
                -118.36770899958331,
                46.03887000021666
              ],
              [
                -118.36771000030654,
                46.0387239997476
              ],
              [
                -118.36771399960618,
                46.03818300001527
              ],
              [
                -118.36770799975841,
                46.037127999787884
              ],
              [
                -118.36770799975841,
                46.036989999932956
              ],
              [
                -118.36770799975841,
                46.03657800008709
              ],
              [
                -118.36770799975841,
                46.036440999754504
              ],
              [
                -118.36770699993349,
                46.036245000303985
              ],
              [
                -118.36770699993349,
                46.035969999861656
              ],
              [
                -118.36770699993349,
                46.03565700027587
              ],
              [
                -118.36770699993349,
                46.03546200020546
              ],
              [
                -118.36770699993349,
                46.03543800010127
              ],
              [
                -118.36770699993349,
                46.035368000309525
              ],
              [
                -118.36770699993349,
                46.03534499983293
              ],
              [
                -118.36788799968346,
                46.0352420002114
              ],
              [
                -118.36798800014088,
                46.035187000231964
              ],
              [
                -118.36817700028676,
                46.03510700027748
              ],
              [
                -118.36831899967866,
                46.03504699992386
              ],
              [
                -118.36846299961873,
                46.035004000212396
              ],
              [
                -118.36866400035848,
                46.03494799969682
              ],
              [
                -118.36897700035296,
                46.03489300004836
              ],
              [
                -118.36923799957053,
                46.03487799990798
              ],
              [
                -118.36926400040811,
                46.03487700023107
              ],
              [
                -118.36939400010446,
                46.03486999999772
              ],
              [
                -118.37005500025346,
                46.03487300027601
              ],
              [
                -118.37067700004437,
                46.0348750002536
              ],
              [
                -118.37066799982355,
                46.03297399983515
              ],
              [
                -118.36868899957454,
                46.032979000262536
              ],
              [
                -118.36828799971654,
                46.0329669999844
              ],
              [
                -118.36768900039013,
                46.03316899995367
              ],
              [
                -118.36686500003454,
                46.03344899975215
              ],
              [
                -118.36204999956895,
                46.03346799971381
              ],
              [
                -118.36208700027716,
                46.035779999822466
              ],
              [
                -118.36126200009666,
                46.035779999822466
              ],
              [
                -118.36117400023309,
                46.035779999822466
              ],
              [
                -118.36018599984597,
                46.03578100010667
              ],
              [
                -118.35986500035392,
                46.03578100010667
              ],
              [
                -118.35986500035392,
                46.03585200028182
              ],
              [
                -118.35985899960782,
                46.03709400029847
              ],
              [
                -118.35986199998086,
                46.03714200030522
              ],
              [
                -118.35927899964967,
                46.03714200030522
              ],
              [
                -118.35829500035881,
                46.03714200030522
              ],
              [
                -118.3581189997334,
                46.03714200030522
              ],
              [
                -118.35802300037226,
                46.03714200030522
              ],
              [
                -118.35759099965378,
                46.037151000145926
              ],
              [
                -118.35741599975161,
                46.0371549999361
              ],
              [
                -118.35715999965856,
                46.0371519997817
              ],
              [
                -118.35639499975251,
                46.03714600009603
              ],
              [
                -118.35614000038271,
                46.037144000200634
              ],
              [
                -118.35547300038591,
                46.037142999941146
              ],
              [
                -118.3554640001651,
                46.03848000023822
              ],
              [
                -118.35534699998922,
                46.0385849999036
              ],
              [
                -118.35531500020217,
                46.03857099975188
              ],
              [
                -118.35527099982124,
                46.038560999908576
              ],
              [
                -118.35522399996559,
                46.03856000029829
              ],
              [
                -118.35511600001057,
                46.03855900006444
              ],
              [
                -118.35465099968015,
                46.038557999830516
              ],
              [
                -118.35449699969435,
                46.038557999830516
              ],
              [
                -118.35450199971721,
                46.03827400001802
              ],
              [
                -118.35452099998379,
                46.03742500006899
              ],
              [
                -118.35452699983159,
                46.03714200030522
              ],
              [
                -118.35359000039638,
                46.03713799989048
              ],
              [
                -118.3535920000462,
                46.037069000018576
              ],
              [
                -118.3535920000462,
                46.036809000179204
              ],
              [
                -118.35359799989399,
                46.036047999878996
              ],
              [
                -118.35359899971891,
                46.03589199973426
              ],
              [
                -118.35360600028991,
                46.035790000169044
              ],
              [
                -118.3535350001448,
                46.035790999829445
              ],
              [
                -118.35273599990356,
                46.035790999829445
              ],
              [
                -118.35112900009852,
                46.035794000057734
              ],
              [
                -118.3505519996151,
                46.035794000057734
              ],
              [
                -118.34914999984952,
                46.03579499971801
              ],
              [
                -118.34914800019969,
                46.03565299975368
              ],
              [
                -118.34946200001903,
                46.03565200009079
              ],
              [
                -118.34946200001903,
                46.035574000138126
              ],
              [
                -118.34975800029505,
                46.03557000023352
              ],
              [
                -118.34975400009708,
                46.03499699999513
              ],
              [
                -118.34982100004424,
                46.034841000001606
              ],
              [
                -118.34926600020046,
                46.034548000154665
              ],
              [
                -118.34893499976437,
                46.03486200008634
              ],
              [
                -118.34883500020526,
                46.034862999763526
              ],
              [
                -118.34841199970764,
                46.03486499974142
              ],
              [
                -118.34840900023288,
                46.034844000281474
              ],
              [
                -118.34840099983698,
                46.03481999990885
              ],
              [
                -118.34838800031648,
                46.03479899980816
              ],
              [
                -118.34836999987485,
                46.0347800003041
              ],
              [
                -118.34834800013353,
                46.03476399983045
              ],
              [
                -118.34832300001916,
                46.03474999995792
              ],
              [
                -118.34829399970684,
                46.03473899974372
              ],
              [
                -118.3482629997447,
                46.03473200011652
              ],
              [
                -118.34823099995765,
                46.03472800015102
              ],
              [
                -118.34819800034568,
                46.03472899983058
              ],
              [
                -118.34816599966034,
                46.03473299979606
              ],
              [
                -118.34786000023689,
                46.034568000044644
              ],
              [
                -118.34754100039466,
                46.03456899972709
              ],
              [
                -118.34753999967144,
                46.03448500014216
              ],
              [
                -118.34730200002006,
                46.034515999692026
              ],
              [
                -118.34709799980557,
                46.03447599986724
              ],
              [
                -118.34681900014631,
                46.034536999900254
              ],
              [
                -118.34661300028198,
                46.034625000003096
              ],
              [
                -118.34642999998387,
                46.03475599990373
              ],
              [
                -118.3463539998159,
                46.03486800001999
              ],
              [
                -118.34617399989085,
                46.034866999719306
              ],
              [
                -118.34618300011167,
                46.033136000231444
              ],
              [
                -118.34470299962994,
                46.033138999980224
              ],
              [
                -118.34470299962994,
                46.03330499996169
              ],
              [
                -118.34470199980503,
                46.03406700030901
              ],
              [
                -118.34470199980503,
                46.03476100016988
              ],
              [
                -118.34469699978216,
                46.03526399981368
              ],
              [
                -118.34469699978216,
                46.03527600021668
              ],
              [
                -118.344706000003,
                46.035568999945546
              ],
              [
                -118.34469199975929,
                46.03593500000201
              ],
              [
                -118.34469199975929,
                46.035962999766795
              ],
              [
                -118.34469199975929,
                46.036105000181784
              ],
              [
                -118.34469099993437,
                46.0361399999338
              ],
              [
                -118.34468799956132,
                46.03629700027687
              ],
              [
                -118.34468799956132,
                46.03631399995759
              ],
              [
                -118.34468699973642,
                46.036477999836855
              ],
              [
                -118.34468500008659,
                46.03669400007588
              ],
              [
                -118.34468500008659,
                46.03673900025326
              ],
              [
                -118.3439949996253,
                46.03674100016332
              ],
              [
                -118.34399200015055,
                46.03649800027554
              ],
              [
                -118.34399100032563,
                46.03645999993473
              ],
              [
                -118.34382999976883,
                46.036534000049166
              ],
              [
                -118.34365999988952,
                46.03659700022021
              ],
              [
                -118.34308699960407,
                46.036767999877014
              ],
              [
                -118.34276600011202,
                46.03686100024496
              ],
              [
                -118.34228599971301,
                46.03700199996114
              ],
              [
                -118.34229300028402,
                46.03798699988398
              ],
              [
                -118.34145499968469,
                46.03798600026335
              ],
              [
                -118.34145800005777,
                46.037250000167944
              ],
              [
                -118.34050099963275,
                46.037538000017086
              ],
              [
                -118.34002100013205,
                46.03768300025214
              ],
              [
                -118.3398429998568,
                46.03773599974421
              ],
              [
                -118.33976599986393,
                46.03982300000658
              ],
              [
                -118.3397630003892,
                46.04029599988848
              ],
              [
                -118.33981799974244,
                46.04109600016241
              ],
              [
                -118.33983299981107,
                46.04128700019071
              ],
              [
                -118.33990800015415,
                46.041582999762525
              ],
              [
                -118.33972499985603,
                46.04163899978959
              ],
              [
                -118.33946100026539,
                46.04174199995849
              ],
              [
                -118.33931999980008,
                46.0417979998244
              ],
              [
                -118.33893099963765,
                46.04195199978662
              ],
              [
                -118.33769100025376,
                46.042441000274856
              ],
              [
                -118.33565099990537,
                46.04325000013791
              ],
              [
                -118.33565000008045,
                46.04311400028713
              ],
              [
                -118.33565000008045,
                46.043004999885376
              ],
              [
                -118.33566299960093,
                46.04174700021606
              ],
              [
                -118.33566799962381,
                46.04129199986589
              ],
              [
                -118.3355479999732,
                46.04129000012059
              ],
              [
                -118.33554299995033,
                46.041315999921814
              ],
              [
                -118.33301800007835,
                46.04130799969649
              ],
              [
                -118.33228300030954,
                46.04130599995173
              ],
              [
                -118.33200100027723,
                46.04130400020694
              ],
              [
                -118.33171500004697,
                46.0413100000647
              ],
              [
                -118.33135400037195,
                46.041318000289735
              ],
              [
                -118.33053599986413,
                46.041317000105764
              ],
              [
                -118.33036099996193,
                46.041317000105764
              ],
              [
                -118.32991800027114,
                46.041315999921814
              ],
              [
                -118.32951999988789,
                46.041315999921814
              ],
              [
                -118.3294639998114,
                46.041315999921814
              ],
              [
                -118.32906499960323,
                46.041315999921814
              ],
              [
                -118.32906499960323,
                46.04130199983851
              ],
              [
                -118.32906499960323,
                46.04126400030714
              ],
              [
                -118.32906399977831,
                46.041247000278595
              ],
              [
                -118.32906399977831,
                46.041223000192744
              ],
              [
                -118.32906499960323,
                46.04113799993471
              ],
              [
                -118.3290710003493,
                46.04040600022328
              ],
              [
                -118.32906999962607,
                46.0402069998825
              ],
              [
                -118.3290710003493,
                46.03984800028758
              ],
              [
                -118.32906899980118,
                46.03978699988141
              ],
              [
                -118.32891700036353,
                46.03983000023608
              ],
              [
                -118.32889700027204,
                46.039836000253906
              ],
              [
                -118.328781999746,
                46.039874000143776
              ],
              [
                -118.32857400023185,
                46.03993400024493
              ],
              [
                -118.32839099993376,
                46.03999499986528
              ],
              [
                -118.3279940002737,
                46.04010899975206
              ],
              [
                -118.32797300035733,
                46.04011599994532
              ],
              [
                -118.32742500018624,
                46.04026900002794
              ],
              [
                -118.32619400012483,
                46.04063200016725
              ],
              [
                -118.32558900005235,
                46.04076699969829
              ],
              [
                -118.32520300026297,
                46.04085700024168
              ],
              [
                -118.32515200020934,
                46.040870000245675
              ],
              [
                -118.3242750001503,
                46.04111499998911
              ],
              [
                -118.32423099976936,
                46.04086600010089
              ],
              [
                -118.3240990004232,
                46.0401189999388
              ],
              [
                -118.32405500004226,
                46.03987100013701
              ],
              [
                -118.32423800034034,
                46.039803000147785
              ],
              [
                -118.32499099965254,
                46.03954300007753
              ],
              [
                -118.32525199976845,
                46.039452000293885
              ],
              [
                -118.32525000011863,
                46.03935299985202
              ],
              [
                -118.32526299963911,
                46.03853199997865
              ],
              [
                -118.32526400036235,
                46.038488999861016
              ],
              [
                -118.32532299991358,
                46.03845199987804
              ],
              [
                -118.3238669997213,
                46.03848800024943
              ],
              [
                -118.3238249998885,
                46.038488999861016
              ],
              [
                -118.32381700039087,
                46.038422999890905
              ],
              [
                -118.32377899985774,
                46.03806899989621
              ],
              [
                -118.32376700016218,
                46.0379479996986
              ],
              [
                -118.32376399978914,
                46.037899999768385
              ],
              [
                -118.32376299996422,
                46.0378580000291
              ],
              [
                -118.32376399978914,
                46.037801999911345
              ],
              [
                -118.32376399978914,
                46.03777000008583
              ],
              [
                -118.32376700016218,
                46.03767500012438
              ],
              [
                -118.32376799998708,
                46.0376439998522
              ],
              [
                -118.323768999812,
                46.037569999976945
              ],
              [
                -118.32377399983484,
                46.03735099990051
              ],
              [
                -118.323776000383,
                46.03727799989004
              ],
              [
                -118.32378100040587,
                46.03704300008971
              ],
              [
                -118.3237970002994,
                46.036340000229465
              ],
              [
                -118.3238030001472,
                46.03610599983648
              ],
              [
                -118.32380800017006,
                46.03590599994111
              ],
              [
                -118.32381099964479,
                46.03573799971908
              ],
              [
                -118.32382999991137,
                46.03483199978467
              ],
              [
                -118.32381700039087,
                46.034636000239985
              ],
              [
                -118.32381599966766,
                46.03461100009535
              ],
              [
                -118.32376999963692,
                46.03440600010417
              ],
              [
                -118.32372399960616,
                46.03428200030624
              ],
              [
                -118.3237069998877,
                46.03423800031106
              ],
              [
                -118.32369500019216,
                46.03420600029257
              ],
              [
                -118.32364699961326,
                46.03411299982179
              ],
              [
                -118.32362599969686,
                46.03407200001385
              ],
              [
                -118.32342700040356,
                46.03381199979354
              ],
              [
                -118.32322499983886,
                46.033606000256796
              ],
              [
                -118.32249400026798,
                46.0328629999593
              ],
              [
                -118.32192099998255,
                46.03229800000127
              ],
              [
                -118.32148300031464,
                46.03186700021719
              ],
              [
                -118.32115600007647,
                46.03157099973696
              ],
              [
                -118.320811000295,
                46.03125800018265
              ],
              [
                -118.32015500016887,
                46.03070800006117
              ],
              [
                -118.31981799988498,
                46.03042599995832
              ],
              [
                -118.31975199976273,
                46.030369999793194
              ],
              [
                -118.31955400029433,
                46.03020200020481
              ],
              [
                -118.319488999997,
                46.030147000198916
              ],
              [
                -118.31915000006329,
                46.029860000266716
              ],
              [
                -118.31874099980939,
                46.02951299996669
              ],
              [
                -118.317701000442,
                46.029764000035044
              ],
              [
                -118.31707799992786,
                46.029930999941016
              ],
              [
                -118.31507100008976,
                46.030433999888196
              ],
              [
                -118.31296299996932,
                46.031479999921764
              ],
              [
                -118.31434999966632,
                46.0327730001154
              ],
              [
                -118.31548799984127,
                46.03372099992635
              ],
              [
                -118.31473800000381,
                46.03402700015919
              ],
              [
                -118.31507600011263,
                46.03452099997989
              ],
              [
                -118.31700099993496,
                46.03375700026181
              ],
              [
                -118.31686700004066,
                46.033302999927336
              ],
              [
                -118.31683799972834,
                46.033205000025056
              ],
              [
                -118.31680099991841,
                46.03307699994189
              ],
              [
                -118.31706799988211,
                46.03296600027292
              ],
              [
                -118.3179890003221,
                46.0326089998429
              ],
              [
                -118.31862799983146,
                46.03233899987797
              ],
              [
                -118.31867700023528,
                46.03232500001479
              ],
              [
                -118.31870800019742,
                46.032430000149816
              ],
              [
                -118.31873999998447,
                46.03253599980464
              ],
              [
                -118.31892199955934,
                46.033153999969
              ],
              [
                -118.31811200034575,
                46.033268000249436
              ],
              [
                -118.3183630004159,
                46.03412800016982
              ],
              [
                -118.31922399968315,
                46.03400599975715
              ],
              [
                -118.31938199986689,
                46.03455000014397
              ],
              [
                -118.31965300002854,
                46.035485000009714
              ],
              [
                -118.32013300042755,
                46.03552999992437
              ],
              [
                -118.32078799983047,
                46.03548399972015
              ],
              [
                -118.32093000012067,
                46.03538500027599
              ],
              [
                -118.32094600001422,
                46.03537600014765
              ],
              [
                -118.32096299973264,
                46.035432999896386
              ],
              [
                -118.32102600038014,
                46.03567000025611
              ],
              [
                -118.32104899994638,
                46.03575799980197
              ],
              [
                -118.32097500032651,
                46.03578100010667
              ],
              [
                -118.32064100041566,
                46.03588500025312
              ],
              [
                -118.31999299978715,
                46.03591699992301
              ],
              [
                -118.31994500010657,
                46.0359160002649
              ],
              [
                -118.31965999970123,
                46.0359099998214
              ],
              [
                -118.31922600023127,
                46.03590000012016
              ],
              [
                -118.31915699973598,
                46.03589800017971
              ],
              [
                -118.31902100019187,
                46.035965999985756
              ],
              [
                -118.31885399978728,
                46.0360490001583
              ],
              [
                -118.31805899974401,
                46.036445999868185
              ],
              [
                -118.31781699989465,
                46.036564999696886
              ],
              [
                -118.31761100003034,
                46.03671300016912
              ],
              [
                -118.31732899999803,
                46.03688999980465
              ],
              [
                -118.31704899961554,
                46.03696299970412
              ],
              [
                -118.31690499967547,
                46.03701599988677
              ],
              [
                -118.31664799975754,
                46.037118000307046
              ],
              [
                -118.31634399998393,
                46.03722699985111
              ],
              [
                -118.3160309999895,
                46.03734200009236
              ],
              [
                -118.3153489999241,
                46.03734200009236
              ],
              [
                -118.3148159998216,
                46.03734200009236
              ],
              [
                -118.31481499999671,
                46.0377709997104
              ],
              [
                -118.31409399957327,
                46.03777500007926
              ],
              [
                -118.3139560003793,
                46.0370969998324
              ],
              [
                -118.31357300006468,
                46.03708900024341
              ],
              [
                -118.31342699957648,
                46.03708600008543
              ],
              [
                -118.31325599987225,
                46.03708200029027
              ],
              [
                -118.31324900019958,
                46.03714799999132
              ],
              [
                -118.31325300039752,
                46.03782999997733
              ],
              [
                -118.31323999997873,
                46.039759000183544
              ],
              [
                -118.31328500018458,
                46.03975799997134
              ],
              [
                -118.31346000008675,
                46.03974499970571
              ],
              [
                -118.3139410003107,
                46.03975000014401
              ],
              [
                -118.31393999958748,
                46.03978900030468
              ],
              [
                -118.31393600028781,
                46.0400050000726
              ],
              [
                -118.3139060001506,
                46.04222200017437
              ],
              [
                -118.31428899956694,
                46.042222999718405
              ],
              [
                -118.3141940000307,
                46.042506000271445
              ],
              [
                -118.31418900000783,
                46.04251499986205
              ],
              [
                -118.31410299979409,
                46.04270199996128
              ],
              [
                -118.31405000009063,
                46.042692999777586
              ],
              [
                -118.313638000362,
                46.042602000193696
              ],
              [
                -118.31278399986915,
                46.04444499999693
              ],
              [
                -118.3128509998163,
                46.04475999992821
              ],
              [
                -118.31220100043629,
                46.04475999992821
              ],
              [
                -118.31219999971307,
                46.044453999895204
              ],
              [
                -118.31209099993312,
                46.04445000000987
              ],
              [
                -118.3118640001524,
                46.044442000238355
              ],
              [
                -118.31144499985274,
                46.044442000238355
              ],
              [
                -118.3113929999742,
                46.044442000238355
              ],
              [
                -118.31087499994035,
                46.0444370002247
              ],
              [
                -118.31087400011543,
                46.045566999912
              ],
              [
                -118.31088199961303,
                46.04585199975035
              ],
              [
                -118.3080260002033,
                46.045850000170056
              ],
              [
                -118.30739000016865,
                46.045850000170056
              ],
              [
                -118.30711099961107,
                46.04585500005587
              ],
              [
                -118.30705899973255,
                46.045870999811974
              ],
              [
                -118.30701699989976,
                46.04589499974925
              ],
              [
                -118.30697300041714,
                46.04593500003718
              ],
              [
                -118.30696699967103,
                46.045945999893064
              ],
              [
                -118.30695199960243,
                46.045979000071064
              ],
              [
                -118.30694699957957,
                46.045991000017516
              ],
              [
                -118.30693499988398,
                46.04621899975227
              ],
              [
                -118.30693499988398,
                46.046257000240026
              ],
              [
                -118.30693999990686,
                46.04705799969749
              ],
              [
                -118.30694199955667,
                46.04732499984519
              ],
              [
                -118.30694199955667,
                46.047677999698685
              ],
              [
                -118.3069430002799,
                46.04873700006392
              ],
              [
                -118.3069440001048,
                46.049091000289195
              ],
              [
                -118.3069430002799,
                46.04916799982294
              ],
              [
                -118.3069430002799,
                46.04939800023624
              ],
              [
                -118.3069430002799,
                46.04947600000173
              ],
              [
                -118.3069430002799,
                46.0497410002445
              ],
              [
                -118.30694499992973,
                46.05053700021949
              ],
              [
                -118.30694599975465,
                46.050802999748235
              ],
              [
                -118.30694599975465,
                46.0509650002445
              ],
              [
                -118.30694599975465,
                46.05145400013056
              ],
              [
                -118.30694699957957,
                46.05161699996174
              ],
              [
                -118.3069430002799,
                46.05181599972689
              ],
              [
                -118.30693700043214,
                46.05227100005812
              ],
              [
                -118.30693499988398,
                46.052412999707755
              ],
              [
                -118.30693400005906,
                46.05261299970145
              ],
              [
                -118.30689999972388,
                46.05262800001465
              ],
              [
                -118.30672200034697,
                46.05262800001465
              ],
              [
                -118.30646700007884,
                46.05267199970462
              ],
              [
                -118.30644399961429,
                46.052677000219774
              ],
              [
                -118.30640900035253,
                46.0526810001328
              ],
              [
                -118.30631899994083,
                46.05270099969364
              ],
              [
                -118.30611399990143,
                46.052797999954755
              ],
              [
                -118.30596400011359,
                46.05290799971049
              ],
              [
                -118.3058090003029,
                46.05303599998926
              ],
              [
                -118.30574800020355,
                46.053100999988004
              ],
              [
                -118.30576900011992,
                46.053100999988004
              ],
              [
                -118.30692200036349,
                46.053123999930875
              ],
              [
                -118.30722899961185,
                46.05312499990109
              ],
              [
                -118.30815000005184,
                46.05312899978167
              ],
              [
                -118.30845700019852,
                46.05313099972185
              ],
              [
                -118.3088229998964,
                46.05312999975175
              ],
              [
                -118.30992300043651,
                46.05312799981153
              ],
              [
                -118.31028999995937,
                46.05312799981153
              ],
              [
                -118.31066400005315,
                46.053125999871234
              ],
              [
                -118.31178899980934,
                46.05312199999044
              ],
              [
                -118.31216399972804,
                46.05312100002017
              ],
              [
                -118.31216100025334,
                46.05384499992424
              ],
              [
                -118.31215899970518,
                46.05446299990758
              ],
              [
                -118.3121660002762,
                46.05517200005551
              ],
              [
                -118.31215500040555,
                46.05551800014363
              ],
              [
                -118.3121520000325,
                46.05601999979361
              ],
              [
                -118.31214799983452,
                46.05674500024657
              ],
              [
                -118.31214799983452,
                46.05717900016693
              ],
              [
                -118.31107900015483,
                46.057180000063674
              ],
              [
                -118.31107699960671,
                46.05806400021736
              ],
              [
                -118.31185099973361,
                46.05806500009812
              ],
              [
                -118.31214000033691,
                46.05806299971324
              ],
              [
                -118.31213600013896,
                46.05855699969439
              ],
              [
                -118.31183099964213,
                46.05855099983975
              ],
              [
                -118.31146800031729,
                46.05854499998447
              ],
              [
                -118.31146699959405,
                46.058792000241446
              ],
              [
                -118.31146699959405,
                46.05882100013352
              ],
              [
                -118.31145099970053,
                46.05885099987689
              ],
              [
                -118.31138999960115,
                46.058893999729925
              ],
              [
                -118.31138700012644,
                46.05893499981961
              ],
              [
                -118.31136799985985,
                46.058946000203356
              ],
              [
                -118.31127099977549,
                46.058944999715216
              ],
              [
                -118.31108699965247,
                46.05899099971042
              ],
              [
                -118.31108599982755,
                46.058944999715216
              ],
              [
                -118.31039999956421,
                46.05894299998559
              ],
              [
                -118.31039999956421,
                46.05920400024565
              ],
              [
                -118.3102589999972,
                46.059290999850376
              ],
              [
                -118.30969999995547,
                46.05963400013055
              ],
              [
                -118.30953099990107,
                46.059738000257965
              ],
              [
                -118.30952400022838,
                46.059304999738124
              ],
              [
                -118.3095200000304,
                46.05828600010304
              ],
              [
                -118.30952300040346,
                46.05716100015183
              ],
              [
                -118.31031699972353,
                46.05716499974014
              ],
              [
                -118.31032400029451,
                46.05685199991317
              ],
              [
                -118.31032400029451,
                46.05683000017925
              ],
              [
                -118.31032599994437,
                46.05676400030154
              ],
              [
                -118.31032699976926,
                46.05674299981387
              ],
              [
                -118.31023300005793,
                46.05674199990917
              ],
              [
                -118.30995100002562,
                46.05674199990917
              ],
              [
                -118.30985800013923,
                46.05674199990917
              ],
              [
                -118.30822299984676,
                46.05674000009976
              ],
              [
                -118.30822700004474,
                46.05788500007798
              ],
              [
                -118.30690599957167,
                46.057883000309964
              ],
              [
                -118.30690499974678,
                46.058018999954854
              ],
              [
                -118.30690599957167,
                46.05859499979759
              ],
              [
                -118.30691399996759,
                46.059458000283854
              ],
              [
                -118.30691499979251,
                46.05953200013898
              ],
              [
                -118.30691800016557,
                46.05975699990645
              ],
              [
                -118.30691899999046,
                46.05983199983292
              ],
              [
                -118.30647399975153,
                46.05984799990383
              ],
              [
                -118.30633499983436,
                46.05985299976916
              ],
              [
                -118.30633499983436,
                46.059881999727345
              ],
              [
                -118.30624799979573,
                46.059881999727345
              ],
              [
                -118.30625000034385,
                46.060292999861396
              ],
              [
                -118.3062529998186,
                46.06037499980268
              ],
              [
                -118.30561699978394,
                46.06037300012479
              ],
              [
                -118.30520800042835,
                46.060369999984566
              ],
              [
                -118.30431100027782,
                46.06036399970359
              ],
              [
                -118.30431200010274,
                46.06051299983932
              ],
              [
                -118.30431600030069,
                46.06095899987568
              ],
              [
                -118.30431700012561,
                46.06111399985249
              ],
              [
                -118.30431700012561,
                46.06113800002317
              ],
              [
                -118.30431700012561,
                46.061170999851164
              ],
              [
                -118.30431700012561,
                46.06120999984917
              ],
              [
                -118.30431799995053,
                46.06123499980144
              ],
              [
                -118.30424799963032,
                46.06123499980144
              ],
              [
                -118.30416700033778,
                46.06123600024808
              ],
              [
                -118.30404199976601,
                46.06123799989466
              ],
              [
                -118.30397300016901,
                46.06123899971795
              ],
              [
                -118.30391700009253,
                46.06123899971795
              ],
              [
                -118.30391500044271,
                46.06150199998178
              ],
              [
                -118.30391399971947,
                46.06163299973582
              ],
              [
                -118.30391500044271,
                46.06165899993553
              ],
              [
                -118.30260099964232,
                46.06165999975119
              ],
              [
                -118.30259899999248,
                46.06163000028735
              ],
              [
                -118.30259899999248,
                46.061519999828406
              ],
              [
                -118.30259499979454,
                46.06124400008066
              ],
              [
                -118.30216899982219,
                46.061243000257505
              ],
              [
                -118.30216399979932,
                46.061661000190135
              ],
              [
                -118.30173700000205,
                46.06166200000576
              ],
              [
                -118.30173700000205,
                46.06173099970543
              ],
              [
                -118.30135799988537,
                46.06172699982457
              ],
              [
                -118.30136000043352,
                46.06214199978888
              ],
              [
                -118.30080300004158,
                46.06213899974473
              ],
              [
                -118.30041200022933,
                46.062137000130775
              ],
              [
                -118.30031699979479,
                46.062137000130775
              ],
              [
                -118.30031299959681,
                46.06122200022659
              ],
              [
                -118.30031299959681,
                46.06116900020215
              ],
              [
                -118.30062300011653,
                46.06117000002669
              ],
              [
                -118.3008170002853,
                46.061170999851164
              ],
              [
                -118.30085300027031,
                46.061170999851164
              ],
              [
                -118.30109599994455,
                46.061172000299
              ],
              [
                -118.30109699976946,
                46.0611080002757
              ],
              [
                -118.30109699976946,
                46.06105800024486
              ],
              [
                -118.30109400029471,
                46.06035999972369
              ],
              [
                -118.30113500030261,
                46.06035899988448
              ],
              [
                -118.30113199992957,
                46.059825000268006
              ],
              [
                -118.30094600015673,
                46.059825000268006
              ],
              [
                -118.3004730003287,
                46.05982399979576
              ],
              [
                -118.30039399978766,
                46.059826999965686
              ],
              [
                -118.3004039998334,
                46.06012699992682
              ],
              [
                -118.30040499965833,
                46.060146000064805
              ],
              [
                -118.2998599998603,
                46.06014799975086
              ],
              [
                -118.299140999985,
                46.06015199974612
              ],
              [
                -118.29914000016008,
                46.05999000001798
              ],
              [
                -118.29913900033515,
                46.05951800030878
              ],
              [
                -118.29913900033515,
                46.05950499970632
              ],
              [
                -118.29913900033515,
                46.05934399980752
              ],
              [
                -118.29913900033515,
                46.059304999738124
              ],
              [
                -118.29926800020658,
                46.059303999879866
              ],
              [
                -118.29971400027043,
                46.059303999879866
              ],
              [
                -118.29971400027043,
                46.05912900008945
              ],
              [
                -118.29971300044551,
                46.0589370001729
              ],
              [
                -118.29971300044551,
                46.05885000001035
              ],
              [
                -118.29980299995889,
                46.05885000001035
              ],
              [
                -118.29980299995889,
                46.05844299985125
              ],
              [
                -118.29913299958905,
                46.05844299985125
              ],
              [
                -118.29913199976416,
                46.058377999906426
              ],
              [
                -118.29871500001265,
                46.05841100013731
              ],
              [
                -118.29849599972952,
                46.058431000116556
              ],
              [
                -118.29849400007969,
                46.05816499992505
              ],
              [
                -118.29845800009468,
                46.058168000185084
              ],
              [
                -118.29845499972163,
                46.05769499997423
              ],
              [
                -118.29807700032818,
                46.0577270001031
              ],
              [
                -118.29801700005373,
                46.05773200016054
              ],
              [
                -118.29801500040388,
                46.05766299982681
              ],
              [
                -118.29801000038104,
                46.057497999980185
              ],
              [
                -118.2979529995813,
                46.05750300005831
              ],
              [
                -118.29738000019415,
                46.05755699975151
              ],
              [
                -118.29724600029985,
                46.057943000176266
              ],
              [
                -118.29692499990952,
                46.05886200027736
              ],
              [
                -118.2968909995743,
                46.05886200027736
              ],
              [
                -118.29685700013744,
                46.05886200027736
              ],
              [
                -118.29650399996001,
                46.05963099995013
              ],
              [
                -118.29653599974706,
                46.05963099995013
              ],
              [
                -118.29703299986453,
                46.05963000009777
              ],
              [
                -118.29703399968945,
                46.059929999882606
              ],
              [
                -118.29703399968945,
                46.06023300005533
              ],
              [
                -118.2970370000625,
                46.06045499994722
              ],
              [
                -118.2967419996114,
                46.06045400010978
              ],
              [
                -118.29614199956177,
                46.06045300027228
              ],
              [
                -118.29622500030075,
                46.06024400018046
              ],
              [
                -118.29627299998137,
                46.0601220000863
              ],
              [
                -118.29608800003341,
                46.060074000097956
              ],
              [
                -118.2956079996344,
                46.05995099978157
              ],
              [
                -118.29559099991597,
                46.05996800028756
              ],
              [
                -118.29554300023537,
                46.0600159997447
              ],
              [
                -118.29552800016675,
                46.06009899994125
              ],
              [
                -118.29552499979373,
                46.06017300018401
              ],
              [
                -118.29552200031897,
                46.06023300005533
              ],
              [
                -118.29551999977083,
                46.06028499989102
              ],
              [
                -118.2954650004176,
                46.06035800004531
              ],
              [
                -118.29562699990097,
                46.06035999972369
              ],
              [
                -118.29567200010682,
                46.06035800004531
              ],
              [
                -118.29598099990332,
                46.06035800004531
              ],
              [
                -118.29597800042855,
                46.06045599978468
              ],
              [
                -118.29598199972821,
                46.06094000001747
              ],
              [
                -118.29604200000266,
                46.06094000001747
              ],
              [
                -118.29602000026135,
                46.06141500012087
              ],
              [
                -118.29574900009969,
                46.06141500012087
              ],
              [
                -118.29575099974953,
                46.06237400000612
              ],
              [
                -118.29503900044521,
                46.06236899974571
              ],
              [
                -118.2949959998892,
                46.06236899974571
              ],
              [
                -118.2946939997654,
                46.062370000171846
              ],
              [
                -118.29395800017164,
                46.06237199977736
              ],
              [
                -118.29389399969925,
                46.06237099997459
              ],
              [
                -118.29370299990354,
                46.062370000171846
              ],
              [
                -118.29364000015433,
                46.062370000171846
              ],
              [
                -118.29323099990043,
                46.06236599971394
              ],
              [
                -118.29299700044699,
                46.06236499991107
              ],
              [
                -118.29200700041005,
                46.06237400000612
              ],
              [
                -118.29159899998105,
                46.06237900026604
              ],
              [
                -118.29113100017591,
                46.062380000068664
              ],
              [
                -118.2897710002431,
                46.062383999902224
              ],
              [
                -118.28972699986215,
                46.062383999902224
              ],
              [
                -118.28938899975336,
                46.06238600013056
              ],
              [
                -118.28926800027786,
                46.06243199975228
              ],
              [
                -118.28928199962324,
                46.06244699989163
              ],
              [
                -118.28932500017925,
                46.06249200028532
              ],
              [
                -118.28934000024789,
                46.06250800020867
              ],
              [
                -118.28937100021002,
                46.06254200026411
              ],
              [
                -118.28938299990557,
                46.062552999929274
              ],
              [
                -118.28927900014851,
                46.06261799994576
              ],
              [
                -118.28894600006257,
                46.06282399977058
              ],
              [
                -118.2885689995957,
                46.0629689997098
              ],
              [
                -118.28850300037178,
                46.06298999969949
              ],
              [
                -118.28843300005158,
                46.06300600010185
              ],
              [
                -118.28828800028663,
                46.0630180000889
              ],
              [
                -118.28821499959338,
                46.06301500009236
              ],
              [
                -118.28814199979843,
                46.06300500031056
              ],
              [
                -118.28809699959261,
                46.062994999903665
              ],
              [
                -118.2873769998924,
                46.06272100026593
              ],
              [
                -118.28733300040976,
                46.062703999984244
              ],
              [
                -118.28719799979223,
                46.06265299973118
              ],
              [
                -118.28720700001307,
                46.062477000158154
              ],
              [
                -118.28721000038612,
                46.062358000043936
              ],
              [
                -118.28619100003684,
                46.062354000208494
              ],
              [
                -118.28449700019318,
                46.06234899994627
              ],
              [
                -118.2844980000181,
                46.06246500005349
              ],
              [
                -118.2844980000181,
                46.063053000244025
              ],
              [
                -118.28483699995179,
                46.06342200020881
              ],
              [
                -118.28506399973251,
                46.06360399981532
              ],
              [
                -118.28561399955343,
                46.06404000022007
              ],
              [
                -118.28557500009369,
                46.064149000250694
              ],
              [
                -118.28550099957555,
                46.06435400020567
              ],
              [
                -118.28544500039733,
                46.064445000105934
              ],
              [
                -118.28520600002274,
                46.06483099974804
              ],
              [
                -118.28466899972231,
                46.0653019997875
              ],
              [
                -118.28464399960797,
                46.06532399988566
              ],
              [
                -118.28419500006937,
                46.06571599993777
              ],
              [
                -118.28391499968691,
                46.06597499986965
              ],
              [
                -118.28367200001266,
                46.06621799974284
              ],
              [
                -118.28309399970432,
                46.06679800020031
              ],
              [
                -118.28263099992205,
                46.06730099985159
              ],
              [
                -118.28204799959087,
                46.06771400026226
              ],
              [
                -118.28177099958144,
                46.06791000025273
              ],
              [
                -118.28115999966118,
                46.06837300015338
              ],
              [
                -118.28062499990888,
                46.0689440001358
              ],
              [
                -118.28049199983948,
                46.06905000016362
              ],
              [
                -118.28029600002091,
                46.069140999801625
              ],
              [
                -118.2797460002,
                46.069368000272064
              ],
              [
                -118.279381000327,
                46.06963299979392
              ],
              [
                -118.27893299971505,
                46.070068999947395
              ],
              [
                -118.27846699955973,
                46.07038600013656
              ],
              [
                -118.27846999993278,
                46.071249999809204
              ],
              [
                -118.2785770000629,
                46.071249999809204
              ],
              [
                -118.27864300018513,
                46.071249999809204
              ],
              [
                -118.28018100039317,
                46.07124499972955
              ],
              [
                -118.28027900030249,
                46.07124700026006
              ],
              [
                -118.28123400017932,
                46.07096000004933
              ],
              [
                -118.28162599981648,
                46.07072500019002
              ],
              [
                -118.28164500008306,
                46.07023899979156
              ],
              [
                -118.2832729998045,
                46.06938800002165
              ],
              [
                -118.28356400005762,
                46.06923599987323
              ],
              [
                -118.28356400005762,
                46.06941400030855
              ],
              [
                -118.28356599970746,
                46.06973400015172
              ],
              [
                -118.28356599970746,
                46.06981599978176
              ],
              [
                -118.28356700043068,
                46.07045199993518
              ],
              [
                -118.28352800007262,
                46.07045199993518
              ],
              [
                -118.28352800007262,
                46.070587999781175
              ],
              [
                -118.28354399996614,
                46.070587999781175
              ],
              [
                -118.2835759997532,
                46.070587999781175
              ],
              [
                -118.28362500015699,
                46.070587999781175
              ],
              [
                -118.28368399970822,
                46.070587999781175
              ],
              [
                -118.28368299988331,
                46.07073400016859
              ],
              [
                -118.28368500043145,
                46.071256000153504
              ],
              [
                -118.2837309995639,
                46.07125699979531
              ],
              [
                -118.28373200028713,
                46.07134399972675
              ],
              [
                -118.28373599958677,
                46.07204999986471
              ],
              [
                -118.28373599958677,
                46.07213199979318
              ],
              [
                -118.2838079995568,
                46.07213199979318
              ],
              [
                -118.28381900032575,
                46.07258900022599
              ],
              [
                -118.28382099997556,
                46.07265600012275
              ],
              [
                -118.28370299997479,
                46.072667999881766
              ],
              [
                -118.2836119997382,
                46.072664999786426
              ],
              [
                -118.2835260004228,
                46.072664999786426
              ],
              [
                -118.28352399987467,
                46.07367999987354
              ],
              [
                -118.28448700014745,
                46.073766000128224
              ],
              [
                -118.28450600041401,
                46.0747820001092
              ],
              [
                -118.28441500017742,
                46.074878000018536
              ],
              [
                -118.2843780003675,
                46.07493500013883
              ],
              [
                -118.2842319998793,
                46.07516799975608
              ],
              [
                -118.28422600003154,
                46.075176000062456
              ],
              [
                -118.28421099996294,
                46.07519999972835
              ],
              [
                -118.28420599994004,
                46.0752090002235
              ],
              [
                -118.2840770000686,
                46.07545900002813
              ],
              [
                -118.28399300040304,
                46.07568499987885
              ],
              [
                -118.28392200025792,
                46.07595899997863
              ],
              [
                -118.28388999957254,
                46.07610899995283
              ],
              [
                -118.28388200007494,
                46.07614500008535
              ],
              [
                -118.28387000037938,
                46.0762130002024
              ],
              [
                -118.28369100027923,
                46.07623100023767
              ],
              [
                -118.2829099995813,
                46.07631300018565
              ],
              [
                -118.28207799972812,
                46.07632199987611
              ],
              [
                -118.28177899997736,
                46.0762480000925
              ],
              [
                -118.28137599957122,
                46.076216000104814
              ],
              [
                -118.28116800005711,
                46.07617000012895
              ],
              [
                -118.28061200038839,
                46.07615900006132
              ],
              [
                -118.28035100027249,
                46.076141000002565
              ],
              [
                -118.2796630003593,
                46.076363000109296
              ],
              [
                -118.27922599961799,
                46.07653299988477
              ],
              [
                -118.2790359996472,
                46.07657800001259
              ],
              [
                -118.27892199984439,
                46.07663000003151
              ],
              [
                -118.27881300006443,
                46.07665300014411
              ],
              [
                -118.27873500024664,
                46.07667100003586
              ],
              [
                -118.2786900000408,
                46.07668099983471
              ],
              [
                -118.27838200006921,
                46.0767390001279
              ],
              [
                -118.27760499956926,
                46.07672299996714
              ],
              [
                -118.2774389998879,
                46.07668600004504
              ],
              [
                -118.2758389997556,
                46.076328000292136
              ],
              [
                -118.27555000005059,
                46.076282999960455
              ],
              [
                -118.27542200000408,
                46.07626200004234
              ],
              [
                -118.27532200044497,
                46.07624699991792
              ],
              [
                -118.27498599998597,
                46.07626700029064
              ],
              [
                -118.27480000021313,
                46.076278999887634
              ],
              [
                -118.27465799992292,
                46.07630799994153
              ],
              [
                -118.27437099986777,
                46.076367000176035
              ],
              [
                -118.27410200025422,
                46.07638100009564
              ],
              [
                -118.27406700009413,
                46.07638299981681
              ],
              [
                -118.27353499981655,
                46.07747200018019
              ],
              [
                -118.27302099998067,
                46.077475000014154
              ],
              [
                -118.27292100042156,
                46.07747600016653
              ],
              [
                -118.27266000030565,
                46.07748000015254
              ],
              [
                -118.2725220002134,
                46.07748199983387
              ],
              [
                -118.27246899961163,
                46.07694299990118
              ],
              [
                -118.27074800000379,
                46.07719500026607
              ],
              [
                -118.26928199976577,
                46.077408999889954
              ],
              [
                -118.2680880004126,
                46.07768099985642
              ],
              [
                -118.26821100043627,
                46.08011799976067
              ],
              [
                -118.26832900043703,
                46.080570000253594
              ],
              [
                -118.2683629998739,
                46.08070700018458
              ],
              [
                -118.26927500009306,
                46.0804220001415
              ],
              [
                -118.27024300038873,
                46.08023199971033
              ],
              [
                -118.27093499960154,
                46.08035300012617
              ],
              [
                -118.27117300015122,
                46.0802459998956
              ],
              [
                -118.27213100040113,
                46.079814000197395
              ],
              [
                -118.27211899980726,
                46.0797709998144
              ],
              [
                -118.27327100022592,
                46.079809000270515
              ],
              [
                -118.27326600020305,
                46.08033600028973
              ],
              [
                -118.27332399992937,
                46.08033699976713
              ],
              [
                -118.27332599957919,
                46.08044999978898
              ],
              [
                -118.27449800008935,
                46.080457999952706
              ],
              [
                -118.2749600000467,
                46.08046199972259
              ],
              [
                -118.27493400010744,
                46.08063199995524
              ],
              [
                -118.27492200041189,
                46.080757999958315
              ],
              [
                -118.27492800025968,
                46.08115800012848
              ],
              [
                -118.27496500006957,
                46.082143999693876
              ],
              [
                -118.27501399957508,
                46.08213300019406
              ],
              [
                -118.27529399995754,
                46.08207199975577
              ],
              [
                -118.27598299969564,
                46.08192199979066
              ],
              [
                -118.27613400020668,
                46.081887999833235
              ],
              [
                -118.27641399969086,
                46.081826000296815
              ],
              [
                -118.2773739995906,
                46.081611000279224
              ],
              [
                -118.2781000000369,
                46.08144899996755
              ],
              [
                -118.2786559997056,
                46.08132000004843
              ],
              [
                -118.28025599983793,
                46.080972000095386
              ],
              [
                -118.28121800028582,
                46.080762999799205
              ],
              [
                -118.28139400001291,
                46.08072399990671
              ],
              [
                -118.28192299991743,
                46.080609000254945
              ],
              [
                -118.28210000036775,
                46.08057099972674
              ],
              [
                -118.28213100032988,
                46.080564000298885
              ],
              [
                -118.28244000012639,
                46.08049700003322
              ],
              [
                -118.28245400037007,
                46.08049300026587
              ],
              [
                -118.28335800019329,
                46.08027400025553
              ],
              [
                -118.28341900029267,
                46.08026200028103
              ],
              [
                -118.28374499980758,
                46.080201999746436
              ],
              [
                -118.28374499980758,
                46.08028099972017
              ],
              [
                -118.28374800018064,
                46.080518000208954
              ],
              [
                -118.28374900000556,
                46.08059699973024
              ],
              [
                -118.28374900000556,
                46.08066700015804
              ],
              [
                -118.28375200037861,
                46.08087799975306
              ],
              [
                -118.2837530002035,
                46.08094899991376
              ],
              [
                -118.28286299972568,
                46.081131999766285
              ],
              [
                -118.28243500010349,
                46.08120100005359
              ],
              [
                -118.28100300020067,
                46.081430999765075
              ],
              [
                -118.28100900004844,
                46.0817509997193
              ],
              [
                -118.28101400007131,
                46.082208999695766
              ],
              [
                -118.28085800043571,
                46.082208999695766
              ],
              [
                -118.28085599988758,
                46.082403999865036
              ],
              [
                -118.27746800020023,
                46.08240599999098
              ],
              [
                -118.27746999985004,
                46.083969000257376
              ],
              [
                -118.27776299975304,
                46.08393200020947
              ],
              [
                -118.27811699975535,
                46.08389400010075
              ],
              [
                -118.278351999932,
                46.08387199992747
              ],
              [
                -118.27866400010153,
                46.08385199981897
              ],
              [
                -118.27897999957071,
                46.083830000252014
              ],
              [
                -118.27931400037987,
                46.08381699976744
              ],
              [
                -118.28094499957601,
                46.08376899982081
              ],
              [
                -118.28112700004921,
                46.083764000252344
              ],
              [
                -118.28112500039938,
                46.08315300022629
              ],
              [
                -118.28271600031087,
                46.08315300022629
              ],
              [
                -118.28271600031087,
                46.08354999972932
              ],
              [
                -118.282711000288,
                46.0835669998216
              ],
              [
                -118.28269899969413,
                46.08358199982536
              ],
              [
                -118.28268100015077,
                46.08359300028247
              ],
              [
                -118.28265900040948,
                46.08360099999045
              ],
              [
                -118.28249700002776,
                46.083639000301005
              ],
              [
                -118.28250399970047,
                46.08382099991686
              ],
              [
                -118.28288000034242,
                46.0837960002243
              ],
              [
                -118.283773000295,
                46.083721999871635
              ],
              [
                -118.28376700044721,
                46.08352399987124
              ],
              [
                -118.2840340004109,
                46.08352900008455
              ],
              [
                -118.28454700042188,
                46.08352399987124
              ],
              [
                -118.28508100034927,
                46.083511999980566
              ],
              [
                -118.28537099987918,
                46.083494999871334
              ],
              [
                -118.2856599995842,
                46.0834710000747
              ],
              [
                -118.28604600027188,
                46.08341900027192
              ],
              [
                -118.28688499979779,
                46.08328699983332
              ],
              [
                -118.2881529996691,
                46.0830959998716
              ],
              [
                -118.28969099987717,
                46.08287500011506
              ],
              [
                -118.29081200033367,
                46.082657999706974
              ],
              [
                -118.29129000018456,
                46.082574999781734
              ],
              [
                -118.29171100013403,
                46.08251199971011
              ],
              [
                -118.29239300019943,
                46.08243499994027
              ],
              [
                -118.29293100032478,
                46.082391000290585
              ],
              [
                -118.29349299984123,
                46.08236499988629
              ],
              [
                -118.2940309999666,
                46.08236399982258
              ],
              [
                -118.2941360004469,
                46.08236100025441
              ],
              [
                -118.2942130004398,
                46.082359000126786
              ],
              [
                -118.29497800034588,
                46.08236499988629
              ],
              [
                -118.29558599989308,
                46.08235800006297
              ],
              [
                -118.29604500037571,
                46.082361999695074
              ],
              [
                -118.29657799957987,
                46.082356999999085
              ],
              [
                -118.29697900033618,
                46.0823410002212
              ],
              [
                -118.29739899956245,
                46.08230200019796
              ],
              [
                -118.29769200036371,
                46.08226300014716
              ],
              [
                -118.29821100022248,
                46.08215800001709
              ],
              [
                -118.29853900028556,
                46.08207600003175
              ],
              [
                -118.29951199970576,
                46.08179299973125
              ],
              [
                -118.30005499985396,
                46.081628999799875
              ],
              [
                -118.30033400041152,
                46.081547999729914
              ],
              [
                -118.30033500023644,
                46.08167400013354
              ],
              [
                -118.30033799971119,
                46.08257300028497
              ],
              [
                -118.30035000030506,
                46.085650999855446
              ],
              [
                -118.30035500032793,
                46.0866770001782
              ],
              [
                -118.30039100031296,
                46.08666299975571
              ],
              [
                -118.30047800035156,
                46.086605999912386
              ],
              [
                -118.30095299982942,
                46.086472000267456
              ],
              [
                -118.3019010000336,
                46.0862059999892
              ],
              [
                -118.302795999636,
                46.08597400024988
              ],
              [
                -118.30341300030236,
                46.08581500029209
              ],
              [
                -118.30356899993798,
                46.08578400024692
              ],
              [
                -118.30390000037409,
                46.085721000101444
              ],
              [
                -118.30403699974312,
                46.08567799996089
              ],
              [
                -118.304189999904,
                46.085631999773376
              ],
              [
                -118.30438999992053,
                46.08557000008298
              ],
              [
                -118.30450899974623,
                46.085533999869035
              ],
              [
                -118.30498800032034,
                46.0853719998616
              ],
              [
                -118.30518800033688,
                46.085304999827116
              ],
              [
                -118.30569399977686,
                46.085126000163626
              ],
              [
                -118.30583500024217,
                46.0850770000953
              ],
              [
                -118.30720500022073,
                46.08456999973257
              ],
              [
                -118.30770900001089,
                46.084385000014194
              ],
              [
                -118.30776799956212,
                46.084461000152054
              ],
              [
                -118.30793599979158,
                46.084676000278456
              ],
              [
                -118.30893199967635,
                46.08436099998166
              ],
              [
                -118.3119200002289,
                46.08341700018264
              ],
              [
                -118.3128369995726,
                46.08312900028089
              ],
              [
                -118.31288599997642,
                46.083113000103786
              ],
              [
                -118.31291699993855,
                46.0831030002244
              ],
              [
                -118.31318599955208,
                46.083533000254896
              ],
              [
                -118.31322300026028,
                46.08359200024102
              ],
              [
                -118.31460999995731,
                46.08315899989945
              ],
              [
                -118.3146309998737,
                46.08315300022629
              ],
              [
                -118.31463900026962,
                46.083180000308104
              ],
              [
                -118.31464400029249,
                46.083196999891356
              ],
              [
                -118.31477800018679,
                46.08362399968961
              ],
              [
                -118.3148419997609,
                46.083830000252014
              ],
              [
                -118.3148989996623,
                46.08401199986085
              ],
              [
                -118.3149000003855,
                46.08403500001174
              ],
              [
                -118.31490100021043,
                46.08424100028558
              ],
              [
                -118.31490200003536,
                46.08434400013406
              ],
              [
                -118.3149139997309,
                46.08577500023055
              ],
              [
                -118.3155239998263,
                46.08577700023432
              ],
              [
                -118.31593800010306,
                46.08577900023799
              ],
              [
                -118.3162929999303,
                46.085780000239836
              ],
              [
                -118.31664799975754,
                46.08578100024162
              ],
              [
                -118.31704199994286,
                46.08578200024339
              ],
              [
                -118.3175809998931,
                46.08578400024692
              ],
              [
                -118.31757500004531,
                46.08516300003379
              ],
              [
                -118.31754699955792,
                46.084967000253855
              ],
              [
                -118.31754699955792,
                46.08482600023266
              ],
              [
                -118.31754699955792,
                46.084549999877126
              ],
              [
                -118.31754800028112,
                46.083723999949804
              ],
              [
                -118.31754800028112,
                46.08365799982337
              ],
              [
                -118.31819600001133,
                46.08365999990386
              ],
              [
                -118.31819400036152,
                46.083717999715
              ],
              [
                -118.3181879996154,
                46.08388499977603
              ],
              [
                -118.31821699992773,
                46.08388499977603
              ],
              [
                -118.31886300000812,
                46.08388699984833
              ],
              [
                -118.31887700025183,
                46.08332799987591
              ],
              [
                -118.3189330003283,
                46.083333000107
              ],
              [
                -118.31936400032355,
                46.083372000024504
              ],
              [
                -118.31962399971623,
                46.08338700008128
              ],
              [
                -118.31994900030453,
                46.08340599969044
              ],
              [
                -118.32014400029821,
                46.083404000223794
              ],
              [
                -118.32014400029821,
                46.08346599985618
              ],
              [
                -118.32014400029821,
                46.08347600029282
              ],
              [
                -118.32013500007737,
                46.084928000217786
              ],
              [
                -118.32013400025247,
                46.085291000302504
              ],
              [
                -118.32013099987942,
                46.08579400026341
              ],
              [
                -118.32542800039388,
                46.08580600028078
              ],
              [
                -118.32587799975737,
                46.08579800026948
              ],
              [
                -118.32722099997173,
                46.08577700023432
              ],
              [
                -118.3276340004236,
                46.08577100022281
              ],
              [
                -118.32747500041495,
                46.085837999691286
              ],
              [
                -118.32671999965629,
                46.08605000006787
              ],
              [
                -118.32630700010274,
                46.08616300022665
              ],
              [
                -118.32604599998683,
                46.08623399981656
              ],
              [
                -118.32593899985672,
                46.086264000238856
              ],
              [
                -118.32588399960513,
                46.08673699990162
              ],
              [
                -118.32587899958226,
                46.086768000034255
              ],
              [
                -118.3260579996824,
                46.086770999985866
              ],
              [
                -118.32656300019579,
                46.086778999856065
              ],
              [
                -118.32703799967364,
                46.086778999856065
              ],
              [
                -118.32778900023429,
                46.086778999856065
              ],
              [
                -118.32855199959222,
                46.086778999856065
              ],
              [
                -118.33116600005096,
                46.08677999983974
              ],
              [
                -118.33158399962738,
                46.086776999888606
              ],
              [
                -118.33176899957532,
                46.08679300024911
              ],
              [
                -118.33192500010925,
                46.086692999944695
              ],
              [
                -118.33315000032285,
                46.086778999856065
              ],
              [
                -118.33371400038746,
                46.0868189998126
              ],
              [
                -118.33430900041422,
                46.08685599979336
              ],
              [
                -118.33461200036292,
                46.086874000094944
              ],
              [
                -118.3351389997193,
                46.086872000130946
              ],
              [
                -118.33573899976892,
                46.08685199986402
              ],
              [
                -118.33624900030517,
                46.08679100028221
              ],
              [
                -118.33651999956851,
                46.08672300011737
              ],
              [
                -118.33660699960714,
                46.086700999826206
              ],
              [
                -118.33672499960792,
                46.08661599977987
              ],
              [
                -118.33859000005411,
                46.085286000248935
              ],
              [
                -118.34241399975954,
                46.0826289998749
              ],
              [
                -118.34240799991173,
                46.0807759997572
              ],
              [
                -118.34245999979028,
                46.08072999984402
              ],
              [
                -118.34251300039205,
                46.080684999986644
              ],
              [
                -118.34256799974531,
                46.080640000092565
              ],
              [
                -118.3426239998218,
                46.08059600025756
              ],
              [
                -118.34268099972323,
                46.08055299986094
              ],
              [
                -118.34273900034786,
                46.080511000151255
              ],
              [
                -118.34279700007417,
                46.08046899978646
              ],
              [
                -118.34285700034863,
                46.080428000111645
              ],
              [
                -118.34291800044801,
                46.080387999882824
              ],
              [
                -118.34298000037226,
                46.08034600004754
              ],
              [
                -118.34304300012148,
                46.0803090000623
              ],
              [
                -118.34310699969556,
                46.0802709999506
              ],
              [
                -118.34317199999289,
                46.080233999915066
              ],
              [
                -118.34323800011514,
                46.080197999957704
              ],
              [
                -118.34330500006229,
                46.08016199997686
              ],
              [
                -118.34344099960641,
                46.08009300025952
              ],
              [
                -118.34356299980513,
                46.08003599985896
              ],
              [
                -118.3437839997381,
                46.07993500028366
              ],
              [
                -118.34408599986187,
                46.079798000305175
              ],
              [
                -118.3443970002065,
                46.07965600004572
              ],
              [
                -118.34475399968356,
                46.07965600004572
              ],
              [
                -118.3450879995944,
                46.07965600004572
              ],
              [
                -118.34603300032386,
                46.079646000162874
              ],
              [
                -118.34603300032386,
                46.079464999976146
              ],
              [
                -118.34603199960063,
                46.079277000227634
              ],
              [
                -118.3460309997757,
                46.07893200022932
              ],
              [
                -118.3460309997757,
                46.078714999891076
              ],
              [
                -118.3460309997757,
                46.07852800021295
              ],
              [
                -118.34868799989214,
                46.078519000259135
              ],
              [
                -118.35102699999128,
                46.07851099981427
              ],
              [
                -118.3511769997791,
                46.07851099981427
              ],
              [
                -118.3511359997712,
                46.081261000124975
              ],
              [
                -118.35377100014637,
                46.081295999928756
              ],
              [
                -118.35399200007929,
                46.08129900017795
              ],
              [
                -118.35642700043788,
                46.08127600013259
              ],
              [
                -118.35642700043788,
                46.081295999928756
              ],
              [
                -118.35642700043788,
                46.08131899996578
              ],
              [
                -118.35642700043788,
                46.081386999937806
              ],
              [
                -118.35642599971465,
                46.08140999993689
              ],
              [
                -118.35641499984399,
                46.081884000166774
              ],
              [
                -118.3564009996003,
                46.08267999974128
              ],
              [
                -118.35640399997332,
                46.08310599975227
              ],
              [
                -118.35641999986689,
                46.08342499991614
              ],
              [
                -118.35642700043788,
                46.0837069999059
              ],
              [
                -118.35643300028568,
                46.08394900018405
              ],
              [
                -118.35645900022493,
                46.08431199985693
              ],
              [
                -118.35646000004984,
                46.08500500024657
              ],
              [
                -118.35646099987476,
                46.085667999923366
              ],
              [
                -118.35787900043219,
                46.085665999915676
              ],
              [
                -118.35857300019315,
                46.085665999915676
              ],
              [
                -118.35993800014884,
                46.085650999855446
              ],
              [
                -118.36403499966572,
                46.085608000283344
              ],
              [
                -118.36540100034465,
                46.08559500021777
              ],
              [
                -118.3658470004085,
                46.08557300009975
              ],
              [
                -118.36718899989964,
                46.085506999693166
              ],
              [
                -118.36763599978838,
                46.085486000170256
              ],
              [
                -118.3745860001386,
                46.085545999942966
              ],
              [
                -118.37585400000991,
                46.08555700000846
              ],
              [
                -118.37607900014082,
                46.08555900002009
              ],
              [
                -118.37668199966518,
                46.08555199997895
              ],
              [
                -118.37790900042692,
                46.08553799989396
              ],
              [
                -118.3779579999324,
                46.08553799989396
              ],
              [
                -118.37810799972023,
                46.08553799989396
              ],
              [
                -118.37815799994894,
                46.08553799989396
              ],
              [
                -118.37823099974386,
                46.085542999924726
              ],
              [
                -118.37829699986611,
                46.085542999924726
              ],
              [
                -118.37871799981559,
                46.08554499993692
              ],
              [
                -118.37885900028091,
                46.08554699994899
              ],
              [
                -118.37893399972566,
                46.085547999955054
              ],
              [
                -118.37896700023595,
                46.08554899996104
              ],
              [
                -118.3790209997643,
                46.07836600019613
              ],
              [
                -118.37902900016022,
                46.07728699971687
              ],
              [
                -118.37903099981003,
                46.077080000113725
              ],
              [
                -118.37903199963495,
                46.0768309997158
              ],
              [
                -118.37903699965781,
                46.076152000073776
              ],
              [
                -118.37906199977216,
                46.07271999984587
              ],
              [
                -118.37906400032033,
                46.072519000144666
              ],
              [
                -118.37906699979503,
                46.07207600014403
              ],
              [
                -118.37907000016808,
                46.07167800008783
              ]
            ],
            [
              [
                -118.2982050003747,
                46.077022000178985
              ],
              [
                -118.29772300032583,
                46.077128999806966
              ],
              [
                -118.29763200008925,
                46.07714799970176
              ],
              [
                -118.29726700021628,
                46.07634100004876
              ],
              [
                -118.29785800004505,
                46.076257999968
              ],
              [
                -118.2982050003747,
                46.077022000178985
              ]
            ],
            [
              [
                -118.34425800028932,
                46.04880100008598
              ],
              [
                -118.34395500034063,
                46.048802000134415
              ],
              [
                -118.34361399985879,
                46.048804000231335
              ],
              [
                -118.34303800009859,
                46.048108000178125
              ],
              [
                -118.34268499992118,
                46.047677999698685
              ],
              [
                -118.34267400005051,
                46.04766500004964
              ],
              [
                -118.34273900034786,
                46.04764700005093
              ],
              [
                -118.34280000044723,
                46.047643999842734
              ],
              [
                -118.34304399994637,
                46.04763699997984
              ],
              [
                -118.34399200015055,
                46.04761499969237
              ],
              [
                -118.344044999854,
                46.047898000057664
              ],
              [
                -118.34410599995337,
                46.04815000023111
              ],
              [
                -118.34425800028932,
                46.04880100008598
              ]
            ],
            [
              [
                -118.29415200034042,
                46.064965000219864
              ],
              [
                -118.29326500023562,
                46.06495599992394
              ],
              [
                -118.29307600008974,
                46.06495599992394
              ],
              [
                -118.29233299992497,
                46.06495700030315
              ],
              [
                -118.29227799967342,
                46.06490600026152
              ],
              [
                -118.29211500036509,
                46.064754000236746
              ],
              [
                -118.29206099993843,
                46.064703999768064
              ],
              [
                -118.29188199983828,
                46.0645569998731
              ],
              [
                -118.29134600026106,
                46.0641159997095
              ],
              [
                -118.29118899990223,
                46.06398800018111
              ],
              [
                -118.29125900022242,
                46.06398800018111
              ],
              [
                -118.2927649997451,
                46.064000999727945
              ],
              [
                -118.29370000042881,
                46.0640089997832
              ],
              [
                -118.29398400011094,
                46.0640089997832
              ],
              [
                -118.29398499993586,
                46.064487999965465
              ],
              [
                -118.2941439999445,
                46.064490000117566
              ],
              [
                -118.29415200034042,
                46.064965000219864
              ]
            ],
            [
              [
                -118.34655600038056,
                46.037144000200634
              ],
              [
                -118.34654899980958,
                46.03824900027205
              ],
              [
                -118.34655100035772,
                46.03850100018727
              ],
              [
                -118.34467599986576,
                46.03849500002447
              ],
              [
                -118.34467599986576,
                46.03853899974811
              ],
              [
                -118.34369500004964,
                46.03853899974811
              ],
              [
                -118.34369699969946,
                46.03800300004804
              ],
              [
                -118.3446780004139,
                46.037991000237234
              ],
              [
                -118.34468199971353,
                46.03735999970719
              ],
              [
                -118.34468400026168,
                46.037137000254496
              ],
              [
                -118.34482800020172,
                46.03713799989048
              ],
              [
                -118.34526000002185,
                46.037144000200634
              ],
              [
                -118.34540399996189,
                46.03714600009603
              ],
              [
                -118.34591399959983,
                46.03714499983654
              ],
              [
                -118.34655600038056,
                46.037144000200634
              ]
            ],
            [
              [
                -118.3239739998514,
                46.082171000269554
              ],
              [
                -118.32396800000362,
                46.082233000041384
              ],
              [
                -118.3239310001937,
                46.082370000204655
              ],
              [
                -118.3239029997063,
                46.08237900015342
              ],
              [
                -118.32294000033184,
                46.08268099979926
              ],
              [
                -118.32282200033106,
                46.08271800006307
              ],
              [
                -118.32212099999909,
                46.08289399990055
              ],
              [
                -118.32151500010168,
                46.08300400013692
              ],
              [
                -118.32093599996846,
                46.08306999979961
              ],
              [
                -118.3203200000253,
                46.08310999995324
              ],
              [
                -118.31963200011215,
                46.08310999995324
              ],
              [
                -118.31900199992529,
                46.083054000228486
              ],
              [
                -118.31825499956257,
                46.082967000064876
              ],
              [
                -118.31755199958079,
                46.082879999764096
              ],
              [
                -118.31755400012892,
                46.08276799979079
              ],
              [
                -118.31756699964939,
                46.08195799986931
              ],
              [
                -118.31759799961152,
                46.081950999994355
              ],
              [
                -118.31849499976207,
                46.08167799981523
              ],
              [
                -118.31911900010117,
                46.081489000050276
              ],
              [
                -118.32013400025247,
                46.08118100022303
              ],
              [
                -118.32013400025247,
                46.08123200018171
              ],
              [
                -118.32013400025247,
                46.082186000029765
              ],
              [
                -118.32072500008125,
                46.08218700009674
              ],
              [
                -118.32087400004418,
                46.08218700009674
              ],
              [
                -118.3209529996869,
                46.08218700009674
              ],
              [
                -118.32118200001575,
                46.082188000163654
              ],
              [
                -118.32140100029885,
                46.082188000163654
              ],
              [
                -118.32162399988164,
                46.082188000163654
              ],
              [
                -118.32201899989185,
                46.08218900023055
              ],
              [
                -118.32225499989339,
                46.08218900023055
              ],
              [
                -118.3227279997214,
                46.08219000029748
              ],
              [
                -118.323331999969,
                46.082190999741236
              ],
              [
                -118.32340599958884,
                46.082190999741236
              ],
              [
                -118.32341200033493,
                46.08216299973111
              ],
              [
                -118.32350000019848,
                46.082164999865846
              ],
              [
                -118.3239739998514,
                46.082171000269554
              ]
            ],
            [
              [
                -118.34613399970787,
                46.051870999986676
              ],
              [
                -118.34610500029386,
                46.05195499994894
              ],
              [
                -118.34609100005015,
                46.05202299994361
              ],
              [
                -118.34607500015666,
                46.05210499969747
              ],
              [
                -118.34605400024023,
                46.05229900027254
              ],
              [
                -118.34604800039244,
                46.05252700015449
              ],
              [
                -118.3460440001945,
                46.05279899993088
              ],
              [
                -118.34603300032386,
                46.05321199973227
              ],
              [
                -118.3450929996173,
                46.05321500026145
              ],
              [
                -118.34497899981447,
                46.053218000167064
              ],
              [
                -118.34067200023529,
                46.05329099968961
              ],
              [
                -118.34037299958624,
                46.0532899997224
              ],
              [
                -118.33947700015891,
                46.05328799978798
              ],
              [
                -118.33917900023307,
                46.05329099968961
              ],
              [
                -118.33914200042318,
                46.05329099968961
              ],
              [
                -118.33894900007932,
                46.05329300024731
              ],
              [
                -118.3385759998104,
                46.05329700011577
              ],
              [
                -118.33857699963532,
                46.053107999781886
              ],
              [
                -118.33857800035852,
                46.052824999926415
              ],
              [
                -118.33836599974815,
                46.05282599990205
              ],
              [
                -118.33836599974815,
                46.05285199988487
              ],
              [
                -118.33836599974815,
                46.053218000167064
              ],
              [
                -118.33836699957304,
                46.053299000049876
              ],
              [
                -118.33826199999106,
                46.0533009999839
              ],
              [
                -118.33803400038543,
                46.05330399988482
              ],
              [
                -118.3380329996622,
                46.05282899982872
              ],
              [
                -118.3380329996622,
                46.05232799983401
              ],
              [
                -118.33803199983728,
                46.052259000229036
              ],
              [
                -118.33873300016926,
                46.052254000299484
              ],
              [
                -118.33879099989556,
                46.052254000299484
              ],
              [
                -118.33879099989556,
                46.051862000049944
              ],
              [
                -118.33878699969759,
                46.0518209996961
              ],
              [
                -118.33873599964399,
                46.0518209996961
              ],
              [
                -118.33873599964399,
                46.05161499996673
              ],
              [
                -118.3386519999784,
                46.05161599996422
              ],
              [
                -118.33864399958247,
                46.05143000011478
              ],
              [
                -118.33864299975755,
                46.05135499999827
              ],
              [
                -118.33859099987903,
                46.05135499999827
              ],
              [
                -118.33856699958957,
                46.05135499999827
              ],
              [
                -118.33808899973867,
                46.05134999998692
              ],
              [
                -118.3380329996622,
                46.05135199999152
              ],
              [
                -118.33804000023319,
                46.051092000031886
              ],
              [
                -118.33752100037445,
                46.05109400004583
              ],
              [
                -118.33752100037445,
                46.05138800006209
              ],
              [
                -118.33633999964344,
                46.05139000006531
              ],
              [
                -118.33633999964344,
                46.050872999936296
              ],
              [
                -118.33628899958984,
                46.050872999936296
              ],
              [
                -118.33560700042275,
                46.05101000002094
              ],
              [
                -118.33561400009545,
                46.05070999977973
              ],
              [
                -118.335737999944,
                46.05070799975188
              ],
              [
                -118.33673399982877,
                46.05070300030537
              ],
              [
                -118.33673399982877,
                46.05033300010672
              ],
              [
                -118.33673399982877,
                46.05026699994559
              ],
              [
                -118.33681800039264,
                46.050265999923674
              ],
              [
                -118.33728500037289,
                46.050261999835705
              ],
              [
                -118.33728500037289,
                46.050202999751804
              ],
              [
                -118.3372870000227,
                46.050139000107336
              ],
              [
                -118.33728500037289,
                46.04969700008991
              ],
              [
                -118.33752200019934,
                46.04969600005763
              ],
              [
                -118.33752200019934,
                46.04997000011492
              ],
              [
                -118.33802599998951,
                46.049968000060275
              ],
              [
                -118.33803400038543,
                46.04934400004635
              ],
              [
                -118.33835200040272,
                46.04934199996903
              ],
              [
                -118.33930899992944,
                46.04933999989159
              ],
              [
                -118.33962799977165,
                46.04933999989159
              ],
              [
                -118.33973900009974,
                46.04933899985289
              ],
              [
                -118.33976800041206,
                46.04933899985289
              ],
              [
                -118.34007300001059,
                46.049337999814135
              ],
              [
                -118.34018500016357,
                46.049337999814135
              ],
              [
                -118.3409619997652,
                46.04933400028247
              ],
              [
                -118.34329699966638,
                46.04932399989331
              ],
              [
                -118.34374799975309,
                46.04932299985428
              ],
              [
                -118.34381100040059,
                46.04932299985428
              ],
              [
                -118.34407499999122,
                46.049320999776214
              ],
              [
                -118.34419100034218,
                46.04951600019041
              ],
              [
                -118.34602099972996,
                46.051733000172035
              ],
              [
                -118.34613399970787,
                46.051870999986676
              ]
            ],
            [
              [
                -118.3225860003295,
                46.042075999832946
              ],
              [
                -118.32258499960626,
                46.044036000024924
              ],
              [
                -118.32251400035946,
                46.044036000024924
              ],
              [
                -118.32194799974674,
                46.04404700025895
              ],
              [
                -118.32194299972387,
                46.045582000268304
              ],
              [
                -118.3219319998532,
                46.04584300007983
              ],
              [
                -118.3199319996878,
                46.04582999999894
              ],
              [
                -118.318980000184,
                46.04583200020343
              ],
              [
                -118.318980000184,
                46.04588600008574
              ],
              [
                -118.31898100000889,
                46.04629899982993
              ],
              [
                -118.31898100000889,
                46.04642900002084
              ],
              [
                -118.3190100003212,
                46.04650199978766
              ],
              [
                -118.31914500004042,
                46.04679000004482
              ],
              [
                -118.31906100037484,
                46.046791000129716
              ],
              [
                -118.31906200019974,
                46.047081999742524
              ],
              [
                -118.31867300003731,
                46.047081000286404
              ],
              [
                -118.31867300003731,
                46.04704200028516
              ],
              [
                -118.31801600008629,
                46.04703499972247
              ],
              [
                -118.31801199988831,
                46.04709700031095
              ],
              [
                -118.31610899980728,
                46.04709899984606
              ],
              [
                -118.31610100030967,
                46.04747499969821
              ],
              [
                -118.31609799993663,
                46.047654999981816
              ],
              [
                -118.31474700022466,
                46.047652999843336
              ],
              [
                -118.31475600044547,
                46.04698399996056
              ],
              [
                -118.314772000339,
                46.04587500021794
              ],
              [
                -118.314772000339,
                46.04585600015765
              ],
              [
                -118.31477099961579,
                46.04564100030012
              ],
              [
                -118.3147799998366,
                46.04543399985836
              ],
              [
                -118.31480400012606,
                46.045125000096185
              ],
              [
                -118.31485000015682,
                46.04454199979304
              ],
              [
                -118.31485099998174,
                46.04407900019036
              ],
              [
                -118.31484799960866,
                46.04350199969176
              ],
              [
                -118.31485400035477,
                46.04293000017622
              ],
              [
                -118.31485500017966,
                46.04285000020797
              ],
              [
                -118.31486500022542,
                46.042727999721535
              ],
              [
                -118.31509000035634,
                46.04272700018663
              ],
              [
                -118.31509200000613,
                46.042668000160354
              ],
              [
                -118.31511100027271,
                46.042595999852686
              ],
              [
                -118.3151589999533,
                46.04251700018656
              ],
              [
                -118.31524500016704,
                46.042440000111256
              ],
              [
                -118.31535800014494,
                46.042381999943146
              ],
              [
                -118.31538400008418,
                46.042244000115495
              ],
              [
                -118.31538900010707,
                46.04222200017437
              ],
              [
                -118.31538699955894,
                46.04206000022476
              ],
              [
                -118.31539099975689,
                46.0414270002785
              ],
              [
                -118.3153919995818,
                46.04128600000617
              ],
              [
                -118.31550100026006,
                46.04128700019071
              ],
              [
                -118.31593499973,
                46.04128899993611
              ],
              [
                -118.31593800010306,
                46.04095400010195
              ],
              [
                -118.31594499977577,
                46.04022799979872
              ],
              [
                -118.31594899997371,
                46.03991800001649
              ],
              [
                -118.31595099962354,
                46.039765999797524
              ],
              [
                -118.31686700004066,
                46.0397719998223
              ],
              [
                -118.31775900016832,
                46.03977499983444
              ],
              [
                -118.31815500000346,
                46.03977600004634
              ],
              [
                -118.3181640002243,
                46.039016000299895
              ],
              [
                -118.31817300044511,
                46.03823099969961
              ],
              [
                -118.31980100016655,
                46.03815899984564
              ],
              [
                -118.32002799994726,
                46.038132000188014
              ],
              [
                -118.32018799978084,
                46.03810400027505
              ],
              [
                -118.32053099991252,
                46.03799999993968
              ],
              [
                -118.32066999982968,
                46.03793200014222
              ],
              [
                -118.32073299957885,
                46.037884000198105
              ],
              [
                -118.32075100002055,
                46.03785300004318
              ],
              [
                -118.3207550002185,
                46.037788999809095
              ],
              [
                -118.3208559996025,
                46.03778699993696
              ],
              [
                -118.32110699967268,
                46.037785000064815
              ],
              [
                -118.3211589995512,
                46.03778399981688
              ],
              [
                -118.32119600025948,
                46.03778399981688
              ],
              [
                -118.32126099965848,
                46.03778399981688
              ],
              [
                -118.32125399998577,
                46.03808399979403
              ],
              [
                -118.32121399980281,
                46.038204999693875
              ],
              [
                -118.32115100005362,
                46.03831999977055
              ],
              [
                -118.32110400019793,
                46.03854499990614
              ],
              [
                -118.32107999990852,
                46.03865999989875
              ],
              [
                -118.32107800025867,
                46.03867500025973
              ],
              [
                -118.32069099974606,
                46.038677000099675
              ],
              [
                -118.32067900005052,
                46.0387040001146
              ],
              [
                -118.32017899956,
                46.03977600004634
              ],
              [
                -118.32009800026745,
                46.03978900030468
              ],
              [
                -118.31923100025415,
                46.03976500020908
              ],
              [
                -118.31922899970601,
                46.04006999981726
              ],
              [
                -118.31921799983536,
                46.042222999718405
              ],
              [
                -118.31928700033065,
                46.042223999885934
              ],
              [
                -118.31935099990476,
                46.042223999885934
              ],
              [
                -118.31954300042366,
                46.042223999885934
              ],
              [
                -118.3196079998227,
                46.04222500005349
              ],
              [
                -118.32009599971931,
                46.04222500005349
              ],
              [
                -118.32069099974606,
                46.04222699976494
              ],
              [
                -118.32076699991407,
                46.04222799993244
              ],
              [
                -118.32112000009147,
                46.042230000267345
              ],
              [
                -118.32164999982089,
                46.042222999718405
              ],
              [
                -118.32200800002119,
                46.04220899986493
              ],
              [
                -118.32221899990839,
                46.042178000265835
              ],
              [
                -118.32245300026011,
                46.042120999992115
              ],
              [
                -118.3225860003295,
                46.042075999832946
              ]
            ]
          ],
          [
            [
              [
                -118.4147719996264,
                46.07830300030345
              ],
              [
                -118.41476999997658,
                46.0780889997847
              ],
              [
                -118.41474999988509,
                46.07471400009832
              ],
              [
                -118.41455800026446,
                46.07471400009832
              ],
              [
                -118.414053999576,
                46.074715999879885
              ],
              [
                -118.41184800044458,
                46.07472400025179
              ],
              [
                -118.4095479998052,
                46.074733000201434
              ],
              [
                -118.4095400003076,
                46.07245099983821
              ],
              [
                -118.40953199991168,
                46.07198900012006
              ],
              [
                -118.40953100008679,
                46.07168300012825
              ],
              [
                -118.40953000026185,
                46.071462000152415
              ],
              [
                -118.40952900043693,
                46.071410999888464
              ],
              [
                -118.40952600006389,
                46.07104600018003
              ],
              [
                -118.40945900011675,
                46.07103999981296
              ],
              [
                -118.40903800016724,
                46.07096000004933
              ],
              [
                -118.40892400036445,
                46.07092899975923
              ],
              [
                -118.40860399979897,
                46.0708430000694
              ],
              [
                -118.40735500019426,
                46.07046499982951
              ],
              [
                -118.40683299996243,
                46.07030799998954
              ],
              [
                -118.40675799961937,
                46.070284999725395
              ],
              [
                -118.40653400021169,
                46.0702169997826
              ],
              [
                -118.40645999969352,
                46.07019499976484
              ],
              [
                -118.40593699963681,
                46.07003700011615
              ],
              [
                -118.40436800036493,
                46.069562999702875
              ],
              [
                -118.40415099973166,
                46.06949799976138
              ],
              [
                -118.4038529998058,
                46.06938600004701
              ],
              [
                -118.40359300041314,
                46.06930300010098
              ],
              [
                -118.40320699972543,
                46.069212999785634
              ],
              [
                -118.40266699995026,
                46.06912099996254
              ],
              [
                -118.40172799996692,
                46.068960999742394
              ],
              [
                -118.4014590003534,
                46.0689340001815
              ],
              [
                -118.40117999979583,
                46.06894099983808
              ],
              [
                -118.40090100013657,
                46.06898500024126
              ],
              [
                -118.4006340001729,
                46.06906699973757
              ],
              [
                -118.40042900013349,
                46.06916300023951
              ],
              [
                -118.39986699971868,
                46.069506000266514
              ],
              [
                -118.39967199972503,
                46.06960399997175
              ],
              [
                -118.39944400011939,
                46.069679000232796
              ],
              [
                -118.3992049997448,
                46.069721000085174
              ],
              [
                -118.3991789998055,
                46.069726000302886
              ],
              [
                -118.39892199988756,
                46.06973699978309
              ],
              [
                -118.39798999957691,
                46.06972199975479
              ],
              [
                -118.3974809997639,
                46.06971300023445
              ],
              [
                -118.39743300008332,
                46.06971500019724
              ],
              [
                -118.39720200010464,
                46.06972899993469
              ],
              [
                -118.39691900024741,
                46.069787999724156
              ],
              [
                -118.3961719998847,
                46.07003700011615
              ],
              [
                -118.39618600012841,
                46.07083600003078
              ],
              [
                -118.39620100019702,
                46.0711270000864
              ],
              [
                -118.39030100015822,
                46.071118999816285
              ],
              [
                -118.38869199980505,
                46.071146999821856
              ],
              [
                -118.38862599968282,
                46.071146999821856
              ],
              [
                -118.3885539997128,
                46.07114800008887
              ],
              [
                -118.38836799993997,
                46.071151000266674
              ],
              [
                -118.38730199973503,
                46.07114199973287
              ],
              [
                -118.38709900024372,
                46.071139999821796
              ],
              [
                -118.38705099966485,
                46.071551999916615
              ],
              [
                -118.3866170001949,
                46.071744000211105
              ],
              [
                -118.38656100011839,
                46.07176899975561
              ],
              [
                -118.38598899965785,
                46.07183499977007
              ],
              [
                -118.38538899960825,
                46.07185499987219
              ],
              [
                -118.38495099994033,
                46.07194000022529
              ],
              [
                -118.38434500004291,
                46.07193599983766
              ],
              [
                -118.38370399998543,
                46.07192399991954
              ],
              [
                -118.38334699961003,
                46.071913000251946
              ],
              [
                -118.38296800039168,
                46.072041999728334
              ],
              [
                -118.38286499956118,
                46.07210999991555
              ],
              [
                -118.38246299987829,
                46.072171000149645
              ],
              [
                -118.38198900022535,
                46.07214100016553
              ],
              [
                -118.38180699975216,
                46.07209800003525
              ],
              [
                -118.381744000003,
                46.072096999785416
              ],
              [
                -118.38134999981767,
                46.07200400015549
              ],
              [
                -118.3811969996568,
                46.071969000066495
              ],
              [
                -118.38083500015688,
                46.07188399975806
              ],
              [
                -118.38060199963004,
                46.07180200008434
              ],
              [
                -118.38044599999445,
                46.07176699986725
              ],
              [
                -118.38042000005518,
                46.071766000234675
              ],
              [
                -118.38041300038248,
                46.07280000017437
              ],
              [
                -118.38041099983434,
                46.0730019997088
              ],
              [
                -118.38038499989507,
                46.07718300024511
              ],
              [
                -118.38038200042034,
                46.07735100030102
              ],
              [
                -118.38038300024523,
                46.077504000062675
              ],
              [
                -118.38038900009302,
                46.07837100025376
              ],
              [
                -118.38036700035174,
                46.07837100025376
              ],
              [
                -118.38030600025236,
                46.08548800018451
              ],
              [
                -118.38030500042744,
                46.085562000037505
              ],
              [
                -118.3874830003833,
                46.085650999855446
              ],
              [
                -118.38879599956213,
                46.08566499991176
              ],
              [
                -118.39164199982444,
                46.08566499991176
              ],
              [
                -118.40941700028395,
                46.08564899984714
              ],
              [
                -118.4095329997366,
                46.0796970002942
              ],
              [
                -118.41044900015369,
                46.079534999970754
              ],
              [
                -118.41105199967808,
                46.07940099997457
              ],
              [
                -118.4113839999391,
                46.07932599983931
              ],
              [
                -118.412266000021,
                46.079096000076625
              ],
              [
                -118.41311499959265,
                46.07885499982506
              ],
              [
                -118.41393899994829,
                46.07861300025852
              ],
              [
                -118.4147719996264,
                46.07830300030345
              ]
            ],
            [
              [
                -118.3990440000863,
                46.07781999977521
              ],
              [
                -118.39903800023852,
                46.07795399987202
              ],
              [
                -118.39902800019277,
                46.07812200007315
              ],
              [
                -118.39901300012417,
                46.078383000016366
              ],
              [
                -118.39798000042948,
                46.07838900020825
              ],
              [
                -118.39782200024574,
                46.07834300017441
              ],
              [
                -118.39767999995553,
                46.07830499995495
              ],
              [
                -118.39678199998006,
                46.07806000004363
              ],
              [
                -118.39554900026887,
                46.07805399981598
              ],
              [
                -118.39383699998356,
                46.07803299994869
              ],
              [
                -118.39383899963337,
                46.07784099972351
              ],
              [
                -118.39384000035659,
                46.07758700013874
              ],
              [
                -118.39384100018151,
                46.07745900006684
              ],
              [
                -118.39384200000643,
                46.07731000017875
              ],
              [
                -118.39553400020026,
                46.077299999870775
              ],
              [
                -118.39593400023331,
                46.07732399985916
              ],
              [
                -118.39708400010387,
                46.077444000267796
              ],
              [
                -118.3977639996211,
                46.07755000017279
              ],
              [
                -118.39800800001859,
                46.07760099974887
              ],
              [
                -118.3990440000863,
                46.07781999977521
              ]
            ]
          ],
          [
            [
              [
                -118.26302199987686,
                46.087408999696805
              ],
              [
                -118.2630119998311,
                46.08673399994815
              ],
              [
                -118.2630110000062,
                46.086652999896735
              ],
              [
                -118.2630110000062,
                46.08658700015924
              ],
              [
                -118.2630110000062,
                46.0863899998406
              ],
              [
                -118.2630110000062,
                46.08632499978036
              ],
              [
                -118.26301000018128,
                46.0862550003008
              ],
              [
                -118.26301000018128,
                46.08617200017971
              ],
              [
                -118.26301000018128,
                46.086111999841805
              ],
              [
                -118.2630110000062,
                46.085714000080856
              ],
              [
                -118.2630119998311,
                46.085562000037505
              ],
              [
                -118.2630119998311,
                46.085533999869035
              ],
              [
                -118.2630119998311,
                46.08549500023378
              ],
              [
                -118.26276499995889,
                46.0855279998311
              ],
              [
                -118.26254200037614,
                46.08555299998487
              ],
              [
                -118.26187399965612,
                46.085626999750666
              ],
              [
                -118.26165199989829,
                46.085652999863726
              ],
              [
                -118.26088899964205,
                46.08573900015038
              ],
              [
                -118.26044799960107,
                46.085789000255396
              ],
              [
                -118.2602230003685,
                46.085807000282095
              ],
              [
                -118.26005599996391,
                46.085820000297716
              ],
              [
                -118.25971299983223,
                46.08582900030679
              ],
              [
                -118.25859200027404,
                46.08583000030768
              ],
              [
                -118.25834200002876,
                46.08583100030856
              ],
              [
                -118.25782599964475,
                46.08583200030947
              ],
              [
                -118.2577889998348,
                46.08583200030947
              ],
              [
                -118.25753100009196,
                46.085833000310316
              ],
              [
                -118.25676199998793,
                46.085835999689714
              ],
              [
                -118.25653299965907,
                46.08583699969053
              ],
              [
                -118.25650500006996,
                46.085835999689714
              ],
              [
                -118.25633299964252,
                46.08583699969053
              ],
              [
                -118.25621299999194,
                46.085843999695506
              ],
              [
                -118.25581799998173,
                46.085867999705876
              ],
              [
                -118.2553440003288,
                46.08593300030461
              ],
              [
                -118.25515000016004,
                46.08596100027055
              ],
              [
                -118.2550560004487,
                46.08597500024819
              ],
              [
                -118.25492300037929,
                46.08599500021008
              ],
              [
                -118.25452300034624,
                46.08605500005219
              ],
              [
                -118.25439100010176,
                46.08607599998156
              ],
              [
                -118.2540069999622,
                46.08613399974485
              ],
              [
                -118.25285399971862,
                46.08630799991491
              ],
              [
                -118.2525850001051,
                46.08634900020452
              ],
              [
                -118.25257900025731,
                46.086434000039205
              ],
              [
                -118.2525780004324,
                46.08645399983468
              ],
              [
                -118.2525650000136,
                46.08668800001816
              ],
              [
                -118.25255499996788,
                46.08686099970467
              ],
              [
                -118.25254699957193,
                46.0869899997516
              ],
              [
                -118.25253300022656,
                46.08723899978601
              ],
              [
                -118.25253400005147,
                46.08762400017137
              ],
              [
                -118.25255300031804,
                46.088888999873504
              ],
              [
                -118.24958400003209,
                46.08866499980058
              ],
              [
                -118.24700100043377,
                46.088469999955954
              ],
              [
                -118.24684200042513,
                46.087969000021985
              ],
              [
                -118.24681700031076,
                46.087653999837705
              ],
              [
                -118.2466909999141,
                46.087243000310345
              ],
              [
                -118.24520999960743,
                46.08746000012858
              ],
              [
                -118.24496199991033,
                46.08749700030242
              ],
              [
                -118.24469400012171,
                46.08753299985834
              ],
              [
                -118.2442289997913,
                46.08759699977236
              ],
              [
                -118.24283600024653,
                46.087788999691945
              ],
              [
                -118.24237199974104,
                46.087853999896176
              ],
              [
                -118.24230399996895,
                46.0878630001964
              ],
              [
                -118.24209899992954,
                46.08789299973276
              ],
              [
                -118.2420319999824,
                46.08790299998997
              ],
              [
                -118.24203500035546,
                46.08792900027632
              ],
              [
                -118.24204700005102,
                46.08800799977727
              ],
              [
                -118.24205200007391,
                46.088034999975086
              ],
              [
                -118.24206399976946,
                46.088113999947254
              ],
              [
                -118.24206499959436,
                46.08824999987879
              ],
              [
                -118.24206600031759,
                46.08842199969677
              ],
              [
                -118.24206999961726,
                46.08901499970949
              ],
              [
                -118.24208100038621,
                46.090301000097284
              ],
              [
                -118.24207899983807,
                46.090543000106656
              ],
              [
                -118.24208100038621,
                46.090829000108094
              ],
              [
                -118.2420889998838,
                46.09150300031009
              ],
              [
                -118.24208800005889,
                46.09304299999778
              ],
              [
                -118.24210300012751,
                46.09574200023019
              ],
              [
                -118.24211999984594,
                46.096969999979706
              ],
              [
                -118.24211999984594,
                46.09811699975628
              ],
              [
                -118.24211300017326,
                46.09921700013967
              ],
              [
                -118.24210599960226,
                46.10056899987086
              ],
              [
                -118.2421020003026,
                46.10201300003573
              ],
              [
                -118.24210099957939,
                46.102191999709454
              ],
              [
                -118.24209899992954,
                46.10223399972966
              ],
              [
                -118.2420889998838,
                46.102631999875264
              ],
              [
                -118.24208399986094,
                46.10270999979869
              ],
              [
                -118.24207299999028,
                46.10289899973048
              ],
              [
                -118.2420599995715,
                46.103120999920264
              ],
              [
                -118.24251200038142,
                46.10299600023479
              ],
              [
                -118.24278000017001,
                46.10292299979412
              ],
              [
                -118.24307200024806,
                46.102823999775794
              ],
              [
                -118.2438610004436,
                46.102594000192006
              ],
              [
                -118.24431199963198,
                46.10246299987022
              ],
              [
                -118.24571299957267,
                46.1020550001923
              ],
              [
                -118.24607599979586,
                46.10193899983036
              ],
              [
                -118.24610000008528,
                46.101931999999366
              ],
              [
                -118.24660399987543,
                46.10179099974447
              ],
              [
                -118.24744800032254,
                46.101533000067285
              ],
              [
                -118.24937999981755,
                46.100983000182495
              ],
              [
                -118.24977400000287,
                46.10085700028136
              ],
              [
                -118.25055399997756,
                46.100626000233724
              ],
              [
                -118.25104699989704,
                46.100420000108315
              ],
              [
                -118.2514300002117,
                46.100242999766806
              ],
              [
                -118.25148999958783,
                46.100215999939245
              ],
              [
                -118.25185700000897,
                46.10002400029979
              ],
              [
                -118.25217199965323,
                46.099846000186055
              ],
              [
                -118.25254099972418,
                46.09962500026351
              ],
              [
                -118.25280199984006,
                46.09943900020593
              ],
              [
                -118.25301600010032,
                46.09926800024239
              ],
              [
                -118.25309800011608,
                46.09920200002719
              ],
              [
                -118.25333999996542,
                46.098970999897695
              ],
              [
                -118.25348399990546,
                46.09882700024954
              ],
              [
                -118.25384899977843,
                46.09842900004445
              ],
              [
                -118.25389900000717,
                46.098357999956356
              ],
              [
                -118.25409599965066,
                46.09808799995325
              ],
              [
                -118.2542549996593,
                46.09782600001064
              ],
              [
                -118.25438699990379,
                46.09759099994929
              ],
              [
                -118.25446800009466,
                46.09744600002152
              ],
              [
                -118.25472300036279,
                46.09689899988171
              ],
              [
                -118.25591000004323,
                46.094309999705224
              ],
              [
                -118.25724800023472,
                46.091230000052356
              ],
              [
                -118.25740200022052,
                46.09090400018104
              ],
              [
                -118.25746699961954,
                46.09073000017958
              ],
              [
                -118.25774299980405,
                46.09014800031069
              ],
              [
                -118.25799300004934,
                46.08966099970773
              ],
              [
                -118.25811799972278,
                46.08945900010081
              ],
              [
                -118.25815600025592,
                46.08940800027125
              ],
              [
                -118.2582730004318,
                46.0894059997761
              ],
              [
                -118.25841300017389,
                46.08940399990389
              ],
              [
                -118.25852500032687,
                46.089402000031654
              ],
              [
                -118.25854200004532,
                46.089402000031654
              ],
              [
                -118.25878800009261,
                46.089398000286884
              ],
              [
                -118.25891799978895,
                46.08939699972765
              ],
              [
                -118.26170100030208,
                46.08938599980492
              ],
              [
                -118.26277599982953,
                46.08938200005898
              ],
              [
                -118.26302199987686,
                46.08938100012248
              ],
              [
                -118.26301799967888,
                46.08908999975709
              ],
              [
                -118.26301699985396,
                46.08902599970626
              ],
              [
                -118.26302000022702,
                46.08744499993321
              ],
              [
                -118.26302199987686,
                46.087408999696805
              ]
            ]
          ],
          [
            [
              [
                -118.33856300028995,
                46.051099000080406
              ],
              [
                -118.3385619995667,
                46.05090200024648
              ],
              [
                -118.33855300024419,
                46.050413999856616
              ],
              [
                -118.3383990002584,
                46.050413999856616
              ],
              [
                -118.338046000081,
                46.050413999856616
              ],
              [
                -118.33804000023319,
                46.051092000031886
              ],
              [
                -118.33856300028995,
                46.051099000080406
              ]
            ]
          ]
        ]
      },
      "properties": {
        "AREALAND": "36452915",
        "AREAWATER": "84650",
        "BASENAME": "Walla Walla",
        "CBSAPCI": "Y",
        "CENTLAT": "+46.0670438",
        "CENTLON": "-118.3362148",
        "FUNCSTAT": "A",
        "GEOID": "5375775",
        "INTPTLAT": "+46.0670064",
        "INTPTLON": "-118.3370330",
        "LSADC": "25",
        "MTFCC": "G4110",
        "NAME": "Walla Walla city",
        "NECTAPCI": "N",
        "OBJECTID": 30352,
        "OID": "27890255516770",
        "PLACE": "75775",
        "PLACECC": "C1",
        "PLACENS": "02412168",
        "STATE": "53",
        "DISP_CLR": 5,
        "slug": "walla_walla",
        "jurisdiction_key": "walla_walla_city",
        "county_fips": [
          "53071"
        ]
      }
    }
  ]
}
